t,v_pre,v_post,i,i_fast,i_slow
0,-0.670099,-1.57051,-0.565741,-4.32134e-05,-0.565698
0.048,-0.652594,-1.56992,-0.56615,-4.62821e-05,-0.566103
0.096,-0.664608,-1.56934,-0.566481,-4.41502e-05,-0.566437
0.144,-0.654594,-1.56876,-0.56682,-4.59166e-05,-0.566774
0.192,-0.634598,-1.56817,-0.567244,-4.96601e-05,-0.567195
0.24,-0.674098,-1.56758,-0.567564,-4.25317e-05,-0.567522
0.288,-0.618077,-1.56699,-0.568018,-5.29794e-05,-0.567965
0.336,-0.634598,-1.5664,-0.56838,-4.96535e-05,-0.56833
0.384,-0.669607,-1.56581,-0.568697,-4.32817e-05,-0.568654
0.432,-0.607079,-1.56522,-0.56914,-5.53071e-05,-0.569084
0.48,-0.608571,-1.56462,-0.569595,-5.49821e-05,-0.56954
0.528,-0.647087,-1.56401,-0.570089,-4.72717e-05,-0.570042
0.576,-0.644596,-1.5634,-0.570549,-4.77337e-05,-0.570501
0.624,-0.628091,-1.56279,-0.570952,-5.09232e-05,-0.570901
0.672,-0.639597,-1.56219,-0.571318,-4.86743e-05,-0.571269
0.72,-0.652594,-1.56159,-0.571586,-4.62534e-05,-0.57154
0.768,-0.628583,-1.56098,-0.571943,-5.08183e-05,-0.571892
0.816,-0.611078,-1.56038,-0.572257,-5.44269e-05,-0.572202
0.864,-0.636089,-1.55978,-0.572538,-4.93396e-05,-0.572488
0.912,-0.63509,-1.55918,-0.572841,-4.95312e-05,-0.572792
0.96,-0.641596,-1.55859,-0.573108,-4.82811e-05,-0.57306
1.008,-0.637089,-1.55799,-0.573379,-4.914e-05,-0.57333
1.056,-0.645596,-1.55739,-0.573712,-4.75256e-05,-0.573665
1.104,-0.617585,-1.55679,-0.574022,-5.30414e-05,-0.573969
1.152,-0.648087,-1.55619,-0.574343,-4.70593e-05,-0.574296
1.2,-0.643596,-1.55559,-0.574678,-4.78933e-05,-0.57463
1.248,-0.651103,-1.55499,-0.574935,-4.65019e-05,-0.574889
1.296,-0.682112,-1.55441,-0.575092,-4.11751e-05,-0.575051
1.344,-0.645088,-1.55382,-0.575268,-4.76077e-05,-0.57522
1.392,-0.649595,-1.55324,-0.575399,-4.67715e-05,-0.575352
1.44,-0.643596,-1.55267,-0.575543,-4.78829e-05,-0.575495
1.488,-0.622076,-1.55208,-0.575817,-5.20971e-05,-0.575765
1.536,-0.671606,-1.55151,-0.576021,-4.28978e-05,-0.575978
1.584,-0.625584,-1.55093,-0.576217,-5.1381e-05,-0.576165
1.632,-0.631091,-1.55035,-0.576516,-5.0281e-05,-0.576465
1.68,-0.617585,-1.54977,-0.576866,-5.30136e-05,-0.576813
1.728,-0.608079,-1.54919,-0.577133,-5.50249e-05,-0.577078
1.776,-0.622076,-1.5486,-0.577465,-5.20836e-05,-0.577413
1.824,-0.641088,-1.54803,-0.577689,-4.83393e-05,-0.577641
1.872,-0.597082,-1.54745,-0.57798,-5.74425e-05,-0.577923
1.92,-0.588067,-1.54686,-0.578412,-5.95068e-05,-0.578353
1.968,-0.633582,-1.54626,-0.5788,-4.9777e-05,-0.57875
2.016,-0.577069,-1.54567,-0.579173,-6.21239e-05,-0.579111
2.064,-0.595082,-1.54507,-0.579584,-5.78844e-05,-0.579527
2.112,-0.588575,-1.54447,-0.58002,-5.93778e-05,-0.579961
2.16,-0.598081,-1.54386,-0.580486,-5.72024e-05,-0.580429
2.208,-0.591066,-1.54325,-0.580893,-5.87952e-05,-0.580835
2.256,-0.596573,-1.54264,-0.581291,-5.75364e-05,-0.581234
2.304,-0.624584,-1.54204,-0.581566,-5.15486e-05,-0.581515
2.352,-0.612586,-1.54143,-0.581887,-5.40295e-05,-0.581833
2.4,-0.600081,-1.54082,-0.582229,-5.67427e-05,-0.582173
2.448,-0.608079,-1.54021,-0.582557,-5.4988e-05,-0.582502
2.496,-0.622076,-1.5396,-0.582823,-5.20486e-05,-0.582771
2.544,-0.627583,-1.539,-0.583009,-5.09343e-05,-0.582958
2.592,-0.612078,-1.5384,-0.583234,-5.4125e-05,-0.58318
2.64,-0.609587,-1.5378,-0.583472,-5.4654e-05,-0.583417
2.688,-0.630582,-1.5372,-0.583606,-5.03319e-05,-0.583555
2.736,-0.645596,-1.53661,-0.583722,-4.7452e-05,-0.583675
2.784,-0.649103,-1.53603,-0.58378,-4.68017e-05,-0.583733
2.832,-0.624584,-1.53545,-0.583903,-5.15233e-05,-0.583851
2.88,-0.652102,-1.53487,-0.584049,-4.62504e-05,-0.584003
2.928,-0.631091,-1.5343,-0.584153,-5.02208e-05,-0.584103
2.976,-0.660592,-1.53373,-0.58421,-4.4732e-05,-0.584165
3.024,-0.669607,-1.53317,-0.58427,-4.31764e-05,-0.584227
3.072,-0.647087,-1.53261,-0.584353,-4.71611e-05,-0.584306
3.12,-0.644088,-1.53205,-0.58445,-4.77171e-05,-0.584402
3.168,-0.63209,-1.53149,-0.584643,-5.00138e-05,-0.584593
3.216,-0.608571,-1.53092,-0.584966,-5.4844e-05,-0.584911
3.264,-0.608571,-1.53034,-0.5853,-5.48416e-05,-0.585245
3.312,-0.60508,-1.52977,-0.585618,-5.55952e-05,-0.585563
3.36,-0.596082,-1.52919,-0.585922,-5.75896e-05,-0.585864
3.408,-0.573562,-1.52862,-0.586239,-6.29042e-05,-0.586176
3.456,-0.585068,-1.52804,-0.58657,-6.01264e-05,-0.58651
3.504,-0.584576,-1.52745,-0.586948,-6.02398e-05,-0.586888
3.552,-0.593066,-1.52687,-0.587236,-5.82646e-05,-0.587178
3.6,-0.585576,-1.52628,-0.5876,-5.99988e-05,-0.58754
3.648,-0.596573,-1.52569,-0.587901,-5.74636e-05,-0.587844
3.696,-0.594082,-1.52509,-0.588252,-5.80252e-05,-0.588194
3.744,-0.607571,-1.52449,-0.588607,-5.5033e-05,-0.588552
3.792,-0.561056,-1.52389,-0.589029,-6.60426e-05,-0.588962
3.84,-0.569071,-1.52328,-0.589435,-6.39963e-05,-0.589371
3.888,-0.570563,-1.52267,-0.589799,-6.36202e-05,-0.589735
3.936,-0.615586,-1.52206,-0.590089,-5.33205e-05,-0.590036
3.984,-0.582068,-1.52145,-0.590424,-6.08078e-05,-0.590363
4.032,-0.600081,-1.52084,-0.590691,-5.66581e-05,-0.590634
4.08,-0.587575,-1.52024,-0.590927,-5.95033e-05,-0.590868
4.128,-0.623076,-1.51963,-0.591079,-5.17677e-05,-0.591027
4.176,-0.608079,-1.51904,-0.591233,-5.49011e-05,-0.591178
4.224,-0.614586,-1.51843,-0.591432,-5.35155e-05,-0.591378
4.272,-0.607079,-1.51784,-0.591577,-5.51118e-05,-0.591521
4.32,-0.60208,-1.51725,-0.591698,-5.62004e-05,-0.591642
4.368,-0.610587,-1.51665,-0.591853,-5.43542e-05,-0.591799
4.416,-0.611078,-1.51606,-0.592033,-5.4247e-05,-0.591979
4.464,-0.63209,-1.51548,-0.592102,-4.9954e-05,-0.592052
4.512,-0.637597,-1.5149,-0.592132,-4.88846e-05,-0.592083
4.56,-0.621093,-1.51432,-0.592211,-5.21511e-05,-0.592159
4.608,-0.627583,-1.51375,-0.592351,-5.08382e-05,-0.5923
4.656,-0.617077,-1.51318,-0.592372,-5.29743e-05,-0.592319
4.704,-0.630091,-1.51261,-0.592447,-5.03365e-05,-0.592397
4.752,-0.609587,-1.51204,-0.592644,-5.45488e-05,-0.592589
4.8,-0.648087,-1.51147,-0.592736,-4.69024e-05,-0.592689
4.848,-0.564056,-1.5109,-0.59299,-6.5207e-05,-0.592925
4.896,-0.567563,-1.51032,-0.593349,-6.43134e-05,-0.593285
4.944,-0.585068,-1.50974,-0.593645,-6.00441e-05,-0.593585
4.992,-0.616585,-1.50916,-0.593845,-5.30606e-05,-0.593792
5.04,-0.609079,-1.50858,-0.59406,-5.46435e-05,-0.594005
5.088,-0.576561,-1.50799,-0.594335,-6.20728e-05,-0.594273
5.136,-0.581577,-1.50741,-0.59461,-6.08612e-05,-0.594549
5.184,-0.559057,-1.50682,-0.594948,-6.64776e-05,-0.594882
5.232,-0.567563,-1.50622,-0.595262,-6.42937e-05,-0.595197
5.28,-0.529047,-1.50562,-0.595647,-7.47731e-05,-0.595572
5.328,-0.564564,-1.50501,-0.596047,-6.50485e-05,-0.595982
5.376,-0.558565,-1.50441,-0.596319,-6.65939e-05,-0.596252
5.424,-0.582068,-1.50381,-0.596551,-6.07276e-05,-0.596491
5.472,-0.571071,-1.5032,-0.596848,-6.34011e-05,-0.596785
5.52,-0.560565,-1.50259,-0.597102,-6.60648e-05,-0.597036
5.568,-0.57407,-1.50198,-0.597338,-6.2654e-05,-0.597276
5.616,-0.623584,-1.50139,-0.597394,-5.15941e-05,-0.597342
5.664,-0.583068,-1.50079,-0.597504,-6.04763e-05,-0.597444
5.712,-0.588067,-1.5002,-0.597654,-5.92997e-05,-0.597594
5.76,-0.598573,-1.4996,-0.597762,-5.69036e-05,-0.597705
5.808,-0.589575,-1.49901,-0.597976,-5.89448e-05,-0.597917
5.856,-0.599573,-1.49841,-0.598198,-5.66759e-05,-0.598141
5.904,-0.595082,-1.49781,-0.598323,-5.76803e-05,-0.598265
5.952,-0.559565,-1.49721,-0.598576,-6.62976e-05,-0.59851
6,-0.587067,-1.49662,-0.598746,-5.95167e-05,-0.598686
6.048,-0.592574,-1.49603,-0.598801,-5.82425e-05,-0.598742
6.096,-0.608571,-1.49545,-0.598805,-5.46987e-05,-0.598751
6.144,-0.608571,-1.49487,-0.598831,-5.46963e-05,-0.598776
6.192,-0.57407,-1.49429,-0.598939,-6.26179e-05,-0.598876
6.24,-0.577069,-1.4937,-0.599179,-6.1883e-05,-0.599117
6.288,-0.599573,-1.49311,-0.599316,-5.66534e-05,-0.59926
6.336,-0.562056,-1.49253,-0.599498,-6.563e-05,-0.599432
6.384,-0.570071,-1.49194,-0.599654,-6.35965e-05,-0.599591
6.432,-0.580069,-1.49136,-0.599861,-6.11486e-05,-0.599799
6.48,-0.552058,-1.49077,-0.600125,-6.82452e-05,-0.600056
6.528,-0.550059,-1.49016,-0.600477,-6.87794e-05,-0.600408
6.576,-0.556058,-1.48956,-0.600782,-6.71772e-05,-0.600715
6.624,-0.573562,-1.48896,-0.601055,-6.27178e-05,-0.600992
6.672,-0.541061,-1.48836,-0.601254,-7.124e-05,-0.601183
6.72,-0.54606,-1.48775,-0.601521,-6.98539e-05,-0.601451
6.768,-0.580069,-1.48714,-0.601725,-6.11294e-05,-0.601664
6.816,-0.566055,-1.48654,-0.601942,-6.45798e-05,-0.601878
6.864,-0.548551,-1.48592,-0.602257,-6.91653e-05,-0.602188
6.912,-0.527047,-1.4853,-0.602598,-7.52472e-05,-0.602523
6.96,-0.551059,-1.48468,-0.602959,-6.84821e-05,-0.602891
7.008,-0.561565,-1.48405,-0.60321,-6.57149e-05,-0.603144
7.056,-0.532046,-1.48343,-0.603479,-7.37761e-05,-0.603405
7.104,-0.556566,-1.4828,-0.603697,-6.70096e-05,-0.60363
7.152,-0.560057,-1.48218,-0.603926,-6.60954e-05,-0.60386
7.2,-0.57307,-1.48155,-0.604123,-6.2804e-05,-0.60406
7.248,-0.562056,-1.48093,-0.60425,-6.5573e-05,-0.604184
7.296,-0.586067,-1.48031,-0.60436,-5.96775e-05,-0.6043
7.344,-0.572562,-1.47969,-0.60443,-6.29205e-05,-0.604367
7.392,-0.581069,-1.47908,-0.604514,-6.08534e-05,-0.604453
7.44,-0.580577,-1.47847,-0.6046,-6.0968e-05,-0.604539
7.488,-0.607079,-1.47787,-0.604548,-5.49471e-05,-0.604493
7.536,-0.570071,-1.47726,-0.604641,-6.35266e-05,-0.604577
7.584,-0.590067,-1.47666,-0.604736,-5.87328e-05,-0.604678
7.632,-0.589067,-1.47606,-0.604747,-5.89609e-05,-0.604688
7.68,-0.60408,-1.47547,-0.604722,-5.55873e-05,-0.604666
7.728,-0.591574,-1.47489,-0.604675,-5.83788e-05,-0.604617
7.776,-0.587067,-1.4743,-0.604735,-5.94172e-05,-0.604675
7.824,-0.578561,-1.47372,-0.604722,-6.143e-05,-0.60466
7.872,-0.584068,-1.47313,-0.604856,-6.01149e-05,-0.604796
7.92,-0.579069,-1.47254,-0.605026,-6.13023e-05,-0.604965
7.968,-0.586576,-1.47195,-0.605107,-5.95214e-05,-0.605048
8.016,-0.542061,-1.47136,-0.605292,-7.08708e-05,-0.605221
8.064,-0.557565,-1.47077,-0.605446,-6.66872e-05,-0.605379
8.112,-0.596573,-1.47019,-0.60552,-5.72253e-05,-0.605463
8.16,-0.551059,-1.46959,-0.605702,-6.84046e-05,-0.605634
8.208,-0.55255,-1.469,-0.605876,-6.80027e-05,-0.605808
8.256,-0.579577,-1.46842,-0.605945,-6.11614e-05,-0.605884
8.304,-0.565564,-1.46782,-0.606191,-6.46136e-05,-0.606127
8.352,-0.57307,-1.46722,-0.60634,-6.27365e-05,-0.606278
8.4,-0.550551,-1.46662,-0.606603,-6.85258e-05,-0.606535
8.448,-0.559565,-1.46602,-0.606795,-6.61427e-05,-0.606729
8.496,-0.547551,-1.46541,-0.607006,-6.93303e-05,-0.606937
8.544,-0.558565,-1.46481,-0.607211,-6.63965e-05,-0.607145
8.592,-0.558057,-1.46419,-0.607493,-6.65259e-05,-0.607427
8.64,-0.550059,-1.46358,-0.607724,-6.86424e-05,-0.607656
8.688,-0.55255,-1.46297,-0.607902,-6.79719e-05,-0.607834
8.736,-0.559565,-1.46235,-0.6081,-6.61245e-05,-0.608034
8.784,-0.554566,-1.46173,-0.608278,-6.74304e-05,-0.608211
8.832,-0.565056,-1.46113,-0.608313,-6.471e-05,-0.608249
8.88,-0.57607,-1.46052,-0.608395,-6.19717e-05,-0.608333
8.928,-0.571071,-1.45991,-0.608439,-6.31957e-05,-0.608376
8.976,-0.564056,-1.4593,-0.60854,-6.49553e-05,-0.608475
9.024,-0.543552,-1.4587,-0.608676,-7.03906e-05,-0.608606
9.072,-0.571562,-1.45809,-0.60873,-6.30653e-05,-0.608667
9.12,-0.565564,-1.45749,-0.608779,-6.45635e-05,-0.608714
9.168,-0.582576,-1.45689,-0.608848,-6.03939e-05,-0.608788
9.216,-0.549551,-1.45629,-0.608908,-6.87416e-05,-0.60884
9.264,-0.551567,-1.45569,-0.608963,-6.81972e-05,-0.608894
9.312,-0.581069,-1.4551,-0.608959,-6.07439e-05,-0.608898
9.36,-0.601081,-1.45451,-0.608924,-5.61565e-05,-0.608867
9.408,-0.562564,-1.45392,-0.608971,-6.53099e-05,-0.608905
9.456,-0.563564,-1.45333,-0.60903,-6.50514e-05,-0.608965
9.504,-0.560565,-1.45274,-0.609135,-6.58182e-05,-0.609069
9.552,-0.582576,-1.45215,-0.609186,-6.03724e-05,-0.609125
9.6,-0.57307,-1.45155,-0.609301,-6.26627e-05,-0.609238
9.648,-0.571071,-1.45096,-0.609372,-6.31532e-05,-0.609309
9.696,-0.538553,-1.45037,-0.609563,-7.17391e-05,-0.609491
9.744,-0.534046,-1.44977,-0.609757,-7.30151e-05,-0.609684
9.792,-0.51705,-1.44915,-0.610067,-7.80438e-05,-0.609988
9.84,-0.542552,-1.44854,-0.610261,-7.06132e-05,-0.610191
9.888,-0.526556,-1.44793,-0.610554,-7.51811e-05,-0.610479
9.936,-0.521049,-1.4473,-0.61084,-7.68188e-05,-0.610763
9.984,-0.533046,-1.44667,-0.611098,-7.32849e-05,-0.611025
10.032,-0.507035,-1.44604,-0.611355,-8.11506e-05,-0.611273
10.08,-0.527047,-1.44541,-0.611615,-7.50221e-05,-0.61154
10.128,-0.49553,-1.44476,-0.611928,-8.48876e-05,-0.611843
10.176,-0.515542,-1.44411,-0.612271,-7.84769e-05,-0.612192
10.224,-0.502545,-1.44346,-0.612577,-8.25762e-05,-0.612494
10.272,-0.561565,-1.4428,-0.612787,-6.55117e-05,-0.612721
10.32,-0.509035,-1.44215,-0.613011,-8.04932e-05,-0.61293
10.368,-0.54506,-1.44149,-0.613194,-6.98852e-05,-0.613124
10.416,-0.54506,-1.44083,-0.613321,-6.98817e-05,-0.613251
10.464,-0.563564,-1.44018,-0.613373,-6.49872e-05,-0.613308
10.512,-0.531047,-1.43954,-0.613387,-7.38222e-05,-0.613313
10.56,-0.539553,-1.43889,-0.613473,-7.13968e-05,-0.613402
10.608,-0.557565,-1.43823,-0.613596,-6.65244e-05,-0.613529
10.656,-0.551059,-1.43758,-0.613654,-6.82404e-05,-0.613585
10.704,-0.584068,-1.43695,-0.613589,-5.99518e-05,-0.613529
10.752,-0.554058,-1.43631,-0.61357,-6.74359e-05,-0.613503
10.8,-0.57507,-1.43567,-0.613588,-6.20991e-05,-0.613526
10.848,-0.565056,-1.43503,-0.613608,-6.45832e-05,-0.613544
10.896,-0.556058,-1.4344,-0.613632,-6.68996e-05,-0.613565
10.944,-0.560057,-1.43377,-0.61359,-6.58555e-05,-0.613525
10.992,-0.570071,-1.43314,-0.613578,-6.33164e-05,-0.613515
11.04,-0.568071,-1.43252,-0.613561,-6.38119e-05,-0.613498
11.088,-0.54306,-1.43189,-0.613613,-7.03845e-05,-0.613543
11.136,-0.54606,-1.43127,-0.613691,-6.95582e-05,-0.613621
11.184,-0.521049,-1.43064,-0.613745,-7.67226e-05,-0.613668
11.232,-0.517541,-1.43,-0.613913,-7.77814e-05,-0.613835
11.28,-0.511051,-1.42936,-0.614173,-7.97826e-05,-0.614093
11.328,-0.51305,-1.42871,-0.614417,-7.91556e-05,-0.614338
11.376,-0.511051,-1.42806,-0.61461,-7.97748e-05,-0.614531
11.424,-0.534046,-1.42741,-0.614749,-7.28925e-05,-0.614676
11.472,-0.51405,-1.42676,-0.614948,-7.88343e-05,-0.614869
11.52,-0.49553,-1.42609,-0.615219,-8.47684e-05,-0.615134
11.568,-0.507543,-1.42542,-0.615485,-8.08635e-05,-0.615404
11.616,-0.504036,-1.42475,-0.615738,-8.19793e-05,-0.615656
11.664,-0.504544,-1.42407,-0.61603,-8.18119e-05,-0.615948
11.712,-0.520049,-1.42339,-0.616213,-7.6982e-05,-0.616136
11.76,-0.524556,-1.42271,-0.616386,-7.56294e-05,-0.61631
11.808,-0.531555,-1.42202,-0.61656,-7.35783e-05,-0.616487
11.856,-0.52354,-1.42133,-0.616746,-7.59235e-05,-0.61667
11.904,-0.519541,-1.42064,-0.616943,-7.71195e-05,-0.616866
11.952,-0.562564,-1.41995,-0.617089,-6.51433e-05,-0.617024
12,-0.523048,-1.41925,-0.617246,-7.60582e-05,-0.61717
12.048,-0.558057,-1.41857,-0.617267,-6.6298e-05,-0.6172
12.096,-0.530555,-1.41787,-0.617395,-7.38442e-05,-0.617321
12.144,-0.562056,-1.41719,-0.617394,-6.52596e-05,-0.617329
12.192,-0.502545,-1.41649,-0.61756,-8.24089e-05,-0.617477
12.24,-0.517541,-1.41579,-0.617698,-7.76982e-05,-0.61762
12.288,-0.542552,-1.4151,-0.617746,-7.04358e-05,-0.617676
12.336,-0.548059,-1.41441,-0.617705,-6.89274e-05,-0.617636
12.384,-0.54506,-1.41372,-0.617782,-6.97393e-05,-0.617712
12.432,-0.577561,-1.41304,-0.617679,-6.13907e-05,-0.617618
12.48,-0.559057,-1.41236,-0.617698,-6.60077e-05,-0.617632
12.528,-0.577069,-1.41168,-0.617691,-6.15028e-05,-0.61763
12.576,-0.52354,-1.411,-0.617731,-7.58644e-05,-0.617655
12.624,-0.538553,-1.41031,-0.617797,-7.15233e-05,-0.617725
12.672,-0.530555,-1.40962,-0.617864,-7.37983e-05,-0.61779
12.72,-0.505544,-1.40893,-0.618017,-8.13989e-05,-0.617936
12.768,-0.517541,-1.40823,-0.618229,-7.7654e-05,-0.618151
12.816,-0.509035,-1.40753,-0.618359,-8.02837e-05,-0.618278
12.864,-0.49253,-1.40682,-0.618625,-8.56469e-05,-0.618539
12.912,-0.51605,-1.40611,-0.618785,-7.8097e-05,-0.618707
12.96,-0.503036,-1.4054,-0.619008,-8.21814e-05,-0.618926
13.008,-0.527047,-1.40468,-0.619144,-7.47925e-05,-0.619069
13.056,-0.49453,-1.40396,-0.619324,-8.49597e-05,-0.619239
13.104,-0.457521,-1.40322,-0.61966,-9.82229e-05,-0.619562
13.152,-0.503544,-1.40248,-0.619953,-8.19998e-05,-0.619871
13.2,-0.475026,-1.40172,-0.62029,-9.16969e-05,-0.620198
13.248,-0.487531,-1.40096,-0.620615,-8.73038e-05,-0.620528
13.296,-0.494038,-1.4002,-0.620929,-8.50995e-05,-0.620844
13.344,-0.484024,-1.39942,-0.621279,-8.85025e-05,-0.62119
13.392,-0.488531,-1.39864,-0.621566,-8.6947e-05,-0.621479
13.44,-0.480025,-1.39784,-0.621912,-8.98907e-05,-0.621822
13.488,-0.478533,-1.39705,-0.622185,-9.04125e-05,-0.622094
13.536,-0.497529,-1.39625,-0.622428,-8.39175e-05,-0.622344
13.584,-0.504544,-1.39544,-0.622628,-8.16357e-05,-0.622546
13.632,-0.516542,-1.39464,-0.622725,-7.78793e-05,-0.622647
13.68,-0.499545,-1.39385,-0.622789,-8.32417e-05,-0.622706
13.728,-0.520541,-1.39305,-0.622785,-7.66583e-05,-0.622708
13.776,-0.510051,-1.39225,-0.622859,-7.98724e-05,-0.622779
13.824,-0.507035,-1.39145,-0.622989,-8.08177e-05,-0.622908
13.872,-0.549551,-1.39065,-0.623005,-6.84028e-05,-0.622937
13.92,-0.54306,-1.38986,-0.622967,-7.0162e-05,-0.622897
13.968,-0.499545,-1.38905,-0.623098,-8.32116e-05,-0.623015
14.016,-0.553058,-1.38825,-0.623176,-6.74562e-05,-0.623109
14.064,-0.503544,-1.38744,-0.623331,-8.19068e-05,-0.623249
14.112,-0.499037,-1.38663,-0.623341,-8.33623e-05,-0.623258
14.16,-0.514542,-1.38583,-0.623309,-7.84401e-05,-0.62323
14.208,-0.489039,-1.38502,-0.623509,-8.66848e-05,-0.623423
14.256,-0.489039,-1.38419,-0.623709,-8.66794e-05,-0.623622
14.304,-0.533046,-1.38337,-0.623787,-7.29364e-05,-0.623714
14.352,-0.507035,-1.38255,-0.623866,-8.07634e-05,-0.623785
14.4,-0.501037,-1.38173,-0.623951,-8.26806e-05,-0.623868
14.448,-0.482532,-1.3809,-0.624165,-8.88974e-05,-0.624076
14.496,-0.493038,-1.38006,-0.624326,-8.53041e-05,-0.624241
14.544,-0.472535,-1.37922,-0.624541,-9.244e-05,-0.624448
14.592,-0.500037,-1.37836,-0.624732,-8.29843e-05,-0.624649
14.64,-0.482532,-1.37751,-0.624863,-8.88747e-05,-0.624775
14.688,-0.470027,-1.37665,-0.625079,-9.33354e-05,-0.624986
14.736,-0.496038,-1.37579,-0.625265,-8.42795e-05,-0.625181
14.784,-0.474534,-1.37491,-0.625533,-9.16882e-05,-0.625442
14.832,-0.467028,-1.37403,-0.625796,-9.44208e-05,-0.625702
14.88,-0.45503,-1.37314,-0.626092,-9.89622e-05,-0.625993
14.928,-0.472535,-1.37223,-0.626396,-9.23912e-05,-0.626303
14.976,-0.477534,-1.37132,-0.626722,-9.05916e-05,-0.626631
15.024,-0.46452,-1.3704,-0.627003,-9.53277e-05,-0.626908
15.072,-0.468027,-1.36947,-0.627194,-9.40191e-05,-0.6271
15.12,-0.512051,-1.36855,-0.627318,-7.91069e-05,-0.627239
15.168,-0.472535,-1.36761,-0.627569,-9.2359e-05,-0.627477
15.216,-0.498529,-1.36667,-0.62774,-8.34028e-05,-0.627657
15.264,-0.475026,-1.36574,-0.627759,-9.14482e-05,-0.627668
15.312,-0.461521,-1.36481,-0.627823,-9.64148e-05,-0.627727
15.36,-0.495038,-1.36388,-0.627809,-8.45345e-05,-0.627724
15.408,-0.46652,-1.36293,-0.627993,-9.45298e-05,-0.627899
15.456,-0.482532,-1.36197,-0.628201,-8.87704e-05,-0.628112
15.504,-0.500545,-1.36102,-0.628162,-8.27107e-05,-0.628079
15.552,-0.510543,-1.36007,-0.628198,-7.95251e-05,-0.628119
15.6,-0.474534,-1.35912,-0.628307,-9.15788e-05,-0.628215
15.648,-0.49253,-1.35815,-0.628443,-8.53329e-05,-0.628358
15.696,-0.503544,-1.35719,-0.628413,-8.17199e-05,-0.628331
15.744,-0.503036,-1.35623,-0.628386,-8.1877e-05,-0.628305
15.792,-0.494038,-1.35527,-0.628416,-8.48113e-05,-0.628332
15.84,-0.504036,-1.3543,-0.628529,-8.15447e-05,-0.628448
15.888,-0.514542,-1.35333,-0.628562,-7.82477e-05,-0.628484
15.936,-0.485532,-1.35235,-0.628629,-8.76686e-05,-0.628541
15.984,-0.462029,-1.35137,-0.628767,-9.61251e-05,-0.628671
16.032,-0.471535,-1.35037,-0.628961,-9.2601e-05,-0.628869
16.08,-0.470535,-1.34937,-0.629116,-9.29577e-05,-0.629023
16.128,-0.452523,-1.34835,-0.629395,-9.9753e-05,-0.629296
16.176,-0.46252,-1.34732,-0.629719,-9.59106e-05,-0.629623
16.224,-0.473534,-1.34628,-0.62998,-9.18493e-05,-0.629888
16.272,-0.443016,-1.34523,-0.630273,-0.000103517,-0.63017
16.32,-0.43351,-1.34415,-0.630691,-0.00010744,-0.630584
16.368,-0.439509,-1.34309,-0.63087,-0.000104933,-0.630765
16.416,-0.447524,-1.342,-0.63113,-0.000101679,-0.631028
16.464,-0.446016,-1.34091,-0.631433,-0.000102273,-0.63133
16.512,-0.446016,-1.33979,-0.631788,-0.000102265,-0.631685
16.56,-0.414498,-1.33866,-0.632153,-0.000115707,-0.632037
16.608,-0.468027,-1.33753,-0.632419,-9.37922e-05,-0.632325
16.656,-0.431511,-1.33638,-0.63275,-0.000108222,-0.632642
16.704,-0.441017,-1.33522,-0.632989,-0.000104253,-0.632885
16.752,-0.445016,-1.33405,-0.633236,-0.000102622,-0.633133
16.8,-0.462029,-1.33287,-0.633453,-9.59907e-05,-0.633357
16.848,-0.448523,-1.33169,-0.633574,-0.000101202,-0.633473
16.896,-0.449015,-1.3305,-0.633751,-0.000100998,-0.63365
16.944,-0.416006,-1.32929,-0.634013,-0.000114943,-0.633898
16.992,-0.447016,-1.32806,-0.634308,-0.000101774,-0.634207
17.04,-0.438018,-1.32683,-0.63451,-0.000105419,-0.634405
17.088,-0.504544,-1.3256,-0.634577,-8.12058e-05,-0.634496
17.136,-0.462029,-1.32435,-0.634733,-9.59288e-05,-0.634637
17.184,-0.48604,-1.3231,-0.634802,-8.73007e-05,-0.634715
17.232,-0.447524,-1.32184,-0.634977,-0.000101524,-0.634876
17.28,-0.484024,-1.32057,-0.635046,-8.79767e-05,-0.634958
17.328,-0.491531,-1.3193,-0.635105,-8.54165e-05,-0.63502
17.376,-0.475026,-1.31802,-0.635147,-9.11185e-05,-0.635056
17.424,-0.46452,-1.31672,-0.635259,-9.49413e-05,-0.635164
17.472,-0.462029,-1.31542,-0.635368,-9.58638e-05,-0.635272
17.52,-0.43651,-1.3141,-0.635544,-0.000105942,-0.635438
17.568,-0.454522,-1.31277,-0.635698,-9.87076e-05,-0.635599
17.616,-0.442508,-1.31142,-0.635893,-0.000103458,-0.63579
17.664,-0.425004,-1.31006,-0.636112,-0.000110797,-0.636001
17.712,-0.438018,-1.30869,-0.636335,-0.000105274,-0.63623
17.76,-0.439509,-1.3073,-0.63656,-0.000104649,-0.636455
17.808,-0.453014,-1.30589,-0.636749,-9.92412e-05,-0.63665
17.856,-0.401009,-1.30448,-0.636977,-0.000121676,-0.636856
17.904,-0.416514,-1.30303,-0.637328,-0.000114486,-0.637214
17.952,-0.436018,-1.30158,-0.637443,-0.000106046,-0.637337
18,-0.448523,-1.30011,-0.637641,-0.00010096,-0.63754
18.048,-0.43651,-1.29863,-0.637828,-0.000105818,-0.637722
18.096,-0.43351,-1.29713,-0.638057,-0.000107057,-0.63795
18.144,-0.407008,-1.2956,-0.638357,-0.000118767,-0.638238
18.192,-0.426004,-1.29407,-0.638495,-0.00011023,-0.638385
18.24,-0.425512,-1.29252,-0.638717,-0.000110429,-0.638606
18.288,-0.427512,-1.29094,-0.638936,-0.000109554,-0.638827
18.336,-0.426512,-1.28935,-0.639134,-0.000109971,-0.639024
18.384,-0.446016,-1.28775,-0.639256,-0.000101862,-0.639154
18.432,-0.450523,-1.28613,-0.639311,-0.000100065,-0.639211
18.48,-0.461029,-1.2845,-0.639365,-9.60149e-05,-0.639269
18.528,-0.459521,-1.28286,-0.639391,-9.65722e-05,-0.639294
18.576,-0.443016,-1.2812,-0.639535,-0.000103016,-0.639432
18.624,-0.437018,-1.27952,-0.63961,-0.000105454,-0.639505
18.672,-0.46552,-1.27782,-0.639666,-9.4291e-05,-0.639572
18.72,-0.468027,-1.27611,-0.639634,-9.33563e-05,-0.63954
18.768,-0.447016,-1.27438,-0.639722,-0.00010136,-0.639621
18.816,-0.441017,-1.27263,-0.639804,-0.000103759,-0.6397
18.864,-0.446016,-1.27086,-0.639923,-0.000101731,-0.639821
18.912,-0.442508,-1.26906,-0.640069,-0.000103126,-0.639966
18.96,-0.454014,-1.26725,-0.64009,-9.85632e-05,-0.639992
19.008,-0.446524,-1.26542,-0.640156,-0.000101487,-0.640055
19.056,-0.420005,-1.26357,-0.640249,-0.000112592,-0.640137
19.104,-0.438509,-1.26169,-0.640311,-0.000104697,-0.640206
19.152,-0.4075,-1.25978,-0.640475,-0.000118216,-0.640357
19.2,-0.412007,-1.25785,-0.640661,-0.000116128,-0.640545
19.248,-0.417514,-1.25587,-0.640935,-0.00011363,-0.640821
19.296,-0.383996,-1.25386,-0.641306,-0.000129569,-0.641176
19.344,-0.425512,-1.25182,-0.641549,-0.000110088,-0.641439
19.392,-0.388504,-1.24973,-0.641924,-0.00012726,-0.641797
19.44,-0.407008,-1.24763,-0.642087,-0.000118335,-0.641969
19.488,-0.412007,-1.24548,-0.64237,-0.000116019,-0.642254
19.536,-0.391503,-1.2433,-0.642626,-0.00012571,-0.642501
19.584,-0.341973,-1.24107,-0.643005,-0.000152628,-0.642852
19.632,-0.392994,-1.23881,-0.643305,-0.000124935,-0.64318
19.68,-0.388995,-1.2365,-0.643618,-0.000126887,-0.643491
19.728,-0.396994,-1.23415,-0.643889,-0.000122947,-0.643766
19.776,-0.4055,-1.23175,-0.644208,-0.000118893,-0.644089
19.824,-0.39901,-1.22932,-0.644352,-0.000121934,-0.64423
19.872,-0.375998,-1.22684,-0.64463,-0.000133422,-0.644496
19.92,-0.381489,-1.22431,-0.644902,-0.000130555,-0.644771
19.968,-0.383488,-1.22174,-0.645172,-0.00012951,-0.645042
20.016,-0.4045,-1.21913,-0.645221,-0.000119245,-0.645102
20.064,-0.431019,-1.21647,-0.645283,-0.000107447,-0.645176
20.112,-0.427003,-1.21377,-0.645273,-0.00010913,-0.645164
20.16,-0.413498,-1.21102,-0.645378,-0.00011504,-0.645263
20.208,-0.39901,-1.20821,-0.645536,-0.000121738,-0.645414
20.256,-0.420005,-1.20534,-0.645715,-0.000112094,-0.645603
20.304,-0.404008,-1.20243,-0.645757,-0.000119323,-0.645637
20.352,-0.427003,-1.19946,-0.645808,-0.00010901,-0.645699
20.4,-0.428003,-1.19643,-0.64583,-0.000108559,-0.645722
20.448,-0.4065,-1.19333,-0.645906,-0.000118081,-0.645788
20.496,-0.418005,-1.19018,-0.645899,-0.000112845,-0.645786
20.544,-0.378997,-1.18696,-0.645998,-0.000131462,-0.645867
20.592,-0.391503,-1.18366,-0.646096,-0.00012514,-0.645971
20.64,-0.439017,-1.18029,-0.646118,-0.000103842,-0.646014
20.688,-0.392994,-1.17683,-0.646309,-0.000124345,-0.646185
20.736,-0.387504,-1.17329,-0.646481,-0.000127017,-0.646354
20.784,-0.37549,-1.16966,-0.646682,-0.000133106,-0.646549
20.832,-0.362985,-1.16593,-0.646874,-0.000139755,-0.646734
20.88,-0.342972,-1.16211,-0.647101,-0.000151117,-0.64695
20.928,-0.369983,-1.15817,-0.647334,-0.000135892,-0.647198
20.976,-0.37349,-1.15413,-0.647573,-0.000133994,-0.647439
21.024,-0.379489,-1.14998,-0.647746,-0.000130838,-0.647615
21.072,-0.337482,-1.14571,-0.648022,-0.000154212,-0.647867
21.12,-0.360493,-1.14131,-0.64826,-0.000140861,-0.648119
21.168,-0.362493,-1.13678,-0.648436,-0.000139712,-0.648296
21.216,-0.346988,-1.13211,-0.648692,-0.000148416,-0.648543
21.264,-0.332483,-1.12729,-0.648916,-0.000157042,-0.648759
21.312,-0.337482,-1.12231,-0.649189,-0.000153936,-0.649035
21.36,-0.34648,-1.11716,-0.649439,-0.000148541,-0.649291
21.408,-0.353986,-1.11185,-0.649556,-0.000144175,-0.649412
21.456,-0.359477,-1.10637,-0.649649,-0.000141045,-0.649508
21.504,-0.379997,-1.1007,-0.649619,-0.000130085,-0.649489
21.552,-0.350987,-1.09482,-0.649802,-0.00014569,-0.649656
21.6,-0.356478,-1.08872,-0.649856,-0.00014252,-0.649714
21.648,-0.370983,-1.08241,-0.64981,-0.000134576,-0.649675
21.696,-0.397993,-1.07587,-0.649619,-0.000120992,-0.649498
21.744,-0.37349,-1.06908,-0.649497,-0.000133123,-0.649364
21.792,-0.37449,-1.06202,-0.649344,-0.00013253,-0.649211
21.84,-0.356986,-1.05465,-0.649336,-0.000141865,-0.649194
21.888,-0.349987,-1.04696,-0.649253,-0.000145725,-0.649107
21.936,-0.362985,-1.03894,-0.649113,-0.0001384,-0.648974
21.984,-0.341973,-1.03056,-0.648974,-0.000150187,-0.648823
22.032,-0.385504,-1.02177,-0.64881,-0.000126537,-0.648683
22.08,-0.379489,-1.01255,-0.64865,-0.000129464,-0.64852
22.128,-0.368983,-1.00287,-0.648391,-0.000134808,-0.648257
22.176,-0.398501,-0.992707,-0.647951,-0.000119981,-0.647831
22.224,-0.359985,-0.981979,-0.647655,-0.000139423,-0.647516
22.272,-0.357986,-0.970633,-0.64738,-0.000140398,-0.647239
22.32,-0.366492,-0.958617,-0.647021,-0.000135667,-0.646886
22.368,-0.352987,-0.945872,-0.646562,-0.000142903,-0.646419
22.416,-0.340973,-0.932282,-0.64626,-0.000149637,-0.646111
22.464,-0.342481,-0.917767,-0.645897,-0.000148588,-0.645749
22.512,-0.322977,-0.902208,-0.645551,-0.000160203,-0.645391
22.56,-0.311963,-0.88547,-0.645205,-0.000167055,-0.645038
22.608,-0.353986,-0.867405,-0.644689,-0.000141482,-0.644547
22.656,-0.337974,-0.847834,-0.644072,-0.00015042,-0.643921
22.704,-0.332483,-0.826508,-0.643452,-0.000153439,-0.643299
22.752,-0.31847,-0.803153,-0.642745,-0.00016181,-0.642583
22.8,-0.335482,-0.777421,-0.641865,-0.000151068,-0.641714
22.848,-0.317961,-0.748856,-0.64098,-0.00016145,-0.640818
22.896,-0.294966,-0.716896,-0.639922,-0.00017624,-0.639745
22.944,-0.288968,-0.680772,-0.638733,-0.000179927,-0.638553
22.992,-0.305964,-0.639505,-0.637146,-0.000167788,-0.636979
23.04,-0.314962,-0.591674,-0.635277,-0.000161369,-0.635115
23.088,-0.327468,-0.535276,-0.632875,-0.000152972,-0.632722
23.136,-0.353478,-0.467273,-0.6298,-0.000137409,-0.629663
23.184,-0.316962,-0.38277,-0.626014,-0.000157514,-0.625857
23.232,-0.316962,-0.273291,-0.621046,-0.000156171,-0.62089
23.28,-0.322469,-0.122592,-0.614099,-0.000151048,-0.613948
23.328,-0.34448,0.105262,-0.603617,-0.000136126,-0.603481
23.376,-0.312471,0.50273,-0.585586,-0.000149642,-0.585436
23.424,-0.323977,1.25542,-0.550681,-0.000134445,-0.550546
23.472,-0.330975,1.69654,-0.51884,-0.000123194,-0.518717
23.52,-0.34448,0.468984,-0.567328,-0.000127725,-0.5672
23.568,-0.315962,-0.849899,-0.648077,-0.000163072,-0.647914
23.616,-0.332975,-0.91584,-0.65543,-0.000154189,-0.655276
23.664,-0.34548,-0.902264,-0.655101,-0.000146674,-0.654954
23.712,-0.310471,-0.886048,-0.654542,-0.000168041,-0.654374
23.76,-0.328975,-0.868531,-0.653893,-0.00015607,-0.653737
23.808,-0.342972,-0.849563,-0.653195,-0.00014752,-0.653047
23.856,-0.300965,-0.828918,-0.652566,-0.00017365,-0.652392
23.904,-0.323977,-0.80634,-0.651778,-0.000158393,-0.65162
23.952,-0.321977,-0.781514,-0.650834,-0.000159331,-0.650675
24,-0.325468,-0.754032,-0.649723,-0.00015683,-0.649566
24.048,-0.300965,-0.723357,-0.648549,-0.00017223,-0.648376
24.096,-0.302965,-0.688796,-0.647236,-0.000170425,-0.647065
24.144,-0.301965,-0.649443,-0.64568,-0.00017057,-0.64551
24.192,-0.302457,-0.604036,-0.643844,-0.000169639,-0.643675
24.24,-0.304964,-0.550787,-0.641627,-0.000167282,-0.64146
24.288,-0.293967,-0.487027,-0.638937,-0.000173782,-0.638764
24.336,-0.277462,-0.408571,-0.635597,-0.000184263,-0.635413
24.384,-0.256942,-0.3084,-0.631165,-0.000198137,-0.630967
24.432,-0.270955,-0.173441,-0.625106,-0.000185579,-0.624921
24.48,-0.274463,0.0237242,-0.616069,-0.000180256,-0.615889
24.528,-0.261449,0.350661,-0.601195,-0.00018494,-0.60101
24.576,-0.249943,0.974963,-0.572722,-0.000184122,-0.572538
24.624,-0.295966,1.71227,-0.531051,-0.000142428,-0.530909
24.672,-0.272447,1.03656,-0.551246,-0.000162001,-0.551084
24.72,-0.25645,-0.67266,-0.64333,-0.000201134,-0.643129
24.768,-0.258941,-0.914894,-0.665986,-0.000206029,-0.66578
24.816,-0.25945,-0.90585,-0.666322,-0.000205559,-0.666117
24.864,-0.300965,-0.890353,-0.665827,-0.000174478,-0.665652
24.912,-0.265448,-0.873547,-0.66539,-0.000200282,-0.665189
24.96,-0.291967,-0.855369,-0.664837,-0.000180253,-0.664657
25.008,-0.264957,-0.835626,-0.664289,-0.000200079,-0.664088
25.056,-0.282953,-0.814078,-0.6636,-0.000186139,-0.663414
25.104,-0.276954,-0.790448,-0.662722,-0.000190218,-0.662532
25.152,-0.273447,-0.764355,-0.661772,-0.00019246,-0.661579
25.2,-0.256942,-0.735332,-0.660702,-0.00020486,-0.660497
25.248,-0.243437,-0.702776,-0.659471,-0.000215449,-0.659256
25.296,-0.265448,-0.665886,-0.658021,-0.000197072,-0.657824
25.344,-0.25545,-0.623603,-0.656261,-0.000204273,-0.656057
25.392,-0.272447,-0.574414,-0.654113,-0.000190374,-0.653923
25.44,-0.241437,-0.516131,-0.651554,-0.000214001,-0.65134
25.488,-0.277462,-0.44539,-0.648363,-0.000184793,-0.648178
25.536,-0.244944,-0.356759,-0.644406,-0.000208463,-0.644198
25.584,-0.245944,-0.240641,-0.639061,-0.00020577,-0.638855
25.632,-0.244944,-0.0781305,-0.631503,-0.000203974,-0.631299
25.68,-0.25845,0.173881,-0.619763,-0.000189705,-0.619573
25.728,-0.251451,0.627625,-0.598741,-0.000188218,-0.598553
25.776,-0.235946,1.43473,-0.558962,-0.000186576,-0.558775
25.824,-0.20592,1.57495,-0.539308,-0.000202298,-0.539106
25.872,-0.190923,0.0481845,-0.607972,-0.000241622,-0.60773
25.92,-0.19643,-0.888475,-0.674602,-0.000262097,-0.67434
25.968,-0.162405,-0.910892,-0.678303,-0.00030079,-0.678002
26.016,-0.199921,-0.896708,-0.678258,-0.000259393,-0.677998
26.064,-0.170911,-0.880699,-0.678163,-0.000290265,-0.677873
26.112,-0.204937,-0.863391,-0.677944,-0.000253689,-0.67769
26.16,-0.221933,-0.844643,-0.677525,-0.000236995,-0.677288
26.208,-0.201429,-0.824223,-0.677091,-0.000256419,-0.676835
26.256,-0.16942,-0.801858,-0.676676,-0.000290185,-0.676386
26.304,-0.173419,-0.77723,-0.676092,-0.000285126,-0.675807
26.352,-0.174419,-0.749944,-0.675292,-0.000283409,-0.675008
26.4,-0.194431,-0.71947,-0.674296,-0.00026141,-0.674035
26.448,-0.209428,-0.685158,-0.672923,-0.00024583,-0.672677
26.496,-0.182417,-0.646054,-0.671544,-0.000272448,-0.671272
26.544,-0.183417,-0.600922,-0.669811,-0.000270427,-0.669541
26.592,-0.197922,-0.548002,-0.667575,-0.000254429,-0.66732
26.64,-0.19743,-0.484648,-0.664861,-0.000253659,-0.664608
26.688,-0.190415,-0.406736,-0.661384,-0.000259144,-0.661125
26.736,-0.183925,-0.307326,-0.656832,-0.000263759,-0.656569
26.784,-0.136411,-0.173582,-0.650712,-0.000314432,-0.650398
26.832,-0.181417,0.0213111,-0.64138,-0.00025962,-0.64112
26.88,-0.173419,0.343001,-0.626176,-0.000261282,-0.625914
26.928,-0.179926,0.954368,-0.597027,-0.000242655,-0.596785
26.976,-0.186924,1.69902,-0.553705,-0.000218794,-0.553486
27.024,-0.187416,1.07218,-0.572212,-0.000225498,-0.571987
27.072,-0.161913,-0.644843,-0.667391,-0.000290402,-0.6671
27.12,-0.160405,-0.911854,-0.69308,-0.000303053,-0.692777
27.168,-0.165404,-0.90383,-0.693661,-0.000297125,-0.693364
27.216,-0.154407,-0.88866,-0.693572,-0.000309848,-0.693262
27.264,-0.115399,-0.872157,-0.693617,-0.000360555,-0.693257
27.312,-0.136411,-0.854304,-0.693417,-0.000331602,-0.693085
27.36,-0.144409,-0.834913,-0.693082,-0.000320887,-0.692761
27.408,-0.1489,-0.813747,-0.692645,-0.000314772,-0.692331
27.456,-0.11589,-0.790507,-0.692237,-0.000357587,-0.691879
27.504,-0.0818813,-0.764821,-0.69182,-0.000407732,-0.691412
27.552,-0.0898796,-0.736255,-0.691128,-0.000394278,-0.690733
27.6,-0.0703756,-0.704188,-0.690461,-0.000424519,-0.690037
27.648,-0.0803898,-0.667867,-0.689479,-0.000407034,-0.689072
27.696,-0.0488721,-0.626228,-0.688353,-0.000459022,-0.687894
27.744,-0.0688677,-0.577798,-0.686852,-0.000422841,-0.686429
27.792,-0.0703756,-0.520484,-0.684823,-0.000418471,-0.684405
27.84,-0.0583782,-0.451054,-0.682193,-0.000436228,-0.681757
27.888,-0.0348587,-0.364294,-0.678728,-0.000475082,-0.678253
27.936,-0.0388578,-0.251089,-0.673898,-0.000463575,-0.673434
27.984,-0.0408738,-0.0937285,-0.666707,-0.000454313,-0.666253
28.032,-0.0823894,0.147617,-0.655163,-0.000378952,-0.654784
28.08,-0.0823894,0.575927,-0.634532,-0.000366545,-0.634165
28.128,-0.059378,1.35942,-0.594795,-0.000375437,-0.594419
28.176,-0.0973862,1.62856,-0.568223,-0.000308686,-0.567914
28.224,-0.0358585,0.225136,-0.633153,-0.000436909,-0.632716
28.272,-0.0728833,-0.872228,-0.711835,-0.000424319,-0.711411
28.32,-0.0373664,-0.909451,-0.717591,-0.00049084,-0.7171
28.368,-0.0573784,-0.895365,-0.717861,-0.000453378,-0.717408
28.416,-0.0138632,-0.879113,-0.718134,-0.000536938,-0.717597
28.464,-0.0358585,-0.861505,-0.718257,-0.000491954,-0.717765
28.512,-0.0163545,-0.842376,-0.718397,-0.000530213,-0.717866
28.56,0.000150131,-0.821499,-0.718458,-0.000564692,-0.717894
28.608,-0.00584857,-0.798597,-0.718368,-0.000550603,-0.717817
28.656,0.0536632,-0.773302,-0.718437,-0.00069368,-0.717743
28.704,0.0536632,-0.745171,-0.718321,-0.000692163,-0.717629
28.752,0.0741833,-0.713641,-0.718124,-0.000748198,-0.717376
28.8,0.0851809,-0.677957,-0.717772,-0.000778926,-0.716993
28.848,0.122189,-0.637107,-0.717309,-0.000897395,-0.716412
28.896,0.240246,-0.589593,-0.717352,-0.00141819,-0.715934
28.944,0.632391,-0.532519,-0.723615,-0.00646496,-0.71715
28.992,0.83297,-0.461426,-0.733922,-0.0137733,-0.720149
29.04,0.89399,-0.371769,-0.740004,-0.0171663,-0.722838
29.088,0.827955,-0.254496,-0.737055,-0.0132998,-0.723755
29.136,0.713914,-0.0918534,-0.729466,-0.00853216,-0.720934
29.184,0.609379,0.160026,-0.717813,-0.00560682,-0.712207
29.232,0.509335,0.613804,-0.695294,-0.0036789,-0.691615
29.28,0.495338,1.43276,-0.651212,-0.00324856,-0.647963
29.328,0.389787,1.59543,-0.627608,-0.00207354,-0.625535
29.376,0.324277,0.0702447,-0.708267,-0.00180888,-0.706458
29.424,0.278254,-0.88758,-0.788297,-0.00167897,-0.786618
29.472,0.237738,-0.908399,-0.7932,-0.00143961,-0.791761
29.52,0.22874,-0.891096,-0.793634,-0.00138813,-0.792246
29.568,0.214235,-0.871601,-0.793761,-0.0013097,-0.792451
29.616,0.171212,-0.850418,-0.793519,-0.00110522,-0.792413
29.664,0.183717,-0.827294,-0.79328,-0.0011585,-0.792122
29.712,0.127696,-0.801923,-0.792485,-0.000928813,-0.791557
29.76,0.173211,-0.773852,-0.79199,-0.00110729,-0.790883
29.808,0.17921,-0.74256,-0.791239,-0.0011308,-0.790108
29.856,0.176719,-0.707399,-0.790137,-0.00111678,-0.789021
29.904,0.17921,-0.66747,-0.788616,-0.00112421,-0.787492
29.952,0.183717,-0.621505,-0.786731,-0.00114009,-0.785591
30,0.192715,-0.567757,-0.784304,-0.00117594,-0.783128
30.048,0.193715,-0.503554,-0.781295,-0.00117464,-0.780121
30.096,0.190224,-0.424784,-0.777421,-0.00115161,-0.776269
30.144,0.212727,-0.324537,-0.772367,-0.00124762,-0.77112
30.192,0.214235,-0.190019,-0.765203,-0.00124187,-0.763961
30.24,0.232231,0.00575474,-0.754898,-0.00131214,-0.753586
30.288,0.25875,0.328813,-0.73759,-0.00141929,-0.736171
30.336,0.233739,0.946939,-0.70344,-0.0012259,-0.702214
30.384,0.274747,1.71554,-0.651715,-0.00133045,-0.650385
30.432,0.273747,1.08948,-0.673737,-0.00136785,-0.672369
30.48,0.317262,-0.644006,-0.788046,-0.00189162,-0.786155
30.528,0.332767,-0.911339,-0.819543,-0.00208521,-0.817458
30.576,0.31577,-0.899736,-0.820747,-0.00195071,-0.818796
30.624,0.340781,-0.880564,-0.821416,-0.00214725,-0.819268
30.672,0.366284,-0.859609,-0.821964,-0.0023676,-0.819596
30.72,0.368792,-0.83669,-0.822383,-0.00238658,-0.819996
30.768,0.318262,-0.811605,-0.821982,-0.00195636,-0.820026
30.816,0.356286,-0.783805,-0.822328,-0.00226385,-0.820065
30.864,0.453823,-0.752729,-0.823537,-0.0032998,-0.820237
30.912,0.806451,-0.716535,-0.834686,-0.0127196,-0.821966
30.96,1.06854,-0.672221,-0.858824,-0.0330168,-0.825808
31.008,1.12707,-0.620064,-0.870475,-0.0402633,-0.830211
31.056,1.06154,-0.560742,-0.865616,-0.0319354,-0.833681
31.104,0.917001,-0.491217,-0.854093,-0.0188639,-0.835229
31.152,0.859473,-0.404432,-0.849865,-0.0151403,-0.834725
31.2,0.698917,-0.292678,-0.839616,-0.00818584,-0.83143
31.248,0.617377,-0.138785,-0.830485,-0.00591829,-0.824567
31.296,0.529855,0.0940414,-0.816101,-0.00414737,-0.811954
31.344,0.501829,0.502772,-0.791943,-0.00360525,-0.788337
31.392,0.454314,1.28338,-0.743187,-0.00281192,-0.740375
31.44,0.432811,1.70872,-0.700759,-0.00243624,-0.698323
31.488,0.354778,0.423363,-0.770126,-0.00197677,-0.76815
31.536,0.337274,-0.857188,-0.877706,-0.00210338,-0.875602
31.584,0.343273,-0.910363,-0.886357,-0.00217302,-0.884184
31.632,0.350288,-0.891232,-0.885685,-0.00223014,-0.883455
31.68,0.345272,-0.869062,-0.884515,-0.00218325,-0.882332
31.728,0.345272,-0.844921,-0.883163,-0.00217917,-0.880984
31.776,0.372283,-0.81847,-0.881955,-0.00241588,-0.879539
31.824,0.381789,-0.789261,-0.880618,-0.00250125,-0.878117
31.872,0.383297,-0.7568,-0.879014,-0.00250963,-0.876504
31.92,0.401801,-0.720356,-0.877373,-0.00268928,-0.874684
31.968,0.393803,-0.679037,-0.875046,-0.00259854,-0.872448
32.016,0.439809,-0.631406,-0.873108,-0.00309578,-0.870012
32.064,0.460313,-0.575604,-0.870637,-0.00333766,-0.867299
32.112,0.462821,-0.508918,-0.867222,-0.00335279,-0.863869
32.16,0.449315,-0.42692,-0.86258,-0.00316128,-0.859419
32.208,0.448316,-0.322056,-0.856662,-0.00312334,-0.853539
32.256,0.514334,-0.180226,-0.849343,-0.00398979,-0.845353
32.304,0.495338,0.028824,-0.836645,-0.00364712,-0.832998
32.352,0.503845,0.381433,-0.815458,-0.00366784,-0.81179
32.4,0.548851,1.06495,-0.77408,-0.00413356,-0.769947
32.448,0.542361,1.753,-0.718474,-0.00373578,-0.714739
32.496,0.55385,0.873031,-0.761098,-0.00412863,-0.75697
32.544,0.614886,-0.755543,-0.889108,-0.00608105,-0.883027
32.592,0.621377,-0.910964,-0.912256,-0.00638103,-0.905875
32.64,0.883976,-0.892446,-0.925158,-0.0172274,-0.90793
32.688,1.1956,-0.864471,-0.96341,-0.0516216,-0.911789
32.736,1.28813,-0.832592,-0.985689,-0.0690769,-0.916612
32.784,1.24311,-0.800197,-0.981013,-0.0598768,-0.921137
32.832,1.12256,-0.766327,-0.964652,-0.0401026,-0.924549
32.88,0.968007,-0.728915,-0.949572,-0.0231577,-0.926414
32.928,0.906495,-0.685919,-0.945382,-0.0184262,-0.926956
32.976,0.78244,-0.636761,-0.9376,-0.0115473,-0.926052
33.024,0.697917,-0.57897,-0.93215,-0.00833943,-0.923811
33.072,0.63739,-0.509843,-0.926715,-0.00657927,-0.920136
33.12,0.582877,-0.424622,-0.920158,-0.00529938,-0.914859
33.168,0.55285,-0.315189,-0.912315,-0.00467958,-0.907635
33.216,0.538345,-0.16619,-0.901855,-0.00437348,-0.897481
33.264,0.519349,0.0564038,-0.886416,-0.00399411,-0.882422
33.312,0.483324,0.439864,-0.8601,-0.00337255,-0.856728
33.36,0.476834,1.18399,-0.809665,-0.0030966,-0.806568
33.408,0.472327,1.75029,-0.755067,-0.00283794,-0.752229
33.456,0.498829,0.638316,-0.816487,-0.00339922,-0.813088
33.504,0.495338,-0.822761,-0.941822,-0.00386818,-0.937954
33.552,0.57537,-0.910281,-0.956937,-0.00534569,-0.951591
33.6,0.57737,-0.890143,-0.956098,-0.00537952,-0.950718
33.648,0.587368,-0.86595,-0.955198,-0.00558041,-0.949617
33.696,0.617886,-0.839466,-0.954702,-0.00626303,-0.948439
33.744,0.613886,-0.810375,-0.953242,-0.00615356,-0.947088
33.792,0.63739,-0.778106,-0.952302,-0.00671822,-0.945584
33.84,0.631391,-0.741987,-0.950446,-0.00654685,-0.943899
33.888,0.705408,-0.700902,-0.950772,-0.00866312,-0.942109
33.936,0.716913,-0.653877,-0.949022,-0.00901831,-0.940004
33.984,0.729927,-0.599187,-0.946755,-0.00943588,-0.937319
34.032,0.754938,-0.53377,-0.944493,-0.010323,-0.93417
34.08,0.822464,-0.453776,-0.943334,-0.013235,-0.930099
34.128,1.13908,-0.347424,-0.966977,-0.0410646,-0.925912
34.176,1.36717,-0.193614,-1.00346,-0.0829968,-0.920465
34.224,1.4667,0.0420412,-1.01659,-0.106337,-0.910252
34.272,1.38467,0.442497,-0.97126,-0.0829909,-0.888269
34.32,1.22911,1.21565,-0.887508,-0.0488429,-0.838665
34.368,1.11407,1.75964,-0.816792,-0.0310835,-0.785709
34.416,1.00352,0.576253,-0.880375,-0.0229246,-0.85745
34.464,0.886483,-0.841411,-1.00597,-0.0172048,-0.988762
34.512,0.795945,-0.913285,-1.01442,-0.0124131,-1.002
34.56,0.768443,-0.891125,-1.01252,-0.011171,-1.00135
34.608,0.714914,-0.865338,-1.00902,-0.00909829,-0.999926
34.656,0.707915,-0.837083,-1.0069,-0.00883952,-0.998058
34.704,0.651895,-0.806123,-1.00284,-0.0071182,-0.995726
34.752,0.637881,-0.771685,-0.999768,-0.00672767,-0.99304
34.8,0.678397,-0.733,-0.997894,-0.0078338,-0.99006
34.848,0.658401,-0.689155,-0.993963,-0.00723187,-0.986732
34.896,0.670399,-0.638768,-0.990396,-0.0075422,-0.982853
34.944,0.680905,-0.579721,-0.986163,-0.0078154,-0.978348
34.992,0.663892,-0.508922,-0.980318,-0.00728251,-0.973035
35.04,0.698917,-0.421446,-0.97481,-0.00826923,-0.966541
35.088,0.723928,-0.308501,-0.967378,-0.00901631,-0.958362
35.136,0.739433,-0.153472,-0.956784,-0.00944894,-0.947335
35.184,0.697917,0.0804674,-0.938672,-0.0079223,-0.93075
35.232,0.791946,0.491971,-0.913357,-0.0109651,-0.902392
35.28,0.791455,1.28519,-0.856441,-0.0102543,-0.846187
35.328,0.804943,1.72464,-0.806358,-0.0101436,-0.796215
35.376,0.84346,0.431592,-0.889571,-0.0128908,-0.87668
35.424,0.864472,-0.856432,-1.0166,-0.0158953,-1.0007
35.472,0.920001,-0.905979,-1.03081,-0.0196981,-1.01111
35.52,1.15459,-0.880253,-1.05675,-0.0451043,-1.01165
35.568,1.43818,-0.843042,-1.11945,-0.105907,-1.01354
35.616,1.57075,-0.799771,-1.16072,-0.144401,-1.01632
35.664,1.52572,-0.755994,-1.14926,-0.130316,-1.01895
35.712,1.43318,-0.710375,-1.12409,-0.103452,-1.02064
35.76,1.27363,-0.661484,-1.08599,-0.0651852,-1.02081
35.808,1.13107,-0.605483,-1.05992,-0.0407712,-1.01915
35.856,0.993018,-0.538871,-1.04056,-0.0249792,-1.01558
35.904,0.936505,-0.456701,-1.03033,-0.020212,-1.01012
35.952,0.879976,-0.352195,-1.01877,-0.0162752,-1.00249
36,0.851966,-0.212221,-1.00633,-0.0145048,-0.99182
36.048,0.790455,-0.00843365,-0.987441,-0.011334,-0.976107
36.096,0.746923,0.330884,-0.959889,-0.00936421,-0.950524
36.144,0.748939,0.991814,-0.910879,-0.00895638,-0.901922
36.192,0.798453,1.76499,-0.841374,-0.00995797,-0.831416
36.24,0.75243,1.01445,-0.876303,-0.0087337,-0.867569
36.288,0.765936,-0.703737,-1.02511,-0.0107503,-1.01436
36.336,0.779441,-0.910718,-1.0567,-0.0116589,-1.04504
36.384,0.777933,-0.891092,-1.0552,-0.0115791,-1.04362
36.432,0.784948,-0.864638,-1.05319,-0.0118658,-1.04132
36.48,0.836461,-0.835468,-1.0533,-0.0143689,-1.03893
36.528,0.837461,-0.80328,-1.05087,-0.0143867,-1.03649
36.576,0.882484,-0.767212,-1.05093,-0.0169673,-1.03397
36.624,0.913986,-0.726549,-1.05031,-0.0190028,-1.03131
36.672,0.938505,-0.68011,-1.04906,-0.0207183,-1.02835
36.72,0.965515,-0.626059,-1.0478,-0.0227674,-1.02503
36.768,0.989527,-0.562231,-1.04573,-0.0247122,-1.02102
36.816,1.11307,-0.483558,-1.05423,-0.0379771,-1.01625
36.864,1.40018,-0.375399,-1.10322,-0.0922854,-1.01093
36.912,1.65978,-0.214317,-1.1676,-0.164112,-1.00349
36.96,1.67428,0.0241108,-1.15579,-0.165232,-0.99056
37.008,1.55173,0.424338,-1.09115,-0.126066,-0.965083
37.056,1.33065,1.19151,-0.977052,-0.0669233,-0.910129
37.104,1.1956,1.77095,-0.889878,-0.0408637,-0.849015
37.152,1.06454,0.624503,-0.949909,-0.0283617,-0.921547
37.2,0.958009,-0.832158,-1.08617,-0.0223495,-1.06382
37.248,0.911494,-0.911097,-1.09701,-0.0190977,-1.07791
37.296,0.873978,-0.887663,-1.09239,-0.016594,-1.07579
37.344,0.818957,-0.860207,-1.08642,-0.013482,-1.07294
37.392,0.807959,-0.83005,-1.08264,-0.012906,-1.06973
37.44,0.806959,-0.796846,-1.07898,-0.0128245,-1.06615
37.488,0.825955,-0.759675,-1.07608,-0.0137333,-1.06235
37.536,0.833462,-0.717858,-1.07233,-0.0140793,-1.05825
37.584,0.837969,-0.670056,-1.06805,-0.0142657,-1.05379
37.632,0.828955,-0.614739,-1.06251,-0.0137328,-1.04878
37.68,0.847967,-0.54932,-1.05759,-0.0146704,-1.04292
37.728,0.832462,-0.46975,-1.04977,-0.0137579,-1.03601
37.776,0.878485,-0.369238,-1.04382,-0.0162069,-1.02761
37.824,0.90148,-0.235441,-1.03433,-0.0174645,-1.01686
37.872,0.909495,-0.043132,-1.01956,-0.0177219,-1.00184
37.92,0.983511,0.271119,-1.00081,-0.0226661,-0.978142
37.968,1.00803,0.876373,-0.957092,-0.0236133,-0.933479
38.016,1.03804,1.72589,-0.883887,-0.024186,-0.859701
38.064,1.05555,1.2174,-0.903575,-0.0262369,-0.877338
38.112,1.13058,-0.571609,-1.06673,-0.0397916,-1.02694
38.16,1.44469,-0.899878,-1.18509,-0.108119,-1.07697
38.208,1.66977,-0.868272,-1.25538,-0.175703,-1.07968
38.256,1.7058,-0.826922,-1.26753,-0.185987,-1.08155
38.304,1.56773,-0.78853,-1.22616,-0.143344,-1.08281
38.352,1.35815,-0.750551,-1.16723,-0.0844645,-1.08276
38.4,1.18109,-0.708968,-1.12966,-0.0486195,-1.08104
38.448,1.09706,-0.659934,-1.11418,-0.0364325,-1.07775
38.496,0.980512,-0.602954,-1.09699,-0.0239963,-1.07299
38.544,0.887483,-0.535216,-1.0837,-0.0169753,-1.06672
38.592,0.868979,-0.45198,-1.07465,-0.0157457,-1.0589
38.64,0.867471,-0.345989,-1.06474,-0.0155287,-1.04921
38.688,0.831954,-0.203701,-1.05004,-0.0134499,-1.0366
38.736,0.81245,0.00428567,-1.03115,-0.0123004,-1.01885
38.784,0.789439,0.352705,-1.0016,-0.0109798,-0.990625
38.832,0.820448,1.03179,-0.94941,-0.011692,-0.937718
38.88,0.831462,1.76742,-0.876524,-0.0112544,-0.86527
38.928,0.848967,0.939681,-0.921884,-0.0126363,-0.909248
38.976,0.842968,-0.73339,-1.07486,-0.0144225,-1.06044
39.024,0.854965,-0.907834,-1.10303,-0.0154792,-1.08755
39.072,0.881976,-0.887301,-1.10254,-0.0170937,-1.08544
39.12,0.877485,-0.860493,-1.09939,-0.0167762,-1.08262
39.168,0.913986,-0.831084,-1.09881,-0.0191576,-1.07965
39.216,0.876485,-0.798818,-1.09313,-0.0166342,-1.0765
39.264,0.866979,-0.763021,-1.08901,-0.016012,-1.073
39.312,0.899989,-0.722381,-1.08733,-0.0180402,-1.06929
39.36,0.947503,-0.675891,-1.08674,-0.021404,-1.06534
39.408,0.965007,-0.62235,-1.08355,-0.0227186,-1.06083
39.456,0.937505,-0.559114,-1.0761,-0.0204483,-1.05565
39.504,0.98002,-0.482419,-1.07321,-0.0237293,-1.04948
39.552,1.01203,-0.386057,-1.06832,-0.0264281,-1.04189
39.6,1.05155,-0.258917,-1.06222,-0.0301154,-1.0321
39.648,1.03653,-0.0797082,-1.04642,-0.028161,-1.01826
39.696,1.03053,0.205088,-1.02353,-0.0269659,-0.996569
39.744,1.09255,0.739258,-0.988905,-0.0321716,-0.956733
39.792,1.37967,1.63149,-0.957764,-0.0737427,-0.884021
39.84,1.63476,1.46135,-1.0093,-0.132637,-0.876661
39.888,1.67177,-0.286348,-1.18109,-0.163804,-1.01728
39.936,1.59625,-0.894988,-1.25308,-0.153138,-1.09995
39.984,1.40018,-0.888351,-1.1998,-0.0960189,-1.10378
40.032,1.1976,-0.863361,-1.15533,-0.0519526,-1.10338
40.08,1.09306,-0.835307,-1.13795,-0.0364234,-1.10153
40.128,1.02554,-0.80384,-1.12727,-0.0286524,-1.09862
40.176,0.899989,-0.768904,-1.11301,-0.0181055,-1.0949
40.224,0.83597,-0.729845,-1.10461,-0.0142251,-1.09039
40.272,0.854474,-0.68494,-1.10062,-0.0151905,-1.08543
40.32,0.813958,-0.633618,-1.09282,-0.0130001,-1.07982
40.368,0.819449,-0.573568,-1.08659,-0.013209,-1.07338
40.416,0.788947,-0.501783,-1.07757,-0.0117107,-1.06586
40.464,0.777933,-0.412914,-1.06816,-0.011156,-1.057
40.512,0.778949,-0.298207,-1.05722,-0.011099,-1.04612
40.56,0.814958,-0.140535,-1.04453,-0.0125566,-1.03198
40.608,0.764444,0.0982838,-1.02183,-0.0101877,-1.01165
40.656,0.759429,0.518652,-0.987516,-0.00967606,-0.97784
40.704,0.770934,1.3169,-0.923455,-0.00945957,-0.913995
40.752,0.721421,1.6949,-0.869771,-0.00740714,-0.862364
40.8,0.738925,0.353305,-0.960489,-0.00875047,-0.951738
40.848,0.713914,-0.86017,-1.08613,-0.00901839,-1.07711
40.896,0.727419,-0.902412,-1.09334,-0.00956823,-1.08377
40.944,0.69241,-0.880641,-1.08875,-0.0083597,-1.08039
40.992,0.712914,-0.855644,-1.08576,-0.00902226,-1.07674
41.04,0.697409,-0.828538,-1.08136,-0.00848644,-1.07287
41.088,0.664892,-0.798946,-1.07608,-0.00747724,-1.0686
41.136,0.680397,-0.766128,-1.07204,-0.00791403,-1.06412
41.184,0.655402,-0.729571,-1.06649,-0.00717152,-1.05932
41.232,0.649387,-0.68834,-1.06114,-0.00698559,-1.05415
41.28,0.642388,-0.641177,-1.05534,-0.00677561,-1.04857
41.328,0.630391,-0.586465,-1.04875,-0.00644308,-1.04231
41.376,0.607871,-0.521622,-1.04107,-0.00587894,-1.0352
41.424,0.618885,-0.442626,-1.03307,-0.00609555,-1.02698
41.472,0.597873,-0.34286,-1.02278,-0.00557852,-1.0172
41.52,0.626884,-0.210119,-1.01118,-0.00617265,-1.005
41.568,0.602872,-0.0194782,-0.993948,-0.00554531,-0.988403
41.616,0.595874,0.290119,-0.968502,-0.00526991,-0.963232
41.664,0.587876,0.876383,-0.923159,-0.00487987,-0.918279
41.712,0.559865,1.68362,-0.85124,-0.00404821,-0.847192
41.76,0.547851,1.20857,-0.864402,-0.00393258,-0.86047
41.808,0.540853,-0.545503,-1.00453,-0.00445717,-1.00007
41.856,0.542853,-0.902384,-1.05132,-0.00470967,-1.04661
41.904,0.536854,-0.891723,-1.04913,-0.00460095,-1.04453
41.952,0.456822,-0.870949,-1.04424,-0.00336922,-1.04087
42,0.503337,-0.848282,-1.041,-0.00402787,-1.03697
42.048,0.474834,-0.823698,-1.03655,-0.00359983,-1.03295
42.096,0.448824,-0.796863,-1.03191,-0.00324751,-1.02866
42.144,0.438809,-0.767377,-1.02719,-0.00311652,-1.02408
42.192,0.435318,-0.73463,-1.02234,-0.00306672,-1.01927
42.24,0.430811,-0.697974,-1.01713,-0.0030049,-1.01413
42.288,0.388804,-0.656454,-1.01114,-0.00254392,-1.0086
42.336,0.364285,-0.608804,-1.0048,-0.00230381,-1.0025
42.384,0.352287,-0.553143,-0.997928,-0.00218911,-0.995739
42.432,0.311771,-0.486768,-0.989877,-0.00185973,-0.988017
42.48,0.312771,-0.405268,-0.981038,-0.00185512,-0.979182
42.528,0.294267,-0.301337,-0.970344,-0.001712,-0.968632
42.576,0.277746,-0.161209,-0.95709,-0.00158766,-0.955502
42.624,0.280762,0.0442153,-0.939355,-0.00158093,-0.937774
42.672,0.20622,0.386788,-0.911702,-0.00115074,-0.910551
42.72,0.218234,1.03574,-0.863,-0.00114498,-0.861855
42.768,0.182717,1.70689,-0.799856,-0.000926695,-0.79893
42.816,0.164213,0.913294,-0.836662,-0.000904628,-0.835758
42.864,0.126697,-0.7122,-0.968403,-0.00090718,-0.967496
42.912,0.120698,-0.899981,-0.991567,-0.000910308,-0.990657
42.96,0.129696,-0.888275,-0.987821,-0.000942362,-0.986879
43.008,0.127205,-0.871137,-0.983245,-0.000931991,-0.982313
43.056,0.0761829,-0.852718,-0.978359,-0.000762273,-0.977597
43.104,0.0811818,-0.832918,-0.97355,-0.000776133,-0.972774
43.152,0.046173,-0.81154,-0.968493,-0.000675641,-0.967817
43.2,0.0411577,-0.788328,-0.963337,-0.000661311,-0.962675
43.248,0.055171,-0.762923,-0.958263,-0.000697212,-0.957566
43.296,0.0581704,-0.73493,-0.953081,-0.000703906,-0.952377
43.344,0.0231616,-0.703871,-0.947461,-0.000612283,-0.946848
43.392,0.00565714,-0.669065,-0.941591,-0.000570177,-0.941021
43.44,0.0126556,-0.629623,-0.935422,-0.000584211,-0.934838
43.488,-0.0258606,-0.584322,-0.928753,-0.00050065,-0.928252
43.536,-0.0773741,-0.531443,-0.921485,-0.000407487,-0.921078
43.584,-0.0588699,-0.468413,-0.913705,-0.000435958,-0.913269
43.632,-0.0968945,-0.391248,-0.904885,-0.000373361,-0.904512
43.68,-0.0953866,-0.293328,-0.894664,-0.0003727,-0.894291
43.728,-0.13841,-0.16254,-0.882149,-0.000311676,-0.881837
43.776,-0.130395,0.0260336,-0.865993,-0.000316913,-0.865676
43.824,-0.164421,0.331459,-0.842333,-0.000270835,-0.842062
43.872,-0.152915,0.896025,-0.802375,-0.000270907,-0.802104
43.92,-0.158406,1.62713,-0.743691,-0.000246697,-0.743444
43.968,-0.16942,1.15822,-0.754778,-0.000240703,-0.754537
44.016,-0.20592,-0.528953,-0.870004,-0.00024143,-0.869763
44.064,-0.230931,-0.890213,-0.908178,-0.000229419,-0.907948
44.112,-0.289459,-0.888362,-0.904812,-0.000182487,-0.904629
44.16,-0.238946,-0.876478,-0.900272,-0.000222243,-0.90005
44.208,-0.303473,-0.863717,-0.895554,-0.000172404,-0.895382
44.256,-0.316962,-0.850187,-0.89087,-0.000163352,-0.890707
44.304,-0.340481,-0.835823,-0.885963,-0.000148797,-0.885814
44.352,-0.355986,-0.820491,-0.881068,-0.000139854,-0.880928
44.4,-0.363493,-0.804069,-0.876072,-0.000135624,-0.875936
44.448,-0.421513,-0.786403,-0.870946,-0.000107881,-0.870838
44.496,-0.393503,-0.767304,-0.865786,-0.000120224,-0.865666
44.544,-0.401009,-0.746538,-0.860533,-0.000116548,-0.860417
44.592,-0.393994,-0.723817,-0.855243,-0.000119586,-0.855123
44.64,-0.421513,-0.69879,-0.849815,-0.000107144,-0.849708
44.688,-0.441017,-0.671035,-0.844111,-9.90404e-05,-0.844012
44.736,-0.444016,-0.639979,-0.838212,-9.76445e-05,-0.838114
44.784,-0.453522,-0.604855,-0.832154,-9.38131e-05,-0.83206
44.832,-0.469027,-0.564643,-0.825866,-8.80014e-05,-0.825778
44.88,-0.495038,-0.517946,-0.819162,-7.91773e-05,-0.819083
44.928,-0.473534,-0.462725,-0.812065,-8.57702e-05,-0.81198
44.976,-0.497529,-0.395926,-0.804221,-7.7659e-05,-0.804143
45.024,-0.520541,-0.31268,-0.795351,-7.04951e-05,-0.79528
45.072,-0.533046,-0.204578,-0.784995,-6.65533e-05,-0.784928
45.12,-0.540553,-0.0556084,-0.772367,-6.38713e-05,-0.772303
45.168,-0.534554,0.168665,-0.75552,-6.42532e-05,-0.755455
45.216,-0.538045,0.551085,-0.729905,-6.15066e-05,-0.729843
45.264,-0.537045,1.223,-0.686865,-5.83636e-05,-0.686807
45.312,-0.573562,1.58153,-0.650867,-4.81395e-05,-0.650819
45.36,-0.572562,0.463399,-0.702273,-5.23815e-05,-0.702221
45.408,-0.624092,-0.79533,-0.791917,-4.84794e-05,-0.791868
45.456,-0.607571,-0.882198,-0.798389,-5.2387e-05,-0.798337
45.504,-0.615586,-0.878284,-0.794664,-5.07582e-05,-0.794614
45.552,-0.623584,-0.87206,-0.790668,-4.9167e-05,-0.790619
45.6,-0.640597,-0.865561,-0.786708,-4.59703e-05,-0.786662
45.648,-0.643088,-0.85882,-0.78273,-4.54994e-05,-0.782684
45.696,-0.664608,-0.851814,-0.778723,-4.17941e-05,-0.778681
45.744,-0.683112,-0.844523,-0.774669,-3.88464e-05,-0.77463
45.792,-0.679605,-0.836909,-0.77065,-3.9361e-05,-0.770611
45.84,-0.695618,-0.828936,-0.766642,-3.69421e-05,-0.766605
45.888,-0.717121,-0.820575,-0.762587,-3.39322e-05,-0.762553
45.936,-0.716121,-0.811778,-0.758543,-3.40421e-05,-0.758509
45.984,-0.700617,-0.802491,-0.754549,-3.61501e-05,-0.754513
46.032,-0.754638,-0.792668,-0.750448,-2.92256e-05,-0.750418
46.08,-0.75213,-0.782245,-0.746354,-2.94904e-05,-0.746324
46.128,-0.773142,-0.771152,-0.742193,-2.7134e-05,-0.742166
46.176,-0.779649,-0.759295,-0.738064,-2.64257e-05,-0.738038
46.224,-0.794154,-0.746583,-0.733872,-2.49395e-05,-0.733847
46.272,-0.784139,-0.732885,-0.729745,-2.59107e-05,-0.729719
46.32,-0.765144,-0.718074,-0.725534,-2.78824e-05,-0.725506
46.368,-0.796153,-0.701979,-0.721298,-2.46583e-05,-0.721273
46.416,-0.81315,-0.684412,-0.716941,-2.30364e-05,-0.716918
46.464,-0.793646,-0.665106,-0.712658,-2.48301e-05,-0.712634
46.512,-0.80466,-0.64377,-0.708282,-2.37405e-05,-0.708258
46.56,-0.829163,-0.620032,-0.703772,-2.1525e-05,-0.703751
46.608,-0.827655,-0.593408,-0.699185,-2.16074e-05,-0.699163
46.656,-0.817657,-0.563285,-0.694407,-2.24183e-05,-0.694384
46.704,-0.83167,-0.528825,-0.689528,-2.11619e-05,-0.689507
46.752,-0.854665,-0.488922,-0.684332,-1.92762e-05,-0.684312
46.8,-0.822164,-0.442037,-0.678729,-2.1816e-05,-0.678707
46.848,-0.83067,-0.385857,-0.67279,-2.10068e-05,-0.672769
46.896,-0.84016,-0.316893,-0.666219,-2.01295e-05,-0.666199
46.944,-0.851666,-0.229472,-0.658794,-1.9109e-05,-0.658775
46.992,-0.848175,-0.113614,-0.650014,-1.91961e-05,-0.649994
47.04,-0.87217,0.0500565,-0.638925,-1.72481e-05,-0.638907
47.088,-0.860172,0.303683,-0.623508,-1.77218e-05,-0.623491
47.136,-0.886183,0.74058,-0.599567,-1.54551e-05,-0.599552
47.184,-0.895181,1.38267,-0.563162,-1.40752e-05,-0.563148
47.232,-0.910686,1.34257,-0.552011,-1.30401e-05,-0.551998
47.28,-0.905687,-0.0585453,-0.613897,-1.48543e-05,-0.613882
47.328,-0.914193,-0.825426,-0.665047,-1.56324e-05,-0.665031
47.376,-0.9207,-0.861477,-0.66555,-1.5317e-05,-0.665535
47.424,-0.929206,-0.862843,-0.662751,-1.48169e-05,-0.662737
47.472,-0.963707,-0.863516,-0.659851,-1.29423e-05,-0.659838
47.52,-0.957217,-0.864372,-0.656974,-1.32769e-05,-0.65696
47.568,-0.973213,-0.865437,-0.654149,-1.24705e-05,-0.654137
47.616,-0.931698,-0.866723,-0.651373,-1.46772e-05,-0.651358
47.664,-0.985227,-0.868241,-0.648611,-1.18991e-05,-0.648599
47.712,-1.02324,-0.870007,-0.645842,-1.02525e-05,-0.645832
47.76,-1.00373,-0.872034,-0.643107,-1.10693e-05,-0.643096
47.808,-0.971722,-0.874329,-0.640428,-1.25522e-05,-0.640415
47.856,-0.993225,-0.876904,-0.637768,-1.15393e-05,-0.637757
47.904,-0.993717,-0.879767,-0.635191,-1.15196e-05,-0.635179
47.952,-0.972722,-0.882931,-0.632676,-1.25114e-05,-0.632663
48,-0.990718,-0.88641,-0.63016,-1.16619e-05,-0.630148
48.048,-1.00222,-0.890206,-0.627757,-1.11506e-05,-0.627746
48.096,-0.977212,-0.894339,-0.625378,-1.23038e-05,-0.625366
48.144,-0.990226,-0.898816,-0.623048,-1.16956e-05,-0.623036
48.192,-0.998224,-0.903644,-0.620784,-1.13386e-05,-0.620773
48.24,-0.997733,-0.908838,-0.61855,-1.13651e-05,-0.618539
48.288,-0.968214,-0.914393,-0.616483,-1.27656e-05,-0.616471
48.336,-0.997225,-0.920331,-0.614362,-1.13979e-05,-0.61435
48.384,-0.999732,-0.926662,-0.612264,-1.12919e-05,-0.612252
48.432,-1.01473,-0.933389,-0.610195,-1.06524e-05,-0.610185
48.48,-1.00173,-0.940519,-0.608167,-1.12157e-05,-0.608155
48.528,-0.967215,-0.948051,-0.606219,-1.28492e-05,-0.606206
48.576,-1.00422,-0.955991,-0.604283,-1.112e-05,-0.604272
48.624,-1.02623,-0.964334,-0.602431,-1.02068e-05,-0.60242
48.672,-1.02523,-0.973093,-0.600543,-1.02539e-05,-0.600533
48.72,-1.03974,-0.98226,-0.598698,-9.69365e-06,-0.598688
48.768,-1.03774,-0.991834,-0.596863,-9.77721e-06,-0.596853
48.816,-1.05325,-1.00181,-0.59508,-9.20744e-06,-0.595071
48.864,-1.06875,-1.01218,-0.593235,-8.67114e-06,-0.593226
48.912,-1.08126,-1.02295,-0.591372,-8.26295e-06,-0.591364
48.96,-1.04874,-1.03408,-0.589633,-9.39504e-06,-0.589623
49.008,-1.05624,-1.04557,-0.587992,-9.13055e-06,-0.587982
49.056,-1.09776,-1.0574,-0.586341,-7.76561e-06,-0.586333
49.104,-1.07226,-1.06957,-0.584619,-8.59062e-06,-0.58461
49.152,-1.09227,-1.08205,-0.582926,-7.94975e-06,-0.582919
49.2,-1.07775,-1.09482,-0.581308,-8.42396e-06,-0.5813
49.248,-1.04325,-1.10785,-0.579773,-9.65428e-06,-0.579763
49.296,-1.08276,-1.12112,-0.578272,-8.2766e-06,-0.578264
49.344,-1.08476,-1.13462,-0.576739,-8.22046e-06,-0.57673
49.392,-1.11327,-1.14832,-0.5752,-7.35872e-06,-0.575192
49.44,-1.12828,-1.16218,-0.573704,-6.9453e-06,-0.573697
49.488,-1.10376,-1.17619,-0.572231,-7.65462e-06,-0.572223
49.536,-1.10276,-1.19031,-0.570828,-7.69302e-06,-0.570821
49.584,-1.09527,-1.20453,-0.569444,-7.931e-06,-0.569436
49.632,-1.08026,-1.21879,-0.568144,-8.42122e-06,-0.568135
49.68,-1.06275,-1.23309,-0.566866,-9.02957e-06,-0.566857
49.728,-1.07275,-1.24739,-0.565711,-8.69182e-06,-0.565703
49.776,-1.10577,-1.26168,-0.564422,-7.64414e-06,-0.564414
49.824,-1.11177,-1.27594,-0.563122,-7.47451e-06,-0.563114
49.872,-1.09025,-1.29012,-0.561894,-8.14158e-06,-0.561886
49.92,-1.09527,-1.30421,-0.560717,-7.99156e-06,-0.560709
49.968,-1.08625,-1.31819,-0.559564,-8.28798e-06,-0.559555
50.016,-1.07976,-1.33203,-0.558474,-8.51062e-06,-0.558466
50.064,-1.07526,-1.34573,-0.55734,-8.67143e-06,-0.557332
50.112,-1.12177,-1.35926,-0.556139,-7.23275e-06,-0.556131
50.16,-1.14178,-1.37261,-0.554866,-6.69352e-06,-0.55486
50.208,-1.1793,-1.38577,-0.553494,-5.78338e-06,-0.553488
50.256,-1.22531,-1.39874,-0.55195,-4.83326e-06,-0.551945
50.304,-1.24081,-1.4115,-0.550362,-4.55248e-06,-0.550358
50.352,-1.30334,-1.42403,-0.54867,-3.56574e-06,-0.548667
50.4,-1.31884,-1.43634,-0.546906,-3.35847e-06,-0.546903
50.448,-1.33086,-1.44842,-0.545033,-3.20681e-06,-0.54503
50.496,-1.35585,-1.46025,-0.543149,-2.90994e-06,-0.543146
50.544,-1.33735,-1.47182,-0.541244,-3.13172e-06,-0.541241
50.592,-1.34685,-1.48314,-0.539393,-3.01967e-06,-0.53939
50.64,-1.34836,-1.49418,-0.53757,-3.00436e-06,-0.537567
50.688,-1.34536,-1.50496,-0.535684,-3.04238e-06,-0.535681
50.736,-1.34086,-1.51546,-0.533862,-3.09909e-06,-0.533859
50.784,-1.34685,-1.52569,-0.532078,-3.02935e-06,-0.532075
50.832,-1.36387,-1.53564,-0.530268,-2.83592e-06,-0.530265
50.88,-1.33986,-1.54532,-0.528427,-3.11825e-06,-0.528423
50.928,-1.32335,-1.55472,-0.526677,-3.32913e-06,-0.526674
50.976,-1.33535,-1.56384,-0.524936,-3.17827e-06,-0.524932
51.024,-1.34336,-1.57269,-0.523221,-3.08196e-06,-0.523218
51.072,-1.32635,-1.58126,-0.521523,-3.29674e-06,-0.52152
51.12,-1.32084,-1.58957,-0.519842,-3.37082e-06,-0.519838
51.168,-1.31234,-1.59761,-0.518204,-3.48728e-06,-0.518201
51.216,-1.30334,-1.60539,-0.516618,-3.61465e-06,-0.516614
51.264,-1.26533,-1.6129,-0.515146,-4.19811e-06,-0.515142
51.312,-1.30183,-1.62016,-0.513679,-3.64011e-06,-0.513675
51.36,-1.27182,-1.62717,-0.512233,-4.09695e-06,-0.512229
51.408,-1.29683,-1.63393,-0.510788,-3.716e-06,-0.510784
51.456,-1.26182,-1.64045,-0.509376,-4.26503e-06,-0.509372
51.504,-1.27333,-1.64674,-0.508009,-4.07874e-06,-0.508005
51.552,-1.28533,-1.6528,-0.506635,-3.89301e-06,-0.506631
51.6,-1.27584,-1.65864,-0.505321,-4.0424e-06,-0.505317
51.648,-1.25582,-1.66425,-0.504076,-4.37431e-06,-0.504072
51.696,-1.24232,-1.66966,-0.502856,-4.61413e-06,-0.502851
51.744,-1.26082,-1.67485,-0.501654,-4.29277e-06,-0.50165
51.792,-1.27284,-1.67985,-0.500382,-4.0967e-06,-0.500378
51.84,-1.31735,-1.68467,-0.49902,-3.44161e-06,-0.499017
51.888,-1.36587,-1.68931,-0.497525,-2.84624e-06,-0.497522
51.936,-1.37286,-1.69378,-0.495937,-2.7701e-06,-0.495934
51.984,-1.41238,-1.6981,-0.494258,-2.37313e-06,-0.494255
52.032,-1.4584,-1.70225,-0.492474,-1.98179e-06,-0.492472
52.08,-1.4724,-1.70626,-0.490629,-1.87648e-06,-0.490627
52.128,-1.48941,-1.71013,-0.488733,-1.75586e-06,-0.488731
52.176,-1.4814,-1.71385,-0.486913,-1.81243e-06,-0.486911
52.224,-1.48891,-1.71744,-0.485062,-1.76032e-06,-0.48506
52.272,-1.46791,-1.7209,-0.483244,-1.9119e-06,-0.483243
52.32,-1.48541,-1.72423,-0.481427,-1.78548e-06,-0.481425
52.368,-1.4774,-1.72744,-0.479629,-1.84294e-06,-0.479627
52.416,-1.48841,-1.73053,-0.477828,-1.76543e-06,-0.477827
52.464,-1.50341,-1.73351,-0.476031,-1.66494e-06,-0.476029
52.512,-1.4909,-1.73638,-0.4743,-1.74902e-06,-0.474298
52.56,-1.4584,-1.73913,-0.472641,-1.98722e-06,-0.472639
52.608,-1.4519,-1.74179,-0.471059,-2.03899e-06,-0.471057
52.656,-1.46589,-1.74434,-0.469459,-1.93043e-06,-0.469457
52.704,-1.4624,-1.7468,-0.467871,-1.9574e-06,-0.467869
52.752,-1.4694,-1.74916,-0.466332,-1.90473e-06,-0.466331
52.8,-1.4579,-1.75143,-0.464841,-1.993e-06,-0.464839
52.848,-1.42089,-1.75361,-0.463455,-2.30472e-06,-0.463453
52.896,-1.40487,-1.7557,-0.462084,-2.45449e-06,-0.462082
52.944,-1.41838,-1.75772,-0.460739,-2.3282e-06,-0.460736
52.992,-1.39537,-1.75965,-0.459436,-2.54848e-06,-0.459433
53.04,-1.41438,-1.76151,-0.458154,-2.36568e-06,-0.458152
53.088,-1.38186,-1.76329,-0.456979,-2.68784e-06,-0.456976
53.136,-1.37237,-1.76499,-0.455852,-2.79012e-06,-0.455849
53.184,-1.35036,-1.76663,-0.454747,-3.04208e-06,-0.454743
53.232,-1.35787,-1.76819,-0.453657,-2.95416e-06,-0.453654
53.28,-1.34436,-1.7697,-0.452628,-3.11521e-06,-0.452625
53.328,-1.36436,-1.77114,-0.451598,-2.88053e-06,-0.451596
53.376,-1.35787,-1.77252,-0.4506,-2.95511e-06,-0.450597
53.424,-1.35336,-1.77384,-0.449662,-3.00811e-06,-0.449659
53.472,-1.34736,-1.7751,-0.448721,-3.08001e-06,-0.448718
53.52,-1.36787,-1.77631,-0.447733,-2.84226e-06,-0.447731
53.568,-1.40238,-1.77748,-0.446666,-2.48259e-06,-0.446664
53.616,-1.42889,-1.77862,-0.445474,-2.23767e-06,-0.445472
53.664,-1.4909,-1.77971,-0.44415,-1.75463e-06,-0.444148
53.712,-1.50141,-1.78078,-0.442761,-1.68393e-06,-0.442759
53.76,-1.55543,-1.78181,-0.441244,-1.3625e-06,-0.441243
53.808,-1.53993,-1.78282,-0.439739,-1.44803e-06,-0.439738
53.856,-1.58744,-1.7838,-0.438161,-1.20191e-06,-0.43816
53.904,-1.58844,-1.78475,-0.436575,-1.19729e-06,-0.436574
53.952,-1.56294,-1.78567,-0.435052,-1.32334e-06,-0.435051
54,-1.58244,-1.78657,-0.433523,-1.22596e-06,-0.433521
54.048,-1.58595,-1.78745,-0.432029,-1.20929e-06,-0.432027
54.096,-1.59044,-1.78829,-0.430572,-1.18825e-06,-0.430571
54.144,-1.56694,-1.78912,-0.429107,-1.30308e-06,-0.429106
54.192,-1.57494,-1.78992,-0.427665,-1.26291e-06,-0.427663
54.24,-1.56745,-1.7907,-0.426279,-1.30063e-06,-0.426278
54.288,-1.52742,-1.79145,-0.42493,-1.5218e-06,-0.424929
54.336,-1.53844,-1.79218,-0.423595,-1.45753e-06,-0.423593
54.384,-1.53893,-1.79289,-0.422314,-1.4548e-06,-0.422313
54.432,-1.53093,-1.79357,-0.421101,-1.50124e-06,-0.421099
54.48,-1.51342,-1.79423,-0.419922,-1.60801e-06,-0.419921
54.528,-1.50692,-1.79487,-0.418798,-1.64966e-06,-0.418796
54.576,-1.50392,-1.79548,-0.417749,-1.66925e-06,-0.417747
54.624,-1.49792,-1.79608,-0.416716,-1.70907e-06,-0.416714
54.672,-1.46489,-1.79665,-0.415765,-1.94552e-06,-0.415763
54.72,-1.4579,-1.79719,-0.414832,-1.99974e-06,-0.41483
54.768,-1.45139,-1.79772,-0.413964,-2.05151e-06,-0.413961
54.816,-1.47291,-1.79822,-0.413057,-1.88553e-06,-0.413055
54.864,-1.4499,-1.79871,-0.41221,-2.0637e-06,-0.412208
54.912,-1.41138,-1.79917,-0.411445,-2.40033e-06,-0.411442
54.96,-1.4519,-1.79961,-0.410731,-2.04771e-06,-0.410729
55.008,-1.43188,-1.80004,-0.409983,-2.21499e-06,-0.409981
55.056,-1.43588,-1.80044,-0.409257,-2.18058e-06,-0.409255
55.104,-1.4499,-1.80083,-0.408498,-2.06402e-06,-0.408496
55.152,-1.42789,-1.80121,-0.407763,-2.2502e-06,-0.407761
55.2,-1.40338,-1.80156,-0.407113,-2.47726e-06,-0.407111
55.248,-1.43939,-1.8019,-0.406401,-2.15102e-06,-0.406399
55.296,-1.42389,-1.80223,-0.405726,-2.28595e-06,-0.405724
55.344,-1.4634,-1.80254,-0.404989,-1.95778e-06,-0.404987
55.392,-1.49341,-1.80285,-0.404181,-1.74042e-06,-0.404179
55.44,-1.52893,-1.80316,-0.403239,-1.51413e-06,-0.403238
55.488,-1.56894,-1.80346,-0.40216,-1.29426e-06,-0.402158
55.536,-1.60695,-1.80376,-0.40104,-1.11503e-06,-0.401039
55.584,-1.62747,-1.80406,-0.399856,-1.02883e-06,-0.399855
55.632,-1.61745,-1.80436,-0.398675,-1.07007e-06,-0.398674
55.68,-1.62596,-1.80466,-0.397487,-1.03498e-06,-0.397486
55.728,-1.62347,-1.80495,-0.39629,-1.04516e-06,-0.396289
55.776,-1.62747,-1.80525,-0.395088,-1.02892e-06,-0.395087
55.824,-1.65197,-1.80554,-0.393906,-9.34653e-07,-0.393905
55.872,-1.62547,-1.80582,-0.392788,-1.03706e-06,-0.392787
55.92,-1.62596,-1.8061,-0.391705,-1.03509e-06,-0.391704
55.968,-1.58795,-1.80637,-0.39067,-1.20151e-06,-0.390669
56.016,-1.61245,-1.80664,-0.389674,-1.09144e-06,-0.389673
56.064,-1.56394,-1.8069,-0.388747,-1.32022e-06,-0.388746
56.112,-1.59746,-1.80714,-0.387853,-1.15761e-06,-0.387852
56.16,-1.56294,-1.80739,-0.386944,-1.32546e-06,-0.386943
56.208,-1.56543,-1.80763,-0.386076,-1.31259e-06,-0.386075
56.256,-1.51342,-1.80786,-0.385267,-1.60962e-06,-0.385265
56.304,-1.54992,-1.80807,-0.384544,-1.39494e-06,-0.384543
56.352,-1.52391,-1.80828,-0.383852,-1.54479e-06,-0.38385
56.4,-1.46791,-1.80848,-0.383223,-1.92431e-06,-0.383221
56.448,-1.51942,-1.80867,-0.382583,-1.57229e-06,-0.382581
56.496,-1.4664,-1.80885,-0.381966,-1.93578e-06,-0.381964
56.544,-1.50392,-1.80902,-0.381339,-1.67092e-06,-0.381337
56.592,-1.4449,-1.80918,-0.380815,-2.10619e-06,-0.380813
56.64,-1.4794,-1.80933,-0.380357,-1.83964e-06,-0.380355
56.688,-1.4694,-1.80947,-0.37988,-1.91323e-06,-0.379878
56.736,-1.4734,-1.8096,-0.379389,-1.88347e-06,-0.379388
56.784,-1.4599,-1.80972,-0.37889,-1.98595e-06,-0.378888
56.832,-1.49641,-1.80984,-0.378399,-1.72095e-06,-0.378397
56.88,-1.48891,-1.80995,-0.377848,-1.77239e-06,-0.377846
56.928,-1.4694,-1.81005,-0.377319,-1.91331e-06,-0.377317
56.976,-1.4949,-1.81015,-0.376822,-1.7312e-06,-0.376821
57.024,-1.47191,-1.81024,-0.376397,-1.89461e-06,-0.376395
57.072,-1.50192,-1.81032,-0.375927,-1.68424e-06,-0.375925
57.12,-1.45039,-1.8104,-0.375488,-2.0615e-06,-0.375486
57.168,-1.47891,-1.81047,-0.375075,-1.84334e-06,-0.375073
57.216,-1.49441,-1.81053,-0.37465,-1.73459e-06,-0.374648
57.264,-1.48341,-1.81059,-0.374213,-1.81106e-06,-0.374212
57.312,-1.49941,-1.81064,-0.37374,-1.70092e-06,-0.373738
57.36,-1.52593,-1.81069,-0.373198,-1.5329e-06,-0.373196
57.408,-1.54443,-1.81075,-0.372583,-1.42559e-06,-0.372582
57.456,-1.60845,-1.81081,-0.371889,-1.10903e-06,-0.371888
57.504,-1.59246,-1.81087,-0.371071,-1.18085e-06,-0.37107
57.552,-1.64546,-1.81094,-0.370196,-9.59196e-07,-0.370195
57.6,-1.64746,-1.81101,-0.369282,-9.51707e-07,-0.369281
57.648,-1.63797,-1.81109,-0.368452,-9.87804e-07,-0.368451
57.696,-1.59995,-1.81116,-0.367652,-1.14669e-06,-0.36765
57.744,-1.65348,-1.81123,-0.366859,-9.29531e-07,-0.366858
57.792,-1.66147,-1.81131,-0.366015,-9.00828e-07,-0.366014
57.84,-1.61345,-1.81139,-0.365178,-1.08755e-06,-0.365177
57.888,-1.61496,-1.81146,-0.364421,-1.08114e-06,-0.36442
57.936,-1.57694,-1.81153,-0.36377,-1.25504e-06,-0.363768
57.984,-1.56845,-1.8116,-0.363092,-1.29754e-06,-0.363091
58.032,-1.55994,-1.81167,-0.362529,-1.34157e-06,-0.362527
58.08,-1.58444,-1.81173,-0.361954,-1.21864e-06,-0.361952
58.128,-1.57294,-1.81178,-0.361446,-1.2749e-06,-0.361445
58.176,-1.54593,-1.81183,-0.360915,-1.41739e-06,-0.360914
58.224,-1.56043,-1.81188,-0.360427,-1.339e-06,-0.360426
58.272,-1.54743,-1.81192,-0.359958,-1.40904e-06,-0.359957
58.32,-1.54693,-1.81195,-0.359524,-1.41185e-06,-0.359522
58.368,-1.52742,-1.81198,-0.359092,-1.5241e-06,-0.359091
58.416,-1.55743,-1.81201,-0.358695,-1.35486e-06,-0.358694
58.464,-1.54893,-1.81203,-0.358239,-1.40083e-06,-0.358238
58.512,-1.53793,-1.81205,-0.357812,-1.46258e-06,-0.357811
58.56,-1.52342,-1.81207,-0.35741,-1.54821e-06,-0.357408
58.608,-1.51792,-1.81208,-0.35706,-1.58201e-06,-0.357059
58.656,-1.50392,-1.81208,-0.35678,-1.67129e-06,-0.356778
58.704,-1.52642,-1.81207,-0.356496,-1.5301e-06,-0.356494
58.752,-1.51692,-1.81206,-0.356193,-1.58823e-06,-0.356191
58.8,-1.50892,-1.81205,-0.355885,-1.63884e-06,-0.355884
58.848,-1.51142,-1.81203,-0.355582,-1.6228e-06,-0.355581
58.896,-1.51292,-1.81201,-0.355303,-1.61333e-06,-0.355302
58.944,-1.52642,-1.81198,-0.355061,-1.53009e-06,-0.35506
58.992,-1.46891,-1.81194,-0.354888,-1.91727e-06,-0.354886
59.04,-1.50741,-1.8119,-0.354711,-1.64855e-06,-0.35471
59.088,-1.48741,-1.81185,-0.354509,-1.78304e-06,-0.354507
59.136,-1.49792,-1.8118,-0.354346,-1.71105e-06,-0.354344
59.184,-1.50041,-1.81174,-0.354176,-1.69441e-06,-0.354175
59.232,-1.44939,-1.81168,-0.354086,-2.06979e-06,-0.354084
59.28,-1.44088,-1.8116,-0.354049,-2.14001e-06,-0.354046
59.328,-1.42739,-1.81152,-0.353976,-2.25626e-06,-0.353974
59.376,-1.42939,-1.81144,-0.353932,-2.23862e-06,-0.35393
59.424,-1.4654,-1.81135,-0.353863,-1.94375e-06,-0.353861
59.472,-1.42138,-1.81125,-0.353859,-2.31008e-06,-0.353857
59.52,-1.49041,-1.81115,-0.353793,-1.76209e-06,-0.353792
59.568,-1.48791,-1.81104,-0.353637,-1.7795e-06,-0.353635
59.616,-1.52542,-1.81095,-0.353358,-1.53599e-06,-0.353357
59.664,-1.55443,-1.81086,-0.352966,-1.37078e-06,-0.352965
59.712,-1.56645,-1.81077,-0.352538,-1.30768e-06,-0.352537
59.76,-1.58595,-1.81069,-0.352028,-1.21136e-06,-0.352026
59.808,-1.59295,-1.81061,-0.351472,-1.17856e-06,-0.351471
59.856,-1.60345,-1.81054,-0.350882,-1.13097e-06,-0.350881
59.904,-1.62896,-1.81048,-0.350311,-1.02331e-06,-0.35031
59.952,-1.57244,-1.81041,-0.349806,-1.27723e-06,-0.349804
60,-1.59595,-1.81035,-0.349322,-1.16475e-06,-0.349321
60.048,-1.63446,-1.81029,-0.348773,-1.00143e-06,-0.348772
60.096,-1.62296,-1.81023,-0.348242,-1.04765e-06,-0.348241
60.144,-1.59095,-1.81017,-0.34775,-1.1878e-06,-0.347749
60.192,-1.57944,-1.81011,-0.34735,-1.24262e-06,-0.347349
60.24,-1.55343,-1.81005,-0.346976,-1.37609e-06,-0.346975
60.288,-1.57144,-1.80999,-0.346588,-1.28221e-06,-0.346586
60.336,-1.58095,-1.80993,-0.346232,-1.23528e-06,-0.34623
60.384,-1.57144,-1.80986,-0.345861,-1.2822e-06,-0.345859
60.432,-1.54893,-1.8098,-0.345525,-1.4006e-06,-0.345523
60.48,-1.59646,-1.80973,-0.345145,-1.16238e-06,-0.345144
60.528,-1.55092,-1.80967,-0.344784,-1.38965e-06,-0.344782
60.576,-1.55143,-1.8096,-0.344543,-1.38687e-06,-0.344542
60.624,-1.51592,-1.80952,-0.344312,-1.59417e-06,-0.344311
60.672,-1.51342,-1.80944,-0.344158,-1.60982e-06,-0.344156
60.72,-1.52493,-1.80936,-0.343998,-1.53877e-06,-0.343997
60.768,-1.49741,-1.80927,-0.343854,-1.71415e-06,-0.343852
60.816,-1.49241,-1.80917,-0.343729,-1.74808e-06,-0.343727
60.864,-1.4599,-1.80907,-0.343701,-1.98586e-06,-0.343699
60.912,-1.4754,-1.80896,-0.343692,-1.86868e-06,-0.34369
60.96,-1.47291,-1.80885,-0.343666,-1.88701e-06,-0.343664
61.008,-1.47091,-1.80873,-0.343649,-1.90185e-06,-0.343647
61.056,-1.45139,-1.80861,-0.343658,-2.05317e-06,-0.343656
61.104,-1.4499,-1.80848,-0.34375,-2.06519e-06,-0.343748
61.152,-1.4439,-1.80834,-0.343853,-2.11434e-06,-0.343851
61.2,-1.4449,-1.80819,-0.343957,-2.10604e-06,-0.343955
61.248,-1.42789,-1.80804,-0.344075,-2.25134e-06,-0.344073
61.296,-1.39738,-1.80788,-0.34429,-2.53743e-06,-0.344288
61.344,-1.38837,-1.80771,-0.344566,-2.62872e-06,-0.344564
61.392,-1.42538,-1.80754,-0.34476,-2.27351e-06,-0.344758
61.44,-1.39237,-1.80735,-0.34496,-2.58774e-06,-0.344957
61.488,-1.41438,-1.80717,-0.34516,-2.37367e-06,-0.345158
61.536,-1.39688,-1.80698,-0.345359,-2.54232e-06,-0.345357
61.584,-1.41589,-1.80678,-0.345552,-2.3596e-06,-0.34555
61.632,-1.41389,-1.80658,-0.345716,-2.37815e-06,-0.345714
61.68,-1.43688,-1.80638,-0.345864,-2.17301e-06,-0.345862
61.728,-1.40638,-1.80617,-0.345996,-2.44913e-06,-0.345994
61.776,-1.38837,-1.80596,-0.346178,-2.62838e-06,-0.346175
61.824,-1.39988,-1.80575,-0.346386,-2.51237e-06,-0.346383
61.872,-1.4584,-1.80553,-0.346494,-1.997e-06,-0.346492
61.92,-1.42338,-1.80532,-0.346637,-2.29104e-06,-0.346635
61.968,-1.40787,-1.80509,-0.346864,-2.43466e-06,-0.346861
62.016,-1.42189,-1.80486,-0.347002,-2.30441e-06,-0.347
62.064,-1.4584,-1.80464,-0.347016,-1.99687e-06,-0.347014
62.112,-1.51742,-1.80443,-0.346913,-1.58418e-06,-0.346911
62.16,-1.53644,-1.80422,-0.346722,-1.47032e-06,-0.346721
62.208,-1.54943,-1.80403,-0.346435,-1.39723e-06,-0.346433
62.256,-1.56645,-1.80383,-0.346102,-1.30702e-06,-0.346101
62.304,-1.57594,-1.80365,-0.345732,-1.25924e-06,-0.34573
62.352,-1.60596,-1.80348,-0.3453,-1.11933e-06,-0.345299
62.4,-1.60145,-1.80331,-0.344829,-1.13928e-06,-0.344828
62.448,-1.59495,-1.80315,-0.344416,-1.16871e-06,-0.344415
62.496,-1.59195,-1.803,-0.343972,-1.18253e-06,-0.343971
62.544,-1.63846,-1.80285,-0.343528,-9.85309e-07,-0.343527
62.592,-1.60045,-1.8027,-0.343097,-1.1437e-06,-0.343096
62.64,-1.59395,-1.80256,-0.342662,-1.17325e-06,-0.342661
62.688,-1.55994,-1.80242,-0.342367,-1.34066e-06,-0.342366
62.736,-1.56594,-1.80228,-0.342084,-1.30947e-06,-0.342083
62.784,-1.56694,-1.80214,-0.341807,-1.30433e-06,-0.341806
62.832,-1.56845,-1.80201,-0.34151,-1.29663e-06,-0.341509
62.88,-1.53944,-1.80187,-0.341277,-1.45288e-06,-0.341276
62.928,-1.51492,-1.80173,-0.341095,-1.59953e-06,-0.341093
62.976,-1.51542,-1.80159,-0.340974,-1.59632e-06,-0.340973
63.024,-1.51842,-1.80144,-0.340849,-1.57764e-06,-0.340847
63.072,-1.52842,-1.8013,-0.340706,-1.51695e-06,-0.340704
63.12,-1.52442,-1.80116,-0.34055,-1.54092e-06,-0.340549
63.168,-1.50741,-1.80101,-0.340458,-1.64723e-06,-0.340456
63.216,-1.50041,-1.80086,-0.340408,-1.69306e-06,-0.340406
63.264,-1.53993,-1.8007,-0.340308,-1.44995e-06,-0.340306
63.312,-1.50641,-1.80055,-0.340284,-1.65365e-06,-0.340282
63.36,-1.50892,-1.80039,-0.340285,-1.63745e-06,-0.340283
63.408,-1.4704,-1.80023,-0.340268,-1.90446e-06,-0.340266
63.456,-1.51043,-1.80006,-0.34025,-1.62775e-06,-0.340249
63.504,-1.4929,-1.7999,-0.340227,-1.74353e-06,-0.340225
63.552,-1.46891,-1.79973,-0.340223,-1.91556e-06,-0.340221
63.6,-1.49892,-1.79956,-0.340165,-1.70283e-06,-0.340163
63.648,-1.47191,-1.79939,-0.340209,-1.89311e-06,-0.340207
63.696,-1.46489,-1.79921,-0.340255,-1.9459e-06,-0.340253
63.744,-1.46389,-1.79903,-0.340303,-1.95352e-06,-0.340301
63.792,-1.4744,-1.79885,-0.340312,-1.87463e-06,-0.34031
63.84,-1.4579,-1.79866,-0.340354,-1.99997e-06,-0.340352
63.888,-1.44039,-1.79847,-0.340437,-2.14208e-06,-0.340435
63.936,-1.45139,-1.79828,-0.34054,-2.05162e-06,-0.340538
63.984,-1.42889,-1.79808,-0.34066,-2.2409e-06,-0.340658
64.032,-1.40938,-1.79788,-0.340893,-2.41902e-06,-0.34089
64.08,-1.39637,-1.79766,-0.341143,-2.54566e-06,-0.34114
64.128,-1.41489,-1.79745,-0.341381,-2.36726e-06,-0.341379
64.176,-1.39437,-1.79723,-0.341626,-2.56562e-06,-0.341624
64.224,-1.40387,-1.797,-0.341908,-2.47168e-06,-0.341906
64.272,-1.35436,-1.79676,-0.342242,-3.00143e-06,-0.342239
64.32,-1.38737,-1.79652,-0.342587,-2.63689e-06,-0.342584
64.368,-1.38688,-1.79627,-0.342896,-2.64193e-06,-0.342894
64.416,-1.37537,-1.79602,-0.343207,-2.76384e-06,-0.343205
64.464,-1.38988,-1.79577,-0.343521,-2.61094e-06,-0.343519
64.512,-1.37237,-1.79551,-0.343848,-2.79644e-06,-0.343845
64.56,-1.36087,-1.79525,-0.344162,-2.92547e-06,-0.344159
64.608,-1.36236,-1.79498,-0.34454,-2.90835e-06,-0.344538
64.656,-1.38337,-1.7947,-0.344879,-2.67822e-06,-0.344876
64.704,-1.36937,-1.79443,-0.345212,-2.82931e-06,-0.345209
64.752,-1.36687,-1.79414,-0.345557,-2.85722e-06,-0.345554
64.8,-1.40687,-1.79386,-0.345884,-2.44221e-06,-0.345882
64.848,-1.39037,-1.79357,-0.34621,-2.60549e-06,-0.346208
64.896,-1.4559,-1.79329,-0.346336,-2.01493e-06,-0.346334
64.944,-1.44539,-1.79302,-0.346406,-2.09965e-06,-0.346404
64.992,-1.46289,-1.79275,-0.346422,-1.96029e-06,-0.34642
65.04,-1.4949,-1.79249,-0.346312,-1.72897e-06,-0.34631
65.088,-1.59246,-1.79224,-0.34598,-1.17925e-06,-0.345978
65.136,-1.59646,-1.79201,-0.34557,-1.16087e-06,-0.345569
65.184,-1.64097,-1.79179,-0.345131,-9.74876e-07,-0.34513
65.232,-1.62045,-1.79158,-0.344655,-1.05657e-06,-0.344654
65.28,-1.61996,-1.79138,-0.344163,-1.05859e-06,-0.344162
65.328,-1.62847,-1.79118,-0.343696,-1.02384e-06,-0.343695
65.376,-1.63346,-1.791,-0.34321,-1.00395e-06,-0.343209
65.424,-1.59746,-1.79082,-0.3428,-1.15623e-06,-0.342799
65.472,-1.61845,-1.79065,-0.342373,-1.06481e-06,-0.342372
65.52,-1.59195,-1.79048,-0.341986,-1.18145e-06,-0.341985
65.568,-1.55943,-1.79031,-0.341604,-1.34215e-06,-0.341603
65.616,-1.56143,-1.79015,-0.341263,-1.33165e-06,-0.341262
65.664,-1.55143,-1.78999,-0.340999,-1.38489e-06,-0.340998
65.712,-1.54093,-1.78983,-0.340781,-1.44313e-06,-0.340779
65.76,-1.53844,-1.78967,-0.340607,-1.45728e-06,-0.340605
65.808,-1.52091,-1.78951,-0.340434,-1.56093e-06,-0.340433
65.856,-1.50992,-1.78935,-0.340274,-1.62972e-06,-0.340273
65.904,-1.48841,-1.78919,-0.340203,-1.77312e-06,-0.340201
65.952,-1.50741,-1.78902,-0.340174,-1.64579e-06,-0.340172
66,-1.4714,-1.78884,-0.340175,-1.89542e-06,-0.340173
66.048,-1.48741,-1.78867,-0.340209,-1.78002e-06,-0.340207
66.096,-1.51792,-1.78849,-0.34023,-1.57929e-06,-0.340229
66.144,-1.4439,-1.78831,-0.340305,-2.11124e-06,-0.340303
66.192,-1.44839,-1.78812,-0.340407,-2.07435e-06,-0.340405
66.24,-1.47291,-1.78793,-0.34053,-1.88412e-06,-0.340528
66.288,-1.41238,-1.78773,-0.340674,-2.38895e-06,-0.340672
66.336,-1.4604,-1.78753,-0.3408,-1.97878e-06,-0.340798
66.384,-1.43388,-1.78733,-0.340977,-2.19566e-06,-0.340975
66.432,-1.4439,-1.78712,-0.34111,-2.11106e-06,-0.341108
66.48,-1.44739,-1.78691,-0.341185,-2.08232e-06,-0.341183
66.528,-1.4704,-1.7867,-0.34122,-1.90257e-06,-0.341218
66.576,-1.4449,-1.78649,-0.341315,-2.1027e-06,-0.341313
66.624,-1.42089,-1.78628,-0.341475,-2.31032e-06,-0.341473
66.672,-1.43039,-1.78606,-0.341641,-2.22572e-06,-0.341639
66.72,-1.43788,-1.78584,-0.341745,-2.16125e-06,-0.341743
66.768,-1.43039,-1.78561,-0.341918,-2.22565e-06,-0.341915
66.816,-1.47391,-1.78538,-0.342058,-1.8764e-06,-0.342056
66.864,-1.44088,-1.78516,-0.342145,-2.13587e-06,-0.342143
66.912,-1.46589,-1.78493,-0.342237,-1.93626e-06,-0.342235
66.96,-1.40887,-1.7847,-0.342414,-2.42151e-06,-0.342412
67.008,-1.40538,-1.78446,-0.342589,-2.45485e-06,-0.342587
67.056,-1.40088,-1.78422,-0.342811,-2.49859e-06,-0.342809
67.104,-1.41589,-1.78397,-0.343028,-2.35566e-06,-0.343026
67.152,-1.42389,-1.78372,-0.343256,-2.28287e-06,-0.343254
67.2,-1.40088,-1.78347,-0.343499,-2.49845e-06,-0.343496
67.248,-1.37637,-1.78321,-0.343861,-2.75044e-06,-0.343858
67.296,-1.37337,-1.78294,-0.344236,-2.78293e-06,-0.344233
67.344,-1.33135,-1.78267,-0.344656,-3.28154e-06,-0.344653
67.392,-1.37586,-1.78239,-0.345016,-2.75576e-06,-0.345013
67.44,-1.39437,-1.78211,-0.345295,-2.56278e-06,-0.345293
67.488,-1.36987,-1.78183,-0.345625,-2.82125e-06,-0.345622
67.536,-1.36787,-1.78154,-0.345999,-2.84341e-06,-0.345996
67.584,-1.39388,-1.78125,-0.346332,-2.56757e-06,-0.346329
67.632,-1.34736,-1.78096,-0.346725,-3.08139e-06,-0.346722
67.68,-1.32886,-1.78065,-0.347196,-3.31328e-06,-0.347193
67.728,-1.33235,-1.78034,-0.34764,-3.26814e-06,-0.347637
67.776,-1.37937,-1.78004,-0.347955,-2.71764e-06,-0.347953
67.824,-1.42538,-1.77973,-0.34814,-2.26889e-06,-0.348138
67.872,-1.4489,-1.77944,-0.348188,-2.0689e-06,-0.348186
67.92,-1.50041,-1.77916,-0.348056,-1.69037e-06,-0.348054
67.968,-1.52493,-1.77889,-0.347825,-1.53535e-06,-0.347823
68.016,-1.57795,-1.77863,-0.347479,-1.24704e-06,-0.347477
68.064,-1.56794,-1.77839,-0.34707,-1.29697e-06,-0.347069
68.112,-1.62247,-1.77816,-0.346601,-1.04722e-06,-0.3466
68.16,-1.58095,-1.77794,-0.346155,-1.23239e-06,-0.346154
68.208,-1.58295,-1.77773,-0.345706,-1.22274e-06,-0.345705
68.256,-1.63846,-1.77752,-0.345214,-9.83483e-07,-0.345213
68.304,-1.61745,-1.77733,-0.344716,-1.06796e-06,-0.344715
68.352,-1.60996,-1.77715,-0.344234,-1.09978e-06,-0.344233
68.4,-1.58895,-1.77697,-0.343766,-1.19424e-06,-0.343765
68.448,-1.60245,-1.7768,-0.34336,-1.13261e-06,-0.343359
68.496,-1.61845,-1.77663,-0.342923,-1.06372e-06,-0.342922
68.544,-1.60445,-1.77647,-0.342484,-1.12374e-06,-0.342483
68.592,-1.55943,-1.77631,-0.342148,-1.34077e-06,-0.342146
68.64,-1.55794,-1.77616,-0.341868,-1.34862e-06,-0.341866
68.688,-1.54443,-1.776,-0.341651,-1.42197e-06,-0.34165
68.736,-1.53793,-1.77584,-0.341443,-1.45871e-06,-0.341441
68.784,-1.54343,-1.77568,-0.341259,-1.42752e-06,-0.341258
68.832,-1.48791,-1.77552,-0.341162,-1.77487e-06,-0.34116
68.88,-1.4794,-1.77536,-0.341068,-1.83507e-06,-0.341066
68.928,-1.48941,-1.77519,-0.341018,-1.76437e-06,-0.341016
68.976,-1.51342,-1.77503,-0.340953,-1.60577e-06,-0.340951
69.024,-1.48391,-1.77486,-0.340924,-1.80285e-06,-0.340922
69.072,-1.44088,-1.77468,-0.340968,-2.13423e-06,-0.340966
69.12,-1.4499,-1.7745,-0.341046,-2.06006e-06,-0.341044
69.168,-1.47991,-1.77432,-0.341091,-1.83128e-06,-0.341089
69.216,-1.47291,-1.77414,-0.341127,-1.88222e-06,-0.341125
69.264,-1.4489,-1.77395,-0.341196,-2.06807e-06,-0.341194
69.312,-1.43988,-1.77376,-0.341368,-2.14247e-06,-0.341366
69.36,-1.42489,-1.77355,-0.341559,-2.27224e-06,-0.341556
69.408,-1.43839,-1.77335,-0.341713,-2.15497e-06,-0.341711
69.456,-1.43739,-1.77314,-0.34189,-2.16341e-06,-0.341888
69.504,-1.46389,-1.77293,-0.341982,-1.94979e-06,-0.34198
69.552,-1.41938,-1.77272,-0.342159,-2.32171e-06,-0.342157
69.6,-1.42538,-1.7725,-0.342295,-2.26768e-06,-0.342293
69.648,-1.40938,-1.77227,-0.342515,-2.41449e-06,-0.342513
69.696,-1.39838,-1.77205,-0.342709,-2.52087e-06,-0.342706
69.744,-1.45439,-1.77182,-0.342847,-2.02369e-06,-0.342845
69.792,-1.42689,-1.77159,-0.343056,-2.25416e-06,-0.343053
69.84,-1.42789,-1.77135,-0.343273,-2.2453e-06,-0.34327
69.888,-1.40687,-1.77111,-0.343484,-2.43814e-06,-0.343481
69.936,-1.42889,-1.77086,-0.343659,-2.23643e-06,-0.343656
69.984,-1.42939,-1.77062,-0.343902,-2.23194e-06,-0.3439
70.032,-1.38888,-1.77037,-0.344114,-2.61632e-06,-0.344112
70.08,-1.41038,-1.77011,-0.344342,-2.40465e-06,-0.34434
70.128,-1.43488,-1.76986,-0.344493,-2.18427e-06,-0.344491
70.176,-1.43639,-1.76961,-0.344614,-2.17135e-06,-0.344612
70.224,-1.42839,-1.76935,-0.344781,-2.2405e-06,-0.344779
70.272,-1.40587,-1.76909,-0.344982,-2.44736e-06,-0.34498
70.32,-1.40338,-1.76883,-0.345231,-2.47134e-06,-0.345229
70.368,-1.36836,-1.76856,-0.345498,-2.83523e-06,-0.345496
70.416,-1.36336,-1.76829,-0.345764,-2.89131e-06,-0.345761
70.464,-1.33686,-1.76801,-0.346183,-3.20797e-06,-0.34618
70.512,-1.34985,-1.76772,-0.346567,-3.04847e-06,-0.346564
70.56,-1.36787,-1.76743,-0.346902,-2.84046e-06,-0.346899
70.608,-1.38737,-1.76715,-0.347194,-2.63122e-06,-0.347191
70.656,-1.31835,-1.76685,-0.34762,-3.44916e-06,-0.347616
70.704,-1.32735,-1.76654,-0.34809,-3.32948e-06,-0.348087
70.752,-1.33735,-1.76623,-0.348522,-3.20137e-06,-0.348519
70.8,-1.36287,-1.76592,-0.348929,-2.89639e-06,-0.348926
70.848,-1.33335,-1.7656,-0.349332,-3.25183e-06,-0.349329
70.896,-1.32684,-1.76528,-0.349734,-3.33582e-06,-0.34973
70.944,-1.32484,-1.76495,-0.350195,-3.362e-06,-0.350191
70.992,-1.34885,-1.76462,-0.350642,-3.05975e-06,-0.350639
71.04,-1.32335,-1.76429,-0.351082,-3.38156e-06,-0.351078
71.088,-1.33586,-1.76395,-0.351503,-3.21962e-06,-0.3515
71.136,-1.33386,-1.76361,-0.351906,-3.24489e-06,-0.351903
71.184,-1.35185,-1.76327,-0.352213,-3.02367e-06,-0.35221
71.232,-1.36336,-1.76294,-0.352468,-2.89017e-06,-0.352465
71.28,-1.38237,-1.76261,-0.352706,-2.68242e-06,-0.352704
71.328,-1.37986,-1.76227,-0.352962,-2.70887e-06,-0.352959
71.376,-1.36436,-1.76194,-0.35324,-2.87865e-06,-0.353237
71.424,-1.33386,-1.7616,-0.353572,-3.24441e-06,-0.353569
71.472,-1.37437,-1.76126,-0.353815,-2.76764e-06,-0.353812
71.52,-1.34936,-1.76093,-0.354023,-3.05283e-06,-0.35402
71.568,-1.35085,-1.7606,-0.354283,-3.03495e-06,-0.35428
71.616,-1.36736,-1.76026,-0.354529,-2.84463e-06,-0.354526
71.664,-1.34636,-1.75993,-0.354772,-3.08873e-06,-0.354769
71.712,-1.36536,-1.7596,-0.354964,-2.86689e-06,-0.354961
71.76,-1.38888,-1.75927,-0.355122,-2.61419e-06,-0.35512
71.808,-1.36536,-1.75894,-0.355318,-2.86675e-06,-0.355315
71.856,-1.34485,-1.75861,-0.355631,-3.10675e-06,-0.355628
71.904,-1.33135,-1.75828,-0.355906,-3.27568e-06,-0.355903
71.952,-1.32786,-1.75794,-0.356203,-3.32076e-06,-0.3562
72,-1.31584,-1.7576,-0.356578,-3.48089e-06,-0.356574
72.048,-1.30183,-1.75726,-0.356989,-3.67748e-06,-0.356986
72.096,-1.29383,-1.75691,-0.357402,-3.79458e-06,-0.357399
72.144,-1.31034,-1.75656,-0.357799,-3.55663e-06,-0.357796
72.192,-1.30834,-1.75621,-0.358173,-3.58454e-06,-0.358169
72.24,-1.33386,-1.75586,-0.358523,-3.24304e-06,-0.35852
72.288,-1.29634,-1.75551,-0.358905,-3.75706e-06,-0.358901
72.336,-1.28433,-1.75515,-0.359343,-3.93823e-06,-0.359339
72.384,-1.29834,-1.75479,-0.359756,-3.72751e-06,-0.359752
72.432,-1.28333,-1.75443,-0.360219,-3.95349e-06,-0.360215
72.48,-1.31884,-1.75406,-0.360619,-3.43929e-06,-0.360616
72.528,-1.35085,-1.7537,-0.36092,-3.03341e-06,-0.360917
72.576,-1.37286,-1.75335,-0.361116,-2.78244e-06,-0.361113
72.624,-1.40838,-1.753,-0.361158,-2.42055e-06,-0.361156
72.672,-1.41889,-1.75267,-0.361121,-2.32277e-06,-0.361119
72.72,-1.4734,-1.75235,-0.360943,-1.87559e-06,-0.360942
72.768,-1.4959,-1.75204,-0.360676,-1.7171e-06,-0.360674
72.816,-1.53993,-1.75175,-0.360279,-1.44476e-06,-0.360278
72.864,-1.55543,-1.75147,-0.359806,-1.35949e-06,-0.359805
72.912,-1.55494,-1.75121,-0.359306,-1.36208e-06,-0.359305
72.96,-1.51542,-1.75095,-0.358892,-1.59041e-06,-0.358891
73.008,-1.51642,-1.75071,-0.358521,-1.58415e-06,-0.358519
73.056,-1.53993,-1.75047,-0.35813,-1.44462e-06,-0.358129
73.104,-1.53793,-1.75024,-0.357683,-1.45597e-06,-0.357682
73.152,-1.51642,-1.75003,-0.357242,-1.58408e-06,-0.357241
73.2,-1.52293,-1.74982,-0.356844,-1.54413e-06,-0.356842
73.248,-1.53593,-1.74961,-0.356475,-1.46737e-06,-0.356473
73.296,-1.52193,-1.74942,-0.356054,-1.55016e-06,-0.356052
73.344,-1.49241,-1.74923,-0.355762,-1.74041e-06,-0.35576
73.392,-1.4959,-1.74904,-0.355479,-1.71672e-06,-0.355477
73.44,-1.4774,-1.74885,-0.355229,-1.84592e-06,-0.355227
73.488,-1.47291,-1.74866,-0.355033,-1.8787e-06,-0.355032
73.536,-1.4614,-1.74848,-0.354848,-1.9654e-06,-0.354846
73.584,-1.47791,-1.74829,-0.354686,-1.84217e-06,-0.354684
73.632,-1.4479,-1.74811,-0.354554,-2.07226e-06,-0.354552
73.68,-1.41138,-1.74792,-0.354548,-2.39134e-06,-0.354546
73.728,-1.43839,-1.74772,-0.354538,-2.15092e-06,-0.354536
73.776,-1.42839,-1.74753,-0.354565,-2.23691e-06,-0.354563
73.824,-1.42389,-1.74733,-0.354576,-2.27678e-06,-0.354573
73.872,-1.37737,-1.74713,-0.35466,-2.73242e-06,-0.354657
73.92,-1.39937,-1.74692,-0.354797,-2.50654e-06,-0.354794
73.968,-1.38186,-1.74671,-0.35493,-2.68463e-06,-0.354927
74.016,-1.35936,-1.7465,-0.355117,-2.93232e-06,-0.355114
74.064,-1.37386,-1.74628,-0.355279,-2.7701e-06,-0.355276
74.112,-1.39637,-1.74605,-0.355466,-2.53604e-06,-0.355463
74.16,-1.36887,-1.74582,-0.355701,-2.82486e-06,-0.355699
74.208,-1.34385,-1.74559,-0.355936,-3.11597e-06,-0.355933
74.256,-1.35936,-1.74535,-0.356183,-2.93207e-06,-0.35618
74.304,-1.36536,-1.7451,-0.356405,-2.86384e-06,-0.356402
74.352,-1.33835,-1.74485,-0.356695,-3.18384e-06,-0.356692
74.4,-1.36036,-1.74459,-0.357001,-2.92043e-06,-0.356998
74.448,-1.36436,-1.74434,-0.357265,-2.87493e-06,-0.357263
74.496,-1.37036,-1.74408,-0.357466,-2.80802e-06,-0.357464
74.544,-1.40487,-1.74382,-0.357647,-2.45242e-06,-0.357645
74.592,-1.35236,-1.74355,-0.35789,-3.01327e-06,-0.357887
74.64,-1.32235,-1.74328,-0.358211,-3.38961e-06,-0.358207
74.688,-1.40238,-1.743,-0.358397,-2.47635e-06,-0.358395
74.736,-1.32886,-1.74273,-0.35866,-3.30406e-06,-0.358657
74.784,-1.33435,-1.74245,-0.358976,-3.2336e-06,-0.358973
74.832,-1.33886,-1.74216,-0.359285,-3.17687e-06,-0.359282
74.88,-1.32584,-1.74187,-0.35958,-3.34317e-06,-0.359577
74.928,-1.34336,-1.74158,-0.359878,-3.12107e-06,-0.359875
74.976,-1.29583,-1.74128,-0.360216,-3.76061e-06,-0.360212
75.024,-1.29534,-1.74098,-0.360595,-3.76779e-06,-0.360591
75.072,-1.26033,-1.74067,-0.36102,-4.32226e-06,-0.361016
75.12,-1.30183,-1.74035,-0.361443,-3.67291e-06,-0.36144
75.168,-1.25933,-1.74003,-0.36183,-4.33904e-06,-0.361826
75.216,-1.26582,-1.7397,-0.362317,-4.22988e-06,-0.362313
75.264,-1.25382,-1.73937,-0.362795,-4.43357e-06,-0.362791
75.312,-1.25833,-1.73903,-0.363368,-4.35577e-06,-0.363364
75.36,-1.26782,-1.73868,-0.363855,-4.19652e-06,-0.36385
75.408,-1.24581,-1.73833,-0.364381,-4.57481e-06,-0.364376
75.456,-1.23981,-1.73798,-0.364863,-4.6836e-06,-0.364859
75.504,-1.24181,-1.73761,-0.365467,-4.64689e-06,-0.365462
75.552,-1.22331,-1.73724,-0.366063,-4.99655e-06,-0.366058
75.6,-1.21331,-1.73686,-0.366699,-5.19624e-06,-0.366694
75.648,-1.2038,-1.73647,-0.367361,-5.39349e-06,-0.367355
75.696,-1.19281,-1.73607,-0.368081,-5.63106e-06,-0.368075
75.744,-1.1913,-1.73567,-0.368778,-5.6643e-06,-0.368772
75.792,-1.20531,-1.73525,-0.369489,-5.3612e-06,-0.369484
75.84,-1.1803,-1.73483,-0.370231,-5.91361e-06,-0.370225
75.888,-1.1853,-1.73441,-0.370963,-5.79861e-06,-0.370958
75.936,-1.1803,-1.73398,-0.37162,-5.91324e-06,-0.371614
75.984,-1.16679,-1.73354,-0.372344,-6.23471e-06,-0.372338
76.032,-1.17379,-1.7331,-0.373039,-6.0657e-06,-0.373033
76.08,-1.1873,-1.73265,-0.373712,-5.75257e-06,-0.373707
76.128,-1.19281,-1.7322,-0.374325,-5.62946e-06,-0.374319
76.176,-1.16278,-1.73175,-0.375003,-6.33285e-06,-0.374997
76.224,-1.16779,-1.73129,-0.375634,-6.20929e-06,-0.375627
76.272,-1.19079,-1.73083,-0.376275,-5.67358e-06,-0.376269
76.32,-1.17029,-1.73037,-0.376945,-6.14849e-06,-0.376939
76.368,-1.17279,-1.7299,-0.377581,-6.08811e-06,-0.377575
76.416,-1.1863,-1.72943,-0.3782,-5.77381e-06,-0.378195
76.464,-1.16729,-1.72896,-0.378875,-6.22061e-06,-0.378869
76.512,-1.1903,-1.72848,-0.379498,-5.68355e-06,-0.379493
76.56,-1.1883,-1.72801,-0.380063,-5.7281e-06,-0.380057
76.608,-1.15878,-1.72753,-0.380669,-6.43098e-06,-0.380663
76.656,-1.13628,-1.72705,-0.381345,-7.02415e-06,-0.381338
76.704,-1.14727,-1.72656,-0.382032,-6.72736e-06,-0.382025
76.752,-1.15978,-1.72607,-0.382723,-6.40512e-06,-0.382717
76.8,-1.16329,-1.72557,-0.38344,-6.31738e-06,-0.383433
76.848,-1.12277,-1.72507,-0.384232,-7.40518e-06,-0.384224
76.896,-1.13978,-1.72456,-0.384988,-6.92691e-06,-0.384982
76.944,-1.13678,-1.72405,-0.385745,-7.00862e-06,-0.385738
76.992,-1.12277,-1.72353,-0.386547,-7.40434e-06,-0.38654
77.04,-1.08976,-1.72301,-0.387374,-8.42748e-06,-0.387365
77.088,-1.08976,-1.72247,-0.38829,-8.42715e-06,-0.388281
77.136,-1.09776,-1.72193,-0.389158,-8.16656e-06,-0.38915
77.184,-1.05375,-1.72139,-0.390037,-9.70472e-06,-0.390027
77.232,-1.06324,-1.72084,-0.390972,-9.34976e-06,-0.390962
77.28,-1.06524,-1.72028,-0.39191,-9.27634e-06,-0.391901
77.328,-1.05524,-1.71971,-0.392869,-9.64692e-06,-0.392859
77.376,-1.08126,-1.71914,-0.393799,-8.71092e-06,-0.39379
77.424,-1.05175,-1.71857,-0.394746,-9.7791e-06,-0.394736
77.472,-1.07075,-1.71799,-0.395648,-9.07659e-06,-0.395639
77.52,-1.06024,-1.7174,-0.396546,-9.45801e-06,-0.396537
77.568,-1.08425,-1.71682,-0.397413,-8.60757e-06,-0.397405
77.616,-1.09476,-1.71623,-0.39822,-8.25973e-06,-0.398211
77.664,-1.06424,-1.71564,-0.39896,-9.30961e-06,-0.398951
77.712,-1.09627,-1.71505,-0.399732,-8.21032e-06,-0.399723
77.76,-1.07626,-1.71447,-0.400457,-8.88034e-06,-0.400448
77.808,-1.07826,-1.71388,-0.401186,-8.81059e-06,-0.401177
77.856,-1.10776,-1.71329,-0.401902,-7.84752e-06,-0.401894
77.904,-1.08026,-1.7127,-0.402602,-8.741e-06,-0.402593
77.952,-1.06024,-1.71212,-0.403318,-9.45433e-06,-0.403309
78,-1.06775,-1.71152,-0.404099,-9.17963e-06,-0.40409
78.048,-1.08876,-1.71093,-0.404788,-8.45307e-06,-0.40478
78.096,-1.09227,-1.71035,-0.405441,-8.33722e-06,-0.405432
78.144,-1.08276,-1.70976,-0.406014,-8.65357e-06,-0.406005
78.192,-1.07826,-1.70918,-0.4066,-8.80754e-06,-0.406591
78.24,-1.07375,-1.7086,-0.407178,-8.96424e-06,-0.407169
78.288,-1.07026,-1.70802,-0.40785,-9.08744e-06,-0.407841
78.336,-1.13028,-1.70744,-0.408443,-7.181e-06,-0.408436
78.384,-1.04125,-1.70686,-0.409088,-1.01817e-05,-0.409078
78.432,-1.04074,-1.70628,-0.409805,-1.02016e-05,-0.409794
78.48,-1.06524,-1.70569,-0.410545,-9.26638e-06,-0.410535
78.528,-1.04574,-1.7051,-0.411314,-1.00026e-05,-0.411304
78.576,-1.05274,-1.70451,-0.41209,-9.73137e-06,-0.41208
78.624,-1.02424,-1.70392,-0.412824,-1.08819e-05,-0.412813
78.672,-1.01224,-1.70332,-0.413675,-1.14057e-05,-0.413664
78.72,-1.04674,-1.70272,-0.414441,-9.96173e-06,-0.414431
78.768,-1.00924,-1.70212,-0.415273,-1.15396e-05,-0.415261
78.816,-1.03323,-1.70151,-0.416073,-1.05027e-05,-0.416063
78.864,-1.00573,-1.7009,-0.416924,-1.16984e-05,-0.416912
78.912,-1.00373,-1.70029,-0.417767,-1.179e-05,-0.417756
78.96,-1.02124,-1.69967,-0.418567,-1.10072e-05,-0.418556
79.008,-0.999732,-1.69905,-0.419415,-1.19753e-05,-0.419403
79.056,-1.02774,-1.69844,-0.420187,-1.07289e-05,-0.420177
79.104,-1.01573,-1.69782,-0.420952,-1.1246e-05,-0.420941
79.152,-1.01724,-1.6972,-0.42169,-1.11792e-05,-0.421679
79.2,-1.03925,-1.69658,-0.422361,-1.02541e-05,-0.422351
79.248,-1.00473,-1.69597,-0.423101,-1.17401e-05,-0.423089
79.296,-1.00822,-1.69535,-0.423781,-1.15799e-05,-0.42377
79.344,-1.00973,-1.69473,-0.424495,-1.15111e-05,-0.424483
79.392,-1.00122,-1.69411,-0.425218,-1.19011e-05,-0.425206
79.44,-0.993225,-1.69349,-0.426015,-1.22798e-05,-0.426003
79.488,-1.02224,-1.69287,-0.426678,-1.09587e-05,-0.426667
79.536,-0.995717,-1.69226,-0.427322,-1.21593e-05,-0.42731
79.584,-1.00573,-1.69164,-0.428064,-1.16904e-05,-0.428053
79.632,-1.00673,-1.69101,-0.428791,-1.16442e-05,-0.428779
79.68,-0.986719,-1.69039,-0.429529,-1.25944e-05,-0.429516
79.728,-1.00924,-1.68977,-0.430187,-1.15291e-05,-0.430176
79.776,-1.02623,-1.68915,-0.430826,-1.07851e-05,-0.430815
79.824,-0.989718,-1.68853,-0.431506,-1.24454e-05,-0.431494
79.872,-0.995225,-1.68791,-0.432202,-1.21789e-05,-0.43219
79.92,-0.988718,-1.68729,-0.432903,-1.24931e-05,-0.432891
79.968,-0.987227,-1.68667,-0.433607,-1.25658e-05,-0.433594
80.016,-0.991226,-1.68605,-0.434351,-1.23697e-05,-0.434339
80.064,-0.961708,-1.68542,-0.435153,-1.38874e-05,-0.43514
80.112,-0.976213,-1.68479,-0.435907,-1.31187e-05,-0.435894
80.16,-0.951202,-1.68416,-0.43668,-1.44702e-05,-0.436666
80.208,-0.965215,-1.68352,-0.437441,-1.36957e-05,-0.437428
80.256,-0.933697,-1.68289,-0.438172,-1.54971e-05,-0.438157
80.304,-0.914701,-1.68225,-0.439046,-1.6695e-05,-0.439029
80.352,-0.948202,-1.6816,-0.439942,-1.46387e-05,-0.439927
80.4,-0.942204,-1.68096,-0.440689,-1.49865e-05,-0.440674
80.448,-0.937696,-1.68032,-0.441479,-1.5253e-05,-0.441464
80.496,-0.933206,-1.67967,-0.442225,-1.55233e-05,-0.44221
80.544,-0.94871,-1.67902,-0.443019,-1.46068e-05,-0.443005
80.592,-0.948202,-1.67837,-0.443754,-1.46352e-05,-0.443739
80.64,-0.933697,-1.67772,-0.444569,-1.54912e-05,-0.444553
80.688,-0.923699,-1.67707,-0.445356,-1.61099e-05,-0.44534
80.736,-0.948202,-1.67641,-0.446064,-1.46331e-05,-0.446049
80.784,-0.951202,-1.67576,-0.446746,-1.44612e-05,-0.446731
80.832,-0.951202,-1.67512,-0.447385,-1.44606e-05,-0.44737
80.88,-0.929206,-1.67447,-0.448051,-1.57627e-05,-0.448036
80.928,-0.945203,-1.67383,-0.448693,-1.48034e-05,-0.448678
80.976,-0.945203,-1.67318,-0.449349,-1.48027e-05,-0.449334
81.024,-0.934205,-1.67253,-0.450096,-1.54544e-05,-0.450081
81.072,-0.953709,-1.67189,-0.450696,-1.43156e-05,-0.450682
81.12,-0.956217,-1.67124,-0.451307,-1.41748e-05,-0.451293
81.168,-0.950202,-1.67061,-0.451828,-1.45125e-05,-0.451813
81.216,-0.959216,-1.66998,-0.452286,-1.40077e-05,-0.452272
81.264,-0.947711,-1.66935,-0.452821,-1.46537e-05,-0.452807
81.312,-0.944711,-1.66872,-0.453351,-1.48264e-05,-0.453336
81.36,-0.953709,-1.6681,-0.453946,-1.43116e-05,-0.453932
81.408,-0.944711,-1.66747,-0.454498,-1.4825e-05,-0.454484
81.456,-0.937205,-1.66685,-0.455074,-1.52673e-05,-0.455058
81.504,-0.951202,-1.66623,-0.455605,-1.4451e-05,-0.455591
81.552,-0.969214,-1.66561,-0.456107,-1.34647e-05,-0.456093
81.6,-0.945203,-1.66499,-0.456696,-1.47937e-05,-0.456681
81.648,-0.919192,-1.66436,-0.457488,-1.63819e-05,-0.457471
81.696,-0.947203,-1.66373,-0.458162,-1.46768e-05,-0.458148
81.744,-0.904195,-1.6631,-0.458827,-1.73727e-05,-0.45881
81.792,-0.924191,-1.66247,-0.459502,-1.60615e-05,-0.459486
81.84,-0.899688,-1.66184,-0.460154,-1.76809e-05,-0.460136
81.888,-0.904687,-1.66121,-0.460862,-1.73368e-05,-0.460845
81.936,-0.908195,-1.66057,-0.461611,-1.70991e-05,-0.461594
81.984,-0.909686,-1.65993,-0.462313,-1.69986e-05,-0.462296
82.032,-0.864679,-1.65928,-0.463106,-2.02794e-05,-0.463086
82.08,-0.87017,-1.65864,-0.46385,-1.98464e-05,-0.463831
82.128,-0.874677,-1.65799,-0.46465,-1.94977e-05,-0.464631
82.176,-0.844176,-1.65733,-0.465402,-2.19744e-05,-0.46538
82.224,-0.867171,-1.65668,-0.46619,-2.00783e-05,-0.46617
82.272,-0.870678,-1.65602,-0.466895,-1.9803e-05,-0.466875
82.32,-0.873677,-1.65536,-0.467639,-1.95705e-05,-0.467619
82.368,-0.865171,-1.6547,-0.468403,-2.02334e-05,-0.468383
82.416,-0.897689,-1.65404,-0.469096,-1.78098e-05,-0.469078
82.464,-0.927191,-1.65339,-0.469658,-1.58631e-05,-0.469642
82.512,-0.908686,-1.65273,-0.470254,-1.70563e-05,-0.470236
82.56,-0.913685,-1.65208,-0.470808,-1.67243e-05,-0.470791
82.608,-0.899688,-1.65143,-0.471397,-1.76673e-05,-0.471379
82.656,-0.906195,-1.65078,-0.47202,-1.72213e-05,-0.472003
82.704,-0.891182,-1.65013,-0.472596,-1.82649e-05,-0.472578
82.752,-0.89069,-1.64949,-0.473154,-1.82993e-05,-0.473136
82.8,-0.89918,-1.64884,-0.473671,-1.76991e-05,-0.473654
82.848,-0.885691,-1.6482,-0.474187,-1.86598e-05,-0.474168
82.896,-0.884692,-1.64756,-0.474696,-1.87323e-05,-0.474677
82.944,-0.902688,-1.64693,-0.475095,-1.74549e-05,-0.475078
82.992,-0.897689,-1.6463,-0.475594,-1.77996e-05,-0.475576
83.04,-0.876677,-1.64566,-0.476231,-1.93277e-05,-0.476211
83.088,-0.867679,-1.64502,-0.476817,-2.00211e-05,-0.476797
83.136,-0.87217,-1.64439,-0.477415,-1.96706e-05,-0.477395
83.184,-0.884183,-1.64376,-0.477893,-1.87643e-05,-0.477875
83.232,-0.849666,-1.64313,-0.478416,-2.14836e-05,-0.478394
83.28,-0.84116,-1.64249,-0.479089,-2.22114e-05,-0.479066
83.328,-0.867679,-1.64184,-0.479762,-2.00163e-05,-0.479742
83.376,-0.859172,-1.64121,-0.4803,-2.06944e-05,-0.480279
83.424,-0.861172,-1.64057,-0.480853,-2.05318e-05,-0.480832
83.472,-0.828671,-1.63993,-0.48153,-2.3322e-05,-0.481506
83.52,-0.848666,-1.63928,-0.482252,-2.15619e-05,-0.48223
83.568,-0.850666,-1.63864,-0.482861,-2.13924e-05,-0.48284
83.616,-0.873677,-1.638,-0.483401,-1.95453e-05,-0.483382
83.664,-0.835161,-1.63736,-0.483976,-2.27315e-05,-0.483953
83.712,-0.83467,-1.63671,-0.484657,-2.27743e-05,-0.484634
83.76,-0.84016,-1.63606,-0.485279,-2.2288e-05,-0.485257
83.808,-0.86268,-1.63542,-0.485905,-2.04029e-05,-0.485885
83.856,-0.856665,-1.63477,-0.486505,-2.0889e-05,-0.486484
83.904,-0.876677,-1.63412,-0.487078,-1.93112e-05,-0.487059
83.952,-0.860172,-1.63348,-0.487589,-2.06016e-05,-0.487568
84,-0.884183,-1.63284,-0.488107,-1.87492e-05,-0.488088
84.048,-0.874186,-1.6322,-0.488485,-1.9498e-05,-0.488465
84.096,-0.882676,-1.63157,-0.488923,-1.88586e-05,-0.488904
84.144,-0.853174,-1.63094,-0.489376,-2.1171e-05,-0.489355
84.192,-0.856665,-1.63031,-0.489909,-2.08821e-05,-0.489888
84.24,-0.821164,-1.62967,-0.490525,-2.40006e-05,-0.490501
84.288,-0.886691,-1.62904,-0.490964,-1.85604e-05,-0.490945
84.336,-0.852666,-1.62841,-0.491456,-2.12092e-05,-0.491435
84.384,-0.86268,-1.62778,-0.491929,-2.03914e-05,-0.491908
84.432,-0.851174,-1.62714,-0.492475,-2.13316e-05,-0.492453
84.48,-0.877677,-1.62652,-0.492896,-1.92248e-05,-0.492877
84.528,-0.856173,-1.6259,-0.493249,-2.09156e-05,-0.493228
84.576,-0.830162,-1.62528,-0.493677,-2.31608e-05,-0.493654
84.624,-0.854174,-1.62467,-0.494092,-2.10783e-05,-0.494071
84.672,-0.842668,-1.62405,-0.494554,-2.20503e-05,-0.494532
84.72,-0.821656,-1.62343,-0.495002,-2.39433e-05,-0.494979
84.768,-0.851666,-1.62282,-0.495441,-2.12837e-05,-0.495419
84.816,-0.835161,-1.62221,-0.495872,-2.2706e-05,-0.495849
84.864,-0.828163,-1.62159,-0.496403,-2.33368e-05,-0.496379
84.912,-0.81115,-1.62097,-0.49698,-2.49459e-05,-0.496955
84.96,-0.837161,-1.62035,-0.497467,-2.25255e-05,-0.497444
85.008,-0.80366,-1.61973,-0.498031,-2.56872e-05,-0.498005
85.056,-0.790155,-1.61911,-0.49856,-2.70833e-05,-0.498533
85.104,-0.787139,-1.61848,-0.499176,-2.74042e-05,-0.499148
85.152,-0.812658,-1.61785,-0.499705,-2.47931e-05,-0.49968
85.2,-0.813658,-1.61723,-0.500207,-2.46949e-05,-0.500182
85.248,-0.78214,-1.6166,-0.500837,-2.79429e-05,-0.500809
85.296,-0.799153,-1.61596,-0.50141,-2.61381e-05,-0.501384
85.344,-0.787139,-1.61533,-0.502047,-2.73978e-05,-0.502019
85.392,-0.784648,-1.61469,-0.502704,-2.76655e-05,-0.502676
85.44,-0.808659,-1.61404,-0.503284,-2.51779e-05,-0.503259
85.488,-0.81015,-1.6134,-0.503831,-2.50299e-05,-0.503806
85.536,-0.807151,-1.61277,-0.504331,-2.53248e-05,-0.504306
85.584,-0.826655,-1.61213,-0.504845,-2.34587e-05,-0.504822
85.632,-0.851174,-1.61149,-0.505245,-2.13069e-05,-0.505224
85.68,-0.824164,-1.61087,-0.505616,-2.36868e-05,-0.505593
85.728,-0.81215,-1.61024,-0.506042,-2.48285e-05,-0.506018
85.776,-0.808659,-1.6096,-0.506546,-2.51696e-05,-0.506521
85.824,-0.798645,-1.60897,-0.507041,-2.61766e-05,-0.507015
85.872,-0.81015,-1.60834,-0.507534,-2.50204e-05,-0.507509
85.92,-0.796645,-1.60771,-0.507946,-2.63802e-05,-0.50792
85.968,-0.802644,-1.60708,-0.508371,-2.57656e-05,-0.508345
86.016,-0.831162,-1.60647,-0.50867,-2.3038e-05,-0.508647
86.064,-0.817657,-1.60585,-0.509006,-2.42901e-05,-0.508982
86.112,-0.815657,-1.60523,-0.509372,-2.44802e-05,-0.509348
86.16,-0.844176,-1.60462,-0.509655,-2.18886e-05,-0.509633
86.208,-0.783648,-1.60401,-0.510012,-2.77522e-05,-0.509984
86.256,-0.801152,-1.60341,-0.510371,-2.59097e-05,-0.510345
86.304,-0.837161,-1.6028,-0.510725,-2.24962e-05,-0.510702
86.352,-0.782648,-1.6022,-0.511098,-2.78574e-05,-0.51107
86.4,-0.800152,-1.60158,-0.511591,-2.6008e-05,-0.511565
86.448,-0.78314,-1.60097,-0.512025,-2.78013e-05,-0.511997
86.496,-0.793646,-1.60036,-0.512479,-2.66778e-05,-0.512452
86.544,-0.81115,-1.59975,-0.512945,-2.49066e-05,-0.51292
86.592,-0.792646,-1.59914,-0.513378,-2.67802e-05,-0.513351
86.64,-0.807659,-1.59853,-0.513759,-2.52477e-05,-0.513734
86.688,-0.756129,-1.59791,-0.514356,-3.0901e-05,-0.514326
86.736,-0.736133,-1.59729,-0.514977,-3.34203e-05,-0.514943
86.784,-0.779649,-1.59666,-0.515522,-2.81755e-05,-0.515494
86.832,-0.763144,-1.59603,-0.51607,-3.00582e-05,-0.51604
86.88,-0.776141,-1.59541,-0.516505,-2.85631e-05,-0.516476
86.928,-0.775633,-1.59479,-0.516951,-2.86188e-05,-0.516922
86.976,-0.760636,-1.59416,-0.517397,-3.03511e-05,-0.517366
87.024,-0.770634,-1.59354,-0.517889,-2.91827e-05,-0.51786
87.072,-0.785647,-1.59291,-0.518321,-2.75127e-05,-0.518294
87.12,-0.769634,-1.59229,-0.518792,-2.92946e-05,-0.518763
87.168,-0.784139,-1.59166,-0.519209,-2.76733e-05,-0.519182
87.216,-0.797645,-1.59104,-0.519601,-2.62444e-05,-0.519574
87.264,-0.770634,-1.59042,-0.519999,-2.91759e-05,-0.519969
87.312,-0.789646,-1.5898,-0.520368,-2.70782e-05,-0.520341
87.36,-0.796645,-1.58918,-0.520717,-2.63439e-05,-0.520691
87.408,-0.780648,-1.58856,-0.521097,-2.80483e-05,-0.521069
87.456,-0.789155,-1.58794,-0.521465,-2.71268e-05,-0.521438
87.504,-0.794154,-1.58734,-0.52172,-2.65989e-05,-0.521693
87.552,-0.778141,-1.58673,-0.521971,-2.83217e-05,-0.521942
87.6,-0.790646,-1.58613,-0.5223,-2.69649e-05,-0.522273
87.648,-0.780648,-1.58552,-0.522671,-2.8042e-05,-0.522643
87.696,-0.784139,-1.58491,-0.523045,-2.76594e-05,-0.523017
87.744,-0.764144,-1.58431,-0.523425,-2.99145e-05,-0.523395
87.792,-0.755637,-1.5837,-0.523796,-3.09279e-05,-0.523765
87.84,-0.777141,-1.58309,-0.524157,-2.84253e-05,-0.524129
87.888,-0.771634,-1.58249,-0.524531,-2.90446e-05,-0.524502
87.936,-0.793646,-1.58188,-0.524893,-2.66412e-05,-0.524867
87.984,-0.777649,-1.58128,-0.525304,-2.83648e-05,-0.525276
88.032,-0.759637,-1.58066,-0.525776,-3.04398e-05,-0.525746
88.08,-0.765635,-1.58005,-0.526227,-2.97306e-05,-0.526197
88.128,-0.768143,-1.57944,-0.526698,-2.94383e-05,-0.526668
88.176,-0.775141,-1.57882,-0.527116,-2.864e-05,-0.527087
88.224,-0.762636,-1.5782,-0.527551,-3.00783e-05,-0.527521
88.272,-0.733626,-1.57758,-0.528049,-3.37012e-05,-0.528016
88.32,-0.743624,-1.57696,-0.528544,-3.24038e-05,-0.528511
88.368,-0.738625,-1.57633,-0.529024,-3.30438e-05,-0.528991
88.416,-0.678097,-1.5757,-0.529635,-4.18952e-05,-0.529593
88.464,-0.771634,-1.57507,-0.530096,-2.90285e-05,-0.530067
88.512,-0.708615,-1.57443,-0.530657,-3.71658e-05,-0.53062
88.56,-0.715613,-1.57379,-0.531172,-3.61578e-05,-0.531136
88.608,-0.701108,-1.57315,-0.531678,-3.82726e-05,-0.53164
88.656,-0.715613,-1.5725,-0.532166,-3.61544e-05,-0.532129
88.704,-0.72412,-1.57186,-0.532631,-3.49664e-05,-0.532596
88.752,-0.734134,-1.57121,-0.533104,-3.36181e-05,-0.53307
88.8,-0.718121,-1.57057,-0.533538,-3.57954e-05,-0.533502
88.848,-0.745131,-1.56993,-0.533859,-3.21959e-05,-0.533827
88.896,-0.747131,-1.56929,-0.534173,-3.19429e-05,-0.534141
88.944,-0.727119,-1.56865,-0.534611,-3.45493e-05,-0.534576
88.992,-0.775633,-1.56802,-0.534828,-2.85618e-05,-0.5348
89.04,-0.702616,-1.56738,-0.535201,-3.80306e-05,-0.535163
89.088,-0.750638,-1.56675,-0.535523,-3.15005e-05,-0.535491
89.136,-0.753638,-1.56612,-0.535763,-3.11307e-05,-0.535731
89.184,-0.755637,-1.5655,-0.536009,-3.08861e-05,-0.535978
89.232,-0.723628,-1.56488,-0.536315,-3.50157e-05,-0.53628
89.28,-0.746623,-1.56425,-0.536616,-3.19946e-05,-0.536584
89.328,-0.748131,-1.56364,-0.536831,-3.18044e-05,-0.536799
89.376,-0.747623,-1.56302,-0.537142,-3.18664e-05,-0.53711
89.424,-0.726627,-1.5624,-0.53746,-3.45998e-05,-0.537426
89.472,-0.749639,-1.56178,-0.537762,-3.16126e-05,-0.537731
89.52,-0.779649,-1.56117,-0.537951,-2.81012e-05,-0.537923
89.568,-0.77365,-1.56057,-0.538126,-2.87688e-05,-0.538097
89.616,-0.741132,-1.55996,-0.538422,-3.26805e-05,-0.538389
89.664,-0.709615,-1.55935,-0.538787,-3.69788e-05,-0.53875
89.712,-0.700108,-1.55873,-0.539263,-3.83817e-05,-0.539224
89.76,-0.726119,-1.55812,-0.539651,-3.46578e-05,-0.539616
89.808,-0.735134,-1.5575,-0.540055,-3.34524e-05,-0.540021
89.856,-0.705615,-1.55688,-0.540414,-3.75564e-05,-0.540376
89.904,-0.723628,-1.55625,-0.540917,-3.49932e-05,-0.540882
89.952,-0.734626,-1.55563,-0.541262,-3.35144e-05,-0.541229
90,-0.701108,-1.55501,-0.541621,-3.82208e-05,-0.541583
90.048,-0.730626,-1.55438,-0.54196,-3.40411e-05,-0.541926
90.096,-0.696109,-1.55375,-0.54241,-3.89739e-05,-0.542371
90.144,-0.729627,-1.55312,-0.542834,-3.41716e-05,-0.5428
90.192,-0.720629,-1.5525,-0.543134,-3.53974e-05,-0.543099
90.24,-0.724628,-1.55187,-0.543461,-3.48449e-05,-0.543426
90.288,-0.703616,-1.55125,-0.543825,-3.78362e-05,-0.543787
90.336,-0.715613,-1.55062,-0.544185,-3.60954e-05,-0.544149
90.384,-0.713122,-1.54999,-0.544552,-3.64481e-05,-0.544516
90.432,-0.701108,-1.54936,-0.544847,-3.82048e-05,-0.544809
90.48,-0.716121,-1.54874,-0.545142,-3.60185e-05,-0.545106
90.528,-0.746623,-1.54812,-0.545357,-3.19561e-05,-0.545325
90.576,-0.715613,-1.5475,-0.545638,-3.6087e-05,-0.545602
90.624,-0.690111,-1.54688,-0.546005,-3.98812e-05,-0.545965
90.672,-0.711122,-1.54625,-0.546352,-3.67248e-05,-0.546315
90.72,-0.722628,-1.54563,-0.546609,-3.51029e-05,-0.546574
90.768,-0.711614,-1.54501,-0.546858,-3.66507e-05,-0.546822
90.816,-0.739133,-1.5444,-0.547069,-3.28996e-05,-0.547036
90.864,-0.731118,-1.54379,-0.547284,-3.39486e-05,-0.54725
90.912,-0.712122,-1.54318,-0.547494,-3.65727e-05,-0.547457
90.96,-0.712122,-1.54256,-0.547804,-3.65711e-05,-0.547767
91.008,-0.696109,-1.54195,-0.548156,-3.89396e-05,-0.548117
91.056,-0.725628,-1.54133,-0.548434,-3.46812e-05,-0.548399
91.104,-0.697617,-1.54072,-0.548751,-3.87064e-05,-0.548712
91.152,-0.725628,-1.54011,-0.548958,-3.46781e-05,-0.548923
91.2,-0.690111,-1.5395,-0.549249,-3.98593e-05,-0.549209
91.248,-0.709615,-1.53888,-0.549646,-3.69223e-05,-0.549609
91.296,-0.696109,-1.53826,-0.550003,-3.89289e-05,-0.549964
91.344,-0.709615,-1.53764,-0.550296,-3.69189e-05,-0.55026
91.392,-0.667607,-1.53701,-0.55078,-4.35288e-05,-0.550737
91.44,-0.72212,-1.53639,-0.5511,-3.51486e-05,-0.551065
91.488,-0.708123,-1.53576,-0.551459,-3.71303e-05,-0.551422
91.536,-0.675097,-1.53513,-0.551805,-4.22628e-05,-0.551762
91.584,-0.695618,-1.5345,-0.552157,-3.89931e-05,-0.552118
91.632,-0.690602,-1.53387,-0.552567,-3.97658e-05,-0.552527
91.68,-0.670099,-1.53323,-0.552982,-4.30935e-05,-0.552938
91.728,-0.653594,-1.53258,-0.553511,-4.59728e-05,-0.553465
91.776,-0.6611,-1.53194,-0.553932,-4.4637e-05,-0.553888
91.824,-0.673098,-1.53129,-0.554396,-4.25833e-05,-0.554354
91.872,-0.687603,-1.53064,-0.554757,-4.02266e-05,-0.554717
91.92,-0.69111,-1.52999,-0.555091,-3.96751e-05,-0.555051
91.968,-0.683112,-1.52934,-0.555439,-4.09374e-05,-0.555398
92.016,-0.651594,-1.52869,-0.555766,-4.63213e-05,-0.555719
92.064,-0.69111,-1.52803,-0.556139,-3.96693e-05,-0.556099
92.112,-0.701616,-1.52738,-0.556411,-3.80662e-05,-0.556373
92.16,-0.687111,-1.52674,-0.556688,-4.02925e-05,-0.556648
92.208,-0.697109,-1.52609,-0.556892,-3.87413e-05,-0.556853
92.256,-0.705124,-1.52545,-0.557128,-3.75407e-05,-0.557091
92.304,-0.708123,-1.52481,-0.557302,-3.70999e-05,-0.557265
92.352,-0.699617,-1.52417,-0.557478,-3.83567e-05,-0.55744
92.4,-0.683604,-1.52354,-0.557633,-4.08408e-05,-0.557592
92.448,-0.701108,-1.52291,-0.557825,-3.81294e-05,-0.557787
92.496,-0.701108,-1.52229,-0.557942,-3.81276e-05,-0.557904
92.544,-0.693618,-1.52167,-0.558062,-3.92624e-05,-0.558023
92.592,-0.698617,-1.52105,-0.558179,-3.84984e-05,-0.558141
92.64,-0.726119,-1.52043,-0.558332,-3.45604e-05,-0.558298
92.688,-0.689602,-1.51981,-0.55859,-3.98801e-05,-0.55855
92.736,-0.686603,-1.51919,-0.558832,-4.03501e-05,-0.558791
92.784,-0.683112,-1.51858,-0.559042,-4.09045e-05,-0.559002
92.832,-0.688603,-1.51796,-0.559327,-4.00312e-05,-0.559287
92.88,-0.696617,-1.51733,-0.55961,-3.87907e-05,-0.559571
92.928,-0.643088,-1.5167,-0.559988,-4.78497e-05,-0.55994
92.976,-0.687111,-1.51607,-0.560291,-4.02604e-05,-0.56025
93.024,-0.651103,-1.51544,-0.560666,-4.63647e-05,-0.560619
93.072,-0.646087,-1.5148,-0.561053,-4.72835e-05,-0.561005
93.12,-0.655593,-1.51416,-0.56143,-4.5551e-05,-0.561384
93.168,-0.6631,-1.51352,-0.561782,-4.42274e-05,-0.561737
93.216,-0.652594,-1.51288,-0.562114,-4.60855e-05,-0.562068
93.264,-0.657593,-1.51223,-0.562468,-4.51886e-05,-0.562423
93.312,-0.648595,-1.51158,-0.56286,-4.68094e-05,-0.562813
93.36,-0.644088,-1.51093,-0.563256,-4.76419e-05,-0.563209
93.408,-0.649103,-1.51027,-0.563657,-4.67117e-05,-0.563611
93.456,-0.658101,-1.5096,-0.564059,-4.50898e-05,-0.564014
93.504,-0.6621,-1.50894,-0.564382,-4.4386e-05,-0.564338
93.552,-0.662592,-1.50828,-0.564755,-4.42982e-05,-0.564711
93.6,-0.659593,-1.50761,-0.565045,-4.48202e-05,-0.565
93.648,-0.699109,-1.50696,-0.565227,-3.83837e-05,-0.565189
93.696,-0.671606,-1.5063,-0.565445,-4.27532e-05,-0.565403
93.744,-0.687111,-1.50565,-0.565603,-4.0229e-05,-0.565563
93.792,-0.653102,-1.505,-0.565747,-4.59667e-05,-0.565701
93.84,-0.672606,-1.50435,-0.565946,-4.25797e-05,-0.565904
93.888,-0.695618,-1.50371,-0.566068,-3.89034e-05,-0.566029
93.936,-0.688111,-1.50307,-0.566167,-4.00638e-05,-0.566126
93.984,-0.702616,-1.50243,-0.566261,-3.78465e-05,-0.566223
94.032,-0.687603,-1.5018,-0.566416,-4.01399e-05,-0.566376
94.08,-0.668099,-1.50116,-0.566558,-4.33287e-05,-0.566515
94.128,-0.677605,-1.50053,-0.56665,-4.17411e-05,-0.566608
94.176,-0.704616,-1.49991,-0.566687,-3.75438e-05,-0.56665
94.224,-0.675097,-1.4993,-0.566748,-4.21497e-05,-0.566706
94.272,-0.677097,-1.49867,-0.566965,-4.18185e-05,-0.566923
94.32,-0.671098,-1.49805,-0.567131,-4.2812e-05,-0.567088
94.368,-0.655593,-1.49742,-0.567341,-4.54939e-05,-0.567295
94.416,-0.63309,-1.4968,-0.567616,-4.9689e-05,-0.567566
94.464,-0.633582,-1.49616,-0.568005,-4.95909e-05,-0.567955
94.512,-0.668607,-1.49552,-0.568298,-4.32242e-05,-0.568254
94.56,-0.631582,-1.49488,-0.568634,-4.99766e-05,-0.568584
94.608,-0.653102,-1.49424,-0.568958,-4.59296e-05,-0.568912
94.656,-0.636089,-1.49359,-0.569229,-4.90962e-05,-0.56918
94.704,-0.632582,-1.49294,-0.569598,-4.97738e-05,-0.569548
94.752,-0.634598,-1.49229,-0.56991,-4.93794e-05,-0.56986
94.8,-0.665608,-1.49164,-0.570189,-4.37229e-05,-0.570146
94.848,-0.612078,-1.49097,-0.570677,-5.39334e-05,-0.570623
94.896,-0.619585,-1.49031,-0.571032,-5.23662e-05,-0.570979
94.944,-0.611587,-1.48963,-0.571446,-5.40321e-05,-0.571392
94.992,-0.619585,-1.48896,-0.571812,-5.2361e-05,-0.571759
95.04,-0.63509,-1.48828,-0.572166,-4.92695e-05,-0.572117
95.088,-0.625584,-1.4876,-0.572479,-5.11383e-05,-0.572427
95.136,-0.638597,-1.48692,-0.572773,-4.85915e-05,-0.572724
95.184,-0.650595,-1.48624,-0.573032,-4.63558e-05,-0.572986
95.232,-0.658101,-1.48557,-0.573194,-4.50087e-05,-0.573149
95.28,-0.645596,-1.4849,-0.573364,-4.72688e-05,-0.573317
95.328,-0.645088,-1.48423,-0.573529,-4.73607e-05,-0.573481
95.376,-0.636598,-1.48355,-0.573795,-4.89616e-05,-0.573746
95.424,-0.640089,-1.48288,-0.57396,-4.82935e-05,-0.573912
95.472,-0.659593,-1.48222,-0.574053,-4.4735e-05,-0.574008
95.52,-0.673606,-1.48156,-0.574075,-4.23407e-05,-0.574033
95.568,-0.653102,-1.4809,-0.57418,-4.58838e-05,-0.574134
95.616,-0.654102,-1.48025,-0.574245,-4.5702e-05,-0.574199
95.664,-0.653102,-1.47959,-0.574376,-4.58793e-05,-0.57433
95.712,-0.640597,-1.47894,-0.57458,-4.81831e-05,-0.574532
95.76,-0.655593,-1.47828,-0.574747,-4.54287e-05,-0.574701
95.808,-0.643088,-1.47763,-0.574884,-4.77099e-05,-0.574836
95.856,-0.647595,-1.47697,-0.575053,-4.68717e-05,-0.575006
95.904,-0.678097,-1.47632,-0.57515,-4.15852e-05,-0.575108
95.952,-0.656102,-1.47567,-0.575281,-4.53294e-05,-0.575236
96,-0.638089,-1.47502,-0.57542,-4.8645e-05,-0.575372
96.048,-0.623076,-1.47437,-0.575619,-5.15925e-05,-0.575567
96.096,-0.627583,-1.47371,-0.575895,-5.06861e-05,-0.575845
96.144,-0.633582,-1.47305,-0.57617,-4.95051e-05,-0.57612
96.192,-0.630091,-1.47239,-0.576391,-5.01851e-05,-0.576341
96.24,-0.603572,-1.47173,-0.576561,-5.56826e-05,-0.576505
96.288,-0.63409,-1.47107,-0.576841,-4.93992e-05,-0.576792
96.336,-0.63509,-1.4704,-0.577116,-4.92035e-05,-0.577067
96.384,-0.617077,-1.46973,-0.577429,-5.28022e-05,-0.577376
96.432,-0.627091,-1.46905,-0.577704,-5.07662e-05,-0.577653
96.48,-0.597082,-1.46837,-0.578026,-5.71037e-05,-0.577968
96.528,-0.619077,-1.46769,-0.578345,-5.23818e-05,-0.578292
96.576,-0.617077,-1.467,-0.578656,-5.27914e-05,-0.578603
96.624,-0.618585,-1.46631,-0.578966,-5.24775e-05,-0.578913
96.672,-0.621584,-1.46562,-0.579216,-5.18611e-05,-0.579164
96.72,-0.601572,-1.46492,-0.579575,-5.60923e-05,-0.579519
96.768,-0.620077,-1.46422,-0.579892,-5.21632e-05,-0.579839
96.816,-0.618077,-1.46352,-0.580116,-5.25711e-05,-0.580064
96.864,-0.640597,-1.46283,-0.580223,-4.81249e-05,-0.580175
96.912,-0.630582,-1.46214,-0.580367,-5.00499e-05,-0.580317
96.96,-0.655102,-1.46145,-0.580493,-4.5459e-05,-0.580447
97.008,-0.63409,-1.46076,-0.580581,-4.93611e-05,-0.580531
97.056,-0.620585,-1.46007,-0.580838,-5.20432e-05,-0.580786
97.104,-0.644088,-1.45938,-0.58097,-4.74582e-05,-0.580922
97.152,-0.636089,-1.45869,-0.581118,-4.89679e-05,-0.581069
97.2,-0.682604,-1.458,-0.581176,-4.08004e-05,-0.581135
97.248,-0.642088,-1.45732,-0.581311,-4.78244e-05,-0.581263
97.296,-0.646087,-1.45663,-0.581387,-4.70778e-05,-0.58134
97.344,-0.630582,-1.45596,-0.581429,-5.00267e-05,-0.581379
97.392,-0.63409,-1.45528,-0.581502,-4.93407e-05,-0.581453
97.44,-0.616585,-1.4546,-0.58168,-5.28441e-05,-0.581628
97.488,-0.612078,-1.45392,-0.581867,-5.37837e-05,-0.581813
97.536,-0.650595,-1.45323,-0.582041,-4.62411e-05,-0.581995
97.584,-0.600573,-1.45254,-0.582249,-5.62603e-05,-0.582193
97.632,-0.620585,-1.45185,-0.582493,-5.20111e-05,-0.582441
97.68,-0.612586,-1.45116,-0.5827,-5.36655e-05,-0.582646
97.728,-0.595574,-1.45046,-0.583024,-5.73651e-05,-0.582966
97.776,-0.614078,-1.44976,-0.583283,-5.33469e-05,-0.583229
97.824,-0.611078,-1.44905,-0.583507,-5.39753e-05,-0.583453
97.872,-0.575562,-1.44835,-0.583763,-6.20386e-05,-0.583701
97.92,-0.612078,-1.44764,-0.584009,-5.37583e-05,-0.583956
97.968,-0.594082,-1.44692,-0.58432,-5.76863e-05,-0.584262
98.016,-0.584068,-1.4462,-0.584628,-5.99936e-05,-0.584568
98.064,-0.585576,-1.44547,-0.584945,-5.96366e-05,-0.584885
98.112,-0.625092,-1.44474,-0.585218,-5.10725e-05,-0.585167
98.16,-0.586067,-1.444,-0.585609,-5.95152e-05,-0.58555
98.208,-0.584068,-1.44326,-0.585937,-5.99803e-05,-0.585877
98.256,-0.596082,-1.44251,-0.586258,-5.72168e-05,-0.586201
98.304,-0.615586,-1.44177,-0.586486,-5.30006e-05,-0.586433
98.352,-0.588575,-1.44102,-0.586707,-5.89196e-05,-0.586648
98.4,-0.589575,-1.44027,-0.586921,-5.86857e-05,-0.586862
98.448,-0.625584,-1.43953,-0.587064,-5.09542e-05,-0.587013
98.496,-0.630091,-1.43879,-0.587139,-5.00586e-05,-0.587089
98.544,-0.634598,-1.43805,-0.587232,-4.91788e-05,-0.587182
98.592,-0.589067,-1.43731,-0.58743,-5.87896e-05,-0.587372
98.64,-0.599081,-1.43655,-0.587675,-5.65224e-05,-0.587618
98.688,-0.624092,-1.43581,-0.587764,-5.12387e-05,-0.587713
98.736,-0.597573,-1.43507,-0.587855,-5.68512e-05,-0.587799
98.784,-0.612078,-1.43433,-0.587944,-5.37046e-05,-0.58789
98.832,-0.631582,-1.43358,-0.588098,-4.97472e-05,-0.588049
98.88,-0.605571,-1.43284,-0.588205,-5.50865e-05,-0.58815
98.928,-0.641596,-1.4321,-0.588234,-4.7826e-05,-0.588187
98.976,-0.638597,-1.43137,-0.588205,-4.83892e-05,-0.588157
99.024,-0.607079,-1.43064,-0.588273,-5.47526e-05,-0.588218
99.072,-0.63209,-1.42991,-0.588386,-4.96344e-05,-0.588337
99.12,-0.637597,-1.42918,-0.58839,-4.85713e-05,-0.588341
99.168,-0.609079,-1.42844,-0.588553,-5.4316e-05,-0.588499
99.216,-0.629583,-1.42772,-0.588566,-5.01167e-05,-0.588516
99.264,-0.616077,-1.42699,-0.58868,-5.28397e-05,-0.588627
99.312,-0.636089,-1.42626,-0.588757,-4.88486e-05,-0.588708
99.36,-0.613586,-1.42553,-0.588879,-5.33526e-05,-0.588826
99.408,-0.614078,-1.42479,-0.588989,-5.32469e-05,-0.588936
99.456,-0.610587,-1.42406,-0.589075,-5.39779e-05,-0.589021
99.504,-0.576561,-1.42333,-0.589226,-6.16797e-05,-0.589164
99.552,-0.589067,-1.42259,-0.589469,-5.87245e-05,-0.58941
99.6,-0.590067,-1.42184,-0.58966,-5.84914e-05,-0.589602
99.648,-0.587575,-1.42109,-0.589894,-5.90624e-05,-0.589835
99.696,-0.572071,-1.42034,-0.590151,-6.27614e-05,-0.590088
99.744,-0.589067,-1.41957,-0.59046,-5.87112e-05,-0.590402
99.792,-0.572071,-1.4188,-0.590753,-6.27542e-05,-0.59069
99.84,-0.587575,-1.41803,-0.59099,-5.90488e-05,-0.590931
99.888,-0.592066,-1.41726,-0.591196,-5.80146e-05,-0.591138
99.936,-0.581069,-1.41649,-0.591445,-6.05678e-05,-0.591384
99.984,-0.57507,-1.41571,-0.591663,-6.20059e-05,-0.591601
100.032,-0.592066,-1.41492,-0.591904,-5.80043e-05,-0.591846
100.08,-0.605571,-1.41414,-0.592041,-5.5009e-05,-0.591986
100.128,-0.584068,-1.41335,-0.592232,-5.98455e-05,-0.592173
100.176,-0.60408,-1.41256,-0.592379,-5.53251e-05,-0.592324
100.224,-0.609587,-1.41178,-0.592481,-5.41399e-05,-0.592427
100.272,-0.607079,-1.411,-0.59251,-5.46717e-05,-0.592455
100.32,-0.623584,-1.41022,-0.5925,-5.12421e-05,-0.592449
100.368,-0.595082,-1.40944,-0.592582,-5.72987e-05,-0.592525
100.416,-0.615078,-1.40866,-0.592708,-5.29741e-05,-0.592655
100.464,-0.599573,-1.40788,-0.592801,-5.62918e-05,-0.592745
100.512,-0.607079,-1.4071,-0.592789,-5.46556e-05,-0.592735
100.56,-0.63309,-1.40633,-0.592767,-4.93525e-05,-0.592717
100.608,-0.602572,-1.40556,-0.592779,-5.56238e-05,-0.592724
100.656,-0.588575,-1.40478,-0.592871,-5.8759e-05,-0.592813
100.704,-0.645596,-1.404,-0.592933,-4.69822e-05,-0.592886
100.752,-0.623076,-1.40322,-0.593039,-5.13172e-05,-0.592987
100.8,-0.627583,-1.40244,-0.593102,-5.04151e-05,-0.593051
100.848,-0.610079,-1.40166,-0.593215,-5.39944e-05,-0.593161
100.896,-0.584068,-1.40088,-0.593329,-5.97892e-05,-0.593269
100.944,-0.594082,-1.40009,-0.593417,-5.74833e-05,-0.593359
100.992,-0.583576,-1.39931,-0.593542,-5.98975e-05,-0.593482
101.04,-0.601572,-1.39852,-0.593652,-5.58127e-05,-0.593596
101.088,-0.577561,-1.39772,-0.59384,-6.13199e-05,-0.593779
101.136,-0.588067,-1.39692,-0.594051,-5.88413e-05,-0.593992
101.184,-0.57607,-1.39612,-0.594181,-6.16722e-05,-0.594119
101.232,-0.563056,-1.39531,-0.594418,-6.48972e-05,-0.594353
101.28,-0.548059,-1.39449,-0.594693,-6.88241e-05,-0.594624
101.328,-0.549551,-1.39366,-0.594973,-6.84184e-05,-0.594905
101.376,-0.526556,-1.39283,-0.595337,-7.487e-05,-0.595263
101.424,-0.570071,-1.39198,-0.595611,-6.31205e-05,-0.595548
101.472,-0.530555,-1.39114,-0.595881,-7.36956e-05,-0.595807
101.52,-0.564564,-1.39028,-0.596198,-6.44902e-05,-0.596134
101.568,-0.54706,-1.38942,-0.596456,-6.9068e-05,-0.596387
101.616,-0.568071,-1.38855,-0.59667,-6.36009e-05,-0.596607
101.664,-0.599081,-1.38769,-0.596797,-5.63147e-05,-0.596741
101.712,-0.561565,-1.38682,-0.597037,-6.52361e-05,-0.596972
101.76,-0.573562,-1.38594,-0.597173,-6.22339e-05,-0.597111
101.808,-0.561565,-1.38507,-0.597356,-6.52275e-05,-0.59729
101.856,-0.601081,-1.38419,-0.59747,-5.586e-05,-0.597414
101.904,-0.573562,-1.38331,-0.597576,-6.22215e-05,-0.597513
101.952,-0.577561,-1.38243,-0.597687,-6.12492e-05,-0.597626
102,-0.570563,-1.38154,-0.597806,-6.29493e-05,-0.597743
102.048,-0.565056,-1.38065,-0.598012,-6.43192e-05,-0.597948
102.096,-0.565056,-1.37975,-0.598191,-6.43148e-05,-0.598127
102.144,-0.556566,-1.37885,-0.598298,-6.64876e-05,-0.598231
102.192,-0.577561,-1.37795,-0.598393,-6.12285e-05,-0.598331
102.24,-0.581577,-1.37705,-0.598515,-6.02678e-05,-0.598455
102.288,-0.593574,-1.37615,-0.598561,-5.7494e-05,-0.598503
102.336,-0.587575,-1.37525,-0.598599,-5.88585e-05,-0.59854
102.384,-0.559057,-1.37433,-0.598834,-6.58188e-05,-0.598768
102.432,-0.542061,-1.37341,-0.599093,-7.03502e-05,-0.599023
102.48,-0.534554,-1.37247,-0.599424,-7.24468e-05,-0.599351
102.528,-0.526556,-1.37152,-0.599725,-7.47497e-05,-0.59965
102.576,-0.562564,-1.37057,-0.599977,-6.49012e-05,-0.599912
102.624,-0.537553,-1.36961,-0.600202,-7.15842e-05,-0.600131
102.672,-0.555058,-1.36865,-0.600382,-6.68304e-05,-0.600316
102.72,-0.531047,-1.36768,-0.600655,-7.34235e-05,-0.600581
102.768,-0.535554,-1.3667,-0.600871,-7.21319e-05,-0.600798
102.816,-0.526048,-1.36572,-0.60113,-7.48659e-05,-0.601055
102.864,-0.525556,-1.36472,-0.601442,-7.50048e-05,-0.601367
102.912,-0.533046,-1.3637,-0.601808,-7.28282e-05,-0.601735
102.96,-0.545552,-1.36268,-0.602127,-6.93375e-05,-0.602058
103.008,-0.524048,-1.36165,-0.60242,-7.54321e-05,-0.602344
103.056,-0.533046,-1.36061,-0.602719,-7.28112e-05,-0.602647
103.104,-0.524048,-1.35956,-0.603056,-7.54202e-05,-0.602981
103.152,-0.508035,-1.3585,-0.603398,-8.03015e-05,-0.603318
103.2,-0.49553,-1.35742,-0.603783,-8.43306e-05,-0.603698
103.248,-0.588067,-1.35635,-0.60396,-5.86614e-05,-0.603901
103.296,-0.559565,-1.35526,-0.604174,-6.55932e-05,-0.604108
103.344,-0.563056,-1.35418,-0.604277,-6.4696e-05,-0.604213
103.392,-0.540061,-1.35308,-0.604557,-7.07953e-05,-0.604486
103.44,-0.516542,-1.35198,-0.604798,-7.76288e-05,-0.60472
103.488,-0.54406,-1.35087,-0.604954,-6.9682e-05,-0.604884
103.536,-0.537045,-1.34976,-0.60507,-7.16194e-05,-0.604999
103.584,-0.566564,-1.34864,-0.605156,-6.37855e-05,-0.605092
103.632,-0.586576,-1.34753,-0.605123,-5.89661e-05,-0.605064
103.68,-0.562564,-1.34641,-0.605126,-6.47828e-05,-0.605062
103.728,-0.579577,-1.34529,-0.605176,-6.05966e-05,-0.605115
103.776,-0.557565,-1.34416,-0.605265,-6.60541e-05,-0.605199
103.824,-0.570563,-1.34304,-0.605269,-6.27664e-05,-0.605207
103.872,-0.575562,-1.34191,-0.60523,-6.15426e-05,-0.605169
103.92,-0.532554,-1.34077,-0.605321,-7.28423e-05,-0.605249
103.968,-0.551059,-1.33963,-0.605399,-6.7738e-05,-0.605332
104.016,-0.527556,-1.33848,-0.605508,-7.42714e-05,-0.605434
104.064,-0.520541,-1.33732,-0.605726,-7.63361e-05,-0.60565
104.112,-0.521049,-1.33613,-0.606021,-7.61774e-05,-0.605945
104.16,-0.511543,-1.33494,-0.606282,-7.90635e-05,-0.606203
104.208,-0.52354,-1.33374,-0.606541,-7.54231e-05,-0.606466
104.256,-0.518541,-1.33253,-0.606688,-7.69092e-05,-0.606611
104.304,-0.51605,-1.3313,-0.606976,-7.7657e-05,-0.606898
104.352,-0.49253,-1.33006,-0.607297,-8.51518e-05,-0.607212
104.4,-0.498529,-1.3288,-0.607682,-8.31642e-05,-0.607598
104.448,-0.489531,-1.32752,-0.608137,-8.61426e-05,-0.608051
104.496,-0.478533,-1.32622,-0.608487,-8.99299e-05,-0.608397
104.544,-0.512542,-1.32491,-0.608827,-7.86944e-05,-0.608748
104.592,-0.499037,-1.32359,-0.609156,-8.2966e-05,-0.609073
104.64,-0.490531,-1.32225,-0.609471,-8.57714e-05,-0.609385
104.688,-0.49253,-1.3209,-0.609822,-8.50927e-05,-0.609737
104.736,-0.506036,-1.31953,-0.610124,-8.06952e-05,-0.610043
104.784,-0.501037,-1.31814,-0.610394,-8.2284e-05,-0.610312
104.832,-0.526048,-1.31675,-0.610618,-7.45891e-05,-0.610543
104.88,-0.549059,-1.31536,-0.610605,-6.81458e-05,-0.610536
104.928,-0.554058,-1.31397,-0.610596,-6.68159e-05,-0.610529
104.976,-0.514542,-1.31256,-0.610676,-7.80067e-05,-0.610598
105.024,-0.505036,-1.31113,-0.610892,-8.09607e-05,-0.610811
105.072,-0.557057,-1.30969,-0.611005,-6.60132e-05,-0.610939
105.12,-0.561565,-1.30826,-0.610995,-6.48496e-05,-0.61093
105.168,-0.531555,-1.3068,-0.611124,-7.29405e-05,-0.611051
105.216,-0.575562,-1.30534,-0.611161,-6.13723e-05,-0.6111
105.264,-0.522049,-1.30386,-0.611241,-7.5694e-05,-0.611165
105.312,-0.54406,-1.30238,-0.611254,-6.94265e-05,-0.611185
105.36,-0.521049,-1.30089,-0.611308,-7.59742e-05,-0.611232
105.408,-0.529047,-1.29938,-0.611339,-7.36198e-05,-0.611265
105.456,-0.540061,-1.29787,-0.611366,-7.04997e-05,-0.611296
105.504,-0.579577,-1.29635,-0.611332,-6.03722e-05,-0.611272
105.552,-0.503544,-1.2948,-0.61144,-8.13347e-05,-0.611359
105.6,-0.537553,-1.29325,-0.611493,-7.11714e-05,-0.611422
105.648,-0.48704,-1.29167,-0.611723,-8.67521e-05,-0.611636
105.696,-0.507035,-1.29007,-0.611905,-8.02e-05,-0.611824
105.744,-0.512542,-1.28846,-0.612136,-7.8477e-05,-0.612057
105.792,-0.545552,-1.28683,-0.612248,-6.89402e-05,-0.612179
105.84,-0.504036,-1.28517,-0.612475,-8.11187e-05,-0.612394
105.888,-0.523048,-1.28349,-0.612742,-7.52813e-05,-0.612667
105.936,-0.501545,-1.28179,-0.613006,-8.1894e-05,-0.612924
105.984,-0.520541,-1.28008,-0.613111,-7.60055e-05,-0.613035
106.032,-0.48504,-1.27833,-0.61336,-8.73465e-05,-0.613273
106.08,-0.510543,-1.27657,-0.613613,-7.90234e-05,-0.613534
106.128,-0.473534,-1.27477,-0.613937,-9.13527e-05,-0.613846
106.176,-0.505036,-1.27295,-0.614179,-8.07263e-05,-0.614098
106.224,-0.502036,-1.27111,-0.614376,-8.16699e-05,-0.614294
106.272,-0.541553,-1.26926,-0.614458,-6.99364e-05,-0.614388
106.32,-0.526556,-1.26738,-0.614548,-7.41621e-05,-0.614474
106.368,-0.496529,-1.26549,-0.614601,-8.34171e-05,-0.614517
106.416,-0.524048,-1.26356,-0.614718,-7.48732e-05,-0.614643
106.464,-0.51705,-1.26162,-0.614742,-7.69451e-05,-0.614665
106.512,-0.55255,-1.25966,-0.614732,-6.69355e-05,-0.614665
106.56,-0.497038,-1.25768,-0.614772,-8.32016e-05,-0.614689
106.608,-0.493038,-1.25567,-0.614855,-8.45037e-05,-0.61477
106.656,-0.498529,-1.25363,-0.614996,-8.26909e-05,-0.614914
106.704,-0.492039,-1.25156,-0.615047,-8.48091e-05,-0.614963
106.752,-0.542552,-1.24947,-0.615054,-6.9558e-05,-0.614985
106.8,-0.512051,-1.24736,-0.615016,-7.83832e-05,-0.614938
106.848,-0.52154,-1.24522,-0.615044,-7.55076e-05,-0.614968
106.896,-0.571071,-1.24305,-0.614968,-6.21677e-05,-0.614906
106.944,-0.512542,-1.24085,-0.615019,-7.81934e-05,-0.614941
106.992,-0.531555,-1.23863,-0.61497,-7.25634e-05,-0.614897
107.04,-0.491039,-1.23637,-0.61502,-8.50438e-05,-0.614935
107.088,-0.515542,-1.23407,-0.615089,-7.72392e-05,-0.615012
107.136,-0.491531,-1.23174,-0.615162,-8.48501e-05,-0.615078
107.184,-0.488039,-1.22937,-0.615266,-8.60041e-05,-0.61518
107.232,-0.481025,-1.22696,-0.615403,-8.83864e-05,-0.615314
107.28,-0.475534,-1.2245,-0.615551,-9.0293e-05,-0.615461
107.328,-0.46452,-1.222,-0.615702,-9.42601e-05,-0.615608
107.376,-0.467519,-1.21945,-0.615882,-9.31399e-05,-0.615789
107.424,-0.507035,-1.21685,-0.616039,-7.97543e-05,-0.615959
107.472,-0.446016,-1.2142,-0.616257,-0.000101293,-0.616156
107.52,-0.469519,-1.21149,-0.616531,-9.23564e-05,-0.616438
107.568,-0.45703,-1.20873,-0.616785,-9.69714e-05,-0.616688
107.616,-0.459029,-1.20591,-0.617002,-9.61934e-05,-0.616906
107.664,-0.480025,-1.20303,-0.617225,-8.85718e-05,-0.617136
107.712,-0.437018,-1.20008,-0.617527,-0.000104818,-0.617422
107.76,-0.447524,-1.19707,-0.617749,-0.000100565,-0.617649
107.808,-0.483532,-1.19401,-0.617867,-8.73018e-05,-0.617779
107.856,-0.478025,-1.19088,-0.617973,-8.91862e-05,-0.617884
107.904,-0.485532,-1.18768,-0.618121,-8.65781e-05,-0.618035
107.952,-0.490531,-1.18441,-0.618143,-8.48764e-05,-0.618058
108,-0.495038,-1.18108,-0.618147,-8.33682e-05,-0.618063
108.048,-0.477534,-1.17768,-0.618156,-8.92683e-05,-0.618067
108.096,-0.498037,-1.1742,-0.61814,-8.23501e-05,-0.618058
108.144,-0.536046,-1.17064,-0.618041,-7.09278e-05,-0.61797
108.192,-0.469027,-1.167,-0.618116,-9.22207e-05,-0.618024
108.24,-0.479025,-1.16326,-0.618201,-8.86499e-05,-0.618112
108.288,-0.506036,-1.15943,-0.618187,-7.97173e-05,-0.618107
108.336,-0.490531,-1.15551,-0.618159,-8.4689e-05,-0.618074
108.384,-0.499545,-1.15149,-0.618125,-8.17225e-05,-0.618044
108.432,-0.498037,-1.14736,-0.618104,-8.21812e-05,-0.618022
108.48,-0.467519,-1.14313,-0.618087,-9.25983e-05,-0.617994
108.528,-0.484532,-1.13878,-0.61795,-8.65937e-05,-0.617864
108.576,-0.49353,-1.13432,-0.617856,-8.3563e-05,-0.617773
108.624,-0.466028,-1.12972,-0.617829,-9.30458e-05,-0.617736
108.672,-0.501545,-1.12499,-0.617707,-8.09198e-05,-0.617626
108.72,-0.480025,-1.1201,-0.617726,-8.80117e-05,-0.617638
108.768,-0.471535,-1.11507,-0.617744,-9.09559e-05,-0.617653
108.816,-0.431019,-1.10986,-0.617786,-0.000106574,-0.61768
108.864,-0.474026,-1.10448,-0.617832,-8.99986e-05,-0.617742
108.912,-0.471535,-1.09892,-0.617824,-9.08433e-05,-0.617733
108.96,-0.453014,-1.09316,-0.617857,-9.76428e-05,-0.617759
109.008,-0.45503,-1.08718,-0.617912,-9.68296e-05,-0.617815
109.056,-0.46552,-1.08098,-0.617945,-9.28834e-05,-0.617853
109.104,-0.416514,-1.07454,-0.618089,-0.000112506,-0.617976
109.152,-0.448015,-1.06783,-0.61816,-9.93821e-05,-0.61806
109.2,-0.452523,-1.06086,-0.618157,-9.75888e-05,-0.61806
109.248,-0.453522,-1.0536,-0.618098,-9.71527e-05,-0.618001
109.296,-0.413007,-1.04602,-0.618183,-0.000113814,-0.61807
109.344,-0.397993,-1.03808,-0.618356,-0.000120641,-0.618235
109.392,-0.390503,-1.02976,-0.618488,-0.000124157,-0.618364
109.44,-0.417006,-1.02104,-0.618564,-0.000111828,-0.618452
109.488,-0.428511,-1.0119,-0.618525,-0.00010682,-0.618418
109.536,-0.412007,-1.00228,-0.618491,-0.000113877,-0.618377
109.584,-0.429003,-0.99216,-0.618343,-0.000106452,-0.618237
109.632,-0.437018,-0.98149,-0.618106,-0.000103074,-0.618003
109.68,-0.448015,-0.970219,-0.617788,-9.86376e-05,-0.61769
109.728,-0.434018,-0.958278,-0.617495,-0.000104106,-0.61739
109.776,-0.434018,-0.945589,-0.617225,-0.000104004,-0.617121
109.824,-0.423004,-0.932069,-0.616971,-0.000108481,-0.616862
109.872,-0.440017,-0.91763,-0.61662,-0.000101367,-0.616518
109.92,-0.453014,-0.902173,-0.616128,-9.62154e-05,-0.616032
109.968,-0.446524,-0.885562,-0.615589,-9.85686e-05,-0.615491
110.016,-0.456522,-0.867643,-0.614965,-9.46476e-05,-0.614871
110.064,-0.436018,-0.848214,-0.614407,-0.000102417,-0.614305
110.112,-0.461521,-0.827079,-0.613558,-9.25188e-05,-0.613465
110.16,-0.452523,-0.803954,-0.612664,-9.56693e-05,-0.612569
110.208,-0.467028,-0.778495,-0.611626,-9.02011e-05,-0.611536
110.256,-0.422513,-0.750268,-0.61053,-0.000107167,-0.610423
110.304,-0.458521,-0.718705,-0.609298,-9.28274e-05,-0.609205
110.352,-0.420005,-0.683095,-0.607872,-0.000107661,-0.607764
110.4,-0.395994,-0.642438,-0.606311,-0.000117915,-0.606194
110.448,-0.415514,-0.595382,-0.604426,-0.000108826,-0.604317
110.496,-0.402501,-0.539957,-0.602258,-0.000114028,-0.602144
110.544,-0.446016,-0.473274,-0.599329,-9.56414e-05,-0.599233
110.592,-0.39901,-0.39064,-0.595874,-0.000114257,-0.59576
110.64,-0.409499,-0.284028,-0.591272,-0.000108742,-0.591163
110.688,-0.377998,-0.138158,-0.585082,-0.000121644,-0.58496
110.736,-0.396502,0.0802614,-0.575696,-0.000111226,-0.575585
110.784,-0.388504,0.456002,-0.55958,-0.000111474,-0.559468
110.832,-0.408008,1.1753,-0.528219,-9.74073e-05,-0.528121
110.88,-0.368983,1.72221,-0.49443,-0.000106159,-0.494324
110.928,-0.379997,0.642266,-0.533337,-0.000109584,-0.533227
110.976,-0.359477,-0.819972,-0.615196,-0.000136899,-0.615059
111.024,-0.383488,-0.91785,-0.625009,-0.0001265,-0.624882
111.072,-0.378997,-0.905239,-0.624934,-0.000128642,-0.624805
111.12,-0.394502,-0.889387,-0.62457,-0.000120906,-0.624449
111.168,-0.362985,-0.872246,-0.624267,-0.000136628,-0.62413
111.216,-0.4045,-0.853698,-0.623775,-0.000115937,-0.623659
111.264,-0.392503,-0.833551,-0.623153,-0.000121331,-0.623032
111.312,-0.39901,-0.811544,-0.62246,-0.000118073,-0.622342
111.36,-0.389503,-0.787373,-0.621656,-0.000122327,-0.621534
111.408,-0.356478,-0.760645,-0.620771,-0.000138948,-0.620633
111.456,-0.391503,-0.730874,-0.619675,-0.000120839,-0.619554
111.504,-0.385504,-0.697429,-0.618382,-0.000123393,-0.618258
111.552,-0.397993,-0.659465,-0.61684,-0.000117149,-0.616723
111.6,-0.376998,-0.615824,-0.615057,-0.000126768,-0.61493
111.648,-0.401501,-0.564887,-0.612855,-0.000114698,-0.612741
111.696,-0.417006,-0.504269,-0.610183,-0.000107423,-0.610076
111.744,-0.396994,-0.430276,-0.60696,-0.00011552,-0.606844
111.792,-0.361493,-0.336823,-0.602845,-0.000131804,-0.602713
111.84,-0.392994,-0.212957,-0.597251,-0.000115368,-0.597136
111.888,-0.4045,-0.0364281,-0.589325,-0.000108771,-0.589217
111.936,-0.412007,0.245262,-0.576809,-0.000103332,-0.576705
111.984,-0.409499,0.76917,-0.553872,-0.000100165,-0.553771
112.032,-0.370983,1.59579,-0.513551,-0.000107971,-0.513443
112.08,-0.405008,1.38505,-0.510379,-9.38548e-05,-0.510286
112.128,-0.389995,-0.345166,-0.589231,-0.000114878,-0.589116
112.176,-0.371983,-0.909551,-0.631808,-0.000132118,-0.631676
112.224,-0.395502,-0.911228,-0.632886,-0.000120634,-0.632765
112.272,-0.37549,-0.89666,-0.632466,-0.000130336,-0.632335
112.32,-0.383996,-0.880677,-0.632022,-0.000125905,-0.631896
112.368,-0.378489,-0.86343,-0.631489,-0.000128481,-0.63136
112.416,-0.378489,-0.84473,-0.630996,-0.000128295,-0.630868
112.464,-0.380489,-0.824382,-0.630352,-0.000127092,-0.630225
112.512,-0.368492,-0.802108,-0.629737,-0.000132982,-0.629604
112.56,-0.378489,-0.777592,-0.628996,-0.000127627,-0.628868
112.608,-0.363984,-0.750444,-0.62805,-0.00013481,-0.627916
112.656,-0.379997,-0.720147,-0.626899,-0.000126308,-0.626773
112.704,-0.348988,-0.686022,-0.625612,-0.000142258,-0.62547
112.752,-0.364984,-0.647164,-0.624111,-0.000133206,-0.623978
112.8,-0.365984,-0.602346,-0.62232,-0.000132221,-0.622188
112.848,-0.370983,-0.549834,-0.620063,-0.000129124,-0.619934
112.896,-0.37649,-0.487029,-0.617327,-0.000125746,-0.617202
112.944,-0.382489,-0.409886,-0.613893,-0.000122084,-0.613771
112.992,-0.372491,-0.311611,-0.609511,-0.000125991,-0.609385
113.04,-0.342972,-0.179705,-0.603659,-0.000139998,-0.603519
113.088,-0.351987,0.0118332,-0.59499,-0.000133134,-0.594857
113.136,-0.371983,0.326272,-0.58088,-0.000120129,-0.580759
113.184,-0.361493,0.922833,-0.554378,-0.000119408,-0.554258
113.232,-0.381489,1.68928,-0.51363,-0.000102248,-0.513528
113.28,-0.368492,1.12982,-0.527241,-0.000110393,-0.52713
113.328,-0.364984,-0.608896,-0.614757,-0.000130432,-0.614627
113.376,-0.357986,-0.91384,-0.640961,-0.000139704,-0.640822
113.424,-0.362493,-0.907321,-0.641294,-0.000137261,-0.641157
113.472,-0.344972,-0.892809,-0.640881,-0.000146857,-0.640734
113.52,-0.346988,-0.877049,-0.640455,-0.000145523,-0.640309
113.568,-0.361493,-0.860034,-0.639985,-0.000137297,-0.639848
113.616,-0.337482,-0.841599,-0.639442,-0.000150634,-0.639291
113.664,-0.319469,-0.821528,-0.638856,-0.000161404,-0.638694
113.712,-0.309472,-0.799561,-0.63822,-0.000167569,-0.638053
113.76,-0.31647,-0.775357,-0.637653,-0.000162728,-0.637491
113.808,-0.320977,-0.748553,-0.636813,-0.000159544,-0.636654
113.856,-0.331483,-0.718651,-0.635713,-0.00015275,-0.635561
113.904,-0.324468,-0.684967,-0.634544,-0.000156598,-0.634387
113.952,-0.343989,-0.646642,-0.633045,-0.000144627,-0.6329
114,-0.331975,-0.602467,-0.631304,-0.00015108,-0.631153
114.048,-0.310471,-0.550724,-0.629315,-0.000163705,-0.629151
114.096,-0.300965,-0.488894,-0.62686,-0.0001691,-0.626691
114.144,-0.298966,-0.413076,-0.623668,-0.000169422,-0.623498
114.192,-0.314962,-0.316748,-0.619469,-0.000157928,-0.619311
114.24,-0.310963,-0.188033,-0.613684,-0.000158817,-0.613525
114.288,-0.290967,-0.00237806,-0.605392,-0.000169298,-0.605223
114.336,-0.304456,0.299139,-0.591897,-0.000156863,-0.59174
114.384,-0.299965,0.866504,-0.566479,-0.000152675,-0.566326
114.432,-0.307472,1.65686,-0.525269,-0.000137326,-0.525131
114.48,-0.337482,1.22615,-0.532848,-0.000123774,-0.532724
114.528,-0.330483,-0.522882,-0.619716,-0.00014787,-0.619568
114.576,-0.341481,-0.910786,-0.652282,-0.00014898,-0.652133
114.624,-0.312471,-0.907034,-0.653013,-0.000166994,-0.652846
114.672,-0.357494,-0.892913,-0.652578,-0.000139822,-0.652438
114.72,-0.285952,-0.877528,-0.652289,-0.000184869,-0.652104
114.768,-0.320469,-0.860917,-0.651872,-0.000161264,-0.651711
114.816,-0.312963,-0.842941,-0.651311,-0.000165849,-0.651145
114.864,-0.309963,-0.823393,-0.650661,-0.000167556,-0.650494
114.912,-0.329975,-0.802023,-0.649956,-0.000154656,-0.649802
114.96,-0.316962,-0.778549,-0.649087,-0.000162454,-0.648925
115.008,-0.298966,-0.752581,-0.648185,-0.000173977,-0.648011
115.056,-0.299965,-0.723644,-0.64716,-0.000172906,-0.646987
115.104,-0.304456,-0.691118,-0.646015,-0.000169458,-0.645845
115.152,-0.319977,-0.654214,-0.644537,-0.000158996,-0.644378
115.2,-0.283952,-0.611802,-0.642963,-0.000182507,-0.64278
115.248,-0.260449,-0.562351,-0.640967,-0.000199348,-0.640768
115.296,-0.265956,-0.503594,-0.63853,-0.000194196,-0.638336
115.344,-0.277462,-0.43207,-0.635461,-0.000184595,-0.635277
115.392,-0.271447,-0.342128,-0.631556,-0.000187673,-0.631368
115.44,-0.271447,-0.223735,-0.626221,-0.000185942,-0.626035
115.488,-0.266956,-0.0569147,-0.61871,-0.000186796,-0.618523
115.536,-0.254942,0.204263,-0.606871,-0.000191867,-0.606679
115.584,-0.25745,0.678825,-0.585321,-0.000183086,-0.585138
115.632,-0.25845,1.48865,-0.54552,-0.000169822,-0.545351
115.68,-0.252943,1.50831,-0.531841,-0.000169005,-0.531672
115.728,-0.238946,-0.0945757,-0.6047,-0.000202791,-0.604497
115.776,-0.248436,-0.89424,-0.663015,-0.000213997,-0.662801
115.824,-0.237438,-0.908793,-0.66579,-0.000224122,-0.665566
115.872,-0.249452,-0.895458,-0.665709,-0.0002136,-0.665496
115.92,-0.248944,-0.880548,-0.665612,-0.000213779,-0.665399
115.968,-0.234439,-0.864453,-0.66548,-0.000226003,-0.665254
116.016,-0.251451,-0.84704,-0.665171,-0.000211138,-0.66496
116.064,-0.239946,-0.828121,-0.664766,-0.000220554,-0.664545
116.112,-0.241945,-0.807467,-0.664257,-0.000218481,-0.664038
116.16,-0.242437,-0.784798,-0.663648,-0.000217677,-0.66343
116.208,-0.244944,-0.759775,-0.662877,-0.000215128,-0.662662
116.256,-0.269447,-0.731952,-0.661977,-0.000195004,-0.661782
116.304,-0.246436,-0.700781,-0.66091,-0.000212893,-0.660697
116.352,-0.22644,-0.665508,-0.659704,-0.000229617,-0.659475
116.4,-0.219933,-0.625136,-0.658277,-0.000234806,-0.658043
116.448,-0.221933,-0.578305,-0.656454,-0.000232122,-0.656222
116.496,-0.211427,-0.522997,-0.654392,-0.000240835,-0.654151
116.544,-0.247436,-0.456273,-0.651515,-0.000208045,-0.651307
116.592,-0.206428,-0.373365,-0.64797,-0.000242739,-0.647727
116.64,-0.236438,-0.26609,-0.643067,-0.000213998,-0.642853
116.688,-0.247436,-0.118863,-0.636163,-0.000202624,-0.63596
116.736,-0.250451,0.102345,-0.625723,-0.000196823,-0.625526
116.784,-0.221441,0.483692,-0.60804,-0.000214088,-0.607826
116.832,-0.205428,1.2019,-0.573931,-0.00021493,-0.573716
116.88,-0.187924,1.69212,-0.539855,-0.000216288,-0.539639
116.928,-0.187924,0.574404,-0.584782,-0.000234046,-0.584548
116.976,-0.193415,-0.822023,-0.671388,-0.000262716,-0.671125
117.024,-0.184925,-0.910429,-0.68136,-0.000275341,-0.681084
117.072,-0.150899,-0.898969,-0.68173,-0.000314382,-0.681415
117.12,-0.170911,-0.884491,-0.681828,-0.000290345,-0.681537
117.168,-0.181925,-0.868846,-0.681823,-0.000277743,-0.681545
117.216,-0.16842,-0.851933,-0.681703,-0.000292454,-0.68141
117.264,-0.165912,-0.833559,-0.681561,-0.000294921,-0.681266
117.312,-0.131395,-0.813502,-0.68146,-0.000337108,-0.681123
117.36,-0.151407,-0.791525,-0.681084,-0.000311152,-0.680773
117.408,-0.111891,-0.76728,-0.680759,-0.000362572,-0.680397
117.456,-0.11889,-0.740354,-0.680294,-0.000352027,-0.679942
117.504,-0.133903,-0.710227,-0.679675,-0.000331139,-0.679344
117.552,-0.141409,-0.676236,-0.678767,-0.000320689,-0.678446
117.6,-0.161913,-0.637465,-0.677571,-0.000295038,-0.677276
117.648,-0.105893,-0.592659,-0.676197,-0.00036617,-0.675831
117.696,-0.163405,-0.54006,-0.67414,-0.000291093,-0.673849
117.744,-0.146408,-0.477043,-0.671585,-0.000309609,-0.671275
117.792,-0.120398,-0.399444,-0.668421,-0.000340749,-0.668081
117.84,-0.126904,-0.300336,-0.664108,-0.000329604,-0.663778
117.888,-0.11589,-0.166969,-0.657929,-0.000340567,-0.657588
117.936,-0.121397,0.02744,-0.648797,-0.000328283,-0.648468
117.984,-0.0953866,0.348018,-0.633704,-0.000354562,-0.63335
118.032,-0.134903,0.954549,-0.604615,-0.000289432,-0.604326
118.08,-0.102893,1.68855,-0.56164,-0.000304395,-0.561335
118.128,-0.117398,1.06898,-0.580368,-0.000296835,-0.580072
118.176,-0.122397,-0.638064,-0.676333,-0.000338836,-0.675994
118.224,-0.0793737,-0.90872,-0.702839,-0.000416178,-0.702423
118.272,-0.0898796,-0.901667,-0.70366,-0.000399367,-0.70326
118.32,-0.103385,-0.88735,-0.703764,-0.000378371,-0.703386
118.368,-0.0703756,-0.871783,-0.7039,-0.000430082,-0.70347
118.416,-0.0938787,-0.854936,-0.703941,-0.000391742,-0.70355
118.464,-0.0518714,-0.836611,-0.704195,-0.00046115,-0.703734
118.512,-0.0558706,-0.81663,-0.704196,-0.000453279,-0.703743
118.56,-0.0523631,-0.794722,-0.704109,-0.000458767,-0.70365
118.608,-0.0528712,-0.770557,-0.703949,-0.000456995,-0.703492
118.656,-0.0113556,-0.743735,-0.703744,-0.000536553,-0.703208
118.704,-0.0258606,-0.713724,-0.703332,-0.000505743,-0.702826
118.752,0.0161631,-0.679831,-0.702976,-0.000594621,-0.702382
118.8,-0.00935601,-0.64119,-0.702104,-0.000536462,-0.701568
118.848,0.0141471,-0.596521,-0.701138,-0.000586121,-0.700552
118.896,0.0421738,-0.544058,-0.699845,-0.000651406,-0.699194
118.944,0.049664,-0.481178,-0.698004,-0.000667492,-0.697336
118.992,0.035667,-0.403791,-0.69532,-0.000628091,-0.694692
119.04,0.0956869,-0.304992,-0.691791,-0.000788254,-0.691003
119.088,0.0881803,-0.172082,-0.686323,-0.000757527,-0.685566
119.136,0.143201,0.0214732,-0.678042,-0.000925348,-0.677117
119.184,0.181717,0.340328,-0.66364,-0.0010494,-0.66259
119.232,0.525348,0.945562,-0.638827,-0.00381043,-0.635017
119.28,0.803944,1.69514,-0.604185,-0.0102487,-0.593936
119.328,0.886483,1.09299,-0.632994,-0.0143743,-0.61862
119.376,0.849475,-0.625724,-0.742644,-0.0145884,-0.728056
119.424,0.75443,-0.906143,-0.774255,-0.0105996,-0.763655
119.472,0.615378,-0.896653,-0.775459,-0.00622993,-0.769229
119.52,0.522349,-0.879087,-0.777244,-0.00434564,-0.772898
119.568,0.426812,-0.859906,-0.778428,-0.00299599,-0.775432
119.616,0.345272,-0.83898,-0.77929,-0.00217806,-0.777112
119.664,0.278254,-0.816106,-0.779667,-0.00167429,-0.777992
119.712,0.208728,-0.790956,-0.779494,-0.0012738,-0.77822
119.76,0.20173,-0.763102,-0.779242,-0.00123677,-0.778005
119.808,0.186225,-0.732038,-0.77855,-0.00116126,-0.777388
119.856,0.167212,-0.697066,-0.777519,-0.00107516,-0.776444
119.904,0.157706,-0.657271,-0.776157,-0.00103274,-0.775124
119.952,0.135695,-0.611363,-0.774429,-0.000944184,-0.773485
120,0.163213,-0.557611,-0.772204,-0.00104703,-0.771157
120.048,0.17821,-0.493279,-0.76939,-0.00110466,-0.768285
120.096,0.174719,-0.41419,-0.765626,-0.00108297,-0.764543
120.144,0.175719,-0.313252,-0.760654,-0.00107866,-0.759576
120.192,0.195223,-0.177355,-0.75376,-0.0011518,-0.752608
120.24,0.164213,0.021113,-0.743062,-0.00100469,-0.742057
120.288,0.193715,0.350191,-0.725399,-0.00109906,-0.7243
120.336,0.193715,0.978791,-0.691041,-0.00104559,-0.689996
120.384,0.212235,1.71527,-0.64114,-0.00104124,-0.640098
120.432,0.228232,1.02918,-0.666839,-0.00115078,-0.665688
120.48,0.218234,-0.673277,-0.778478,-0.00129018,-0.777188
120.528,0.245245,-0.909888,-0.806238,-0.00148205,-0.804755
120.576,0.265748,-0.898675,-0.807407,-0.0016048,-0.805802
120.624,0.258242,-0.880768,-0.807595,-0.00155632,-0.806039
120.672,0.280762,-0.861234,-0.807874,-0.0016967,-0.806177
120.72,0.273255,-0.839962,-0.807887,-0.00164501,-0.806242
120.768,0.267748,-0.81667,-0.807827,-0.00160713,-0.80622
120.816,0.278254,-0.79103,-0.807684,-0.00167105,-0.806013
120.864,0.245736,-0.762655,-0.806956,-0.00146864,-0.805487
120.912,0.241737,-0.730968,-0.806112,-0.00144233,-0.804669
120.96,0.281761,-0.695226,-0.805373,-0.00168149,-0.803692
121.008,0.300266,-0.654463,-0.80429,-0.00180159,-0.802488
121.056,0.294267,-0.607349,-0.802719,-0.00175348,-0.800965
121.104,0.299266,-0.551952,-0.80078,-0.00178028,-0.799
121.152,0.345272,-0.485374,-0.798562,-0.00211885,-0.796443
121.2,0.37879,-0.403011,-0.795521,-0.0023987,-0.793123
121.248,0.628391,-0.296418,-0.795535,-0.00625015,-0.789285
121.296,0.961008,-0.14699,-0.807154,-0.0215733,-0.78558
121.344,1.02554,0.0811525,-0.805211,-0.0267412,-0.77847
121.392,1.04153,0.478426,-0.788951,-0.0274485,-0.761502
121.44,0.954501,1.23777,-0.74004,-0.0188621,-0.721178
121.488,0.849475,1.72035,-0.693135,-0.0120097,-0.681125
121.536,0.745432,0.515715,-0.755478,-0.00885146,-0.746627
121.584,0.629883,-0.842974,-0.864937,-0.00651997,-0.858417
121.632,0.55385,-0.911507,-0.875628,-0.00492016,-0.870708
121.68,0.470819,-0.893898,-0.875228,-0.00356355,-0.871664
121.728,0.459821,-0.873015,-0.875328,-0.00340923,-0.871919
121.776,0.412799,-0.850348,-0.874466,-0.0028352,-0.871631
121.824,0.361777,-0.825608,-0.873191,-0.00232032,-0.87087
121.872,0.360285,-0.798384,-0.872091,-0.00230201,-0.869789
121.92,0.353779,-0.768234,-0.870754,-0.00223917,-0.868515
121.968,0.350288,-0.73455,-0.869165,-0.00220315,-0.866962
122.016,0.37879,-0.696546,-0.867595,-0.00245442,-0.86514
122.064,0.385788,-0.653128,-0.865533,-0.00251365,-0.863019
122.112,0.417798,-0.602723,-0.863502,-0.00283565,-0.860666
122.16,0.379789,-0.543296,-0.860046,-0.0024347,-0.857612
122.208,0.423813,-0.471439,-0.856597,-0.0028731,-0.853724
122.256,0.438809,-0.381762,-0.851749,-0.00302417,-0.848725
122.304,0.431319,-0.264805,-0.844844,-0.00291074,-0.841933
122.352,0.455314,-0.101814,-0.835435,-0.0031546,-0.832281
122.4,0.452823,0.149831,-0.820198,-0.00306382,-0.817134
122.448,0.449823,0.602642,-0.792726,-0.00292382,-0.789802
122.496,0.43581,1.42647,-0.739521,-0.00258086,-0.73694
122.544,0.422813,1.6093,-0.710407,-0.00235503,-0.708052
122.592,0.441317,0.0935908,-0.800114,-0.00284613,-0.797268
122.64,0.484324,-0.884809,-0.891912,-0.00374167,-0.88817
122.688,0.453823,-0.905443,-0.896546,-0.00333897,-0.893207
122.736,0.489831,-0.886113,-0.896908,-0.00383382,-0.893074
122.784,0.500829,-0.864311,-0.896871,-0.00399393,-0.892877
122.832,0.518841,-0.840519,-0.896838,-0.00427445,-0.892564
122.88,0.533855,-0.814353,-0.896755,-0.0045208,-0.892234
122.928,0.555358,-0.785487,-0.896539,-0.00490143,-0.891638
122.976,0.817957,-0.752256,-0.905328,-0.0133189,-0.892009
123.024,1.15057,-0.710738,-0.938464,-0.0439151,-0.894548
123.072,1.26563,-0.661031,-0.961517,-0.0635834,-0.897934
123.12,1.2336,-0.605834,-0.958031,-0.0572187,-0.900812
123.168,1.09406,-0.543833,-0.937877,-0.035728,-0.902149
123.216,1.01152,-0.468317,-0.928189,-0.0265481,-0.901641
123.264,0.901988,-0.37425,-0.916434,-0.0176862,-0.898748
123.312,0.775933,-0.250723,-0.903745,-0.0109321,-0.892813
123.36,0.701408,-0.076048,-0.890856,-0.00812594,-0.88273
123.408,0.658401,0.199788,-0.87223,-0.00674815,-0.865481
123.456,0.597382,0.710909,-0.837849,-0.00513023,-0.832718
123.504,0.578861,1.57213,-0.776034,-0.00442232,-0.771612
123.552,0.560865,1.47325,-0.762675,-0.00405364,-0.758621
123.6,0.528347,-0.236606,-0.876522,-0.00410963,-0.872413
123.648,0.526348,-0.902584,-0.949304,-0.00441509,-0.944889
123.696,0.518841,-0.902014,-0.950827,-0.00429482,-0.946532
123.744,0.539345,-0.880303,-0.949913,-0.00464153,-0.945271
123.792,0.540345,-0.85625,-0.948643,-0.00465082,-0.943992
123.84,0.547851,-0.829992,-0.947304,-0.00477795,-0.942527
123.888,0.565356,-0.801061,-0.94605,-0.00510053,-0.94095
123.936,0.54636,-0.769029,-0.94385,-0.00472806,-0.939122
123.984,0.578369,-0.733062,-0.942531,-0.0053348,-0.937196
124.032,0.58386,-0.692442,-0.940333,-0.00543172,-0.934901
124.08,0.591367,-0.645775,-0.937882,-0.0055708,-0.932311
124.128,0.63439,-0.59148,-0.935648,-0.00654541,-0.929103
124.176,0.621885,-0.52681,-0.931523,-0.00620699,-0.925316
124.224,0.650387,-0.447799,-0.927482,-0.00688203,-0.9206
124.272,0.644896,-0.347798,-0.921078,-0.0066862,-0.914392
124.32,0.6634,-0.214262,-0.913053,-0.0071032,-0.905949
124.368,0.69341,-0.0212483,-0.901477,-0.00784821,-0.893628
124.416,0.704408,0.294775,-0.881293,-0.00798683,-0.873306
124.464,0.81245,0.90076,-0.845683,-0.011467,-0.834216
124.512,1.14208,1.72286,-0.8067,-0.0346902,-0.772009
124.56,1.38316,1.19249,-0.869297,-0.0751145,-0.794182
124.608,1.41217,-0.574134,-1.02826,-0.0949383,-0.93332
124.656,1.28763,-0.901557,-1.05081,-0.0692926,-0.981514
124.704,1.1946,-0.885938,-1.03747,-0.0515341,-0.985934
124.752,1.08456,-0.860932,-1.02336,-0.0354318,-0.987926
124.8,0.98002,-0.833686,-1.01306,-0.0243866,-0.988671
124.848,0.847459,-0.803603,-1.00323,-0.0149346,-0.988293
124.896,0.831954,-0.769784,-1.00115,-0.0140562,-0.987093
124.944,0.777933,-0.731925,-0.996711,-0.0114369,-0.985274
124.992,0.732418,-0.68918,-0.99224,-0.00959272,-0.982647
125.04,0.706407,-0.6399,-0.988036,-0.008655,-0.979381
125.088,0.713422,-0.582245,-0.984237,-0.00884967,-0.975387
125.136,0.684412,-0.513379,-0.97835,-0.00787982,-0.97047
125.184,0.664892,-0.428712,-0.971515,-0.00726466,-0.96425
125.232,0.698409,-0.320193,-0.964478,-0.00818807,-0.95629
125.28,0.707915,-0.172714,-0.953981,-0.00839334,-0.945587
125.328,0.699409,0.0467074,-0.937933,-0.00798811,-0.929945
125.376,0.705408,0.422603,-0.911598,-0.00793891,-0.903659
125.424,0.750431,1.15353,-0.861373,-0.00888298,-0.85249
125.472,0.75443,1.75593,-0.802169,-0.00839255,-0.793777
125.52,0.727419,0.700277,-0.861972,-0.00814298,-0.853829
125.568,0.785948,-0.807019,-1.00003,-0.0117581,-0.988274
125.616,0.753938,-0.90815,-1.01559,-0.0105857,-1.00501
125.664,0.780949,-0.887475,-1.01607,-0.0117083,-1.00436
125.712,0.785948,-0.862477,-1.0151,-0.0119084,-1.00319
125.76,0.851966,-0.83477,-1.01721,-0.0152251,-1.00198
125.808,0.841968,-0.804328,-1.01535,-0.0146322,-1.00072
125.856,0.871978,-0.770185,-1.01574,-0.0163214,-0.99942
125.904,1.10106,-0.729764,-1.03566,-0.0371419,-0.998521
125.952,1.39218,-0.67633,-1.09121,-0.0924178,-0.998789
126,1.54873,-0.610126,-1.13512,-0.135692,-0.999427
126.048,1.48821,-0.536896,-1.11656,-0.117273,-0.999285
126.096,1.34265,-0.453053,-1.07633,-0.078919,-0.997414
126.144,1.21261,-0.349207,-1.04536,-0.0524179,-0.992947
126.192,1.09155,-0.212118,-1.01927,-0.0345156,-0.984753
126.24,0.989527,-0.0123174,-0.994702,-0.0236753,-0.971027
126.288,0.89948,0.319861,-0.963955,-0.0166054,-0.94735
126.336,0.846459,0.962056,-0.913882,-0.0129623,-0.90092
126.384,0.805452,1.74921,-0.841016,-0.0102494,-0.830767
126.432,0.780949,1.06725,-0.871184,-0.00969116,-0.861493
126.48,0.795454,-0.670156,-1.01914,-0.0119696,-1.00717
126.528,0.761936,-0.909011,-1.05255,-0.0109097,-1.04164
126.576,0.769935,-0.891071,-1.05153,-0.0112341,-1.0403
126.624,0.766444,-0.865628,-1.04907,-0.0110649,-1.038
126.672,0.786439,-0.837664,-1.04749,-0.0119077,-1.03558
126.72,0.768935,-0.806894,-1.04422,-0.0111189,-1.0331
126.768,0.840968,-0.77244,-1.0451,-0.0145417,-1.03056
126.816,0.885975,-0.733649,-1.04508,-0.0171434,-1.02794
126.864,0.876485,-0.689913,-1.04143,-0.016494,-1.02493
126.912,0.902988,-0.639177,-1.03971,-0.0181234,-1.02159
126.96,0.893482,-0.580002,-1.03497,-0.017417,-1.01755
127.008,0.923492,-0.508636,-1.03205,-0.0193474,-1.0127
127.056,0.959517,-0.420107,-1.02861,-0.0219206,-1.00669
127.104,0.979021,-0.305245,-1.02223,-0.0233188,-0.998913
127.152,1.00652,-0.14753,-1.01336,-0.0254343,-0.987928
127.2,1.15608,0.0954595,-1.0133,-0.0420184,-0.971285
127.248,1.4607,0.548443,-1.04223,-0.100744,-0.94149
127.296,1.63226,1.44284,-1.01447,-0.136502,-0.877964
127.344,1.58074,1.69404,-0.956648,-0.117245,-0.839403
127.392,1.4817,0.116469,-1.05894,-0.105884,-0.953059
127.44,1.30664,-0.909512,-1.14305,-0.0732936,-1.06976
127.488,1.11756,-0.926512,-1.11601,-0.0399129,-1.0761
127.536,0.975021,-0.904435,-1.09921,-0.0240807,-1.07513
127.584,0.889974,-0.879567,-1.09072,-0.0175974,-1.07312
127.632,0.830954,-0.852241,-1.08455,-0.0140937,-1.07046
127.68,0.789439,-0.822468,-1.07923,-0.0120291,-1.0672
127.728,0.776441,-0.789476,-1.07496,-0.0114238,-1.06354
127.776,0.770934,-0.752696,-1.07071,-0.0111564,-1.05956
127.824,0.785948,-0.711254,-1.06698,-0.0117696,-1.05521
127.872,0.792946,-0.664087,-1.06239,-0.0120402,-1.05035
127.92,0.787439,-0.60917,-1.05681,-0.0117423,-1.04507
127.968,0.81045,-0.544244,-1.05179,-0.0127408,-1.03905
128.016,0.865979,-0.464773,-1.04781,-0.0155862,-1.03222
128.064,0.874978,-0.364619,-1.03997,-0.015991,-1.02398
128.112,0.931506,-0.230913,-1.03298,-0.0194983,-1.01348
128.16,0.941996,-0.038644,-1.0187,-0.0199613,-0.998741
128.208,0.962008,0.274971,-0.996225,-0.0209584,-0.975266
128.256,1.02704,0.876517,-0.956241,-0.0252714,-0.930969
128.304,1.02953,1.71831,-0.881554,-0.0234817,-0.858072
128.352,1.06754,1.21583,-0.902753,-0.0273758,-0.875377
128.4,1.04104,-0.566996,-1.0529,-0.0291304,-1.02377
128.448,1.10257,-0.905902,-1.11096,-0.0378241,-1.07313
128.496,1.2061,-0.887698,-1.12749,-0.0535212,-1.07397
128.544,1.50071,-0.851977,-1.19813,-0.123864,-1.07426
128.592,1.67728,-0.806504,-1.25241,-0.177137,-1.07527
128.64,1.71329,-0.758973,-1.26385,-0.187225,-1.07662
128.688,1.55924,-0.712126,-1.2171,-0.139919,-1.07718
128.736,1.38416,-0.664718,-1.16665,-0.0902953,-1.07636
128.784,1.22161,-0.610099,-1.12878,-0.0550761,-1.0737
128.832,1.08005,-0.545633,-1.10314,-0.0340354,-1.06911
128.88,0.957009,-0.466977,-1.08423,-0.0218009,-1.06243
128.928,0.924,-0.367353,-1.07271,-0.0191714,-1.05354
128.976,0.86298,-0.234868,-1.05696,-0.0151391,-1.04182
129.024,0.841968,-0.0451579,-1.03934,-0.0137923,-1.02555
129.072,0.793454,0.261877,-1.01157,-0.0112253,-1.00035
129.12,0.797453,0.846736,-0.965415,-0.0108864,-0.954529
129.168,0.836461,1.6964,-0.890431,-0.0116155,-0.878816
129.216,0.84046,1.2638,-0.901034,-0.0119405,-0.889093
129.264,0.834462,-0.520604,-1.04962,-0.0136175,-1.036
129.312,0.830463,-0.906321,-1.1032,-0.0141165,-1.08909
129.36,0.861472,-0.892283,-1.10361,-0.0158448,-1.08776
129.408,0.907987,-0.866604,-1.10378,-0.0187901,-1.08499
129.456,0.918493,-0.838356,-1.1017,-0.0194888,-1.08221
129.504,0.922,-0.807337,-1.099,-0.0196943,-1.07931
129.552,0.901988,-0.773163,-1.09438,-0.0182456,-1.07613
129.6,0.946011,-0.734478,-1.09409,-0.0213847,-1.07271
129.648,0.950502,-0.690626,-1.09066,-0.0216641,-1.069
129.696,0.964516,-0.640179,-1.08755,-0.0227091,-1.06484
129.744,0.991018,-0.581124,-1.08492,-0.0248815,-1.06004
129.792,1.00352,-0.510281,-1.08025,-0.0258834,-1.05436
129.84,0.990018,-0.423009,-1.07187,-0.0244877,-1.04738
129.888,1.01452,-0.310027,-1.06502,-0.0265064,-1.03851
129.936,1.02904,-0.155786,-1.05404,-0.0275831,-1.02646
129.984,1.02753,0.0760303,-1.03539,-0.0269463,-1.00844
130.032,1.04104,0.481963,-1.00511,-0.0273975,-0.977715
130.08,1.05954,1.26355,-0.944923,-0.0274334,-0.91749
130.128,1.07405,1.72824,-0.888917,-0.0270967,-0.861821
130.176,1.11257,0.47543,-0.978945,-0.0339338,-0.945011
130.224,1.36517,-0.839854,-1.16745,-0.0862899,-1.08116
130.272,1.61575,-0.883955,-1.25395,-0.159243,-1.09471
130.32,1.67628,-0.848359,-1.27378,-0.177402,-1.09638
130.368,1.59625,-0.812148,-1.24979,-0.152359,-1.09743
130.416,1.38416,-0.7781,-1.18854,-0.0910896,-1.09745
130.464,1.24411,-0.74117,-1.15591,-0.0597911,-1.09611
130.512,1.12507,-0.699249,-1.13356,-0.0402378,-1.09332
130.56,0.987019,-0.651381,-1.11377,-0.0246591,-1.08911
130.608,0.932506,-0.595319,-1.10378,-0.0201338,-1.08365
130.656,0.845967,-0.528605,-1.09148,-0.014537,-1.07694
130.704,0.832462,-0.447223,-1.08249,-0.0137333,-1.06875
130.752,0.800453,-0.344264,-1.07068,-0.0120801,-1.0586
130.8,0.778441,-0.206437,-1.05667,-0.0109986,-1.04567
130.848,0.761936,-0.00663052,-1.03807,-0.0101736,-1.0279
130.896,0.715422,0.322643,-1.00858,-0.00831142,-1.00027
130.944,0.700409,0.954767,-0.957234,-0.00746703,-0.949767
130.992,0.702408,1.73212,-0.882369,-0.00694805,-0.875421
131.04,0.667908,1.07518,-0.910593,-0.0063024,-0.90429
131.088,0.705408,-0.65394,-1.06253,-0.00849289,-1.05404
131.136,0.669907,-0.904954,-1.09751,-0.0076816,-1.08983
131.184,0.659401,-0.889055,-1.09429,-0.00737288,-1.08692
131.232,0.657402,-0.865528,-1.09033,-0.00730335,-1.08302
131.28,0.668907,-0.83991,-1.08655,-0.0076172,-1.07893
131.328,0.670399,-0.811908,-1.08237,-0.00764416,-1.07473
131.376,0.6664,-0.781096,-1.07787,-0.00751004,-1.07036
131.424,0.653386,-0.746994,-1.0728,-0.00712591,-1.06567
131.472,0.6644,-0.70874,-1.06805,-0.00741092,-1.06064
131.52,0.664892,-0.665252,-1.06273,-0.00739975,-1.05533
131.568,0.658893,-0.615386,-1.05662,-0.00720361,-1.04942
131.616,0.655402,-0.556848,-1.04998,-0.00707547,-1.0429
131.664,0.665892,-0.486692,-1.0428,-0.00732528,-1.03548
131.712,0.618377,-0.400071,-1.03282,-0.00606335,-1.02676
131.76,0.631883,-0.288305,-1.02255,-0.00633072,-1.01622
131.808,0.602381,-0.135349,-1.00813,-0.00558483,-1.00255
131.856,0.622884,0.0946082,-0.989056,-0.00593599,-0.98312
131.904,0.571355,0.493838,-0.956212,-0.00471937,-0.951492
131.952,0.588367,1.24861,-0.897382,-0.0047359,-0.892646
132,0.589367,1.69844,-0.843117,-0.00447427,-0.838642
132.048,0.599381,0.486281,-0.91921,-0.0050773,-0.914133
132.096,0.590367,-0.834618,-1.04738,-0.0055982,-1.04178
132.144,0.562865,-0.900318,-1.05638,-0.00508995,-1.05129
132.192,0.579861,-0.882213,-1.05353,-0.00542787,-1.0481
132.24,0.567355,-0.860905,-1.04981,-0.00516378,-1.04465
132.288,0.505844,-0.837998,-1.04484,-0.00406389,-1.04078
132.336,0.52484,-0.812953,-1.04116,-0.00436538,-1.03679
132.384,0.48834,-0.785604,-1.0363,-0.00378205,-1.03252
132.432,0.511335,-0.755366,-1.03227,-0.0041246,-1.02815
132.48,0.440809,-0.721789,-1.02657,-0.00312964,-1.02344
132.528,0.469819,-0.683995,-1.02193,-0.00349227,-1.01844
132.576,0.455314,-0.641117,-1.01612,-0.00329015,-1.01283
132.624,0.425812,-0.591607,-1.00963,-0.0029227,-1.00671
132.672,0.436318,-0.5334,-1.003,-0.00303062,-0.999967
132.72,0.395294,-0.463489,-0.994804,-0.00256986,-0.992234
132.768,0.364793,-0.37684,-0.985438,-0.00226682,-0.983171
132.816,0.385788,-0.264754,-0.974724,-0.00243834,-0.972286
132.864,0.37779,-0.110539,-0.960796,-0.00233531,-0.95846
132.912,0.338782,0.122604,-0.941018,-0.00197014,-0.939048
132.96,0.355778,0.52844,-0.909709,-0.0020396,-0.907669
133.008,0.308264,1.27884,-0.852218,-0.00159231,-0.850625
133.056,0.293251,1.65844,-0.804667,-0.00142191,-0.803245
133.104,0.280762,0.40276,-0.880249,-0.00148536,-0.878764
133.152,0.26075,-0.838972,-0.995744,-0.00155843,-0.994185
133.2,0.194223,-0.897308,-1.00213,-0.00121344,-1.00091
133.248,0.225233,-0.882418,-0.998445,-0.00136828,-0.997076
133.296,0.217234,-0.864943,-0.994168,-0.0013244,-0.992844
133.344,0.212235,-0.846158,-0.98984,-0.0012969,-0.988543
133.392,0.163213,-0.825945,-0.985126,-0.00106913,-0.984057
133.44,0.153707,-0.804048,-0.980473,-0.00102837,-0.979444
133.488,0.144201,-0.780205,-0.975667,-0.000989014,-0.974678
133.536,0.132695,-0.754074,-0.970659,-0.00094358,-0.969715
133.584,0.125697,-0.725212,-0.965488,-0.000916041,-0.964572
133.632,0.0956869,-0.693104,-0.959838,-0.000812546,-0.959026
133.68,0.0891801,-0.657008,-0.9539,-0.000789891,-0.95311
133.728,0.0471728,-0.615941,-0.947514,-0.00066801,-0.946846
133.776,0.0286522,-0.568559,-0.940718,-0.000618997,-0.940099
133.824,0.0311598,-0.512922,-0.933383,-0.000622383,-0.93276
133.872,-0.0248609,-0.446144,-0.92506,-0.000497198,-0.924563
133.92,-0.0433651,-0.363634,-0.91565,-0.000459459,-0.915191
133.968,-0.034367,-0.257504,-0.904729,-0.000471993,-0.904257
134.016,-0.0848807,-0.112944,-0.891096,-0.000382907,-0.890713
134.064,-0.104893,0.10179,-0.872942,-0.000348148,-0.872594
134.112,-0.102385,0.46476,-0.845356,-0.000341777,-0.845014
134.16,-0.131395,1.13539,-0.797178,-0.000288799,-0.79689
134.208,-0.162405,1.66325,-0.745647,-0.00024018,-0.745407
134.256,-0.167912,0.694455,-0.792978,-0.00025098,-0.792727
134.304,-0.221933,-0.766841,-0.90781,-0.000233467,-0.907577
134.352,-0.219933,-0.892566,-0.920896,-0.000239683,-0.920656
134.4,-0.232439,-0.884012,-0.916669,-0.000228116,-0.916441
134.448,-0.240945,-0.871845,-0.912039,-0.000220428,-0.911818
134.496,-0.229931,-0.858902,-0.907464,-0.000229921,-0.907234
134.544,-0.270955,-0.845171,-0.902778,-0.000195559,-0.902582
134.592,-0.22544,-0.830552,-0.898119,-0.000233487,-0.897886
134.64,-0.298457,-0.81493,-0.893261,-0.00017516,-0.893086
134.688,-0.268956,-0.798155,-0.888498,-0.000196377,-0.888301
134.736,-0.31447,-0.780071,-0.883531,-0.000164055,-0.883367
134.784,-0.330483,-0.760483,-0.878457,-0.000153838,-0.878303
134.832,-0.307964,-0.739144,-0.873308,-0.000167757,-0.873141
134.88,-0.34548,-0.715742,-0.868033,-0.000144547,-0.867888
134.928,-0.358494,-0.689897,-0.862672,-0.00013708,-0.862535
134.976,-0.377998,-0.661149,-0.857029,-0.000126703,-0.856902
135.024,-0.407008,-0.628877,-0.851133,-0.000112795,-0.85102
135.072,-0.369491,-0.592249,-0.845033,-0.000130294,-0.844902
135.12,-0.425512,-0.550152,-0.838505,-0.000104255,-0.838401
135.168,-0.445016,-0.501022,-0.83154,-9.62073e-05,-0.831443
135.216,-0.476534,-0.442557,-0.824027,-8.46328e-05,-0.823943
135.264,-0.46452,-0.371247,-0.815761,-8.8219e-05,-0.815673
135.312,-0.496038,-0.281365,-0.806298,-7.74136e-05,-0.806221
135.36,-0.527556,-0.16276,-0.795133,-6.77785e-05,-0.795065
135.408,-0.508035,0.00456167,-0.781133,-7.2216e-05,-0.781061
135.456,-0.519049,0.265485,-0.761879,-6.77654e-05,-0.761811
135.504,-0.541553,0.726981,-0.731212,-5.98204e-05,-0.731153
135.552,-0.559565,1.44351,-0.682349,-5.22586e-05,-0.682297
135.6,-0.586576,1.40023,-0.667177,-4.61794e-05,-0.667131
135.648,-0.579069,-0.108693,-0.748848,-5.36324e-05,-0.748794
135.696,-0.609587,-0.857062,-0.810907,-5.17736e-05,-0.810856
135.744,-0.631582,-0.880764,-0.810159,-4.76788e-05,-0.810111
135.792,-0.639597,-0.875408,-0.805919,-4.61863e-05,-0.805873
135.84,-0.626583,-0.8692,-0.801719,-4.85811e-05,-0.801671
135.888,-0.652594,-0.862771,-0.797487,-4.38478e-05,-0.797443
135.936,-0.671606,-0.856119,-0.793227,-4.06762e-05,-0.793186
135.984,-0.683112,-0.84922,-0.788975,-3.88606e-05,-0.788936
136.032,-0.671606,-0.842048,-0.784742,-4.06315e-05,-0.784702
136.08,-0.683604,-0.834566,-0.780557,-3.87413e-05,-0.780518
136.128,-0.682604,-0.826738,-0.776434,-3.88697e-05,-0.776395
136.176,-0.687111,-0.818543,-0.772231,-3.81642e-05,-0.772193
136.224,-0.725628,-0.809933,-0.768028,-3.27914e-05,-0.767995
136.272,-0.712122,-0.800859,-0.763884,-3.45505e-05,-0.763849
136.32,-0.776141,-0.791268,-0.759686,-2.68588e-05,-0.75966
136.368,-0.722628,-0.781101,-0.755535,-3.31046e-05,-0.755502
136.416,-0.739133,-0.770284,-0.751367,-3.10034e-05,-0.751336
136.464,-0.737133,-0.758731,-0.747239,-3.12192e-05,-0.747208
136.512,-0.739624,-0.746352,-0.743083,-3.08857e-05,-0.743052
136.56,-0.759637,-0.733042,-0.738841,-2.85245e-05,-0.738813
136.608,-0.795645,-0.718677,-0.734486,-2.47397e-05,-0.734462
136.656,-0.783648,-0.703096,-0.730145,-2.59e-05,-0.730119
136.704,-0.800152,-0.686116,-0.725707,-2.42442e-05,-0.725683
136.752,-0.820656,-0.667507,-0.721236,-2.23383e-05,-0.721214
136.8,-0.847175,-0.646993,-0.716663,-2.00992e-05,-0.716643
136.848,-0.862172,-0.624248,-0.711918,-1.89172e-05,-0.711899
136.896,-0.841668,-0.598824,-0.707087,-2.04604e-05,-0.707067
136.944,-0.880184,-0.57017,-0.702057,-1.75521e-05,-0.702039
136.992,-0.863172,-0.537549,-0.696867,-1.87151e-05,-0.696848
137.04,-0.83467,-0.49996,-0.691547,-2.08667e-05,-0.691526
137.088,-0.892182,-0.456041,-0.685854,-1.65953e-05,-0.685838
137.136,-0.894689,-0.403836,-0.679789,-1.63653e-05,-0.679773
137.184,-0.9197,-0.340412,-0.673143,-1.47621e-05,-0.673128
137.232,-0.898688,-0.261098,-0.665799,-1.59301e-05,-0.665783
137.28,-0.934697,-0.157966,-0.657295,-1.37197e-05,-0.657281
137.328,-0.915701,-0.0163029,-0.646874,-1.46167e-05,-0.646859
137.376,-0.905687,0.194527,-0.633195,-1.49519e-05,-0.63318
137.424,-0.9207,0.543699,-0.613094,-1.37131e-05,-0.613081
137.472,-0.927699,1.13269,-0.580812,-1.26982e-05,-0.5808
137.52,-0.906687,1.51168,-0.551462,-1.31525e-05,-0.551449
137.568,-0.957217,0.606272,-0.584106,-1.14799e-05,-0.584095
137.616,-0.925699,-0.712714,-0.6589,-1.47219e-05,-0.658885
137.664,-0.957217,-0.854833,-0.668677,-1.32634e-05,-0.668664
137.712,-0.937696,-0.859641,-0.666159,-1.43279e-05,-0.666145
137.76,-0.959708,-0.860844,-0.663219,-1.31441e-05,-0.663206
137.808,-0.918192,-0.862177,-0.660374,-1.547e-05,-0.660358
137.856,-0.938205,-0.863742,-0.657581,-1.43039e-05,-0.657567
137.904,-0.968706,-0.865556,-0.654827,-1.26929e-05,-0.654814
137.952,-0.965215,-0.867638,-0.652076,-1.28699e-05,-0.652063
138,-0.927699,-0.869988,-0.649432,-1.49128e-05,-0.649417
138.048,-0.971722,-0.872629,-0.646747,-1.25505e-05,-0.646735
138.096,-0.938205,-0.875559,-0.644205,-1.4317e-05,-0.644191
138.144,-0.963216,-0.878795,-0.641684,-1.29824e-05,-0.641671
138.192,-0.95071,-0.882359,-0.63915,-1.36388e-05,-0.639136
138.24,-1.01624,-0.886257,-0.636634,-1.0551e-05,-0.636623
138.288,-0.983719,-0.890506,-0.634172,-1.19901e-05,-0.63416
138.336,-0.994225,-0.895108,-0.631763,-1.15102e-05,-0.631751
138.384,-1.02523,-0.900085,-0.629335,-1.0196e-05,-0.629324
138.432,-1.00122,-0.90545,-0.626922,-1.12075e-05,-0.62691
138.48,-1.00973,-0.911207,-0.624544,-1.08446e-05,-0.624533
138.528,-1.03823,-0.917365,-0.622221,-9.70223e-06,-0.622211
138.576,-1.02373,-0.923936,-0.619919,-1.02754e-05,-0.619909
138.624,-1.03323,-0.930923,-0.617664,-9.90473e-06,-0.617654
138.672,-1.03623,-0.938337,-0.615415,-9.79452e-06,-0.615405
138.72,-1.03774,-0.946181,-0.613185,-9.74268e-06,-0.613175
138.768,-1.04825,-0.954449,-0.61107,-9.35536e-06,-0.61106
138.816,-1.06175,-0.963146,-0.608979,-8.87868e-06,-0.60897
138.864,-1.08276,-0.972277,-0.606873,-8.18208e-06,-0.606864
138.912,-1.08876,-0.981843,-0.60477,-7.99773e-06,-0.604762
138.96,-1.12328,-0.991837,-0.602657,-6.99046e-06,-0.60265
139.008,-1.07175,-1.00225,-0.600646,-8.56311e-06,-0.600638
139.056,-1.06926,-1.01306,-0.598709,-8.65442e-06,-0.5987
139.104,-1.06275,-1.02427,-0.596847,-8.88582e-06,-0.596838
139.152,-1.04974,-1.03585,-0.595073,-9.3595e-06,-0.595063
139.2,-1.10727,-1.04779,-0.593277,-7.47583e-06,-0.59327
139.248,-1.05924,-1.06008,-0.591615,-9.03383e-06,-0.591606
139.296,-1.04525,-1.0727,-0.589975,-9.55293e-06,-0.589965
139.344,-1.06475,-1.08562,-0.58835,-8.85821e-06,-0.588341
139.392,-1.06975,-1.09882,-0.586797,-8.69505e-06,-0.586788
139.44,-1.08026,-1.11229,-0.585183,-8.35269e-06,-0.585175
139.488,-1.06124,-1.12599,-0.583681,-9.00885e-06,-0.583672
139.536,-1.03474,-1.1399,-0.582177,-1.00064e-05,-0.582167
139.584,-1.06575,-1.15399,-0.580714,-8.87004e-06,-0.580705
139.632,-1.06024,-1.16824,-0.579263,-9.07362e-06,-0.579254
139.68,-1.04574,-1.18261,-0.577927,-9.61539e-06,-0.577918
139.728,-1.05575,-1.19707,-0.576621,-9.25529e-06,-0.576612
139.776,-1.07326,-1.21161,-0.575293,-8.6508e-06,-0.575284
139.824,-1.09527,-1.2262,-0.573891,-7.94412e-06,-0.573883
139.872,-1.10076,-1.2408,-0.57251,-7.78356e-06,-0.572502
139.92,-1.10427,-1.2554,-0.571151,-7.68577e-06,-0.571144
139.968,-1.07826,-1.26997,-0.569845,-8.52073e-06,-0.569836
140.016,-1.11227,-1.28447,-0.568527,-7.46493e-06,-0.568519
140.064,-1.10176,-1.29889,-0.567173,-7.78751e-06,-0.567165
140.112,-1.10027,-1.31322,-0.565809,-7.84174e-06,-0.565801
140.16,-1.12728,-1.32741,-0.564452,-7.06108e-06,-0.564445
140.208,-1.12177,-1.34146,-0.563071,-7.22297e-06,-0.563064
140.256,-1.14278,-1.35534,-0.561742,-6.65858e-06,-0.561736
140.304,-1.16029,-1.36905,-0.560339,-6.22323e-06,-0.560333
140.352,-1.12477,-1.38256,-0.558946,-7.16078e-06,-0.558939
140.4,-1.16178,-1.39585,-0.557628,-6.1995e-06,-0.557622
140.448,-1.12477,-1.40891,-0.55631,-7.17507e-06,-0.556303
140.496,-1.12928,-1.42173,-0.554983,-7.05618e-06,-0.554976
140.544,-1.14078,-1.4343,-0.553642,-6.75123e-06,-0.553635
140.592,-1.14627,-1.44661,-0.552304,-6.61354e-06,-0.552297
140.64,-1.12677,-1.45865,-0.55097,-7.14581e-06,-0.550963
140.688,-1.13728,-1.47042,-0.549649,-6.86343e-06,-0.549642
140.736,-1.17579,-1.48191,-0.548288,-5.9062e-06,-0.548283
140.784,-1.12928,-1.49311,-0.546992,-7.09427e-06,-0.546985
140.832,-1.12777,-1.50402,-0.545797,-7.14221e-06,-0.54579
140.88,-1.12677,-1.51464,-0.544603,-7.17599e-06,-0.544596
140.928,-1.11526,-1.52495,-0.543437,-7.51307e-06,-0.54343
140.976,-1.13428,-1.53498,-0.542255,-6.97845e-06,-0.542248
141.024,-1.17679,-1.54472,-0.541013,-5.91092e-06,-0.541007
141.072,-1.10776,-1.55416,-0.539846,-7.75454e-06,-0.539838
141.12,-1.11127,-1.56331,-0.53873,-7.65383e-06,-0.538723
141.168,-1.09927,-1.57216,-0.537637,-8.02793e-06,-0.537629
141.216,-1.11377,-1.58074,-0.536541,-7.58882e-06,-0.536534
141.264,-1.14778,-1.58903,-0.535374,-6.64527e-06,-0.535367
141.312,-1.11377,-1.59705,-0.53424,-7.59809e-06,-0.534233
141.36,-1.14228,-1.6048,-0.533145,-6.79838e-06,-0.533138
141.408,-1.17379,-1.61228,-0.531944,-6.01119e-06,-0.531938
141.456,-1.14527,-1.6195,-0.53087,-6.72626e-06,-0.530864
141.504,-1.16879,-1.62647,-0.529625,-6.13672e-06,-0.529619
141.552,-1.22031,-1.63321,-0.528282,-5.01656e-06,-0.528277
141.6,-1.26133,-1.63971,-0.526785,-4.27302e-06,-0.526781
141.648,-1.33686,-1.64599,-0.525095,-3.17899e-06,-0.525092
141.696,-1.31384,-1.65207,-0.523337,-3.48083e-06,-0.523334
141.744,-1.38837,-1.65793,-0.521502,-2.59971e-06,-0.5215
141.792,-1.33586,-1.66358,-0.51973,-3.19566e-06,-0.519727
141.84,-1.36887,-1.66904,-0.517919,-2.80872e-06,-0.517916
141.888,-1.35836,-1.6743,-0.516098,-2.92802e-06,-0.516095
141.936,-1.38337,-1.67938,-0.514219,-2.65542e-06,-0.514217
141.984,-1.35085,-1.68427,-0.512399,-3.01775e-06,-0.512396
142.032,-1.36636,-1.68899,-0.510583,-2.84069e-06,-0.51058
142.08,-1.37286,-1.69353,-0.508834,-2.77004e-06,-0.508831
142.128,-1.33735,-1.6979,-0.507123,-3.18513e-06,-0.50712
142.176,-1.37437,-1.70211,-0.505409,-2.75546e-06,-0.505407
142.224,-1.32384,-1.70616,-0.503747,-3.36046e-06,-0.503744
142.272,-1.34436,-1.71006,-0.502132,-3.10149e-06,-0.502129
142.32,-1.34086,-1.71381,-0.50051,-3.14533e-06,-0.500507
142.368,-1.32384,-1.71742,-0.498977,-3.36327e-06,-0.498974
142.416,-1.32184,-1.72089,-0.497453,-3.39062e-06,-0.49745
142.464,-1.29134,-1.72421,-0.49607,-3.82247e-06,-0.496066
142.512,-1.32235,-1.72741,-0.494708,-3.38551e-06,-0.494705
142.56,-1.28583,-1.73047,-0.493397,-3.90774e-06,-0.493393
142.608,-1.30785,-1.73342,-0.492032,-3.5853e-06,-0.492028
142.656,-1.35036,-1.73626,-0.490566,-3.03526e-06,-0.490563
142.704,-1.28483,-1.73898,-0.48926,-3.92557e-06,-0.489256
142.752,-1.29183,-1.74159,-0.488044,-3.82002e-06,-0.48804
142.8,-1.27333,-1.74409,-0.486826,-4.10834e-06,-0.486822
142.848,-1.26833,-1.74649,-0.485633,-4.19043e-06,-0.485629
142.896,-1.27133,-1.74879,-0.484436,-4.14213e-06,-0.484432
142.944,-1.27633,-1.751,-0.483271,-4.06237e-06,-0.483267
142.992,-1.30183,-1.75312,-0.482072,-3.67625e-06,-0.482069
143.04,-1.33935,-1.75516,-0.480856,-3.17369e-06,-0.480853
143.088,-1.26033,-1.75711,-0.479741,-4.32737e-06,-0.479737
143.136,-1.22881,-1.75898,-0.478739,-4.89748e-06,-0.478734
143.184,-1.28233,-1.76077,-0.477677,-3.97077e-06,-0.477673
143.232,-1.31534,-1.76249,-0.476489,-3.489e-06,-0.476485
143.28,-1.37986,-1.76416,-0.475118,-2.70918e-06,-0.475115
143.328,-1.41338,-1.76577,-0.473685,-2.37572e-06,-0.473682
143.376,-1.42538,-1.76733,-0.472149,-2.26678e-06,-0.472147
143.424,-1.44039,-1.76883,-0.470584,-2.13739e-06,-0.470582
143.472,-1.50741,-1.77029,-0.468894,-1.6435e-06,-0.468893
143.52,-1.49892,-1.77171,-0.467139,-1.69932e-06,-0.467137
143.568,-1.49841,-1.77308,-0.465436,-1.70289e-06,-0.465434
143.616,-1.50843,-1.77441,-0.463738,-1.63746e-06,-0.463736
143.664,-1.50241,-1.7757,-0.462032,-1.67671e-06,-0.46203
143.712,-1.48191,-1.77695,-0.460391,-1.81729e-06,-0.460389
143.76,-1.51043,-1.77816,-0.458747,-1.62511e-06,-0.458746
143.808,-1.49841,-1.77933,-0.457168,-1.70367e-06,-0.457167
143.856,-1.51292,-1.78047,-0.455612,-1.60959e-06,-0.455611
143.904,-1.50843,-1.78156,-0.454094,-1.63832e-06,-0.454093
143.952,-1.49441,-1.78263,-0.452578,-1.73103e-06,-0.452576
144,-1.46089,-1.78365,-0.451176,-1.97438e-06,-0.451174
144.048,-1.4714,-1.78464,-0.449835,-1.89481e-06,-0.449833
144.096,-1.41938,-1.78559,-0.448601,-2.32387e-06,-0.448599
144.144,-1.41938,-1.78651,-0.447395,-2.32403e-06,-0.447393
144.192,-1.42739,-1.78739,-0.446201,-2.25225e-06,-0.446199
144.24,-1.39888,-1.78824,-0.445047,-2.51897e-06,-0.445044
144.288,-1.39488,-1.78906,-0.443964,-2.55895e-06,-0.443961
144.336,-1.41087,-1.78985,-0.442895,-2.40347e-06,-0.442892
144.384,-1.40038,-1.79061,-0.441838,-2.50456e-06,-0.441835
144.432,-1.39688,-1.79134,-0.440765,-2.53939e-06,-0.440762
144.48,-1.38537,-1.79204,-0.439787,-2.65675e-06,-0.439784
144.528,-1.36937,-1.79272,-0.438864,-2.82892e-06,-0.438861
144.576,-1.36136,-1.79336,-0.438,-2.9194e-06,-0.437998
144.624,-1.33135,-1.79398,-0.437113,-3.28423e-06,-0.43711
144.672,-1.35936,-1.79457,-0.436282,-2.94265e-06,-0.436279
144.72,-1.37686,-1.79515,-0.435391,-2.74751e-06,-0.435389
144.768,-1.33035,-1.79569,-0.434573,-3.29755e-06,-0.43457
144.816,-1.36937,-1.79622,-0.433759,-2.82965e-06,-0.433756
144.864,-1.37637,-1.79673,-0.432916,-2.75314e-06,-0.432913
144.912,-1.35436,-1.79721,-0.432107,-3.0015e-06,-0.432104
144.96,-1.40187,-1.79768,-0.431258,-2.49125e-06,-0.431256
145.008,-1.36987,-1.79813,-0.430432,-2.8246e-06,-0.430429
145.056,-1.4419,-1.79856,-0.429559,-2.12945e-06,-0.429557
145.104,-1.43939,-1.79899,-0.428513,-2.15056e-06,-0.428511
145.152,-1.48941,-1.79941,-0.427411,-1.76749e-06,-0.427409
145.2,-1.53442,-1.79983,-0.426166,-1.48151e-06,-0.426164
145.248,-1.51542,-1.80025,-0.424895,-1.59616e-06,-0.424893
145.296,-1.54393,-1.80066,-0.423595,-1.42737e-06,-0.423593
145.344,-1.56543,-1.80106,-0.42229,-1.31196e-06,-0.422289
145.392,-1.55794,-1.80146,-0.420976,-1.35111e-06,-0.420975
145.44,-1.57744,-1.80185,-0.419641,-1.25164e-06,-0.41964
145.488,-1.55894,-1.80224,-0.418349,-1.3459e-06,-0.418348
145.536,-1.55243,-1.80262,-0.417099,-1.38073e-06,-0.417097
145.584,-1.54193,-1.803,-0.415843,-1.43886e-06,-0.415841
145.632,-1.55994,-1.80336,-0.414665,-1.34075e-06,-0.414664
145.68,-1.52293,-1.80372,-0.413537,-1.55024e-06,-0.413536
145.728,-1.50592,-1.80407,-0.412491,-1.65726e-06,-0.412489
145.776,-1.50943,-1.8044,-0.411469,-1.63466e-06,-0.411468
145.824,-1.49541,-1.80473,-0.410496,-1.72706e-06,-0.410494
145.872,-1.43888,-1.80505,-0.409583,-2.15581e-06,-0.409581
145.92,-1.4764,-1.80535,-0.408707,-1.86086e-06,-0.408705
145.968,-1.4664,-1.80565,-0.407792,-1.93533e-06,-0.40779
146.016,-1.48541,-1.80594,-0.406981,-1.79629e-06,-0.406979
146.064,-1.4469,-1.80621,-0.406234,-2.08927e-06,-0.406232
146.112,-1.42889,-1.80647,-0.405545,-2.24226e-06,-0.405543
146.16,-1.41238,-1.80671,-0.404895,-2.39226e-06,-0.404893
146.208,-1.4509,-1.80695,-0.404225,-2.05687e-06,-0.404223
146.256,-1.43739,-1.80718,-0.403553,-2.1688e-06,-0.40355
146.304,-1.41889,-1.80739,-0.402957,-2.3321e-06,-0.402955
146.352,-1.40287,-1.80759,-0.402361,-2.48331e-06,-0.402359
146.4,-1.41789,-1.80779,-0.401748,-2.34133e-06,-0.401746
146.448,-1.42789,-1.80798,-0.401128,-2.25132e-06,-0.401126
146.496,-1.43739,-1.80815,-0.400534,-2.16896e-06,-0.400532
146.544,-1.43788,-1.80832,-0.399941,-2.1648e-06,-0.399939
146.592,-1.39388,-1.80848,-0.399369,-2.57268e-06,-0.399367
146.64,-1.39988,-1.80863,-0.398851,-2.51289e-06,-0.398849
146.688,-1.42238,-1.80878,-0.398287,-2.30062e-06,-0.398285
146.736,-1.41489,-1.80892,-0.397718,-2.36923e-06,-0.397715
146.784,-1.39588,-1.80904,-0.397202,-2.55269e-06,-0.397199
146.832,-1.4469,-1.80916,-0.396656,-2.08973e-06,-0.396654
146.88,-1.48991,-1.80929,-0.395989,-1.76536e-06,-0.395987
146.928,-1.52193,-1.80941,-0.395232,-1.55699e-06,-0.395231
146.976,-1.53793,-1.80954,-0.394343,-1.46231e-06,-0.394342
147.024,-1.55694,-1.80967,-0.39342,-1.35724e-06,-0.393418
147.072,-1.59895,-1.8098,-0.392416,-1.15108e-06,-0.392415
147.12,-1.58744,-1.80994,-0.391399,-1.20423e-06,-0.391398
147.168,-1.58795,-1.81008,-0.390328,-1.20184e-06,-0.390326
147.216,-1.56894,-1.81022,-0.389333,-1.29491e-06,-0.389332
147.264,-1.57044,-1.81036,-0.388374,-1.28728e-06,-0.388372
147.312,-1.54343,-1.8105,-0.387457,-1.43116e-06,-0.387456
147.36,-1.54843,-1.81064,-0.386519,-1.40339e-06,-0.386518
147.408,-1.58995,-1.81078,-0.385606,-1.19252e-06,-0.385605
147.456,-1.52793,-1.81092,-0.384764,-1.52095e-06,-0.384763
147.504,-1.57344,-1.81105,-0.383971,-1.27229e-06,-0.38397
147.552,-1.55843,-1.81118,-0.383191,-1.34948e-06,-0.38319
147.6,-1.52493,-1.8113,-0.382486,-1.53899e-06,-0.382484
147.648,-1.51392,-1.81142,-0.381805,-1.60694e-06,-0.381803
147.696,-1.52242,-1.81153,-0.381187,-1.55423e-06,-0.381185
147.744,-1.48941,-1.81163,-0.380614,-1.76908e-06,-0.380612
147.792,-1.4939,-1.81173,-0.380058,-1.7382e-06,-0.380056
147.84,-1.51392,-1.81182,-0.379527,-1.60699e-06,-0.379525
147.888,-1.47891,-1.81191,-0.379059,-1.84354e-06,-0.379057
147.936,-1.4959,-1.81199,-0.378537,-1.72465e-06,-0.378535
147.984,-1.46489,-1.81206,-0.378057,-1.94772e-06,-0.378055
148.032,-1.48741,-1.81213,-0.377595,-1.78307e-06,-0.377593
148.08,-1.48391,-1.81219,-0.37715,-1.80778e-06,-0.377148
148.128,-1.48341,-1.81224,-0.376671,-1.81128e-06,-0.376669
148.176,-1.4589,-1.8123,-0.376233,-1.99413e-06,-0.376231
148.224,-1.4694,-1.81234,-0.375815,-1.91363e-06,-0.375813
148.272,-1.47691,-1.81238,-0.375411,-1.85812e-06,-0.375409
148.32,-1.4909,-1.81242,-0.374928,-1.75886e-06,-0.374926
148.368,-1.4604,-1.81245,-0.374495,-1.98239e-06,-0.374493
148.416,-1.49041,-1.81248,-0.374104,-1.76226e-06,-0.374102
148.464,-1.46489,-1.8125,-0.373763,-1.94779e-06,-0.373761
148.512,-1.47891,-1.81251,-0.373402,-1.84362e-06,-0.373401
148.56,-1.43039,-1.81252,-0.373079,-2.23004e-06,-0.373077
148.608,-1.4634,-1.81252,-0.372764,-1.95922e-06,-0.372762
148.656,-1.43439,-1.81252,-0.37244,-2.19533e-06,-0.372437
148.704,-1.46991,-1.81251,-0.372085,-1.90985e-06,-0.372083
148.752,-1.42989,-1.8125,-0.371833,-2.23448e-06,-0.37183
148.8,-1.41389,-1.81248,-0.371592,-2.37917e-06,-0.37159
148.848,-1.41889,-1.81245,-0.371436,-2.33297e-06,-0.371434
148.896,-1.40438,-1.81242,-0.371268,-2.46954e-06,-0.371266
148.944,-1.40138,-1.81237,-0.371161,-2.49876e-06,-0.371159
148.992,-1.38537,-1.81232,-0.371057,-2.66072e-06,-0.371054
149.04,-1.43088,-1.81227,-0.370937,-2.2257e-06,-0.370934
149.088,-1.40687,-1.81221,-0.370748,-2.44549e-06,-0.370746
149.136,-1.46389,-1.81215,-0.370527,-1.95539e-06,-0.370525
149.184,-1.4959,-1.81209,-0.370181,-1.72467e-06,-0.370179
149.232,-1.54293,-1.81204,-0.369697,-1.43418e-06,-0.369695
149.28,-1.53693,-1.81199,-0.369176,-1.46832e-06,-0.369175
149.328,-1.54293,-1.81195,-0.368635,-1.43417e-06,-0.368633
149.376,-1.55643,-1.81191,-0.368025,-1.36018e-06,-0.368023
149.424,-1.57444,-1.81187,-0.367399,-1.26739e-06,-0.367398
149.472,-1.56243,-1.81184,-0.366791,-1.32854e-06,-0.36679
149.52,-1.57494,-1.81181,-0.366133,-1.26494e-06,-0.366132
149.568,-1.57294,-1.81179,-0.365511,-1.2749e-06,-0.365509
149.616,-1.57044,-1.81176,-0.364927,-1.28742e-06,-0.364926
149.664,-1.59446,-1.81174,-0.364262,-1.1717e-06,-0.364261
149.712,-1.56994,-1.81172,-0.36363,-1.28998e-06,-0.363629
149.76,-1.55394,-1.8117,-0.3631,-1.37351e-06,-0.363099
149.808,-1.54743,-1.81168,-0.36257,-1.40901e-06,-0.362569
149.856,-1.56143,-1.81166,-0.362031,-1.33374e-06,-0.36203
149.904,-1.56745,-1.81164,-0.36148,-1.30264e-06,-0.361478
149.952,-1.52391,-1.81162,-0.361,-1.54517e-06,-0.360999
150,-1.52193,-1.8116,-0.360536,-1.55724e-06,-0.360534
150.048,-1.49941,-1.81158,-0.360075,-1.70104e-06,-0.360073
150.096,-1.51742,-1.81155,-0.359679,-1.58501e-06,-0.359677
150.144,-1.51692,-1.81152,-0.359291,-1.58817e-06,-0.35929
150.192,-1.4909,-1.81149,-0.35899,-1.75874e-06,-0.358988
150.24,-1.4734,-1.81145,-0.358718,-1.88373e-06,-0.358716
150.288,-1.48791,-1.8114,-0.358446,-1.77954e-06,-0.358444
150.336,-1.49792,-1.81136,-0.358153,-1.71099e-06,-0.358152
150.384,-1.47991,-1.8113,-0.357917,-1.83624e-06,-0.357916
150.432,-1.4534,-1.81124,-0.357764,-2.03739e-06,-0.357762
150.48,-1.4584,-1.81118,-0.357634,-1.99782e-06,-0.357632
150.528,-1.43788,-1.81111,-0.357537,-2.16525e-06,-0.357535
150.576,-1.42438,-1.81103,-0.357501,-2.28303e-06,-0.357499
150.624,-1.43539,-1.81094,-0.357421,-2.18649e-06,-0.357419
150.672,-1.42989,-1.81085,-0.357383,-2.23421e-06,-0.357381
150.72,-1.42789,-1.81075,-0.357346,-2.25179e-06,-0.357343
150.768,-1.43888,-1.81065,-0.357337,-2.15671e-06,-0.357335
150.816,-1.41838,-1.81054,-0.357327,-2.3373e-06,-0.357324
150.864,-1.41087,-1.81042,-0.357368,-2.40712e-06,-0.357365
150.912,-1.39137,-1.8103,-0.357404,-2.59847e-06,-0.357402
150.96,-1.40587,-1.81017,-0.357482,-2.45473e-06,-0.357479
151.008,-1.38837,-1.81003,-0.357568,-2.62916e-06,-0.357565
151.056,-1.40238,-1.80989,-0.35764,-2.48853e-06,-0.357638
151.104,-1.41289,-1.80974,-0.357698,-2.38804e-06,-0.357695
151.152,-1.40738,-1.80959,-0.357845,-2.44016e-06,-0.357843
151.2,-1.40487,-1.80943,-0.357956,-2.46425e-06,-0.357953
151.248,-1.4569,-1.80927,-0.357947,-2.00939e-06,-0.357945
151.296,-1.44939,-1.80912,-0.357861,-2.06941e-06,-0.357859
151.344,-1.39388,-1.80896,-0.357879,-2.57278e-06,-0.357877
151.392,-1.40887,-1.80879,-0.357946,-2.42578e-06,-0.357944
151.44,-1.39488,-1.80862,-0.357998,-2.56265e-06,-0.357995
151.488,-1.47491,-1.80845,-0.357906,-1.87221e-06,-0.357904
151.536,-1.50843,-1.80829,-0.357665,-1.64156e-06,-0.357663
151.584,-1.53793,-1.80814,-0.357278,-1.46217e-06,-0.357277
151.632,-1.60045,-1.808,-0.356746,-1.14414e-06,-0.356745
151.68,-1.61745,-1.80788,-0.356147,-1.07035e-06,-0.356146
151.728,-1.63297,-1.80776,-0.355541,-1.00712e-06,-0.35554
151.776,-1.62147,-1.80765,-0.354866,-1.0536e-06,-0.354865
151.824,-1.63297,-1.80755,-0.354254,-1.0071e-06,-0.354253
151.872,-1.60945,-1.80745,-0.353612,-1.10442e-06,-0.353611
151.92,-1.61896,-1.80736,-0.353002,-1.064e-06,-0.353001
151.968,-1.63497,-1.80728,-0.352368,-9.99217e-07,-0.352367
152.016,-1.60645,-1.8072,-0.351793,-1.11747e-06,-0.351792
152.064,-1.58244,-1.80712,-0.35128,-1.22782e-06,-0.351279
152.112,-1.58244,-1.80704,-0.350822,-1.22782e-06,-0.350821
152.16,-1.56094,-1.80696,-0.350436,-1.33586e-06,-0.350435
152.208,-1.57795,-1.80688,-0.350021,-1.24962e-06,-0.35002
152.256,-1.52442,-1.8068,-0.349639,-1.54156e-06,-0.349637
152.304,-1.51942,-1.80672,-0.349374,-1.57207e-06,-0.349372
152.352,-1.51592,-1.80663,-0.349122,-1.59384e-06,-0.34912
152.4,-1.52893,-1.80654,-0.3489,-1.51451e-06,-0.348898
152.448,-1.49892,-1.80645,-0.348711,-1.70369e-06,-0.348709
152.496,-1.47091,-1.80635,-0.348619,-1.90152e-06,-0.348617
152.544,-1.49541,-1.80624,-0.348487,-1.72726e-06,-0.348485
152.592,-1.50992,-1.80614,-0.348363,-1.63172e-06,-0.348361
152.64,-1.4569,-1.80603,-0.348236,-2.00891e-06,-0.348234
152.688,-1.48941,-1.80592,-0.348098,-1.76834e-06,-0.348096
152.736,-1.4564,-1.8058,-0.348053,-2.01276e-06,-0.348051
152.784,-1.46389,-1.80568,-0.348009,-1.95447e-06,-0.348008
152.832,-1.4764,-1.80555,-0.347937,-1.8609e-06,-0.347935
152.88,-1.47991,-1.80543,-0.347829,-1.83545e-06,-0.347827
152.928,-1.47191,-1.8053,-0.347762,-1.89393e-06,-0.34776
152.976,-1.46389,-1.80516,-0.347701,-1.95439e-06,-0.347699
153.024,-1.43939,-1.80502,-0.347705,-2.15153e-06,-0.347703
153.072,-1.47591,-1.80488,-0.347667,-1.8644e-06,-0.347665
153.12,-1.47091,-1.80474,-0.34762,-1.90129e-06,-0.347619
153.168,-1.44839,-1.80459,-0.347634,-2.07685e-06,-0.347632
153.216,-1.4534,-1.80444,-0.347651,-2.03637e-06,-0.347649
153.264,-1.4479,-1.80428,-0.347706,-2.08081e-06,-0.347704
153.312,-1.4554,-1.80412,-0.347716,-2.02042e-06,-0.347714
153.36,-1.48341,-1.80396,-0.347693,-1.81018e-06,-0.347691
153.408,-1.4599,-1.80379,-0.347727,-1.98509e-06,-0.347725
153.456,-1.41038,-1.80362,-0.347802,-2.41057e-06,-0.347799
153.504,-1.41889,-1.80344,-0.347914,-2.33144e-06,-0.347912
153.552,-1.4704,-1.80326,-0.347981,-1.90488e-06,-0.347979
153.6,-1.42489,-1.80308,-0.348107,-2.27716e-06,-0.348105
153.648,-1.42038,-1.80289,-0.348283,-2.31774e-06,-0.348281
153.696,-1.39788,-1.80269,-0.348488,-2.53158e-06,-0.348486
153.744,-1.40638,-1.80248,-0.348722,-2.44847e-06,-0.348719
153.792,-1.38186,-1.80227,-0.348968,-2.6956e-06,-0.348965
153.84,-1.38637,-1.80206,-0.349242,-2.64832e-06,-0.349239
153.888,-1.35736,-1.80183,-0.349559,-2.96743e-06,-0.349556
153.936,-1.40738,-1.80161,-0.349826,-2.43873e-06,-0.349824
153.984,-1.43039,-1.80137,-0.350079,-2.22822e-06,-0.350076
154.032,-1.37837,-1.80114,-0.350362,-2.73254e-06,-0.350359
154.08,-1.36536,-1.8009,-0.350658,-2.87558e-06,-0.350655
154.128,-1.39688,-1.80065,-0.350873,-2.54115e-06,-0.35087
154.176,-1.36436,-1.80041,-0.351161,-2.88678e-06,-0.351158
154.224,-1.36787,-1.80015,-0.351433,-2.84729e-06,-0.35143
154.272,-1.37737,-1.7999,-0.351718,-2.74303e-06,-0.351715
154.32,-1.38937,-1.79964,-0.351952,-2.61689e-06,-0.351949
154.368,-1.40038,-1.79938,-0.352137,-2.5062e-06,-0.352135
154.416,-1.46791,-1.79914,-0.352102,-1.92301e-06,-0.3521
154.464,-1.48991,-1.7989,-0.351953,-1.76403e-06,-0.351952
154.512,-1.53793,-1.79867,-0.351668,-1.46115e-06,-0.351667
154.56,-1.54493,-1.79846,-0.351307,-1.42157e-06,-0.351306
154.608,-1.60845,-1.79825,-0.35086,-1.10802e-06,-0.350859
154.656,-1.60945,-1.79806,-0.350405,-1.10367e-06,-0.350404
154.704,-1.64197,-1.79787,-0.349848,-9.71494e-07,-0.349847
154.752,-1.61145,-1.7977,-0.349308,-1.09501e-06,-0.349307
154.8,-1.62247,-1.79754,-0.348756,-1.0487e-06,-0.348755
154.848,-1.62096,-1.79738,-0.348243,-1.05491e-06,-0.348242
154.896,-1.59546,-1.79723,-0.347735,-1.16588e-06,-0.347734
154.944,-1.60745,-1.79708,-0.347253,-1.11228e-06,-0.347252
154.992,-1.58595,-1.79694,-0.346811,-1.21015e-06,-0.34681
155.04,-1.58995,-1.7968,-0.346385,-1.1913e-06,-0.346383
155.088,-1.56394,-1.79667,-0.345994,-1.31924e-06,-0.345992
155.136,-1.56394,-1.79654,-0.345674,-1.31923e-06,-0.345673
155.184,-1.56694,-1.7964,-0.345364,-1.30379e-06,-0.345362
155.232,-1.54743,-1.79627,-0.3451,-1.40743e-06,-0.345098
155.28,-1.53342,-1.79614,-0.344825,-1.48694e-06,-0.344824
155.328,-1.55694,-1.79601,-0.344586,-1.35589e-06,-0.344584
155.376,-1.50741,-1.79587,-0.344435,-1.64661e-06,-0.344433
155.424,-1.51892,-1.79573,-0.344264,-1.57394e-06,-0.344263
155.472,-1.4744,-1.79559,-0.34421,-1.87418e-06,-0.344208
155.52,-1.48841,-1.79544,-0.344211,-1.77393e-06,-0.344209
155.568,-1.4664,-1.79529,-0.344222,-1.93387e-06,-0.34422
155.616,-1.48791,-1.79514,-0.344191,-1.77743e-06,-0.344189
155.664,-1.4529,-1.79498,-0.344183,-2.03902e-06,-0.344181
155.712,-1.44439,-1.79482,-0.344241,-2.10818e-06,-0.344239
155.76,-1.43639,-1.79465,-0.344335,-2.17533e-06,-0.344333
155.808,-1.43839,-1.79447,-0.344465,-2.15831e-06,-0.344462
155.856,-1.41989,-1.79429,-0.34462,-2.32076e-06,-0.344617
155.904,-1.42989,-1.79411,-0.344759,-2.23148e-06,-0.344757
155.952,-1.4469,-1.79392,-0.344839,-2.08741e-06,-0.344837
156,-1.4734,-1.79373,-0.344942,-1.88129e-06,-0.34494
156.048,-1.4524,-1.79354,-0.345031,-2.04274e-06,-0.345029
156.096,-1.4449,-1.79334,-0.345114,-2.10375e-06,-0.345112
156.144,-1.43639,-1.79314,-0.345215,-2.1751e-06,-0.345213
156.192,-1.42489,-1.79294,-0.34535,-2.27547e-06,-0.345348
156.24,-1.38788,-1.79273,-0.345587,-2.63091e-06,-0.345585
156.288,-1.43888,-1.79252,-0.345682,-2.15385e-06,-0.34568
156.336,-1.43388,-1.79231,-0.345804,-2.19646e-06,-0.345801
156.384,-1.43039,-1.79209,-0.345926,-2.22671e-06,-0.345923
156.432,-1.43188,-1.79187,-0.346022,-2.21369e-06,-0.34602
156.48,-1.43388,-1.79165,-0.34614,-2.19636e-06,-0.346138
156.528,-1.40738,-1.79143,-0.346276,-2.43692e-06,-0.346273
156.576,-1.40038,-1.79121,-0.346437,-2.5047e-06,-0.346435
156.624,-1.41838,-1.79097,-0.346614,-2.33396e-06,-0.346612
156.672,-1.42489,-1.79074,-0.346744,-2.2751e-06,-0.346742
156.72,-1.44039,-1.79051,-0.346825,-2.14083e-06,-0.346823
156.768,-1.40887,-1.79028,-0.346994,-2.4225e-06,-0.346992
156.816,-1.36587,-1.79004,-0.347207,-2.86758e-06,-0.347205
156.864,-1.35787,-1.78979,-0.347571,-2.95891e-06,-0.347568
156.912,-1.36687,-1.78953,-0.347949,-2.85625e-06,-0.347946
156.96,-1.36087,-1.78927,-0.348236,-2.92419e-06,-0.348233
157.008,-1.36187,-1.78901,-0.348522,-2.91269e-06,-0.348519
157.056,-1.37737,-1.78875,-0.348738,-2.74079e-06,-0.348735
157.104,-1.34736,-1.78848,-0.349081,-3.08309e-06,-0.349077
157.152,-1.33535,-1.7882,-0.349488,-3.23178e-06,-0.349485
157.2,-1.32886,-1.78792,-0.349928,-3.31504e-06,-0.349924
157.248,-1.34086,-1.78763,-0.350328,-3.16259e-06,-0.350324
157.296,-1.35485,-1.78734,-0.35068,-2.99358e-06,-0.350677
157.344,-1.36387,-1.78705,-0.35097,-2.88953e-06,-0.350967
157.392,-1.42889,-1.78677,-0.351049,-2.23905e-06,-0.351047
157.44,-1.50992,-1.78649,-0.350996,-1.62938e-06,-0.350995
157.488,-1.51292,-1.78623,-0.350885,-1.61029e-06,-0.350883
157.536,-1.52342,-1.78598,-0.35062,-1.54526e-06,-0.350619
157.584,-1.56294,-1.78574,-0.350236,-1.32337e-06,-0.350234
157.632,-1.60545,-1.78551,-0.349776,-1.12008e-06,-0.349775
157.68,-1.62247,-1.7853,-0.349254,-1.04776e-06,-0.349253
157.728,-1.62547,-1.7851,-0.348764,-1.03549e-06,-0.348763
157.776,-1.61196,-1.7849,-0.348273,-1.09181e-06,-0.348272
157.824,-1.57594,-1.78471,-0.347874,-1.2575e-06,-0.347873
157.872,-1.59895,-1.78453,-0.347424,-1.14895e-06,-0.347423
157.92,-1.59146,-1.78435,-0.346988,-1.1832e-06,-0.346986
157.968,-1.57094,-1.78419,-0.346547,-1.28235e-06,-0.346546
158.016,-1.60345,-1.78402,-0.34613,-1.12878e-06,-0.346129
158.064,-1.57394,-1.78387,-0.3457,-1.26732e-06,-0.345699
158.112,-1.55843,-1.78371,-0.345349,-1.34677e-06,-0.345348
158.16,-1.56894,-1.78356,-0.344984,-1.29238e-06,-0.344983
158.208,-1.53693,-1.78341,-0.344714,-1.46525e-06,-0.344713
158.256,-1.55643,-1.78326,-0.344464,-1.35733e-06,-0.344463
158.304,-1.51642,-1.78311,-0.344293,-1.58793e-06,-0.344292
158.352,-1.51043,-1.78296,-0.344088,-1.62571e-06,-0.344087
158.4,-1.53042,-1.7828,-0.343901,-1.50306e-06,-0.3439
158.448,-1.46289,-1.78265,-0.343809,-1.95884e-06,-0.343807
158.496,-1.4624,-1.78249,-0.343811,-1.9626e-06,-0.343809
158.544,-1.4624,-1.78232,-0.343803,-1.96258e-06,-0.343801
158.592,-1.47291,-1.78215,-0.343864,-1.88332e-06,-0.343862
158.64,-1.47091,-1.78198,-0.34388,-1.89813e-06,-0.343878
158.688,-1.4559,-1.78181,-0.343925,-2.01323e-06,-0.343923
158.736,-1.44539,-1.78163,-0.344005,-2.0979e-06,-0.344003
158.784,-1.44639,-1.78144,-0.344092,-2.08966e-06,-0.34409
158.832,-1.41638,-1.78125,-0.344272,-2.35066e-06,-0.34427
158.88,-1.39788,-1.78105,-0.34447,-2.52757e-06,-0.344467
158.928,-1.40138,-1.78085,-0.344682,-2.493e-06,-0.344679
158.976,-1.41087,-1.78064,-0.344902,-2.40187e-06,-0.344899
159.024,-1.42939,-1.78043,-0.345049,-2.23355e-06,-0.345047
159.072,-1.39188,-1.78021,-0.345277,-2.58759e-06,-0.345274
159.12,-1.38837,-1.77999,-0.345519,-2.62339e-06,-0.345516
159.168,-1.38186,-1.77976,-0.345835,-2.69116e-06,-0.345832
159.216,-1.37237,-1.77953,-0.346075,-2.79317e-06,-0.346072
159.264,-1.40287,-1.77929,-0.346288,-2.47818e-06,-0.346286
159.312,-1.42338,-1.77905,-0.346458,-2.28664e-06,-0.346456
159.36,-1.37737,-1.77881,-0.346674,-2.73879e-06,-0.346671
159.408,-1.39137,-1.77857,-0.346904,-2.59244e-06,-0.346901
159.456,-1.39937,-1.77832,-0.347085,-2.51233e-06,-0.347083
159.504,-1.39288,-1.77807,-0.3473,-2.57706e-06,-0.347298
159.552,-1.38988,-1.77782,-0.347552,-2.6075e-06,-0.347549
159.6,-1.39888,-1.77756,-0.347752,-2.51704e-06,-0.347749
159.648,-1.39937,-1.7773,-0.347969,-2.51214e-06,-0.347967
159.696,-1.41389,-1.77704,-0.348173,-2.37301e-06,-0.348171
159.744,-1.40387,-1.77678,-0.348317,-2.46802e-06,-0.348314
159.792,-1.36636,-1.77652,-0.348519,-2.85922e-06,-0.348516
159.84,-1.35385,-1.77625,-0.348798,-3.0029e-06,-0.348795
159.888,-1.36236,-1.77598,-0.349111,-2.90431e-06,-0.349108
159.936,-1.39637,-1.7757,-0.349346,-2.54157e-06,-0.349344
159.984,-1.36036,-1.77543,-0.349587,-2.92706e-06,-0.349584
160.032,-1.34385,-1.77515,-0.349872,-3.12274e-06,-0.349869
160.08,-1.34186,-1.77486,-0.35025,-3.14727e-06,-0.350247
160.128,-1.35185,-1.77457,-0.350568,-3.02617e-06,-0.350565
160.176,-1.33386,-1.77427,-0.350955,-3.24743e-06,-0.350952
160.224,-1.36136,-1.77398,-0.351249,-2.91529e-06,-0.351246
160.272,-1.34336,-1.77368,-0.351599,-3.12844e-06,-0.351596
160.32,-1.33235,-1.77337,-0.351978,-3.26647e-06,-0.351975
160.368,-1.35036,-1.77306,-0.352358,-3.04359e-06,-0.352354
160.416,-1.29883,-1.77275,-0.352751,-3.72523e-06,-0.352747
160.464,-1.29634,-1.77243,-0.353182,-3.76173e-06,-0.353179
160.512,-1.26082,-1.7721,-0.353725,-4.32391e-06,-0.353721
160.56,-1.31085,-1.77177,-0.35422,-3.55351e-06,-0.354217
160.608,-1.27182,-1.77143,-0.354712,-4.14116e-06,-0.354708
160.656,-1.29383,-1.77109,-0.355205,-3.79853e-06,-0.355201
160.704,-1.31234,-1.77075,-0.355664,-3.53252e-06,-0.35566
160.752,-1.29883,-1.7704,-0.356141,-3.72459e-06,-0.356138
160.8,-1.25833,-1.77005,-0.356559,-4.36571e-06,-0.356554
160.848,-1.30385,-1.7697,-0.356987,-3.65185e-06,-0.356983
160.896,-1.30334,-1.76935,-0.35739,-3.65904e-06,-0.357387
160.944,-1.30234,-1.76899,-0.35781,-3.67332e-06,-0.357806
160.992,-1.31384,-1.76864,-0.358129,-3.51115e-06,-0.358125
161.04,-1.31085,-1.76829,-0.35848,-3.55261e-06,-0.358476
161.088,-1.33335,-1.76794,-0.35875,-3.25239e-06,-0.358746
161.136,-1.34636,-1.76759,-0.359017,-3.09047e-06,-0.359014
161.184,-1.33086,-1.76724,-0.359321,-3.28416e-06,-0.359317
161.232,-1.34186,-1.76689,-0.359604,-3.14543e-06,-0.359601
161.28,-1.35636,-1.76654,-0.359888,-2.97139e-06,-0.359885
161.328,-1.36987,-1.7662,-0.360067,-2.81802e-06,-0.360065
161.376,-1.35736,-1.76586,-0.360155,-2.95962e-06,-0.360152
161.424,-1.40638,-1.76553,-0.360176,-2.44185e-06,-0.360174
161.472,-1.41238,-1.76521,-0.360118,-2.38501e-06,-0.360115
161.52,-1.44088,-1.7649,-0.359954,-2.1327e-06,-0.359952
161.568,-1.4764,-1.7646,-0.359727,-1.85532e-06,-0.359725
161.616,-1.46389,-1.76432,-0.359497,-1.94855e-06,-0.359495
161.664,-1.48941,-1.76404,-0.359245,-1.76292e-06,-0.359243
161.712,-1.47591,-1.76376,-0.358993,-1.85879e-06,-0.358991
161.76,-1.48641,-1.7635,-0.358707,-1.78372e-06,-0.358705
161.808,-1.46589,-1.76324,-0.358471,-1.93318e-06,-0.358469
161.856,-1.46991,-1.76299,-0.358224,-1.90293e-06,-0.358222
161.904,-1.42138,-1.76274,-0.358098,-2.30189e-06,-0.358096
161.952,-1.4479,-1.7625,-0.357994,-2.07445e-06,-0.357992
162,-1.42189,-1.76225,-0.357901,-2.29722e-06,-0.357899
162.048,-1.43288,-1.76201,-0.357855,-2.2002e-06,-0.357852
162.096,-1.42839,-1.76176,-0.357813,-2.23925e-06,-0.357811
162.144,-1.38837,-1.76152,-0.357809,-2.61983e-06,-0.357807
162.192,-1.43139,-1.76127,-0.357826,-2.21299e-06,-0.357823
162.24,-1.39788,-1.76103,-0.357872,-2.52386e-06,-0.357869
162.288,-1.43788,-1.76079,-0.357859,-2.15728e-06,-0.357857
162.336,-1.39137,-1.76055,-0.357908,-2.58901e-06,-0.357906
162.384,-1.42489,-1.7603,-0.357965,-2.27003e-06,-0.357962
162.432,-1.38237,-1.76006,-0.358027,-2.68192e-06,-0.358024
162.48,-1.38688,-1.75981,-0.358081,-2.63488e-06,-0.358079
162.528,-1.37737,-1.75957,-0.358183,-2.73492e-06,-0.35818
162.576,-1.34736,-1.75932,-0.358333,-3.0765e-06,-0.35833
162.624,-1.38537,-1.75906,-0.358495,-2.65036e-06,-0.358493
162.672,-1.39088,-1.75881,-0.358629,-2.59368e-06,-0.358627
162.72,-1.37737,-1.75856,-0.358735,-2.73472e-06,-0.358732
162.768,-1.36787,-1.7583,-0.358896,-2.83856e-06,-0.358893
162.816,-1.36387,-1.75804,-0.359081,-2.88338e-06,-0.359078
162.864,-1.36736,-1.75778,-0.359295,-2.84411e-06,-0.359293
162.912,-1.37136,-1.75752,-0.359493,-2.79979e-06,-0.35949
162.96,-1.37686,-1.75725,-0.359663,-2.73991e-06,-0.35966
163.008,-1.36387,-1.75698,-0.359835,-2.88316e-06,-0.359832
163.056,-1.34536,-1.75671,-0.360055,-3.10013e-06,-0.360052
163.104,-1.34585,-1.75644,-0.360253,-3.0941e-06,-0.36025
163.152,-1.33686,-1.75617,-0.360453,-3.20518e-06,-0.36045
163.2,-1.32635,-1.75589,-0.360699,-3.33995e-06,-0.360695
163.248,-1.32135,-1.75561,-0.361016,-3.40601e-06,-0.361013
163.296,-1.31835,-1.75532,-0.361344,-3.44624e-06,-0.361341
163.344,-1.31334,-1.75502,-0.361705,-3.51463e-06,-0.361701
163.392,-1.31085,-1.75472,-0.362068,-3.54907e-06,-0.362065
163.44,-1.29783,-1.75442,-0.362424,-3.73484e-06,-0.362421
163.488,-1.27833,-1.75411,-0.362831,-4.03168e-06,-0.362827
163.536,-1.28283,-1.7538,-0.363276,-3.96094e-06,-0.363272
163.584,-1.26433,-1.75348,-0.363712,-4.25901e-06,-0.363708
163.632,-1.29034,-1.75315,-0.364195,-3.84583e-06,-0.364191
163.68,-1.27584,-1.75283,-0.364611,-4.07088e-06,-0.364607
163.728,-1.26433,-1.75249,-0.365091,-4.2587e-06,-0.365087
163.776,-1.28583,-1.75215,-0.365551,-3.91414e-06,-0.365547
163.824,-1.21931,-1.75181,-0.366038,-5.08099e-06,-0.366033
163.872,-1.24532,-1.75146,-0.366549,-4.58807e-06,-0.366545
163.92,-1.23732,-1.7511,-0.367063,-4.73416e-06,-0.367058
163.968,-1.25132,-1.75074,-0.367544,-4.48114e-06,-0.367539
164.016,-1.25933,-1.75038,-0.368008,-4.34235e-06,-0.368004
164.064,-1.25982,-1.75002,-0.368441,-4.33387e-06,-0.368437
164.112,-1.27733,-1.74966,-0.368835,-4.04619e-06,-0.368831
164.16,-1.24632,-1.74929,-0.369225,-4.56938e-06,-0.369221
164.208,-1.25982,-1.74892,-0.369712,-4.33352e-06,-0.369707
164.256,-1.24883,-1.74854,-0.370242,-4.52441e-06,-0.370238
164.304,-1.26082,-1.74816,-0.370693,-4.31632e-06,-0.370689
164.352,-1.25982,-1.74779,-0.371143,-4.33316e-06,-0.371139
164.4,-1.24181,-1.7474,-0.371627,-4.65024e-06,-0.371622
164.448,-1.24932,-1.74702,-0.372036,-4.51519e-06,-0.372031
164.496,-1.24681,-1.74663,-0.372499,-4.55969e-06,-0.372495
164.544,-1.26233,-1.74625,-0.372872,-4.29026e-06,-0.372867
164.592,-1.25782,-1.74586,-0.37324,-4.36666e-06,-0.373235
164.64,-1.25083,-1.74548,-0.373641,-4.48806e-06,-0.373636
164.688,-1.24281,-1.74509,-0.373998,-4.63125e-06,-0.373993
164.736,-1.24232,-1.7447,-0.374476,-4.64006e-06,-0.374471
164.784,-1.23881,-1.74431,-0.374901,-4.7042e-06,-0.374896
164.832,-1.1803,-1.74391,-0.375458,-5.91756e-06,-0.375452
164.88,-1.19381,-1.74351,-0.375998,-5.61209e-06,-0.375992
164.928,-1.1988,-1.7431,-0.376588,-5.50296e-06,-0.376582
164.976,-1.1913,-1.74268,-0.377181,-5.66722e-06,-0.377176
165.024,-1.1973,-1.74227,-0.377733,-5.53527e-06,-0.377728
165.072,-1.16829,-1.74185,-0.378254,-6.20214e-06,-0.378248
165.12,-1.1953,-1.74143,-0.37887,-5.57851e-06,-0.378865
165.168,-1.17979,-1.741,-0.37955,-5.9281e-06,-0.379544
165.216,-1.16129,-1.74056,-0.380198,-6.37414e-06,-0.380191
165.264,-1.18879,-1.74012,-0.380778,-5.72216e-06,-0.380772
165.312,-1.17079,-1.73969,-0.381379,-6.14046e-06,-0.381373
165.36,-1.1883,-1.73924,-0.381976,-5.73284e-06,-0.38197
165.408,-1.17379,-1.7388,-0.382596,-6.06825e-06,-0.38259
165.456,-1.1873,-1.73835,-0.38321,-5.75498e-06,-0.383204
165.504,-1.18779,-1.7379,-0.383779,-5.7437e-06,-0.383773
165.552,-1.16529,-1.73744,-0.384369,-6.2735e-06,-0.384362
165.6,-1.1638,-1.73699,-0.384996,-6.3101e-06,-0.384989
165.648,-1.17029,-1.73653,-0.385536,-6.15128e-06,-0.38553
165.696,-1.1973,-1.73608,-0.385968,-5.53275e-06,-0.385963
165.744,-1.2048,-1.73563,-0.386454,-5.37205e-06,-0.386449
165.792,-1.22431,-1.73518,-0.386905,-4.97625e-06,-0.3869
165.84,-1.15729,-1.73472,-0.387426,-6.47213e-06,-0.38742
165.888,-1.23381,-1.73427,-0.387933,-4.7938e-06,-0.387928
165.936,-1.1873,-1.73381,-0.388379,-5.75306e-06,-0.388374
165.984,-1.2068,-1.73336,-0.388861,-5.32919e-06,-0.388855
166.032,-1.1933,-1.7329,-0.389387,-5.61891e-06,-0.389381
166.08,-1.1983,-1.73245,-0.389793,-5.50963e-06,-0.389787
166.128,-1.1853,-1.732,-0.390158,-5.79759e-06,-0.390152
166.176,-1.2018,-1.73156,-0.390564,-5.43399e-06,-0.390559
166.224,-1.18479,-1.73111,-0.391023,-5.80877e-06,-0.391017
166.272,-1.1948,-1.73066,-0.391438,-5.58485e-06,-0.391432
166.32,-1.1933,-1.73021,-0.39183,-5.61779e-06,-0.391824
166.368,-1.16529,-1.72977,-0.392285,-6.26996e-06,-0.392279
166.416,-1.14929,-1.72932,-0.392727,-6.67573e-06,-0.392721
166.464,-1.17328,-1.72887,-0.393272,-6.07591e-06,-0.393266
166.512,-1.15029,-1.72841,-0.393822,-6.64916e-06,-0.393815
166.56,-1.12026,-1.72795,-0.394366,-7.47996e-06,-0.394359
166.608,-1.16729,-1.7275,-0.394829,-6.21994e-06,-0.394823
166.656,-1.13628,-1.72704,-0.395329,-7.02415e-06,-0.395322
166.704,-1.10776,-1.72658,-0.395987,-7.8552e-06,-0.395979
166.752,-1.12977,-1.72611,-0.396588,-7.20522e-06,-0.396581
166.8,-1.13028,-1.72565,-0.397154,-7.19063e-06,-0.397147
166.848,-1.12977,-1.72518,-0.397754,-7.20473e-06,-0.397746
166.896,-1.10977,-1.72471,-0.398297,-7.79226e-06,-0.398289
166.944,-1.11127,-1.72423,-0.39888,-7.74654e-06,-0.398873
166.992,-1.15229,-1.72376,-0.399359,-6.59496e-06,-0.399352
167.04,-1.13077,-1.72329,-0.399884,-7.17554e-06,-0.399877
167.088,-1.12377,-1.72282,-0.400483,-7.37497e-06,-0.400476
167.136,-1.12377,-1.72234,-0.40105,-7.37471e-06,-0.401043
167.184,-1.12777,-1.72186,-0.401596,-7.25968e-06,-0.401589
167.232,-1.15778,-1.72139,-0.402067,-6.45332e-06,-0.40206
167.28,-1.16029,-1.72091,-0.402518,-6.38994e-06,-0.402512
167.328,-1.17979,-1.72044,-0.402915,-5.91914e-06,-0.402909
167.376,-1.14878,-1.71997,-0.403383,-6.68445e-06,-0.403377
167.424,-1.15029,-1.7195,-0.403833,-6.6448e-06,-0.403827
167.472,-1.16729,-1.71903,-0.404262,-6.21606e-06,-0.404255
167.52,-1.11426,-1.71857,-0.404694,-7.65274e-06,-0.404686
167.568,-1.11777,-1.71809,-0.405247,-7.54792e-06,-0.405239
167.616,-1.13479,-1.71763,-0.405687,-7.06046e-06,-0.405679
167.664,-1.13328,-1.71716,-0.40615,-7.10209e-06,-0.406143
167.712,-1.13578,-1.71669,-0.406634,-7.03234e-06,-0.406627
167.76,-1.13077,-1.71622,-0.407103,-7.1718e-06,-0.407096
167.808,-1.13778,-1.71575,-0.407521,-6.97692e-06,-0.407514
167.856,-1.11577,-1.71527,-0.408071,-7.60577e-06,-0.408064
167.904,-1.09125,-1.7148,-0.408579,-8.37325e-06,-0.408571
167.952,-1.09776,-1.71433,-0.409055,-8.16198e-06,-0.409047
168,-1.14727,-1.71386,-0.409466,-6.72107e-06,-0.409459
168.048,-1.09927,-1.71338,-0.41004,-8.11329e-06,-0.410032
168.096,-1.09627,-1.71291,-0.410566,-8.20901e-06,-0.410558
168.144,-1.07275,-1.71243,-0.411094,-9.00199e-06,-0.411085
168.192,-1.05524,-1.71195,-0.411709,-9.64139e-06,-0.411699
168.24,-1.09276,-1.71146,-0.412314,-8.32183e-06,-0.412306
168.288,-1.05225,-1.71097,-0.412918,-9.75479e-06,-0.412908
168.336,-1.05724,-1.71048,-0.413579,-9.56504e-06,-0.41357
168.384,-1.08576,-1.70999,-0.414162,-8.5525e-06,-0.414154
168.432,-1.05274,-1.70949,-0.41485,-9.73493e-06,-0.41484
168.48,-1.05575,-1.70899,-0.415441,-9.6201e-06,-0.415431
168.528,-1.06175,-1.70848,-0.416158,-9.39605e-06,-0.416148
168.576,-1.04425,-1.70797,-0.416835,-1.00634e-05,-0.416824
168.624,-1.03123,-1.70746,-0.41749,-1.059e-05,-0.417479
168.672,-1.03423,-1.70695,-0.418068,-1.04658e-05,-0.418058
168.72,-1.06875,-1.70644,-0.418623,-9.14027e-06,-0.418614
168.768,-1.07626,-1.70594,-0.419069,-8.87475e-06,-0.41906
168.816,-1.05724,-1.70543,-0.419642,-9.56148e-06,-0.419632
168.864,-1.06575,-1.70492,-0.420197,-9.24739e-06,-0.420188
168.912,-1.07275,-1.70441,-0.420774,-8.99667e-06,-0.420765
168.96,-1.04374,-1.70389,-0.421379,-1.00805e-05,-0.421369
169.008,-1.03474,-1.70338,-0.421961,-1.04422e-05,-0.42195
169.056,-1.04725,-1.70286,-0.42256,-9.94199e-06,-0.42255
169.104,-1.07526,-1.70235,-0.423008,-8.90726e-06,-0.422999
169.152,-1.04474,-1.70184,-0.423565,-1.00395e-05,-0.423555
169.2,-1.02574,-1.70132,-0.42418,-1.08157e-05,-0.42417
169.248,-1.04974,-1.7008,-0.424712,-9.84382e-06,-0.424702
169.296,-1.07375,-1.70028,-0.425284,-8.95873e-06,-0.425275
169.344,-1.05125,-1.69977,-0.425742,-9.78503e-06,-0.425732
169.392,-1.05675,-1.69926,-0.426227,-9.57558e-06,-0.426218
169.44,-1.06324,-1.69874,-0.426712,-9.33454e-06,-0.426703
169.488,-1.02874,-1.69823,-0.427239,-1.06867e-05,-0.427229
169.536,-1.02173,-1.69771,-0.427793,-1.09844e-05,-0.427782
169.584,-1.05675,-1.6972,-0.428279,-9.57413e-06,-0.42827
169.632,-0.995717,-1.69668,-0.428885,-1.21633e-05,-0.428872
169.68,-1.05125,-1.69616,-0.429473,-9.78243e-06,-0.429463
169.728,-1.03023,-1.69564,-0.430049,-1.06224e-05,-0.430038
169.776,-1.01073,-1.69512,-0.430692,-1.14664e-05,-0.43068
169.824,-0.97972,-1.69459,-0.43135,-1.29489e-05,-0.431337
169.872,-1.01473,-1.69406,-0.431958,-1.12871e-05,-0.431947
169.92,-0.996225,-1.69352,-0.432686,-1.21362e-05,-0.432674
169.968,-1.01673,-1.69298,-0.433318,-1.1198e-05,-0.433307
170.016,-0.988718,-1.69244,-0.43395,-1.24979e-05,-0.433938
170.064,-0.98072,-1.6919,-0.434629,-1.28956e-05,-0.434616
170.112,-1.01024,-1.69135,-0.435331,-1.14853e-05,-0.435319
170.16,-0.984227,-1.6908,-0.436067,-1.27184e-05,-0.436055
170.208,-1.00773,-1.69025,-0.436683,-1.15979e-05,-0.436671
170.256,-0.967215,-1.6897,-0.437387,-1.35949e-05,-0.437373
170.304,-0.977721,-1.68914,-0.438111,-1.30456e-05,-0.438098
170.352,-1.01773,-1.68859,-0.43863,-1.11506e-05,-0.438619
170.4,-1.00773,-1.68803,-0.439231,-1.1596e-05,-0.43922
170.448,-1.00222,-1.68748,-0.439728,-1.18487e-05,-0.439717
170.496,-1.00122,-1.68693,-0.44025,-1.18948e-05,-0.440238
170.544,-0.98172,-1.68638,-0.440802,-1.28399e-05,-0.440789
170.592,-0.999732,-1.68583,-0.441406,-1.19636e-05,-0.441394
170.64,-0.990718,-1.68527,-0.442028,-1.23937e-05,-0.442016
170.688,-1.01873,-1.68473,-0.442469,-1.11038e-05,-0.442458
170.736,-0.998224,-1.68419,-0.442877,-1.20331e-05,-0.442865
170.784,-0.993717,-1.68364,-0.443394,-1.22472e-05,-0.443382
170.832,-1.01073,-1.6831,-0.443859,-1.14562e-05,-0.443847
170.88,-0.998732,-1.68256,-0.444317,-1.20077e-05,-0.444305
170.928,-0.983211,-1.68202,-0.444785,-1.27609e-05,-0.444772
170.976,-1.00573,-1.68148,-0.44522,-1.16817e-05,-0.445208
171.024,-0.997225,-1.68095,-0.445663,-1.20775e-05,-0.445651
171.072,-0.983211,-1.68041,-0.446146,-1.27594e-05,-0.446133
171.12,-0.969706,-1.67987,-0.44671,-1.34529e-05,-0.446696
171.168,-0.978212,-1.67933,-0.447196,-1.3011e-05,-0.447183
171.216,-0.948202,-1.67879,-0.447814,-1.46356e-05,-0.447799
171.264,-0.960708,-1.67824,-0.448449,-1.39345e-05,-0.448435
171.312,-0.963707,-1.67769,-0.44906,-1.3771e-05,-0.449046
171.36,-0.977721,-1.67715,-0.449602,-1.3034e-05,-0.449589
171.408,-0.977212,-1.6766,-0.450137,-1.30595e-05,-0.450124
171.456,-0.992226,-1.67606,-0.450555,-1.23122e-05,-0.450543
171.504,-0.993225,-1.67552,-0.451097,-1.22635e-05,-0.451085
171.552,-0.934697,-1.67497,-0.451706,-1.54274e-05,-0.451691
171.6,-0.950202,-1.67442,-0.452313,-1.45166e-05,-0.452298
171.648,-0.923699,-1.67386,-0.453014,-1.61061e-05,-0.452998
171.696,-0.943203,-1.6733,-0.453609,-1.49194e-05,-0.453594
171.744,-0.929698,-1.67274,-0.454272,-1.57303e-05,-0.454256
171.792,-0.966707,-1.67218,-0.454832,-1.36044e-05,-0.454819
171.84,-0.942712,-1.67162,-0.455527,-1.49463e-05,-0.455512
171.888,-0.941204,-1.67104,-0.456241,-1.50343e-05,-0.456226
171.936,-0.918192,-1.67048,-0.456854,-1.64536e-05,-0.456838
171.984,-0.915193,-1.6699,-0.457512,-1.66476e-05,-0.457495
172.032,-0.940696,-1.66933,-0.458073,-1.50624e-05,-0.458058
172.08,-0.938696,-1.66877,-0.45859,-1.51804e-05,-0.458575
172.128,-0.946711,-1.6682,-0.459072,-1.471e-05,-0.459058
172.176,-0.933697,-1.66764,-0.459606,-1.54796e-05,-0.45959
172.224,-0.951202,-1.66707,-0.460154,-1.44519e-05,-0.460139
172.272,-0.953709,-1.6665,-0.460667,-1.43099e-05,-0.460652
172.32,-0.944203,-1.66594,-0.461107,-1.48529e-05,-0.461092
172.368,-0.952202,-1.66538,-0.461533,-1.43936e-05,-0.461519
172.416,-0.936697,-1.66482,-0.462025,-1.52954e-05,-0.46201
172.464,-0.968214,-1.66427,-0.462448,-1.35163e-05,-0.462434
172.512,-0.956217,-1.66371,-0.462875,-1.41669e-05,-0.462861
172.56,-0.929206,-1.66316,-0.463279,-1.57495e-05,-0.463263
172.608,-0.949202,-1.66261,-0.463703,-1.45609e-05,-0.463689
172.656,-0.928698,-1.66207,-0.46411,-1.57796e-05,-0.464095
172.704,-0.938696,-1.66152,-0.464552,-1.51722e-05,-0.464537
172.752,-0.940696,-1.66098,-0.464921,-1.50531e-05,-0.464906
172.8,-0.931206,-1.66043,-0.465395,-1.56233e-05,-0.465379
172.848,-0.924699,-1.65988,-0.465921,-1.60265e-05,-0.465905
172.896,-0.94971,-1.65933,-0.466415,-1.45284e-05,-0.466401
172.944,-0.908686,-1.65878,-0.466956,-1.70639e-05,-0.466939
172.992,-0.915193,-1.65822,-0.4676,-1.66333e-05,-0.467583
173.04,-0.935205,-1.65767,-0.468046,-1.5377e-05,-0.46803
173.088,-0.878676,-1.65712,-0.468591,-1.9193e-05,-0.468572
173.136,-0.89369,-1.65656,-0.469171,-1.80947e-05,-0.469153
173.184,-0.914701,-1.656,-0.469774,-1.66626e-05,-0.469758
173.232,-0.883675,-1.65543,-0.470361,-1.8818e-05,-0.470342
173.28,-0.894689,-1.65487,-0.470915,-1.80217e-05,-0.470897
173.328,-0.89169,-1.65431,-0.471468,-1.82342e-05,-0.47145
173.376,-0.878185,-1.65373,-0.47212,-1.92252e-05,-0.472101
173.424,-0.895689,-1.65317,-0.472653,-1.79489e-05,-0.472635
173.472,-0.900196,-1.65259,-0.473286,-1.76336e-05,-0.473268
173.52,-0.886183,-1.65202,-0.47391,-1.86291e-05,-0.473891
173.568,-0.877185,-1.65143,-0.474562,-1.92975e-05,-0.474542
173.616,-0.886183,-1.65086,-0.475128,-1.86275e-05,-0.475109
173.664,-0.903687,-1.65028,-0.475682,-1.73908e-05,-0.475664
173.712,-0.924191,-1.64971,-0.476046,-1.60464e-05,-0.47603
173.76,-0.882184,-1.64914,-0.476476,-1.89196e-05,-0.476457
173.808,-0.906195,-1.64857,-0.476917,-1.72185e-05,-0.4769
173.856,-0.920192,-1.64801,-0.477309,-1.6298e-05,-0.477292
173.904,-0.895181,-1.64744,-0.4777,-1.79771e-05,-0.477682
173.952,-0.905687,-1.64688,-0.478094,-1.72506e-05,-0.478076
174,-0.939204,-1.64632,-0.478563,-1.5125e-05,-0.478548
174.048,-0.901196,-1.64576,-0.479021,-1.75557e-05,-0.479003
174.096,-0.912702,-1.64519,-0.479461,-1.67804e-05,-0.479444
174.144,-0.929206,-1.64464,-0.479813,-1.57279e-05,-0.479798
174.192,-0.897689,-1.64409,-0.480191,-1.77967e-05,-0.480173
174.24,-0.872678,-1.64353,-0.480612,-1.96301e-05,-0.480593
174.288,-0.902196,-1.64297,-0.481098,-1.74834e-05,-0.481081
174.336,-0.904195,-1.64242,-0.481409,-1.73461e-05,-0.481392
174.384,-0.888183,-1.64188,-0.48179,-1.84697e-05,-0.481772
174.432,-0.873186,-1.64132,-0.48224,-1.95879e-05,-0.48222
174.48,-0.894181,-1.64077,-0.482709,-1.80388e-05,-0.482691
174.528,-0.929206,-1.64022,-0.483094,-1.57228e-05,-0.483078
174.576,-0.878185,-1.63967,-0.483584,-1.92052e-05,-0.483565
174.624,-0.879184,-1.63912,-0.484023,-1.91293e-05,-0.484004
174.672,-0.894689,-1.63857,-0.484356,-1.79999e-05,-0.484338
174.72,-0.867171,-1.63802,-0.484856,-2.00506e-05,-0.484836
174.768,-0.867679,-1.63746,-0.485478,-2.00098e-05,-0.485458
174.816,-0.859172,-1.6369,-0.486008,-2.06878e-05,-0.485987
174.864,-0.855173,-1.63633,-0.486597,-2.1014e-05,-0.486576
174.912,-0.80366,-1.63576,-0.487202,-2.57178e-05,-0.487176
174.96,-0.833162,-1.63519,-0.487798,-2.29068e-05,-0.487775
175.008,-0.850174,-1.63462,-0.488385,-2.14273e-05,-0.488363
175.056,-0.854174,-1.63404,-0.488905,-2.10929e-05,-0.488884
175.104,-0.830162,-1.63347,-0.489467,-2.31749e-05,-0.489444
175.152,-0.833162,-1.63289,-0.489989,-2.29029e-05,-0.489966
175.2,-0.822656,-1.63231,-0.490585,-2.38653e-05,-0.490562
175.248,-0.868679,-1.63173,-0.491067,-1.9923e-05,-0.491047
175.296,-0.874677,-1.63115,-0.491467,-1.94589e-05,-0.491447
175.344,-0.851174,-1.63059,-0.491789,-2.13371e-05,-0.491768
175.392,-0.854174,-1.63002,-0.492251,-2.10866e-05,-0.49223
175.44,-0.83916,-1.62944,-0.492728,-2.23646e-05,-0.492706
175.488,-0.907195,-1.62888,-0.493033,-1.71261e-05,-0.493016
175.536,-0.853665,-1.62831,-0.493418,-2.1126e-05,-0.493397
175.584,-0.853174,-1.62775,-0.493827,-2.11659e-05,-0.493805
175.632,-0.833162,-1.62718,-0.494249,-2.28932e-05,-0.494226
175.68,-0.874677,-1.62662,-0.494588,-1.94524e-05,-0.494569
175.728,-0.86168,-1.62606,-0.494863,-2.04689e-05,-0.494843
175.776,-0.881676,-1.62551,-0.495187,-1.89242e-05,-0.495168
175.824,-0.866171,-1.62496,-0.49549,-2.01099e-05,-0.49547
175.872,-0.850174,-1.62441,-0.495847,-2.14111e-05,-0.495825
175.92,-0.84016,-1.62385,-0.496314,-2.22678e-05,-0.496292
175.968,-0.873186,-1.62329,-0.496737,-1.95617e-05,-0.496718
176.016,-0.834161,-1.62274,-0.497163,-2.27961e-05,-0.49714
176.064,-0.858664,-1.62218,-0.497594,-2.07064e-05,-0.497573
176.112,-0.812658,-1.62162,-0.498068,-2.48e-05,-0.498043
176.16,-0.875185,-1.62106,-0.498525,-1.94057e-05,-0.498505
176.208,-0.83267,-1.62049,-0.499009,-2.2926e-05,-0.498986
176.256,-0.827163,-1.61993,-0.499488,-2.34256e-05,-0.499465
176.304,-0.787647,-1.61936,-0.500001,-2.73514e-05,-0.499974
176.352,-0.830162,-1.61879,-0.500496,-2.31497e-05,-0.500472
176.4,-0.814149,-1.61822,-0.500976,-2.46491e-05,-0.500951
176.448,-0.829163,-1.61765,-0.501462,-2.32387e-05,-0.501439
176.496,-0.789646,-1.61708,-0.501993,-2.71332e-05,-0.501966
176.544,-0.790155,-1.61649,-0.502637,-2.7078e-05,-0.50261
176.592,-0.782648,-1.6159,-0.503237,-2.78858e-05,-0.503209
176.64,-0.796645,-1.61532,-0.503796,-2.63951e-05,-0.503769
176.688,-0.806659,-1.61473,-0.504335,-2.53774e-05,-0.504309
176.736,-0.81115,-1.61414,-0.504853,-2.49332e-05,-0.504828
176.784,-0.798153,-1.61354,-0.505431,-2.6236e-05,-0.505405
176.832,-0.83267,-1.61295,-0.505841,-2.29132e-05,-0.505818
176.88,-0.81215,-1.61236,-0.506256,-2.48324e-05,-0.506232
176.928,-0.798645,-1.61177,-0.506684,-2.6182e-05,-0.506658
176.976,-0.820656,-1.61119,-0.507088,-2.40155e-05,-0.507064
177.024,-0.80366,-1.6106,-0.507495,-2.56698e-05,-0.507469
177.072,-0.824164,-1.61001,-0.507888,-2.36853e-05,-0.507864
177.12,-0.828163,-1.60943,-0.508259,-2.33157e-05,-0.508236
177.168,-0.805659,-1.60885,-0.508664,-2.5466e-05,-0.508638
177.216,-0.83167,-1.60826,-0.509039,-2.29952e-05,-0.509016
177.264,-0.817657,-1.60768,-0.509382,-2.42934e-05,-0.509358
177.312,-0.86368,-1.60711,-0.509617,-2.02804e-05,-0.509597
177.36,-0.817657,-1.60655,-0.509803,-2.42913e-05,-0.509779
177.408,-0.822656,-1.60598,-0.510103,-2.38187e-05,-0.51008
177.456,-0.815149,-1.60542,-0.510368,-2.45293e-05,-0.510343
177.504,-0.818165,-1.60486,-0.510663,-2.42399e-05,-0.510639
177.552,-0.820164,-1.6043,-0.510986,-2.40495e-05,-0.510962
177.6,-0.797153,-1.60374,-0.511378,-2.63199e-05,-0.511351
177.648,-0.787647,-1.60317,-0.511798,-2.73186e-05,-0.51177
177.696,-0.78214,-1.6026,-0.512322,-2.79138e-05,-0.512294
177.744,-0.790155,-1.60202,-0.512764,-2.70489e-05,-0.512736
177.792,-0.796153,-1.60145,-0.513139,-2.64188e-05,-0.513113
177.84,-0.806659,-1.60089,-0.513398,-2.53513e-05,-0.513372
177.888,-0.774142,-1.60032,-0.513862,-2.87985e-05,-0.513833
177.936,-0.782648,-1.59974,-0.514417,-2.78524e-05,-0.514389
177.984,-0.784139,-1.59917,-0.514876,-2.76887e-05,-0.514848
178.032,-0.793154,-1.59859,-0.515285,-2.67258e-05,-0.515258
178.08,-0.774142,-1.59801,-0.515777,-2.87935e-05,-0.515749
178.128,-0.787647,-1.59743,-0.516195,-2.73069e-05,-0.516168
178.176,-0.760636,-1.59684,-0.516726,-3.03571e-05,-0.516695
178.224,-0.768143,-1.59625,-0.517232,-2.94751e-05,-0.517202
178.272,-0.78214,-1.59567,-0.517663,-2.78995e-05,-0.517635
178.32,-0.788647,-1.59508,-0.518094,-2.71953e-05,-0.518066
178.368,-0.773142,-1.59449,-0.51853,-2.88991e-05,-0.518501
178.416,-0.84016,-1.59391,-0.518863,-2.22184e-05,-0.518841
178.464,-0.78114,-1.59332,-0.519217,-2.80042e-05,-0.519189
178.512,-0.78214,-1.59274,-0.519561,-2.78934e-05,-0.519533
178.56,-0.792646,-1.59216,-0.51998,-2.67663e-05,-0.519953
178.608,-0.805659,-1.59158,-0.520279,-2.54333e-05,-0.520254
178.656,-0.813658,-1.591,-0.520597,-2.46468e-05,-0.520572
178.704,-0.812658,-1.59043,-0.520759,-2.47426e-05,-0.520735
178.752,-0.800644,-1.58986,-0.521031,-2.59352e-05,-0.521005
178.8,-0.819165,-1.5893,-0.521189,-2.41171e-05,-0.521165
178.848,-0.807151,-1.58874,-0.521441,-2.52796e-05,-0.521416
178.896,-0.853665,-1.58818,-0.521627,-2.10632e-05,-0.521606
178.944,-0.81015,-1.58763,-0.521845,-2.49819e-05,-0.52182
178.992,-0.80915,-1.58708,-0.52198,-2.50791e-05,-0.521954
179.04,-0.803152,-1.58654,-0.522187,-2.56751e-05,-0.522161
179.088,-0.780648,-1.58599,-0.52243,-2.80429e-05,-0.522402
179.136,-0.788155,-1.58545,-0.522634,-2.72283e-05,-0.522607
179.184,-0.801152,-1.58491,-0.522838,-2.58741e-05,-0.522812
179.232,-0.785139,-1.58437,-0.523154,-2.755e-05,-0.523126
179.28,-0.767143,-1.58383,-0.523438,-2.95636e-05,-0.523409
179.328,-0.801644,-1.58328,-0.523758,-2.58211e-05,-0.523733
179.376,-0.75413,-1.58274,-0.524129,-3.11091e-05,-0.524098
179.424,-0.777141,-1.58219,-0.524449,-2.84233e-05,-0.52442
179.472,-0.756129,-1.58165,-0.52477,-3.08636e-05,-0.524739
179.52,-0.734626,-1.5811,-0.525231,-3.3578e-05,-0.525197
179.568,-0.758129,-1.58054,-0.525706,-3.062e-05,-0.525675
179.616,-0.779649,-1.57998,-0.526052,-2.81405e-05,-0.526024
179.664,-0.772634,-1.57943,-0.526408,-2.89243e-05,-0.526379
179.712,-0.744623,-1.57887,-0.526833,-3.22815e-05,-0.526801
179.76,-0.770142,-1.57831,-0.527208,-2.92059e-05,-0.527179
179.808,-0.760145,-1.57775,-0.527613,-3.03725e-05,-0.527582
179.856,-0.795153,-1.57718,-0.528056,-2.64748e-05,-0.528029
179.904,-0.765144,-1.5766,-0.52855,-2.97803e-05,-0.52852
179.952,-0.762636,-1.57603,-0.528991,-3.00734e-05,-0.528961
180,-0.755129,-1.57546,-0.529365,-3.09706e-05,-0.529334
180.048,-0.771142,-1.57489,-0.52968,-2.90842e-05,-0.52965
180.096,-0.772142,-1.57432,-0.529931,-2.89691e-05,-0.529902
180.144,-0.777649,-1.57376,-0.530157,-2.8349e-05,-0.530129
180.192,-0.733626,-1.5732,-0.530477,-3.36902e-05,-0.530443
180.24,-0.768143,-1.57263,-0.530837,-2.94234e-05,-0.530808
180.288,-0.770142,-1.57207,-0.531064,-2.91923e-05,-0.531035
180.336,-0.772634,-1.57151,-0.531285,-2.89073e-05,-0.531256
180.384,-0.78014,-1.57095,-0.531559,-2.80675e-05,-0.531531
180.432,-0.770142,-1.57039,-0.531831,-2.91887e-05,-0.531802
180.48,-0.790646,-1.56985,-0.531971,-2.69322e-05,-0.531944
180.528,-0.785139,-1.5693,-0.532183,-2.75191e-05,-0.532155
180.576,-0.786139,-1.56875,-0.532328,-2.74103e-05,-0.532301
180.624,-0.765635,-1.5682,-0.532608,-2.97044e-05,-0.532578
180.672,-0.763144,-1.56766,-0.532797,-2.99948e-05,-0.532767
180.72,-0.745623,-1.56712,-0.533025,-3.21271e-05,-0.532993
180.768,-0.791154,-1.56658,-0.533209,-2.68721e-05,-0.533182
180.816,-0.773142,-1.56604,-0.53335,-2.8838e-05,-0.533322
180.864,-0.746623,-1.5655,-0.533696,-3.19975e-05,-0.533664
180.912,-0.727627,-1.56495,-0.534153,-3.4471e-05,-0.534118
180.96,-0.742132,-1.5644,-0.534495,-3.25634e-05,-0.534463
181.008,-0.762636,-1.56385,-0.534792,-3.00461e-05,-0.534762
181.056,-0.759128,-1.5633,-0.535054,-3.0461e-05,-0.535023
181.104,-0.725119,-1.56275,-0.535378,-3.48059e-05,-0.535343
181.152,-0.729119,-1.5622,-0.535741,-3.42629e-05,-0.535707
181.2,-0.719121,-1.56164,-0.536085,-3.56316e-05,-0.536049
181.248,-0.717613,-1.56108,-0.536495,-3.58414e-05,-0.536459
181.296,-0.697109,-1.56052,-0.536936,-3.8841e-05,-0.536897
181.344,-0.72212,-1.55994,-0.537413,-3.52104e-05,-0.537378
181.392,-0.726119,-1.55937,-0.537829,-3.4661e-05,-0.537794
181.44,-0.711614,-1.5588,-0.538248,-3.66884e-05,-0.538211
181.488,-0.726627,-1.55822,-0.538587,-3.45891e-05,-0.538552
181.536,-0.725628,-1.55765,-0.538975,-3.47235e-05,-0.538941
181.584,-0.729627,-1.55707,-0.5393,-3.41816e-05,-0.539265
181.632,-0.75213,-1.5565,-0.539564,-3.12928e-05,-0.539533
181.68,-0.732118,-1.55593,-0.539818,-3.38464e-05,-0.539784
181.728,-0.725628,-1.55536,-0.540065,-3.47175e-05,-0.54003
181.776,-0.733118,-1.55478,-0.540379,-3.37111e-05,-0.540345
181.824,-0.720629,-1.55421,-0.540698,-3.54019e-05,-0.540663
181.872,-0.730118,-1.55364,-0.541011,-3.4107e-05,-0.540977
181.92,-0.732626,-1.55306,-0.541289,-3.37718e-05,-0.541255
181.968,-0.716121,-1.55249,-0.54159,-3.60286e-05,-0.541554
182.016,-0.726119,-1.55192,-0.541832,-3.46418e-05,-0.541798
182.064,-0.737133,-1.55135,-0.542063,-3.31758e-05,-0.54203
182.112,-0.754638,-1.55079,-0.542196,-3.09734e-05,-0.542166
182.16,-0.746131,-1.55023,-0.542358,-3.20228e-05,-0.542326
182.208,-0.732118,-1.54966,-0.542644,-3.38306e-05,-0.54261
182.256,-0.735134,-1.5491,-0.542895,-3.34314e-05,-0.542862
182.304,-0.725119,-1.54854,-0.543121,-3.47691e-05,-0.543086
182.352,-0.760145,-1.54798,-0.543333,-3.03052e-05,-0.543303
182.4,-0.722628,-1.54742,-0.543552,-3.51075e-05,-0.543517
182.448,-0.701108,-1.54685,-0.543923,-3.81976e-05,-0.543885
182.496,-0.701108,-1.54627,-0.54435,-3.81959e-05,-0.544312
182.544,-0.695618,-1.5457,-0.544713,-3.90257e-05,-0.544674
182.592,-0.735134,-1.54512,-0.545118,-3.34215e-05,-0.545085
182.64,-0.72312,-1.54455,-0.545336,-3.50324e-05,-0.545301
182.688,-0.715613,-1.54397,-0.545627,-3.60775e-05,-0.545591
182.736,-0.670099,-1.54339,-0.546,-4.31261e-05,-0.545957
182.784,-0.702108,-1.54281,-0.546377,-3.80366e-05,-0.546339
182.832,-0.713614,-1.54222,-0.546755,-3.63568e-05,-0.546718
182.88,-0.713122,-1.54164,-0.547067,-3.64254e-05,-0.54703
182.928,-0.671098,-1.54104,-0.547538,-4.29498e-05,-0.547495
182.976,-0.713614,-1.54045,-0.547914,-3.6352e-05,-0.547878
183.024,-0.72012,-1.53985,-0.548293,-3.54345e-05,-0.548258
183.072,-0.732118,-1.53926,-0.548573,-3.38043e-05,-0.548539
183.12,-0.725119,-1.53867,-0.548827,-3.47435e-05,-0.548792
183.168,-0.682604,-1.53807,-0.549127,-4.10458e-05,-0.549086
183.216,-0.732626,-1.53748,-0.549442,-3.37326e-05,-0.549409
183.264,-0.707615,-1.53689,-0.549567,-3.72075e-05,-0.549529
183.312,-0.725119,-1.53632,-0.549658,-3.47374e-05,-0.549623
183.36,-0.726627,-1.53574,-0.549791,-3.45311e-05,-0.549756
183.408,-0.726119,-1.53516,-0.550004,-3.45985e-05,-0.549969
183.456,-0.725628,-1.53458,-0.550248,-3.46637e-05,-0.550213
183.504,-0.735134,-1.53401,-0.550383,-3.33938e-05,-0.55035
183.552,-0.699617,-1.53343,-0.550596,-3.83832e-05,-0.550557
183.6,-0.701108,-1.53286,-0.550776,-3.81577e-05,-0.550738
183.648,-0.744132,-1.53229,-0.550865,-3.22317e-05,-0.550833
183.696,-0.728119,-1.53173,-0.551029,-3.43194e-05,-0.550995
183.744,-0.708123,-1.53117,-0.55113,-3.71175e-05,-0.551093
183.792,-0.734134,-1.5306,-0.551333,-3.35164e-05,-0.5513
183.84,-0.699109,-1.53004,-0.551536,-3.845e-05,-0.551497
183.888,-0.715613,-1.52947,-0.551804,-3.60385e-05,-0.551768
183.936,-0.712122,-1.52891,-0.552018,-3.65338e-05,-0.551981
183.984,-0.709123,-1.52834,-0.552238,-3.69645e-05,-0.552202
184.032,-0.686603,-1.52777,-0.552531,-4.03759e-05,-0.55249
184.08,-0.708123,-1.5272,-0.55287,-3.71065e-05,-0.552833
184.128,-0.677097,-1.52662,-0.553215,-4.1906e-05,-0.553173
184.176,-0.692602,-1.52604,-0.553577,-3.9432e-05,-0.553538
184.224,-0.672098,-1.52545,-0.553988,-4.2732e-05,-0.553945
184.272,-0.685603,-1.52486,-0.554313,-4.05258e-05,-0.554273
184.32,-0.678097,-1.52427,-0.554653,-4.17347e-05,-0.554611
184.368,-0.696617,-1.52368,-0.554993,-3.88091e-05,-0.554955
184.416,-0.670099,-1.52309,-0.555318,-4.30608e-05,-0.555275
184.464,-0.679113,-1.52249,-0.555694,-4.15632e-05,-0.555652
184.512,-0.659593,-1.52188,-0.556114,-4.4868e-05,-0.556069
184.56,-0.676605,-1.52127,-0.556529,-4.19701e-05,-0.556487
184.608,-0.659101,-1.52066,-0.556925,-4.49505e-05,-0.55688
184.656,-0.688603,-1.52005,-0.557161,-4.00375e-05,-0.557121
184.704,-0.673606,-1.51944,-0.557507,-4.24609e-05,-0.557464
184.752,-0.704616,-1.51882,-0.557824,-3.7597e-05,-0.557787
184.8,-0.643596,-1.51821,-0.558201,-4.77598e-05,-0.558154
184.848,-0.712122,-1.51759,-0.558414,-3.65029e-05,-0.558378
184.896,-0.696617,-1.51698,-0.558647,-3.87897e-05,-0.558608
184.944,-0.672098,-1.51637,-0.558835,-4.2703e-05,-0.558792
184.992,-0.669099,-1.51577,-0.559048,-4.32063e-05,-0.559005
185.04,-0.684112,-1.51515,-0.559348,-4.07339e-05,-0.559307
185.088,-0.708123,-1.51454,-0.559583,-3.70715e-05,-0.559546
185.136,-0.741132,-1.51394,-0.559676,-3.25684e-05,-0.559644
185.184,-0.69111,-1.51333,-0.559866,-3.96257e-05,-0.559826
185.232,-0.689602,-1.51273,-0.560054,-3.98589e-05,-0.560014
185.28,-0.697617,-1.51212,-0.560252,-3.86238e-05,-0.560214
185.328,-0.719629,-1.51153,-0.560332,-3.54278e-05,-0.560296
185.376,-0.718629,-1.51093,-0.560451,-3.55654e-05,-0.560415
185.424,-0.69411,-1.51034,-0.56053,-3.91536e-05,-0.560491
185.472,-0.722628,-1.50976,-0.560543,-3.50089e-05,-0.560508
185.52,-0.718121,-1.50918,-0.560564,-3.56317e-05,-0.560528
185.568,-0.69211,-1.50861,-0.560675,-3.94567e-05,-0.560636
185.616,-0.696109,-1.50804,-0.5607,-3.8841e-05,-0.560662
185.664,-0.658593,-1.50746,-0.560827,-4.49957e-05,-0.560782
185.712,-0.665608,-1.50688,-0.561086,-4.37728e-05,-0.561042
185.76,-0.688603,-1.5063,-0.561254,-3.99963e-05,-0.561214
185.808,-0.691602,-1.50573,-0.561431,-3.95269e-05,-0.561391
185.856,-0.659593,-1.50515,-0.561624,-4.48119e-05,-0.56158
185.904,-0.643596,-1.50456,-0.561963,-4.77111e-05,-0.561915
185.952,-0.656102,-1.50397,-0.562295,-4.54256e-05,-0.562249
186,-0.673098,-1.50338,-0.562554,-4.24945e-05,-0.562512
186.048,-0.6611,-1.50279,-0.562856,-4.45398e-05,-0.562812
186.096,-0.650595,-1.50219,-0.563173,-4.64112e-05,-0.563127
186.144,-0.639597,-1.50159,-0.563545,-4.84545e-05,-0.563497
186.192,-0.651594,-1.50098,-0.563842,-4.62254e-05,-0.563796
186.24,-0.653102,-1.50038,-0.564176,-4.59507e-05,-0.56413
186.288,-0.652102,-1.49976,-0.56454,-4.61291e-05,-0.564494
186.336,-0.659593,-1.49915,-0.56481,-4.47918e-05,-0.564766
186.384,-0.657593,-1.49854,-0.565082,-4.51423e-05,-0.565037
186.432,-0.681113,-1.49793,-0.565289,-4.11628e-05,-0.565248
186.48,-0.674098,-1.49732,-0.565375,-4.23091e-05,-0.565333
186.528,-0.687603,-1.49672,-0.565514,-4.01246e-05,-0.565474
186.576,-0.697617,-1.49612,-0.565552,-3.85776e-05,-0.565513
186.624,-0.670607,-1.49552,-0.565746,-4.28865e-05,-0.565703
186.672,-0.686111,-1.49492,-0.565882,-4.03546e-05,-0.565842
186.72,-0.673098,-1.49433,-0.565995,-4.24658e-05,-0.565952
186.768,-0.680113,-1.49373,-0.566156,-4.13115e-05,-0.566115
186.816,-0.700617,-1.49314,-0.566257,-3.81179e-05,-0.566218
186.864,-0.682112,-1.49255,-0.566372,-4.09852e-05,-0.566331
186.912,-0.678097,-1.49195,-0.566581,-4.16339e-05,-0.56654
186.96,-0.716613,-1.49136,-0.566643,-3.57953e-05,-0.566607
187.008,-0.698617,-1.49078,-0.566734,-3.84112e-05,-0.566695
187.056,-0.686603,-1.49019,-0.566801,-4.02626e-05,-0.56676
187.104,-0.707615,-1.48961,-0.566879,-3.70761e-05,-0.566842
187.152,-0.677605,-1.48903,-0.567015,-4.17051e-05,-0.566973
187.2,-0.6631,-1.48845,-0.567159,-4.41444e-05,-0.567115
187.248,-0.649595,-1.48786,-0.567375,-4.65435e-05,-0.567328
187.296,-0.651594,-1.48727,-0.56763,-4.61779e-05,-0.567584
187.344,-0.636089,-1.48667,-0.56798,-4.90707e-05,-0.56793
187.392,-0.656593,-1.48607,-0.568177,-4.52774e-05,-0.568131
187.44,-0.646087,-1.48548,-0.568425,-4.71797e-05,-0.568378
187.488,-0.637089,-1.48488,-0.568656,-4.88721e-05,-0.568607
187.536,-0.636598,-1.48427,-0.568915,-4.89642e-05,-0.568866
187.584,-0.645596,-1.48367,-0.569191,-4.72644e-05,-0.569144
187.632,-0.630582,-1.48305,-0.569522,-5.01284e-05,-0.569471
187.68,-0.661592,-1.48244,-0.569778,-4.43863e-05,-0.569734
187.728,-0.627583,-1.48182,-0.570103,-5.07169e-05,-0.570053
187.776,-0.628583,-1.48119,-0.570449,-5.0516e-05,-0.570398
187.824,-0.654102,-1.48057,-0.570685,-4.5703e-05,-0.570639
187.872,-0.632582,-1.47995,-0.570868,-4.97253e-05,-0.570818
187.92,-0.644088,-1.47933,-0.571095,-4.75292e-05,-0.571048
187.968,-0.640597,-1.4787,-0.571326,-4.81822e-05,-0.571278
188.016,-0.671606,-1.47807,-0.571576,-4.26629e-05,-0.571533
188.064,-0.648087,-1.47744,-0.571768,-4.6783e-05,-0.571722
188.112,-0.688111,-1.47682,-0.571862,-3.99851e-05,-0.571822
188.16,-0.637089,-1.4762,-0.572105,-4.88403e-05,-0.572056
188.208,-0.660592,-1.47556,-0.572332,-4.45377e-05,-0.572287
188.256,-0.636089,-1.47493,-0.572542,-4.90276e-05,-0.572493
188.304,-0.683112,-1.47431,-0.572669,-4.07691e-05,-0.572628
188.352,-0.641088,-1.47368,-0.57279,-4.80713e-05,-0.572741
188.4,-0.680113,-1.47306,-0.572912,-4.12476e-05,-0.57287
188.448,-0.666607,-1.47244,-0.572957,-4.34891e-05,-0.572913
188.496,-0.660101,-1.47182,-0.573044,-4.46111e-05,-0.572999
188.544,-0.643088,-1.47121,-0.573178,-4.76869e-05,-0.573131
188.592,-0.646087,-1.47058,-0.573405,-4.71271e-05,-0.573358
188.64,-0.647087,-1.46995,-0.573649,-4.69404e-05,-0.573602
188.688,-0.654594,-1.46933,-0.573795,-4.55765e-05,-0.573749
188.736,-0.6651,-1.4687,-0.574,-4.37348e-05,-0.573956
188.784,-0.613586,-1.46807,-0.574156,-5.35234e-05,-0.574102
188.832,-0.623584,-1.46744,-0.574434,-5.1463e-05,-0.574382
188.88,-0.602572,-1.46679,-0.574783,-5.58806e-05,-0.574727
188.928,-0.595082,-1.46614,-0.575151,-5.75436e-05,-0.575094
188.976,-0.585576,-1.46549,-0.575537,-5.97263e-05,-0.575478
189.024,-0.646087,-1.46483,-0.575779,-4.71067e-05,-0.575731
189.072,-0.613078,-1.46417,-0.57606,-5.36145e-05,-0.576006
189.12,-0.601572,-1.46351,-0.576442,-5.60863e-05,-0.576386
189.168,-0.619077,-1.46283,-0.576765,-5.23627e-05,-0.576712
189.216,-0.600573,-1.46216,-0.57711,-5.63009e-05,-0.577054
189.264,-0.588067,-1.46147,-0.577515,-5.91278e-05,-0.577456
189.312,-0.60308,-1.46078,-0.57788,-5.57442e-05,-0.577824
189.36,-0.60608,-1.46009,-0.578227,-5.50895e-05,-0.578172
189.408,-0.627091,-1.45939,-0.57854,-5.07294e-05,-0.57849
189.456,-0.609079,-1.45869,-0.578903,-5.44396e-05,-0.578848
189.504,-0.590067,-1.45798,-0.579287,-5.86506e-05,-0.579228
189.552,-0.588067,-1.45726,-0.579686,-5.91092e-05,-0.579627
189.6,-0.592066,-1.45654,-0.580059,-5.81862e-05,-0.580001
189.648,-0.621093,-1.45582,-0.580325,-5.1923e-05,-0.580273
189.696,-0.617077,-1.4551,-0.580599,-5.27443e-05,-0.580546
189.744,-0.636598,-1.45438,-0.580806,-4.88546e-05,-0.580758
189.792,-0.617077,-1.45366,-0.581013,-5.27386e-05,-0.580961
189.84,-0.598573,-1.45294,-0.581163,-5.67049e-05,-0.581106
189.888,-0.621584,-1.45222,-0.581392,-5.1809e-05,-0.58134
189.936,-0.629091,-1.4515,-0.581559,-5.03033e-05,-0.581509
189.984,-0.618077,-1.45078,-0.58169,-5.25208e-05,-0.581637
190.032,-0.645088,-1.45006,-0.581755,-4.72394e-05,-0.581707
190.08,-0.600081,-1.44935,-0.581928,-5.63554e-05,-0.581872
190.128,-0.658593,-1.44864,-0.581955,-4.47977e-05,-0.58191
190.176,-0.643088,-1.44793,-0.582007,-4.76037e-05,-0.581959
190.224,-0.585576,-1.44722,-0.582211,-5.96444e-05,-0.582152
190.272,-0.599573,-1.4465,-0.582399,-5.64557e-05,-0.582343
190.32,-0.63309,-1.44579,-0.582517,-4.94993e-05,-0.582468
190.368,-0.625584,-1.44507,-0.58262,-5.09754e-05,-0.582569
190.416,-0.629583,-1.44437,-0.582719,-5.01795e-05,-0.582669
190.464,-0.630091,-1.44365,-0.582938,-5.00769e-05,-0.582888
190.512,-0.618077,-1.44293,-0.583137,-5.24899e-05,-0.583085
190.56,-0.601081,-1.4422,-0.583409,-5.61047e-05,-0.583352
190.608,-0.624092,-1.44148,-0.583561,-5.12606e-05,-0.58351
190.656,-0.607571,-1.44077,-0.583672,-5.46888e-05,-0.583617
190.704,-0.57407,-1.44004,-0.583906,-6.23636e-05,-0.583844
190.752,-0.600081,-1.43931,-0.584141,-5.63129e-05,-0.584085
190.8,-0.620585,-1.43857,-0.584449,-5.19592e-05,-0.584397
190.848,-0.615586,-1.43783,-0.584694,-5.29849e-05,-0.584641
190.896,-0.586067,-1.43709,-0.58501,-5.94842e-05,-0.58495
190.944,-0.57507,-1.43633,-0.585388,-6.21023e-05,-0.585326
190.992,-0.587067,-1.43557,-0.585724,-5.92447e-05,-0.585665
191.04,-0.592066,-1.43481,-0.585986,-5.80913e-05,-0.585928
191.088,-0.604572,-1.43405,-0.586243,-5.53079e-05,-0.586187
191.136,-0.588575,-1.43329,-0.586433,-5.88853e-05,-0.586374
191.184,-0.600081,-1.43253,-0.586602,-5.62842e-05,-0.586546
191.232,-0.604572,-1.43177,-0.586714,-5.52984e-05,-0.586659
191.28,-0.585576,-1.43101,-0.586865,-5.95718e-05,-0.586805
191.328,-0.626092,-1.43026,-0.586908,-5.08173e-05,-0.586857
191.376,-0.591066,-1.42951,-0.58699,-5.82962e-05,-0.586932
191.424,-0.624092,-1.42875,-0.587055,-5.12115e-05,-0.587003
191.472,-0.632582,-1.42801,-0.587064,-4.95317e-05,-0.587014
191.52,-0.613078,-1.42726,-0.58712,-5.3466e-05,-0.587067
191.568,-0.60508,-1.4265,-0.587317,-5.51665e-05,-0.587262
191.616,-0.610079,-1.42575,-0.587398,-5.40925e-05,-0.587344
191.664,-0.594574,-1.425,-0.587555,-5.74803e-05,-0.587497
191.712,-0.636598,-1.42425,-0.587572,-4.8744e-05,-0.587523
191.76,-0.642596,-1.42351,-0.587623,-4.7608e-05,-0.587576
191.808,-0.614078,-1.42276,-0.587707,-5.32387e-05,-0.587654
191.856,-0.69111,-1.42202,-0.587638,-3.93551e-05,-0.587599
191.904,-0.629583,-1.42128,-0.587663,-5.00924e-05,-0.587613
191.952,-0.667607,-1.42055,-0.587651,-4.31504e-05,-0.587608
192,-0.625092,-1.41981,-0.587742,-5.09768e-05,-0.587691
192.048,-0.643596,-1.41907,-0.587825,-4.74059e-05,-0.587778
192.096,-0.593574,-1.41833,-0.587997,-5.76771e-05,-0.58794
192.144,-0.60308,-1.41759,-0.588097,-5.55634e-05,-0.588041
192.192,-0.622584,-1.41684,-0.588218,-5.14691e-05,-0.588166
192.24,-0.605571,-1.4161,-0.588336,-5.50171e-05,-0.588281
192.288,-0.582576,-1.41535,-0.588504,-6.02056e-05,-0.588444
192.336,-0.590067,-1.41459,-0.588679,-5.84595e-05,-0.58862
192.384,-0.601081,-1.41384,-0.588871,-5.5985e-05,-0.588815
192.432,-0.559565,-1.41308,-0.589077,-6.588e-05,-0.589011
192.48,-0.566564,-1.41231,-0.589335,-6.40928e-05,-0.589271
192.528,-0.542552,-1.41153,-0.589674,-7.04169e-05,-0.589604
192.576,-0.579577,-1.41074,-0.590091,-6.08968e-05,-0.59003
192.624,-0.546551,-1.40994,-0.590462,-6.93129e-05,-0.590393
192.672,-0.561565,-1.40914,-0.590763,-6.5346e-05,-0.590697
192.72,-0.580577,-1.40834,-0.590976,-6.06475e-05,-0.590916
192.768,-0.602572,-1.40753,-0.591238,-5.56321e-05,-0.591183
192.816,-0.624584,-1.40672,-0.591319,-5.10281e-05,-0.591268
192.864,-0.605571,-1.40592,-0.591421,-5.49749e-05,-0.591366
192.912,-0.592066,-1.40512,-0.591553,-5.79615e-05,-0.591495
192.96,-0.609587,-1.40432,-0.591549,-5.41094e-05,-0.591495
193.008,-0.591574,-1.40352,-0.591675,-5.80664e-05,-0.591617
193.056,-0.60608,-1.40271,-0.591778,-5.48522e-05,-0.591723
193.104,-0.622076,-1.40191,-0.591793,-5.15138e-05,-0.591742
193.152,-0.630091,-1.40112,-0.591772,-4.99168e-05,-0.591722
193.2,-0.620585,-1.40032,-0.591816,-5.18097e-05,-0.591764
193.248,-0.646087,-1.39953,-0.591833,-4.68759e-05,-0.591786
193.296,-0.593066,-1.39873,-0.591915,-5.77069e-05,-0.591857
193.344,-0.610587,-1.39793,-0.591996,-5.38717e-05,-0.591942
193.392,-0.595574,-1.39713,-0.592054,-5.71353e-05,-0.591997
193.44,-0.587575,-1.39633,-0.592142,-5.89522e-05,-0.592083
193.488,-0.60408,-1.39552,-0.592257,-5.52541e-05,-0.592201
193.536,-0.594082,-1.39472,-0.592303,-5.746e-05,-0.592246
193.584,-0.587575,-1.39391,-0.592457,-5.89415e-05,-0.592398
193.632,-0.563056,-1.3931,-0.592629,-6.48864e-05,-0.592564
193.68,-0.557057,-1.39228,-0.592843,-6.64268e-05,-0.592776
193.728,-0.57407,-1.39145,-0.593061,-6.21358e-05,-0.592999
193.776,-0.595574,-1.39062,-0.593267,-5.71072e-05,-0.59321
193.824,-0.608571,-1.38978,-0.593385,-5.4266e-05,-0.593331
193.872,-0.565564,-1.38895,-0.593591,-6.42313e-05,-0.593527
193.92,-0.542061,-1.38809,-0.593928,-7.04283e-05,-0.593857
193.968,-0.568563,-1.38724,-0.594167,-6.34721e-05,-0.594103
194.016,-0.561565,-1.38638,-0.594349,-6.5234e-05,-0.594283
194.064,-0.561056,-1.38551,-0.594636,-6.53598e-05,-0.59457
194.112,-0.556058,-1.38464,-0.594869,-6.66493e-05,-0.594803
194.16,-0.555566,-1.38376,-0.595079,-6.67736e-05,-0.595012
194.208,-0.540553,-1.38288,-0.595381,-7.08181e-05,-0.595311
194.256,-0.550551,-1.38198,-0.595656,-6.80907e-05,-0.595588
194.304,-0.572562,-1.38108,-0.595898,-6.24554e-05,-0.595835
194.352,-0.60408,-1.38018,-0.596042,-5.51902e-05,-0.595987
194.4,-0.577069,-1.37928,-0.596185,-6.13529e-05,-0.596124
194.448,-0.570563,-1.37838,-0.5963,-6.29342e-05,-0.596237
194.496,-0.567563,-1.37747,-0.59644,-6.36745e-05,-0.596376
194.544,-0.569563,-1.37656,-0.596577,-6.31728e-05,-0.596514
194.592,-0.561056,-1.37564,-0.596747,-6.53111e-05,-0.596681
194.64,-0.570071,-1.37473,-0.596858,-6.30383e-05,-0.596795
194.688,-0.612078,-1.37382,-0.596813,-5.34602e-05,-0.596759
194.736,-0.607571,-1.37291,-0.596797,-5.44098e-05,-0.596742
194.784,-0.603572,-1.372,-0.596725,-5.52661e-05,-0.596669
194.832,-0.60308,-1.37109,-0.596745,-5.53689e-05,-0.59669
194.88,-0.587067,-1.37019,-0.596712,-5.89534e-05,-0.596653
194.928,-0.595574,-1.36927,-0.596856,-5.70152e-05,-0.596799
194.976,-0.609587,-1.36835,-0.596849,-5.39628e-05,-0.596795
195.024,-0.622076,-1.36744,-0.596832,-5.13799e-05,-0.596781
195.072,-0.620077,-1.36653,-0.596751,-5.17808e-05,-0.596699
195.12,-0.605571,-1.36563,-0.596685,-5.4808e-05,-0.59663
195.168,-0.594082,-1.36472,-0.59667,-5.733e-05,-0.596612
195.216,-0.582068,-1.36381,-0.596696,-6.00915e-05,-0.596636
195.264,-0.546551,-1.36288,-0.596917,-6.90672e-05,-0.596848
195.312,-0.581069,-1.36194,-0.597103,-6.03191e-05,-0.597043
195.36,-0.566564,-1.361,-0.597325,-6.38451e-05,-0.597261
195.408,-0.559565,-1.36005,-0.597502,-6.56169e-05,-0.597437
195.456,-0.55355,-1.3591,-0.597644,-6.71782e-05,-0.597577
195.504,-0.554566,-1.35814,-0.597802,-6.69062e-05,-0.597735
195.552,-0.530047,-1.35718,-0.597957,-7.36534e-05,-0.597884
195.6,-0.562564,-1.3562,-0.598198,-6.48307e-05,-0.598133
195.648,-0.54406,-1.35522,-0.5984,-6.97049e-05,-0.598331
195.696,-0.553058,-1.35424,-0.598579,-6.72831e-05,-0.598512
195.744,-0.568563,-1.35324,-0.598791,-6.33092e-05,-0.598728
195.792,-0.541553,-1.35224,-0.598983,-7.03778e-05,-0.598913
195.84,-0.575562,-1.35123,-0.599105,-6.1586e-05,-0.599043
195.888,-0.580577,-1.35021,-0.599286,-6.03819e-05,-0.599226
195.936,-0.54306,-1.34919,-0.599527,-6.99468e-05,-0.599457
195.984,-0.552058,-1.34815,-0.599755,-6.75164e-05,-0.599687
196.032,-0.570071,-1.34712,-0.599889,-6.29069e-05,-0.599826
196.08,-0.584576,-1.34608,-0.599975,-5.94237e-05,-0.599915
196.128,-0.565056,-1.34503,-0.600115,-6.41462e-05,-0.600051
196.176,-0.57307,-1.34397,-0.600229,-6.21565e-05,-0.600167
196.224,-0.556566,-1.34291,-0.600418,-6.63072e-05,-0.600351
196.272,-0.573562,-1.34184,-0.600513,-6.20268e-05,-0.600451
196.32,-0.562056,-1.34077,-0.600594,-6.48843e-05,-0.600529
196.368,-0.581069,-1.3397,-0.600607,-6.02177e-05,-0.600547
196.416,-0.589575,-1.33863,-0.600561,-5.82373e-05,-0.600503
196.464,-0.590575,-1.33756,-0.600555,-5.80047e-05,-0.600497
196.512,-0.599573,-1.33649,-0.600434,-5.59891e-05,-0.600378
196.56,-0.561565,-1.33542,-0.600452,-6.49831e-05,-0.600387
196.608,-0.590067,-1.33433,-0.600479,-5.81062e-05,-0.600421
196.656,-0.571562,-1.33324,-0.600526,-6.24743e-05,-0.600463
196.704,-0.568071,-1.33215,-0.600553,-6.33303e-05,-0.60049
196.752,-0.580577,-1.33105,-0.600643,-6.02943e-05,-0.600583
196.8,-0.54506,-1.32993,-0.600771,-6.92993e-05,-0.600701
196.848,-0.554058,-1.32881,-0.600948,-6.6891e-05,-0.600881
196.896,-0.567055,-1.32768,-0.601101,-6.35616e-05,-0.601038
196.944,-0.532554,-1.32653,-0.601297,-7.27637e-05,-0.601225
196.992,-0.555566,-1.32538,-0.601421,-6.64793e-05,-0.601354
197.04,-0.554058,-1.32423,-0.601509,-6.68678e-05,-0.601443
197.088,-0.548551,-1.32306,-0.601629,-6.83215e-05,-0.601561
197.136,-0.55355,-1.32189,-0.6017,-6.69893e-05,-0.601633
197.184,-0.550059,-1.32071,-0.601769,-6.79066e-05,-0.601701
197.232,-0.529555,-1.31953,-0.60185,-7.35855e-05,-0.601777
197.28,-0.546551,-1.31833,-0.601992,-6.88346e-05,-0.601924
197.328,-0.536046,-1.31712,-0.602156,-7.17232e-05,-0.602084
197.376,-0.538553,-1.3159,-0.602276,-7.10148e-05,-0.602205
197.424,-0.534554,-1.31467,-0.602461,-7.21305e-05,-0.602388
197.472,-0.55255,-1.31342,-0.602604,-6.72093e-05,-0.602536
197.52,-0.551567,-1.31217,-0.602704,-6.74625e-05,-0.602637
197.568,-0.537045,-1.31091,-0.6029,-7.14089e-05,-0.602828
197.616,-0.550551,-1.30963,-0.603065,-6.77188e-05,-0.602997
197.664,-0.522049,-1.30833,-0.603252,-7.57195e-05,-0.603176
197.712,-0.571562,-1.30704,-0.603291,-6.23504e-05,-0.603229
197.76,-0.563564,-1.30574,-0.6033,-6.43307e-05,-0.603236
197.808,-0.574562,-1.30443,-0.603288,-6.16091e-05,-0.603226
197.856,-0.570563,-1.30311,-0.603365,-6.25766e-05,-0.603303
197.904,-0.561565,-1.30179,-0.603379,-6.48176e-05,-0.603314
197.952,-0.553058,-1.30045,-0.603431,-6.70095e-05,-0.603364
198,-0.598573,-1.2991,-0.603428,-5.60499e-05,-0.603372
198.048,-0.564564,-1.29774,-0.60344,-6.40401e-05,-0.603376
198.096,-0.567055,-1.29638,-0.603399,-6.34109e-05,-0.603336
198.144,-0.558565,-1.29501,-0.603425,-6.55508e-05,-0.60336
198.192,-0.566564,-1.29363,-0.60342,-6.352e-05,-0.603356
198.24,-0.57607,-1.29223,-0.603453,-6.11891e-05,-0.603392
198.288,-0.544552,-1.29082,-0.603514,-6.92318e-05,-0.603445
198.336,-0.570563,-1.2894,-0.603544,-6.25115e-05,-0.603481
198.384,-0.573562,-1.28798,-0.603464,-6.17739e-05,-0.603402
198.432,-0.561056,-1.28654,-0.603522,-6.48718e-05,-0.603457
198.48,-0.517541,-1.28508,-0.603677,-7.69337e-05,-0.6036
198.528,-0.538553,-1.28359,-0.603838,-7.08408e-05,-0.603767
198.576,-0.524048,-1.2821,-0.603989,-7.49786e-05,-0.603914
198.624,-0.52354,-1.28057,-0.604197,-7.51194e-05,-0.604122
198.672,-0.523048,-1.27904,-0.604363,-7.52556e-05,-0.604288
198.72,-0.548551,-1.27748,-0.604534,-6.80855e-05,-0.604466
198.768,-0.52154,-1.2759,-0.604706,-7.56839e-05,-0.60463
198.816,-0.543552,-1.27431,-0.604861,-6.94166e-05,-0.604792
198.864,-0.540061,-1.27269,-0.605044,-7.03648e-05,-0.604973
198.912,-0.539045,-1.27105,-0.605247,-7.0637e-05,-0.605177
198.96,-0.511543,-1.26939,-0.605426,-7.86711e-05,-0.605347
199.008,-0.534554,-1.26771,-0.605561,-7.18737e-05,-0.605489
199.056,-0.525556,-1.26601,-0.605695,-7.44454e-05,-0.605621
199.104,-0.520541,-1.26428,-0.60583,-7.59141e-05,-0.605754
199.152,-0.530555,-1.26253,-0.606012,-7.2981e-05,-0.605939
199.2,-0.520541,-1.26076,-0.606196,-7.58938e-05,-0.60612
199.248,-0.524556,-1.25895,-0.606385,-7.46978e-05,-0.606311
199.296,-0.55355,-1.25714,-0.606454,-6.66606e-05,-0.606388
199.344,-0.526556,-1.2553,-0.606491,-7.40938e-05,-0.606417
199.392,-0.563564,-1.25345,-0.606448,-6.40755e-05,-0.606384
199.44,-0.536046,-1.25156,-0.606525,-7.13669e-05,-0.606453
199.488,-0.590575,-1.24966,-0.606499,-5.76189e-05,-0.606441
199.536,-0.55355,-1.24774,-0.606485,-6.66129e-05,-0.606418
199.584,-0.568563,-1.24578,-0.606488,-6.2795e-05,-0.606425
199.632,-0.554058,-1.2438,-0.606547,-6.64604e-05,-0.60648
199.68,-0.537045,-1.24179,-0.606662,-7.10347e-05,-0.606591
199.728,-0.527556,-1.23976,-0.606667,-7.37166e-05,-0.606593
199.776,-0.563056,-1.23771,-0.606551,-6.41264e-05,-0.606487
199.824,-0.534554,-1.23562,-0.606531,-7.16984e-05,-0.60646
199.872,-0.529047,-1.23352,-0.606455,-7.32518e-05,-0.606381
199.92,-0.500545,-1.23137,-0.606532,-8.19006e-05,-0.60645
199.968,-0.51505,-1.22919,-0.606576,-7.73593e-05,-0.606498
200.016,-0.541061,-1.22698,-0.606589,-6.9846e-05,-0.606519
200.064,-0.522049,-1.22473,-0.606688,-7.52396e-05,-0.606613
200.112,-0.500037,-1.22243,-0.606822,-8.20081e-05,-0.60674
200.16,-0.525556,-1.2201,-0.606972,-7.41856e-05,-0.606898
200.208,-0.525048,-1.21772,-0.607056,-7.43201e-05,-0.606982
200.256,-0.499545,-1.2153,-0.607168,-8.21217e-05,-0.607086
200.304,-0.505036,-1.21283,-0.607431,-8.03573e-05,-0.60735
200.352,-0.520049,-1.21031,-0.607546,-7.57485e-05,-0.607471
200.4,-0.535046,-1.20775,-0.607651,-7.14083e-05,-0.607579
200.448,-0.509035,-1.20513,-0.607786,-7.90605e-05,-0.607707
200.496,-0.529555,-1.20247,-0.607865,-7.29331e-05,-0.607793
200.544,-0.505544,-1.19975,-0.608067,-8.01173e-05,-0.607986
200.592,-0.516542,-1.19697,-0.608189,-7.67194e-05,-0.608112
200.64,-0.517541,-1.19413,-0.608327,-7.64027e-05,-0.60825
200.688,-0.519541,-1.19124,-0.608406,-7.57892e-05,-0.60833
200.736,-0.49553,-1.18829,-0.608478,-8.32532e-05,-0.608395
200.784,-0.513542,-1.18528,-0.6085,-7.75578e-05,-0.608423
200.832,-0.527047,-1.18221,-0.608497,-7.354e-05,-0.608424
200.88,-0.537045,-1.17908,-0.608379,-7.06956e-05,-0.608309
200.928,-0.516542,-1.17587,-0.608413,-7.65958e-05,-0.608336
200.976,-0.528047,-1.1726,-0.608374,-7.31984e-05,-0.608301
201.024,-0.51305,-1.16925,-0.608343,-7.76123e-05,-0.608266
201.072,-0.537045,-1.16583,-0.608228,-7.06241e-05,-0.608158
201.12,-0.544552,-1.16234,-0.608115,-6.85571e-05,-0.608047
201.168,-0.511051,-1.15876,-0.608073,-7.81605e-05,-0.607995
201.216,-0.519049,-1.15509,-0.60801,-7.57258e-05,-0.607935
201.264,-0.511051,-1.15133,-0.607962,-7.81161e-05,-0.607884
201.312,-0.537045,-1.14748,-0.607816,-7.05249e-05,-0.607746
201.36,-0.527047,-1.14352,-0.607712,-7.33226e-05,-0.607639
201.408,-0.534554,-1.13947,-0.607615,-7.11736e-05,-0.607544
201.456,-0.54406,-1.13531,-0.607468,-6.85474e-05,-0.6074
201.504,-0.540553,-1.13103,-0.607329,-6.94739e-05,-0.60726
201.552,-0.501545,-1.12663,-0.607266,-8.09296e-05,-0.607185
201.6,-0.522049,-1.12209,-0.607184,-7.46514e-05,-0.607109
201.648,-0.533046,-1.11742,-0.60711,-7.14748e-05,-0.607038
201.696,-0.48704,-1.11259,-0.607212,-8.55741e-05,-0.607127
201.744,-0.491039,-1.1076,-0.6072,-8.42104e-05,-0.607116
201.792,-0.501037,-1.10246,-0.607126,-8.09409e-05,-0.607045
201.84,-0.530555,-1.09714,-0.607006,-7.20643e-05,-0.606934
201.888,-0.479533,-1.09164,-0.607041,-8.79888e-05,-0.606953
201.936,-0.49353,-1.08592,-0.607083,-8.32531e-05,-0.607
201.984,-0.507543,-1.08001,-0.607045,-7.87659e-05,-0.606966
202.032,-0.501037,-1.07387,-0.606984,-8.07634e-05,-0.606903
202.08,-0.49553,-1.06749,-0.60695,-8.24859e-05,-0.606867
202.128,-0.490531,-1.06085,-0.606921,-8.40759e-05,-0.606837
202.176,-0.549059,-1.05394,-0.606789,-6.67981e-05,-0.606722
202.224,-0.483532,-1.04673,-0.606752,-8.63213e-05,-0.606666
202.272,-0.476026,-1.03922,-0.60662,-8.88486e-05,-0.606531
202.32,-0.489039,-1.03136,-0.606524,-8.43773e-05,-0.60644
202.368,-0.51305,-1.02314,-0.606331,-7.67467e-05,-0.606254
202.416,-0.512051,-1.01454,-0.606037,-7.69971e-05,-0.60596
202.464,-0.509543,-1.00553,-0.605612,-7.7704e-05,-0.605535
202.512,-0.518049,-0.996068,-0.605204,-7.51e-05,-0.605129
202.56,-0.472027,-0.986094,-0.604915,-8.9884e-05,-0.604825
202.608,-0.506544,-0.975568,-0.604574,-7.84418e-05,-0.604496
202.656,-0.520541,-0.964441,-0.60421,-7.41886e-05,-0.604136
202.704,-0.568071,-0.952672,-0.603612,-6.15168e-05,-0.603551
202.752,-0.536554,-0.94018,-0.603045,-6.95427e-05,-0.602976
202.8,-0.519541,-0.926879,-0.602484,-7.4264e-05,-0.602409
202.848,-0.522049,-0.912673,-0.601908,-7.34565e-05,-0.601835
202.896,-0.504544,-0.897474,-0.601176,-7.85832e-05,-0.601097
202.944,-0.528047,-0.881135,-0.600455,-7.15736e-05,-0.600384
202.992,-0.530047,-0.863522,-0.599606,-7.09177e-05,-0.599535
203.04,-0.516542,-0.844441,-0.598764,-7.46641e-05,-0.598689
203.088,-0.536554,-0.823673,-0.597845,-6.89175e-05,-0.597776
203.136,-0.510543,-0.800942,-0.596924,-7.61834e-05,-0.596848
203.184,-0.528555,-0.775914,-0.595919,-7.08498e-05,-0.595848
203.232,-0.477534,-0.748171,-0.594857,-8.63559e-05,-0.594771
203.28,-0.502545,-0.717158,-0.593664,-7.80996e-05,-0.593586
203.328,-0.487531,-0.682187,-0.59225,-8.26099e-05,-0.592167
203.376,-0.49353,-0.642307,-0.590599,-8.04386e-05,-0.590518
203.424,-0.481533,-0.596207,-0.58869,-8.40102e-05,-0.588606
203.472,-0.482532,-0.542024,-0.586378,-8.33278e-05,-0.586295
203.52,-0.465028,-0.476949,-0.583664,-8.87949e-05,-0.583575
203.568,-0.478533,-0.396547,-0.580298,-8.36867e-05,-0.580214
203.616,-0.49453,-0.2933,-0.575923,-7.79661e-05,-0.575845
203.664,-0.46452,-0.15311,-0.569857,-8.67471e-05,-0.569771
203.712,-0.46352,0.0543282,-0.561047,-8.56926e-05,-0.560961
203.76,-0.444524,0.404821,-0.546328,-8.9844e-05,-0.546238
203.808,-0.465028,1.07683,-0.51793,-7.85536e-05,-0.517851
203.856,-0.463028,1.72714,-0.48189,-7.3628e-05,-0.481817
203.904,-0.471027,0.841794,-0.510102,-7.55002e-05,-0.510026
203.952,-0.473534,-0.762725,-0.592826,-8.68598e-05,-0.592739
204,-0.476534,-0.917826,-0.606769,-8.78212e-05,-0.606681
204.048,-0.497038,-0.907325,-0.606518,-8.09914e-05,-0.606437
204.096,-0.491531,-0.892501,-0.605814,-8.26648e-05,-0.605731
204.144,-0.52354,-0.876496,-0.605075,-7.28231e-05,-0.605002
204.192,-0.485532,-0.859201,-0.604519,-8.44141e-05,-0.604435
204.24,-0.447016,-0.840443,-0.603978,-9.80334e-05,-0.60388
204.288,-0.505036,-0.82002,-0.603218,-7.79612e-05,-0.60314
204.336,-0.500545,-0.797691,-0.602246,-7.92087e-05,-0.602167
204.384,-0.519541,-0.773121,-0.601131,-7.33824e-05,-0.601058
204.432,-0.537045,-0.745907,-0.599849,-6.83693e-05,-0.59978
204.48,-0.520541,-0.715539,-0.598356,-7.27682e-05,-0.598283
204.528,-0.515542,-0.681322,-0.596744,-7.40109e-05,-0.59667
204.576,-0.511051,-0.642351,-0.594905,-7.5097e-05,-0.59483
204.624,-0.49253,-0.59737,-0.592872,-8.04705e-05,-0.592792
204.672,-0.521049,-0.544593,-0.590516,-7.166e-05,-0.590444
204.72,-0.527556,-0.481394,-0.587693,-6.95101e-05,-0.587624
204.768,-0.520049,-0.403666,-0.584111,-7.11523e-05,-0.58404
204.816,-0.495038,-0.304425,-0.579712,-7.7877e-05,-0.579634
204.864,-0.482532,-0.170813,-0.573881,-8.09411e-05,-0.573801
204.912,-0.477025,0.0240842,-0.565387,-8.14611e-05,-0.565305
204.96,-0.49353,0.346171,-0.551558,-7.44712e-05,-0.551483
205.008,-0.507543,0.95876,-0.525462,-6.71472e-05,-0.525395
205.056,-0.477534,1.70042,-0.487069,-7.00072e-05,-0.486999
205.104,-0.474026,1.06487,-0.503529,-7.33513e-05,-0.503456
205.152,-0.486532,-0.652429,-0.587072,-8.14087e-05,-0.586991
205.2,-0.49253,-0.915168,-0.608787,-8.24478e-05,-0.608705
205.248,-0.491531,-0.90808,-0.608913,-8.27631e-05,-0.60883
205.296,-0.455522,-0.894169,-0.608444,-9.52124e-05,-0.608348
205.344,-0.472027,-0.879109,-0.607875,-8.91415e-05,-0.607786
205.392,-0.482532,-0.862891,-0.60717,-8.54363e-05,-0.607084
205.44,-0.484532,-0.845357,-0.606409,-8.46537e-05,-0.606325
205.488,-0.460521,-0.826299,-0.605717,-9.28739e-05,-0.605624
205.536,-0.461029,-0.805494,-0.604948,-9.25393e-05,-0.604855
205.584,-0.489531,-0.782665,-0.604041,-8.2607e-05,-0.603958
205.632,-0.489039,-0.757471,-0.602969,-8.26042e-05,-0.602887
205.68,-0.51705,-0.729476,-0.601672,-7.38504e-05,-0.601598
205.728,-0.487531,-0.698107,-0.600288,-8.27105e-05,-0.600206
205.776,-0.504544,-0.66262,-0.598614,-7.71587e-05,-0.598537
205.824,-0.48704,-0.621997,-0.596832,-8.23791e-05,-0.59675
205.872,-0.531047,-0.574866,-0.594534,-6.90672e-05,-0.594464
205.92,-0.466028,-0.519204,-0.592008,-8.87375e-05,-0.591919
205.968,-0.497529,-0.451956,-0.588921,-7.80143e-05,-0.588843
206.016,-0.514542,-0.368291,-0.584998,-7.25029e-05,-0.584926
206.064,-0.484024,-0.2598,-0.580043,-8.10287e-05,-0.579962
206.112,-0.531047,-0.110351,-0.573307,-6.66017e-05,-0.57324
206.16,-0.549551,0.115454,-0.563244,-6.08606e-05,-0.563183
206.208,-0.508543,0.507752,-0.546378,-6.93326e-05,-0.546308
206.256,-0.49253,1.24301,-0.514322,-6.94813e-05,-0.514253
206.304,-0.503036,1.68048,-0.485005,-6.28672e-05,-0.484942
206.352,-0.499545,0.484382,-0.52876,-6.94787e-05,-0.528691
206.4,-0.483024,-0.841119,-0.603724,-8.46241e-05,-0.60364
206.448,-0.471535,-0.913613,-0.610856,-8.95405e-05,-0.610766
206.496,-0.471535,-0.90262,-0.610566,-8.94753e-05,-0.610476
206.544,-0.488039,-0.889109,-0.609946,-8.37804e-05,-0.609862
206.592,-0.481533,-0.874557,-0.609406,-8.58486e-05,-0.60932
206.64,-0.510051,-0.858878,-0.608757,-7.66722e-05,-0.60868
206.688,-0.445524,-0.841926,-0.608137,-9.86175e-05,-0.608038
206.736,-0.450523,-0.823501,-0.607511,-9.65649e-05,-0.607414
206.784,-0.499545,-0.803411,-0.60666,-7.95533e-05,-0.60658
206.832,-0.49253,-0.781377,-0.605809,-8.16319e-05,-0.605728
206.88,-0.467028,-0.757066,-0.604889,-9.00468e-05,-0.604799
206.928,-0.452014,-0.73006,-0.603902,-9.53061e-05,-0.603807
206.976,-0.45503,-0.699827,-0.602744,-9.39639e-05,-0.60265
207.024,-0.453522,-0.66568,-0.601355,-9.42695e-05,-0.601261
207.072,-0.480533,-0.626697,-0.599636,-8.45378e-05,-0.599551
207.12,-0.486532,-0.581591,-0.597659,-8.22817e-05,-0.597577
207.168,-0.497038,-0.528539,-0.595257,-7.86337e-05,-0.595179
207.216,-0.501545,-0.464825,-0.592358,-7.68715e-05,-0.592281
207.264,-0.49253,-0.386155,-0.588795,-7.91481e-05,-0.588716
207.312,-0.51705,-0.285298,-0.584148,-7.13267e-05,-0.584077
207.36,-0.520049,-0.148786,-0.57789,-6.97438e-05,-0.57782
207.408,-0.504036,0.0518558,-0.568877,-7.31107e-05,-0.568804
207.456,-0.539553,0.38662,-0.554244,-6.19725e-05,-0.554182
207.504,-0.518541,1.02071,-0.526822,-6.39677e-05,-0.526758
207.552,-0.539045,1.69888,-0.489867,-5.48956e-05,-0.489812
207.6,-0.519541,0.94365,-0.512221,-6.19613e-05,-0.512159
207.648,-0.500545,-0.706498,-0.595383,-7.76021e-05,-0.595306
207.696,-0.461029,-0.911679,-0.612976,-9.32703e-05,-0.612883
207.744,-0.496529,-0.904621,-0.61277,-8.11332e-05,-0.612689
207.792,-0.495038,-0.89219,-0.612137,-8.1531e-05,-0.612056
207.84,-0.499037,-0.87877,-0.611503,-8.01789e-05,-0.611422
207.888,-0.473026,-0.864339,-0.610891,-8.8689e-05,-0.610803
207.936,-0.466028,-0.848775,-0.610201,-9.10465e-05,-0.61011
207.984,-0.494038,-0.831935,-0.609391,-8.14693e-05,-0.609309
208.032,-0.444016,-0.813618,-0.608669,-9.89831e-05,-0.60857
208.08,-0.441017,-0.793598,-0.607926,-9.99982e-05,-0.607826
208.128,-0.481025,-0.771618,-0.607005,-8.53332e-05,-0.60692
208.176,-0.482041,-0.747359,-0.605922,-8.48334e-05,-0.605837
208.224,-0.454522,-0.720381,-0.604781,-9.4301e-05,-0.604686
208.272,-0.473026,-0.690145,-0.603471,-8.74944e-05,-0.603383
208.32,-0.462029,-0.65594,-0.602018,-9.11063e-05,-0.601927
208.368,-0.470027,-0.616827,-0.600276,-8.80237e-05,-0.600188
208.416,-0.461029,-0.57149,-0.598242,-9.0862e-05,-0.598151
208.464,-0.469027,-0.518048,-0.595894,-8.76889e-05,-0.595806
208.512,-0.450523,-0.453691,-0.593092,-9.38137e-05,-0.592999
208.56,-0.448015,-0.373969,-0.589668,-9.41505e-05,-0.589574
208.608,-0.448523,-0.271345,-0.585196,-9.32105e-05,-0.585103
208.656,-0.46552,-0.131677,-0.579031,-8.62532e-05,-0.578945
208.704,-0.492039,0.0751949,-0.569891,-7.64904e-05,-0.569815
208.752,-0.484024,0.423811,-0.554776,-7.68218e-05,-0.554699
208.8,-0.48704,1.08137,-0.52618,-7.19971e-05,-0.526108
208.848,-0.477534,1.69506,-0.491127,-6.97529e-05,-0.491057
208.896,-0.491531,0.820707,-0.519426,-6.98327e-05,-0.519356
208.944,-0.489531,-0.751509,-0.6016,-8.15147e-05,-0.601518
208.992,-0.473534,-0.909843,-0.615595,-8.88007e-05,-0.615506
209.04,-0.478025,-0.902326,-0.615458,-8.72227e-05,-0.615371
209.088,-0.506036,-0.890563,-0.614815,-7.8079e-05,-0.614736
209.136,-0.500037,-0.877896,-0.614149,-7.98589e-05,-0.614069
209.184,-0.474534,-0.86429,-0.613508,-8.81649e-05,-0.61342
209.232,-0.508035,-0.849645,-0.612682,-7.72235e-05,-0.612605
209.28,-0.484532,-0.83381,-0.611952,-8.45748e-05,-0.611868
209.328,-0.497038,-0.816623,-0.611144,-8.042e-05,-0.611064
209.376,-0.542061,-0.797919,-0.610086,-6.73063e-05,-0.610019
209.424,-0.49453,-0.777449,-0.609007,-8.09674e-05,-0.608926
209.472,-0.482041,-0.754909,-0.607909,-8.48822e-05,-0.607824
209.52,-0.522049,-0.729942,-0.606649,-7.24165e-05,-0.606576
209.568,-0.472027,-0.702087,-0.605357,-8.79186e-05,-0.605269
209.616,-0.458521,-0.67073,-0.604013,-9.24733e-05,-0.603921
209.664,-0.46252,-0.635069,-0.602597,-9.07811e-05,-0.602506
209.712,-0.468027,-0.594054,-0.600916,-8.85572e-05,-0.600827
209.76,-0.450523,-0.546201,-0.5989,-9.44943e-05,-0.598805
209.808,-0.477534,-0.489357,-0.59633,-8.46202e-05,-0.596246
209.856,-0.45803,-0.420236,-0.5932,-9.0852e-05,-0.593109
209.904,-0.475534,-0.333478,-0.589333,-8.42502e-05,-0.589248
209.952,-0.417514,-0.2197,-0.584398,-0.000104834,-0.584293
210,-0.466028,-0.0605631,-0.577381,-8.56017e-05,-0.577296
210.048,-0.441509,0.185138,-0.566688,-9.24535e-05,-0.566596
210.096,-0.448015,0.622034,-0.547842,-8.71027e-05,-0.547755
210.144,-0.451523,1.38975,-0.513042,-8.04292e-05,-0.512961
210.192,-0.422513,1.56602,-0.493877,-8.67285e-05,-0.49379
210.24,-0.411007,0.120277,-0.552176,-0.000101396,-0.552075
210.288,-0.443016,-0.873211,-0.614719,-9.95198e-05,-0.614619
210.336,-0.434018,-0.906457,-0.618471,-0.000103676,-0.618367
210.384,-0.441509,-0.896638,-0.618316,-0.000100605,-0.618216
210.432,-0.441509,-0.88524,-0.617926,-0.000100517,-0.617825
210.48,-0.48604,-0.873007,-0.617465,-8.43317e-05,-0.617381
210.528,-0.437018,-0.859872,-0.616966,-0.000102101,-0.616864
210.576,-0.420005,-0.845704,-0.616524,-0.000109024,-0.616415
210.624,-0.43651,-0.830372,-0.616035,-0.00010207,-0.615933
210.672,-0.452523,-0.813736,-0.615405,-9.57347e-05,-0.61531
210.72,-0.462029,-0.795628,-0.61458,-9.2102e-05,-0.614488
210.768,-0.474026,-0.775816,-0.613615,-8.7734e-05,-0.613527
210.816,-0.441509,-0.753998,-0.612756,-9.94958e-05,-0.612657
210.864,-0.461029,-0.729849,-0.611695,-9.19909e-05,-0.611603
210.912,-0.45603,-0.702941,-0.610468,-9.36151e-05,-0.610375
210.96,-0.477534,-0.672714,-0.609064,-8.58422e-05,-0.608978
211.008,-0.46552,-0.638453,-0.607426,-8.97422e-05,-0.607336
211.056,-0.446016,-0.599159,-0.605627,-9.65774e-05,-0.60553
211.104,-0.459029,-0.553478,-0.603493,-9.14451e-05,-0.603402
211.152,-0.502036,-0.499468,-0.600906,-7.69276e-05,-0.600829
211.2,-0.45803,-0.43419,-0.59792,-9.09498e-05,-0.597829
211.248,-0.437509,-0.35295,-0.59433,-9.79441e-05,-0.594232
211.296,-0.421513,-0.247739,-0.589692,-0.000103427,-0.589588
211.344,-0.425004,-0.10343,-0.58318,-0.000100875,-0.583079
211.392,-0.442508,0.112704,-0.573623,-9.26085e-05,-0.57353
211.44,-0.447016,0.481747,-0.557477,-8.84077e-05,-0.557388
211.488,-0.422513,1.16681,-0.527241,-9.20116e-05,-0.527149
211.536,-0.412498,1.66806,-0.496031,-8.99846e-05,-0.495941
211.584,-0.455522,0.633445,-0.532921,-8.1649e-05,-0.532839
211.632,-0.411007,-0.79633,-0.612025,-0.00011162,-0.611913
211.68,-0.423512,-0.905302,-0.622242,-0.000108012,-0.622134
211.728,-0.427512,-0.897961,-0.622243,-0.000106291,-0.622137
211.776,-0.43351,-0.887514,-0.621903,-0.000103736,-0.621799
211.824,-0.437018,-0.876279,-0.621545,-0.00010223,-0.621442
211.872,-0.446016,-0.864231,-0.621112,-9.85937e-05,-0.621013
211.92,-0.448015,-0.851278,-0.620609,-9.77254e-05,-0.620511
211.968,-0.437018,-0.837298,-0.620138,-0.000101921,-0.620037
212.016,-0.442508,-0.822167,-0.619569,-9.96328e-05,-0.61947
212.064,-0.440017,-0.805734,-0.61893,-0.000100482,-0.618829
212.112,-0.422513,-0.787816,-0.618184,-0.000107471,-0.618076
212.16,-0.43551,-0.768167,-0.61745,-0.000101975,-0.617348
212.208,-0.461521,-0.746533,-0.616517,-9.19322e-05,-0.616425
212.256,-0.417514,-0.72256,-0.615576,-0.000109042,-0.615467
212.304,-0.45603,-0.695815,-0.614399,-9.35618e-05,-0.614305
212.352,-0.450523,-0.665754,-0.613041,-9.53798e-05,-0.612945
212.4,-0.45803,-0.631642,-0.611447,-9.23665e-05,-0.611354
212.448,-0.479533,-0.592503,-0.609563,-8.46378e-05,-0.609479
212.496,-0.445016,-0.546968,-0.60743,-9.65596e-05,-0.607333
212.544,-0.479025,-0.493084,-0.604862,-8.41483e-05,-0.604777
212.592,-0.449015,-0.427928,-0.601756,-9.41739e-05,-0.601662
212.64,-0.416514,-0.346795,-0.598026,-0.000106295,-0.59792
212.688,-0.422513,-0.241652,-0.593269,-0.000102971,-0.593166
212.736,-0.446016,-0.0973354,-0.586653,-9.285e-05,-0.58656
212.784,-0.455522,0.118845,-0.576821,-8.79556e-05,-0.576733
212.832,-0.415006,0.487671,-0.560615,-0.000100177,-0.560515
212.88,-0.396994,1.16859,-0.530404,-0.000101664,-0.530302
212.928,-0.411499,1.65854,-0.499553,-9.04118e-05,-0.499462
212.976,-0.386996,0.624833,-0.536899,-0.000106911,-0.536792
213.024,-0.434018,-0.79376,-0.61601,-0.000101975,-0.615908
213.072,-0.411007,-0.902825,-0.626144,-0.000113417,-0.62603
213.12,-0.417006,-0.896163,-0.626205,-0.000110744,-0.626094
213.168,-0.421513,-0.88642,-0.625943,-0.000108722,-0.625834
213.216,-0.429003,-0.875946,-0.625655,-0.00010549,-0.625549
213.264,-0.409007,-0.86471,-0.625406,-0.000113994,-0.625292
213.312,-0.373999,-0.85262,-0.625223,-0.000130643,-0.625093
213.36,-0.392503,-0.839599,-0.624837,-0.000121377,-0.624715
213.408,-0.423512,-0.82552,-0.624416,-0.000107364,-0.624308
213.456,-0.385504,-0.81025,-0.623978,-0.00012447,-0.623853
213.504,-0.392503,-0.793625,-0.623445,-0.000120944,-0.623324
213.552,-0.397993,-0.775439,-0.622895,-0.000118201,-0.622776
213.6,-0.387504,-0.755481,-0.622125,-0.000122972,-0.622002
213.648,-0.401501,-0.733432,-0.621315,-0.000116205,-0.621199
213.696,-0.433019,-0.708958,-0.620221,-0.0001025,-0.620118
213.744,-0.416006,-0.681569,-0.61912,-0.000109337,-0.61901
213.792,-0.4035,-0.650673,-0.617839,-0.000114554,-0.617725
213.84,-0.390503,-0.615471,-0.616386,-0.000120212,-0.616266
213.888,-0.418514,-0.574905,-0.614544,-0.000107367,-0.614437
213.936,-0.399993,-0.527469,-0.612456,-0.000115025,-0.612341
213.984,-0.421005,-0.470992,-0.609837,-0.00010546,-0.609731
214.032,-0.425512,-0.402147,-0.606684,-0.000103055,-0.606581
214.08,-0.419513,-0.315563,-0.602665,-0.000104793,-0.60256
214.128,-0.430019,-0.201784,-0.597372,-9.96699e-05,-0.597272
214.176,-0.441509,-0.0423522,-0.590016,-9.40973e-05,-0.589922
214.224,-0.43251,0.204034,-0.578781,-9.56203e-05,-0.578686
214.272,-0.421513,0.640454,-0.559428,-9.648e-05,-0.559331
214.32,-0.4055,1.38895,-0.524454,-9.62868e-05,-0.524358
214.368,-0.412007,1.53321,-0.506613,-9.06451e-05,-0.506522
214.416,-0.427512,0.0962187,-0.56613,-9.52921e-05,-0.566034
214.464,-0.406008,-0.865529,-0.628242,-0.000115,-0.628127
214.512,-0.431019,-0.899809,-0.632019,-0.000104845,-0.631914
214.56,-0.394994,-0.891948,-0.631995,-0.000120686,-0.631874
214.608,-0.415006,-0.882633,-0.631781,-0.000111498,-0.631669
214.656,-0.409007,-0.87266,-0.631484,-0.000114063,-0.63137
214.704,-0.388995,-0.861964,-0.631252,-0.000123271,-0.631129
214.752,-0.382997,-0.850467,-0.630981,-0.000126092,-0.630855
214.8,-0.357494,-0.838078,-0.630714,-0.000139217,-0.630574
214.848,-0.383996,-0.824694,-0.630336,-0.000125347,-0.630211
214.896,-0.344972,-0.810181,-0.629989,-0.000145905,-0.629843
214.944,-0.378489,-0.794383,-0.629585,-0.000127781,-0.629457
214.992,-0.357494,-0.777126,-0.629156,-0.000138558,-0.629018
215.04,-0.355478,-0.758196,-0.628594,-0.000139452,-0.628454
215.088,-0.381489,-0.737344,-0.627795,-0.000125727,-0.627669
215.136,-0.358494,-0.71422,-0.626974,-0.000137341,-0.626836
215.184,-0.363984,-0.688418,-0.625985,-0.000134145,-0.625851
215.232,-0.397993,-0.659404,-0.624797,-0.000117133,-0.62468
215.28,-0.375998,-0.626491,-0.623453,-0.000127355,-0.623326
215.328,-0.420513,-0.58875,-0.621762,-0.000106643,-0.621656
215.376,-0.365492,-0.544895,-0.619935,-0.000131864,-0.619803
215.424,-0.418514,-0.493104,-0.617581,-0.000106679,-0.617474
215.472,-0.421005,-0.430665,-0.614759,-0.000105125,-0.614653
215.52,-0.414006,-0.353342,-0.611127,-0.000107396,-0.611019
215.568,-0.407008,-0.253915,-0.606542,-0.000109525,-0.606433
215.616,-0.4045,-0.119071,-0.600301,-0.000109444,-0.600192
215.664,-0.396994,0.0790439,-0.591198,-0.000110981,-0.591087
215.712,-0.363984,0.407331,-0.576435,-0.000123121,-0.576312
215.76,-0.392994,1.0142,-0.549048,-0.000104644,-0.548944
215.808,-0.383996,1.64781,-0.51325,-0.000101314,-0.513148
215.856,-0.408499,0.937918,-0.535067,-9.59249e-05,-0.534971
215.904,-0.423004,-0.672325,-0.619172,-0.000104849,-0.619067
215.952,-0.425004,-0.896557,-0.638679,-0.000107284,-0.638572
216,-0.379997,-0.894093,-0.638982,-0.000128014,-0.638854
216.048,-0.387996,-0.885742,-0.638851,-0.000123983,-0.638727
216.096,-0.371491,-0.876707,-0.638667,-0.000132178,-0.638535
216.144,-0.363493,-0.867037,-0.638452,-0.000136286,-0.638316
216.192,-0.4075,-0.856674,-0.638116,-0.000114596,-0.638001
216.24,-0.411007,-0.845562,-0.637623,-0.000112933,-0.63751
216.288,-0.389995,-0.833592,-0.637186,-0.000122517,-0.637063
216.336,-0.377998,-0.820651,-0.636792,-0.000128289,-0.636664
216.384,-0.379997,-0.806623,-0.636359,-0.000127148,-0.636232
216.432,-0.405008,-0.791376,-0.635794,-0.000115134,-0.635679
216.48,-0.347988,-0.774734,-0.63526,-0.000143791,-0.635116
216.528,-0.413498,-0.756496,-0.634491,-0.000111062,-0.63438
216.576,-0.337482,-0.73642,-0.633739,-0.00014939,-0.63359
216.624,-0.367492,-0.714151,-0.633003,-0.000132578,-0.632871
216.672,-0.414498,-0.689358,-0.631925,-0.000110049,-0.631815
216.72,-0.383996,-0.661525,-0.630792,-0.00012376,-0.630669
216.768,-0.373999,-0.630023,-0.629417,-0.000128391,-0.629289
216.816,-0.425004,-0.593996,-0.627758,-0.000104823,-0.627653
216.864,-0.395502,-0.552295,-0.625856,-0.000117293,-0.625739
216.912,-0.4055,-0.503299,-0.623471,-0.000112351,-0.623358
216.96,-0.387996,-0.444578,-0.620773,-0.000119779,-0.620653
217.008,-0.37549,-0.372426,-0.617486,-0.000125088,-0.617361
217.056,-0.379997,-0.280737,-0.613243,-0.000122015,-0.613121
217.104,-0.4065,-0.158593,-0.607423,-0.000108923,-0.607314
217.152,-0.383996,0.0160249,-0.599268,-0.000117355,-0.59915
217.2,-0.364984,0.293795,-0.586514,-0.000123724,-0.58639
217.248,-0.425512,0.79728,-0.563665,-9.37788e-05,-0.563571
217.296,-0.369491,1.53617,-0.526202,-0.000109048,-0.526093
217.344,-0.427003,1.31565,-0.524434,-8.67472e-05,-0.524347
217.392,-0.394502,-0.320842,-0.600383,-0.000112786,-0.60027
217.44,-0.411007,-0.883476,-0.642463,-0.000113121,-0.64235
217.488,-0.369983,-0.89389,-0.643861,-0.000133134,-0.643728
217.536,-0.382489,-0.886665,-0.643581,-0.000126696,-0.643454
217.584,-0.358985,-0.878574,-0.64331,-0.000138839,-0.643172
217.632,-0.355478,-0.869909,-0.643133,-0.000140667,-0.642993
217.68,-0.330975,-0.860633,-0.642942,-0.000154738,-0.642788
217.728,-0.362493,-0.850688,-0.642641,-0.000136646,-0.642504
217.776,-0.370491,-0.840005,-0.642289,-0.000132318,-0.642156
217.824,-0.34748,-0.828491,-0.641964,-0.000144681,-0.64182
217.872,-0.34548,-0.81605,-0.641586,-0.000145678,-0.64144
217.92,-0.340481,-0.802548,-0.6413,-0.000148405,-0.641152
217.968,-0.34648,-0.787869,-0.640893,-0.00014479,-0.640748
218.016,-0.332975,-0.771856,-0.640386,-0.000152473,-0.640233
218.064,-0.364492,-0.75431,-0.639764,-0.000134565,-0.639629
218.112,-0.324976,-0.734994,-0.639112,-0.000156877,-0.638955
218.16,-0.371491,-0.713628,-0.638235,-0.000130508,-0.638105
218.208,-0.352987,-0.689838,-0.637337,-0.000140067,-0.637197
218.256,-0.298457,-0.663171,-0.63635,-0.00017309,-0.636176
218.304,-0.357986,-0.633012,-0.635183,-0.000136739,-0.635047
218.352,-0.353478,-0.598618,-0.63372,-0.000138803,-0.633581
218.4,-0.37549,-0.558938,-0.631889,-0.000126931,-0.631762
218.448,-0.361985,-0.512492,-0.629757,-0.000133346,-0.629624
218.496,-0.393503,-0.457154,-0.627135,-0.000117335,-0.627017
218.544,-0.413007,-0.3897,-0.623885,-0.000108122,-0.623777
218.592,-0.372491,-0.304893,-0.619937,-0.000125895,-0.619811
218.64,-0.344972,-0.19362,-0.614768,-0.000139017,-0.614629
218.688,-0.401009,-0.0382998,-0.607345,-0.000110246,-0.607235
218.736,-0.37749,0.199841,-0.59625,-0.000118666,-0.596131
218.784,-0.399993,0.615739,-0.577204,-0.000105158,-0.577099
218.832,-0.383996,1.33134,-0.542928,-0.000105301,-0.542822
218.88,-0.371491,1.54471,-0.522136,-0.000106323,-0.52203
218.928,-0.328467,0.215484,-0.577536,-0.000139161,-0.577397
218.976,-0.37549,-0.843504,-0.645225,-0.000129285,-0.645096
219.024,-0.371983,-0.892446,-0.650243,-0.000132071,-0.650111
219.072,-0.405008,-0.886798,-0.650028,-0.000115989,-0.649912
219.12,-0.333483,-0.879519,-0.649831,-0.000153448,-0.649677
219.168,-0.34648,-0.871715,-0.649657,-0.000145736,-0.649512
219.216,-0.352987,-0.863383,-0.649384,-0.000141974,-0.649242
219.264,-0.330975,-0.854455,-0.649207,-0.000154662,-0.649053
219.312,-0.322977,-0.84486,-0.649072,-0.00015947,-0.648912
219.36,-0.331975,-0.834553,-0.648783,-0.000153819,-0.648629
219.408,-0.346988,-0.82343,-0.648559,-0.000144901,-0.648414
219.456,-0.314962,-0.811431,-0.648154,-0.000164132,-0.64799
219.504,-0.341481,-0.798398,-0.647894,-0.000147775,-0.647746
219.552,-0.332975,-0.784217,-0.647589,-0.000152618,-0.647437
219.6,-0.305964,-0.768741,-0.64723,-0.00016946,-0.647061
219.648,-0.31847,-0.75179,-0.646698,-0.00016114,-0.646537
219.696,-0.302965,-0.73312,-0.64623,-0.000170989,-0.646059
219.744,-0.309963,-0.712432,-0.645802,-0.000166093,-0.645636
219.792,-0.292459,-0.689414,-0.645174,-0.00017757,-0.644997
219.84,-0.294458,-0.663643,-0.644296,-0.000175829,-0.64412
219.888,-0.315962,-0.634549,-0.643239,-0.000161247,-0.643078
219.936,-0.328975,-0.601408,-0.641967,-0.000152829,-0.641814
219.984,-0.271955,-0.563237,-0.640489,-0.000190539,-0.640299
220.032,-0.328467,-0.518695,-0.63848,-0.000152144,-0.638328
220.08,-0.351479,-0.465828,-0.636071,-0.000138443,-0.635933
220.128,-0.343989,-0.401726,-0.633095,-0.000141852,-0.632953
220.176,-0.323468,-0.321746,-0.629368,-0.000152772,-0.629215
220.224,-0.297458,-0.21793,-0.62465,-0.000167797,-0.624482
220.272,-0.312963,-0.0753408,-0.618058,-0.000156144,-0.617902
220.32,-0.327468,0.137794,-0.608088,-0.000145073,-0.607943
220.368,-0.304964,0.498092,-0.591449,-0.000154047,-0.591295
220.416,-0.281461,1.14806,-0.560978,-0.000160101,-0.560818
220.464,-0.302457,1.619,-0.529968,-0.00013923,-0.529829
220.512,-0.31547,0.645858,-0.566638,-0.000141415,-0.566496
220.56,-0.348479,-0.764837,-0.648606,-0.0001422,-0.648464
220.608,-0.307964,-0.889534,-0.660619,-0.000169687,-0.66045
220.656,-0.334482,-0.886181,-0.660865,-0.000152925,-0.660712
220.704,-0.289951,-0.879462,-0.660852,-0.000181999,-0.66067
220.752,-0.310963,-0.872233,-0.660711,-0.000167515,-0.660544
220.8,-0.304456,-0.86449,-0.660711,-0.000171739,-0.660539
220.848,-0.275954,-0.856191,-0.660763,-0.000191917,-0.660571
220.896,-0.270447,-0.847281,-0.660798,-0.000195969,-0.660602
220.944,-0.266448,-0.837703,-0.660784,-0.000198917,-0.660585
220.992,-0.278462,-0.82738,-0.660732,-0.000189614,-0.660543
221.04,-0.308963,-0.816255,-0.660448,-0.0001681,-0.66028
221.088,-0.269447,-0.804194,-0.660363,-0.00019608,-0.660167
221.136,-0.25845,-0.791104,-0.660141,-0.000204509,-0.659936
221.184,-0.256942,-0.776832,-0.659955,-0.000205492,-0.659749
221.232,-0.243945,-0.761235,-0.659667,-0.000215969,-0.659451
221.28,-0.237946,-0.744089,-0.659462,-0.000220812,-0.659241
221.328,-0.25745,-0.725194,-0.659009,-0.000204259,-0.658805
221.376,-0.242945,-0.704263,-0.658442,-0.000215855,-0.658226
221.424,-0.251943,-0.680927,-0.65777,-0.000207995,-0.657562
221.472,-0.240945,-0.654723,-0.657034,-0.000216712,-0.656818
221.52,-0.230439,-0.625069,-0.656157,-0.000225298,-0.655931
221.568,-0.230931,-0.591202,-0.655016,-0.000224268,-0.654792
221.616,-0.214426,-0.552066,-0.653679,-0.000238522,-0.653441
221.664,-0.244944,-0.506224,-0.651898,-0.000210871,-0.651687
221.712,-0.237438,-0.451612,-0.649536,-0.000216238,-0.649319
221.76,-0.244436,-0.385024,-0.646636,-0.000209289,-0.646427
221.808,-0.238946,-0.301367,-0.642874,-0.000212439,-0.642661
221.856,-0.223933,-0.191727,-0.638025,-0.000223382,-0.637802
221.904,-0.242437,-0.0391253,-0.630869,-0.000205282,-0.630664
221.952,-0.228932,0.193653,-0.620034,-0.000212534,-0.619821
222,-0.238438,0.59673,-0.601191,-0.000198386,-0.600993
222.048,-0.214935,1.29358,-0.567054,-0.000204995,-0.566849
222.096,-0.223933,1.5542,-0.54385,-0.000189655,-0.54366
222.144,-0.215426,0.29859,-0.597552,-0.000215308,-0.597336
222.192,-0.231439,-0.827322,-0.671191,-0.000226961,-0.670964
222.24,-0.207936,-0.887667,-0.677911,-0.000251137,-0.67766
222.288,-0.211935,-0.882807,-0.678273,-0.000247165,-0.678026
222.336,-0.218426,-0.87606,-0.678465,-0.000240831,-0.678224
222.384,-0.199921,-0.868803,-0.678734,-0.000258799,-0.678475
222.432,-0.172419,-0.861022,-0.679034,-0.000288077,-0.678746
222.48,-0.197922,-0.85266,-0.679317,-0.000260508,-0.679056
222.528,-0.1479,-0.84365,-0.679781,-0.000316701,-0.679464
222.576,-0.195431,-0.833959,-0.679923,-0.000262682,-0.67966
222.624,-0.193415,-0.823492,-0.680129,-0.00026455,-0.679865
222.672,-0.181925,-0.812176,-0.680238,-0.00027649,-0.679962
222.72,-0.129904,-0.799874,-0.680527,-0.000338683,-0.680188
222.768,-0.164421,-0.786503,-0.680538,-0.00029553,-0.680242
222.816,-0.1459,-0.771878,-0.680724,-0.000317413,-0.680407
222.864,-0.156406,-0.755854,-0.680753,-0.000304231,-0.680449
222.912,-0.135394,-0.738226,-0.680729,-0.000329884,-0.680399
222.96,-0.105384,-0.718735,-0.680648,-0.000370479,-0.680277
223.008,-0.11889,-0.697066,-0.680428,-0.000350792,-0.680078
223.056,-0.106892,-0.67285,-0.680047,-0.000366978,-0.67968
223.104,-0.135394,-0.645592,-0.679406,-0.000327504,-0.679079
223.152,-0.146408,-0.61467,-0.678488,-0.000312912,-0.678175
223.2,-0.141901,-0.579203,-0.677451,-0.000317603,-0.677134
223.248,-0.139902,-0.538065,-0.67601,-0.000319069,-0.675691
223.296,-0.144409,-0.489609,-0.674204,-0.000312293,-0.673892
223.344,-0.142901,-0.431483,-0.671764,-0.000312712,-0.671452
223.392,-0.11789,-0.359949,-0.668832,-0.000342974,-0.668489
223.44,-0.128396,-0.268927,-0.664926,-0.000326796,-0.6646
223.488,-0.153915,-0.1476,-0.659325,-0.000292895,-0.659032
223.536,-0.129396,0.0257003,-0.651145,-0.000318079,-0.650827
223.584,-0.123889,0.300454,-0.638001,-0.000318109,-0.637683
223.632,-0.118398,0.793844,-0.614243,-0.000312564,-0.61393
223.68,-0.1479,1.51162,-0.575197,-0.000260469,-0.574936
223.728,-0.112399,1.31134,-0.573269,-0.000298024,-0.572971
223.776,-0.104385,-0.288487,-0.654472,-0.000350707,-0.654122
223.824,-0.113891,-0.872162,-0.702163,-0.000362144,-0.701801
223.872,-0.0938787,-0.8852,-0.704667,-0.000392606,-0.704275
223.92,-0.107384,-0.878805,-0.705164,-0.000372201,-0.704792
223.968,-0.073375,-0.871488,-0.705781,-0.000425001,-0.705356
224.016,-0.0408738,-0.863618,-0.706445,-0.000482402,-0.705962
224.064,-0.0773741,-0.855143,-0.707027,-0.000417865,-0.706609
224.112,-0.0503635,-0.846011,-0.707704,-0.000464167,-0.70724
224.16,-0.0453646,-0.836157,-0.708295,-0.000472981,-0.707822
224.208,-0.0523631,-0.825513,-0.708741,-0.000459812,-0.708281
224.256,-0.0433651,-0.813971,-0.709225,-0.000475878,-0.708749
224.304,-0.0218615,-0.801417,-0.709774,-0.000517182,-0.709257
224.352,-0.0313677,-0.787733,-0.710209,-0.000497752,-0.709712
224.4,-0.00735644,-0.772774,-0.710619,-0.000546186,-0.710073
224.448,-0.00935601,-0.756344,-0.710991,-0.000541232,-0.71045
224.496,0.00265779,-0.738235,-0.711308,-0.000566498,-0.710741
224.544,0.00865649,-0.71817,-0.711569,-0.000579053,-0.71099
224.592,0.0326677,-0.695843,-0.711686,-0.000635013,-0.711051
224.64,0.0376666,-0.670805,-0.71174,-0.000646294,-0.711094
224.688,0.0611697,-0.642538,-0.711685,-0.000706998,-0.710978
224.736,0.0686763,-0.610342,-0.711406,-0.000726241,-0.71068
224.784,0.0611697,-0.573286,-0.71085,-0.000703173,-0.710147
224.832,0.0436653,-0.530102,-0.709908,-0.000654393,-0.709253
224.88,0.0846892,-0.478974,-0.708666,-0.000765273,-0.7079
224.928,0.182226,-0.417081,-0.707465,-0.00111518,-0.706349
224.976,0.602872,-0.33901,-0.712092,-0.00568325,-0.706409
225.024,0.841968,-0.23534,-0.721611,-0.0139914,-0.70762
225.072,0.853474,-0.092174,-0.721698,-0.0144427,-0.707255
225.12,0.811958,0.120719,-0.714668,-0.0121588,-0.702509
225.168,0.677397,0.480195,-0.696062,-0.00709507,-0.688967
225.216,0.583368,1.13563,-0.662163,-0.00468599,-0.657477
225.264,0.473818,1.63881,-0.625506,-0.00288877,-0.622617
225.312,0.428304,0.683515,-0.669836,-0.00258276,-0.667253
225.36,0.362777,-0.759689,-0.770738,-0.00229661,-0.768442
225.408,0.308264,-0.889067,-0.787214,-0.00189223,-0.785321
225.456,0.268748,-0.882729,-0.788678,-0.00162151,-0.787057
225.504,0.212727,-0.87259,-0.78936,-0.00130194,-0.788059
225.552,0.194731,-0.861592,-0.790098,-0.00121252,-0.788886
225.6,0.222233,-0.849723,-0.790904,-0.00134879,-0.789556
225.648,0.19873,-0.836888,-0.791357,-0.00122925,-0.790127
225.696,0.228232,-0.822969,-0.791944,-0.0013779,-0.790566
225.744,0.203221,-0.807821,-0.792206,-0.00124818,-0.790958
225.792,0.212727,-0.791291,-0.792495,-0.00129374,-0.791201
225.84,0.20822,-0.773185,-0.792552,-0.00126937,-0.791283
225.888,0.213727,-0.753244,-0.792565,-0.00129496,-0.79127
225.936,0.249736,-0.731134,-0.792784,-0.0014879,-0.791296
225.984,0.237738,-0.706534,-0.792526,-0.00141709,-0.791109
226.032,0.254243,-0.678939,-0.792266,-0.00150815,-0.790758
226.08,0.261241,-0.647751,-0.791713,-0.00154613,-0.790167
226.128,0.254751,-0.612158,-0.790774,-0.00150327,-0.789271
226.176,0.284761,-0.571005,-0.789849,-0.00168459,-0.788164
226.224,0.273255,-0.522781,-0.788213,-0.00160456,-0.786609
226.272,0.305773,-0.465194,-0.786337,-0.00181334,-0.784523
226.32,0.305265,-0.394772,-0.783514,-0.00179977,-0.781714
226.368,0.330276,-0.305886,-0.77972,-0.00197028,-0.77775
226.416,0.283253,-0.188517,-0.773704,-0.00162519,-0.772079
226.464,0.307772,-0.0229971,-0.76523,-0.00176525,-0.763465
226.512,0.298758,0.235223,-0.75114,-0.00167027,-0.74947
226.56,0.301265,0.696318,-0.725694,-0.00162669,-0.724067
226.608,0.328276,1.44823,-0.680287,-0.00169067,-0.678596
226.656,0.31777,1.45932,-0.665659,-0.001585,-0.664074
226.704,0.338782,-0.0641333,-0.752554,-0.00194063,-0.750613
226.752,0.340273,-0.866678,-0.825097,-0.00213566,-0.822962
226.8,0.395802,-0.887871,-0.830537,-0.00266115,-0.827876
226.848,0.548851,-0.877392,-0.834383,-0.00481338,-0.82957
226.896,0.89948,-0.863657,-0.851845,-0.0182021,-0.833643
226.944,1.07805,-0.846752,-0.874189,-0.0345947,-0.839594
226.992,1.06754,-0.829001,-0.879286,-0.0332993,-0.845987
227.04,0.977021,-0.810945,-0.875675,-0.0240765,-0.851599
227.088,0.87147,-0.791723,-0.872327,-0.016315,-0.856012
227.136,0.757429,-0.770636,-0.869726,-0.0106131,-0.859113
227.184,0.656893,-0.747309,-0.868227,-0.00722145,-0.861005
227.232,0.584368,-0.721227,-0.867448,-0.00545371,-0.861995
227.28,0.527856,-0.692013,-0.866563,-0.00437471,-0.862188
227.328,0.488831,-0.659034,-0.865414,-0.00375166,-0.861663
227.376,0.426304,-0.621469,-0.863317,-0.00293481,-0.860382
227.424,0.351287,-0.578173,-0.860431,-0.0021846,-0.858247
227.472,0.362285,-0.527384,-0.857716,-0.00227114,-0.855445
227.52,0.316262,-0.466701,-0.853777,-0.00188934,-0.851887
227.568,0.304265,-0.392377,-0.849007,-0.00179252,-0.847215
227.616,0.362777,-0.297965,-0.84368,-0.00223491,-0.841445
227.664,0.338782,-0.172223,-0.835646,-0.00201556,-0.833631
227.712,0.366284,0.00791224,-0.824637,-0.00221204,-0.822425
227.76,0.369284,0.296223,-0.806777,-0.0021883,-0.804588
227.808,0.394803,0.82481,-0.774573,-0.00231792,-0.772255
227.856,0.4078,1.58075,-0.721779,-0.00226978,-0.71951
227.904,0.392803,1.27738,-0.724698,-0.00214867,-0.72255
227.952,0.387788,-0.398263,-0.834822,-0.00242547,-0.832396
228,0.423813,-0.885027,-0.888048,-0.00296377,-0.885085
228.048,0.421813,-0.887311,-0.88991,-0.00294434,-0.886965
228.096,0.404292,-0.874729,-0.88977,-0.00274787,-0.887022
228.144,0.400801,-0.860878,-0.889667,-0.00270791,-0.886959
228.192,0.435318,-0.845903,-0.889857,-0.00309305,-0.886764
228.24,0.472327,-0.829606,-0.890239,-0.00356626,-0.886673
228.288,0.450315,-0.811933,-0.889674,-0.00326985,-0.886404
228.336,0.431319,-0.792636,-0.888981,-0.00303279,-0.885948
228.384,0.448316,-0.771409,-0.888656,-0.00323435,-0.885422
228.432,0.444316,-0.748001,-0.887902,-0.00317872,-0.884723
228.48,0.46582,-0.721927,-0.887391,-0.00344835,-0.883942
228.528,0.483324,-0.692714,-0.886722,-0.00368212,-0.88304
228.576,0.498338,-0.659694,-0.885851,-0.0038926,-0.881958
228.624,0.525348,-0.621897,-0.885089,-0.00430883,-0.88078
228.672,0.680905,-0.577709,-0.887615,-0.00781246,-0.879802
228.72,1.02403,-0.522588,-0.90808,-0.0278759,-0.880204
228.768,1.22512,-0.45071,-0.936576,-0.0550045,-0.881572
228.816,1.26812,-0.361298,-0.94479,-0.0625843,-0.882206
228.864,1.16308,-0.249226,-0.92479,-0.0441648,-0.880625
228.912,1.02454,-0.0981972,-0.902285,-0.027012,-0.875273
228.96,0.963516,0.129267,-0.885201,-0.0213016,-0.863899
229.008,0.837461,0.521745,-0.853814,-0.0129704,-0.840843
229.056,0.775933,1.24165,-0.803935,-0.0096936,-0.794241
229.104,0.674906,1.64759,-0.759133,-0.00624473,-0.752888
229.152,0.641389,0.4709,-0.826972,-0.00598036,-0.820991
229.2,0.566356,-0.819291,-0.939972,-0.00509653,-0.934875
229.248,0.572862,-0.892544,-0.951727,-0.00528648,-0.94644
229.296,0.572862,-0.879958,-0.951515,-0.00528203,-0.946233
229.344,0.554358,-0.86449,-0.950544,-0.00491213,-0.945632
229.392,0.561357,-0.847748,-0.949831,-0.0050401,-0.944791
229.44,0.519841,-0.829687,-0.947984,-0.00428702,-0.943697
229.488,0.545852,-0.80991,-0.947305,-0.00473326,-0.942571
229.536,0.57537,-0.788254,-0.946718,-0.00529552,-0.941422
229.584,0.593366,-0.764332,-0.945986,-0.00566524,-0.940321
229.632,0.587368,-0.737912,-0.944544,-0.00552445,-0.93902
229.68,0.566864,-0.70849,-0.942474,-0.00509284,-0.937381
229.728,0.602381,-0.675259,-0.941385,-0.00582472,-0.935561
229.776,0.579861,-0.637533,-0.938709,-0.00532503,-0.933384
229.824,0.626376,-0.593967,-0.937249,-0.00634727,-0.930902
229.872,0.615886,-0.542979,-0.93411,-0.00607218,-0.928038
229.92,0.646896,-0.482186,-0.931264,-0.00680759,-0.924457
229.968,0.643896,-0.407765,-0.926696,-0.00669057,-0.920005
230.016,0.6664,-0.313469,-0.921514,-0.00723946,-0.914274
230.064,0.683412,-0.188111,-0.914111,-0.00765077,-0.906461
230.112,0.690903,-0.00921869,-0.902731,-0.0077636,-0.894967
230.16,0.702408,0.27647,-0.884404,-0.00793373,-0.876471
230.208,0.937505,0.804082,-0.861158,-0.0183744,-0.842784
230.256,1.27863,1.5991,-0.841134,-0.054793,-0.786341
230.304,1.40917,1.33652,-0.87055,-0.0799298,-0.79062
230.352,1.37366,-0.361547,-1.00051,-0.0835057,-0.917005
230.4,1.28314,-0.887754,-1.05224,-0.0682311,-0.984007
230.448,1.12256,-0.888123,-1.03,-0.0404774,-0.989524
230.496,1.03004,-0.871889,-1.02097,-0.0292656,-0.991705
230.544,0.95101,-0.853946,-1.01487,-0.0219789,-0.992896
230.592,0.843968,-0.834693,-1.0079,-0.0147751,-0.993127
230.64,0.816957,-0.813307,-1.00617,-0.0133307,-0.992835
230.688,0.748431,-0.79007,-1.00225,-0.0102732,-0.991977
230.736,0.738433,-0.764454,-1.00051,-0.00987094,-0.990641
230.784,0.741433,-0.735899,-0.99896,-0.00996185,-0.988998
230.832,0.717421,-0.704133,-0.995999,-0.00907007,-0.986929
230.88,0.715914,-0.668295,-0.993374,-0.00899297,-0.984381
230.928,0.702408,-0.627192,-0.990073,-0.00851434,-0.981558
230.976,0.678905,-0.579858,-0.985801,-0.00775462,-0.978046
231.024,0.734418,-0.523851,-0.983515,-0.00954055,-0.973975
231.072,0.708407,-0.456264,-0.977873,-0.00859556,-0.969278
231.12,0.741433,-0.37234,-0.973176,-0.00968256,-0.963493
231.168,0.743924,-0.264169,-0.96552,-0.00969212,-0.955828
231.216,0.734926,-0.115759,-0.954629,-0.00925836,-0.94537
231.264,0.743432,0.106241,-0.938996,-0.00939835,-0.929597
231.312,0.772442,0.487202,-0.913199,-0.010184,-0.903015
231.36,0.779949,1.19573,-0.862433,-0.00988469,-0.852548
231.408,0.806959,1.67382,-0.813282,-0.0102991,-0.802983
231.456,0.80596,0.579277,-0.879324,-0.011084,-0.868241
231.504,0.83397,-0.801442,-1.00894,-0.0140948,-0.994847
231.552,0.887991,-0.891971,-1.0276,-0.0174806,-1.01011
231.6,0.898989,-0.877542,-1.02876,-0.0181892,-1.01057
231.648,1.16359,-0.856851,-1.05787,-0.0463965,-1.01148
231.696,1.46619,-0.826633,-1.12762,-0.113607,-1.01401
231.744,1.57024,-0.792294,-1.16146,-0.144146,-1.01732
231.792,1.50871,-0.759457,-1.14582,-0.125293,-1.02053
231.84,1.40517,-0.726819,-1.11893,-0.0961164,-1.02282
231.888,1.23211,-0.692868,-1.08106,-0.0573266,-1.02374
231.936,1.10406,-0.654573,-1.06046,-0.0373027,-1.02316
231.984,1.02554,-0.609603,-1.04951,-0.0282181,-1.02129
232.032,0.956501,-0.55695,-1.04016,-0.0219105,-1.01825
232.08,0.876977,-0.494413,-1.03022,-0.0162714,-1.01395
232.128,0.867471,-0.41782,-1.02387,-0.0156126,-1.00826
232.176,0.853966,-0.320788,-1.01557,-0.014734,-1.00084
232.224,0.811958,-0.191806,-1.0033,-0.0124626,-0.990842
232.272,0.84146,-0.00711624,-0.990295,-0.0137212,-0.976574
232.32,0.831954,0.290848,-0.967196,-0.0129383,-0.954258
232.368,0.797453,0.843652,-0.924343,-0.0108808,-0.913462
232.416,0.81445,1.62485,-0.858312,-0.0107635,-0.847548
232.464,0.847459,1.25463,-0.867379,-0.0122875,-0.855091
232.512,0.859473,-0.457214,-1.00438,-0.0148665,-0.989517
232.56,0.896989,-0.889143,-1.06396,-0.018056,-1.04591
232.608,0.889483,-0.884125,-1.06448,-0.0175694,-1.04691
232.656,0.913986,-0.866007,-1.0653,-0.0192073,-1.04609
232.704,0.947011,-0.845983,-1.06679,-0.0216475,-1.04514
232.752,0.960008,-0.824034,-1.06687,-0.0226593,-1.04422
232.8,1.00203,-0.799959,-1.06952,-0.02633,-1.04319
232.848,1.01503,-0.773173,-1.06965,-0.0275284,-1.04212
232.896,1.05854,-0.743021,-1.073,-0.0320509,-1.04095
232.944,1.38267,-0.702759,-1.13068,-0.0901926,-1.04049
232.992,1.66077,-0.644963,-1.21088,-0.169966,-1.04092
233.04,1.7098,-0.582064,-1.22509,-0.183635,-1.04146
233.088,1.53672,-0.516524,-1.17205,-0.131114,-1.04093
233.136,1.37267,-0.442837,-1.12447,-0.0859209,-1.03855
233.184,1.17259,-0.354221,-1.07955,-0.0459659,-1.03359
233.232,1.02303,-0.238686,-1.05241,-0.0271663,-1.02524
233.28,0.933506,-0.0759543,-1.03186,-0.0194007,-1.01246
233.328,0.852474,0.175137,-1.00649,-0.0140964,-0.992394
233.376,0.791455,0.623006,-0.968389,-0.0108269,-0.957562
233.424,0.806451,1.40978,-0.904731,-0.0107055,-0.894025
233.472,0.758937,1.56447,-0.869153,-0.00862106,-0.860532
233.52,0.762428,0.0925198,-0.973365,-0.00979146,-0.963573
233.568,0.787439,-0.86457,-1.07999,-0.0119411,-1.06804
233.616,0.808959,-0.889236,-1.08531,-0.0130118,-1.0723
233.664,0.816957,-0.872302,-1.08365,-0.0133922,-1.07026
233.712,0.797945,-0.853163,-1.08043,-0.0124493,-1.06798
233.76,0.837969,-0.832022,-1.0803,-0.0144444,-1.06586
233.808,0.87147,-0.80907,-1.08005,-0.0163382,-1.06371
233.856,0.911494,-0.783593,-1.08049,-0.0189103,-1.06158
233.904,0.930998,-0.755449,-1.07962,-0.0202718,-1.05935
233.952,0.972514,-0.723893,-1.08058,-0.0235286,-1.05705
234,1.00102,-0.688152,-1.08063,-0.0260064,-1.05462
234.048,1.03753,-0.646974,-1.08153,-0.0295346,-1.05199
234.096,1.05505,-0.599295,-1.08033,-0.0313057,-1.04903
234.144,1.07905,-0.543345,-1.07939,-0.0339061,-1.04549
234.192,1.09506,-0.475434,-1.07683,-0.0356574,-1.04117
234.24,1.27963,-0.388641,-1.10091,-0.0650027,-1.03591
234.288,1.59125,-0.260269,-1.17376,-0.144488,-1.02927
234.336,1.75231,-0.0678299,-1.20701,-0.188137,-1.01887
234.384,1.7068,0.23161,-1.17176,-0.171555,-1.0002
234.432,1.51872,0.772566,-1.07613,-0.113813,-0.962313
234.48,1.32014,1.59635,-0.956027,-0.0621975,-0.89383
234.528,1.12658,1.35853,-0.924518,-0.0332729,-0.891245
234.576,0.987527,-0.359319,-1.05196,-0.023537,-1.02842
234.624,0.932998,-0.8953,-1.11885,-0.0206208,-1.09823
234.672,0.836461,-0.894274,-1.11278,-0.0144325,-1.09835
234.72,0.807451,-0.877073,-1.10848,-0.0129269,-1.09555
234.768,0.763936,-0.858274,-1.10336,-0.010953,-1.0924
234.816,0.777441,-0.837839,-1.10065,-0.0115088,-1.08914
234.864,0.740433,-0.815791,-1.09566,-0.00998608,-1.08568
234.912,0.783948,-0.791385,-1.09407,-0.0117526,-1.08232
234.96,0.81345,-0.764632,-1.09189,-0.0131067,-1.07878
235.008,0.814958,-0.735003,-1.08829,-0.0131508,-1.07514
235.056,0.825955,-0.701732,-1.08506,-0.0136695,-1.07139
235.104,0.853966,-0.664196,-1.08252,-0.0151352,-1.06738
235.152,0.853474,-0.621193,-1.07811,-0.0150567,-1.06305
235.2,0.894482,-0.571173,-1.07577,-0.0174669,-1.05831
235.248,0.918493,-0.511611,-1.07204,-0.0189962,-1.05304
235.296,0.926999,-0.439506,-1.0664,-0.0194891,-1.04692
235.344,0.960008,-0.34883,-1.06136,-0.0218333,-1.03953
235.392,0.957517,-0.230257,-1.05141,-0.0214361,-1.02997
235.44,0.953502,-0.0641898,-1.03767,-0.0208523,-1.01682
235.488,1.00102,0.193172,-1.02109,-0.0242762,-0.996818
235.536,1.01203,0.655167,-0.986097,-0.02436,-0.961737
235.584,0.987019,1.44623,-0.918542,-0.0207787,-0.897764
235.632,1.02454,1.52457,-0.893955,-0.0230542,-0.8709
235.68,1.03704,-0.000277303,-1.00933,-0.0271719,-0.982161
235.728,1.04755,-0.86773,-1.11304,-0.0310533,-1.08198
235.776,1.05555,-0.885553,-1.1187,-0.0320649,-1.08664
235.824,1.06605,-0.868101,-1.11897,-0.0332285,-1.08574
235.872,1.08456,-0.847966,-1.12015,-0.0353933,-1.08476
235.92,1.15057,-0.825694,-1.12806,-0.0443045,-1.08375
235.968,1.4462,-0.793784,-1.19119,-0.107706,-1.08348
236.016,1.63976,-0.75294,-1.24903,-0.16499,-1.08404
236.064,1.63526,-0.710312,-1.24783,-0.163052,-1.08478
236.112,1.51022,-0.669845,-1.20981,-0.12486,-1.08495
236.16,1.35615,-0.625788,-1.16701,-0.0831572,-1.08385
236.208,1.21461,-0.577349,-1.13502,-0.0536977,-1.08132
236.256,1.08156,-0.520299,-1.11124,-0.0341406,-1.0771
236.304,0.970514,-0.451891,-1.09388,-0.0228665,-1.07102
236.352,0.916493,-0.366097,-1.08169,-0.0186431,-1.06304
236.4,0.851966,-0.25485,-1.06725,-0.0145487,-1.0527
236.448,0.816957,-0.101734,-1.05152,-0.0126094,-1.03891
236.496,0.792454,0.128857,-1.03025,-0.0112938,-1.01895
236.544,0.749923,0.527368,-0.99556,-0.00932175,-0.986238
236.592,0.738433,1.25602,-0.935083,-0.00839895,-0.926684
236.64,0.759429,1.64395,-0.884919,-0.00861442,-0.876304
236.688,0.747923,0.440202,-0.964177,-0.00900342,-0.955174
236.736,0.713422,-0.821066,-1.09151,-0.008964,-1.08254
236.784,0.747431,-0.88804,-1.10263,-0.0103111,-1.09232
236.832,0.772442,-0.873767,-1.10095,-0.0113247,-1.08962
236.88,0.752938,-0.856694,-1.09715,-0.0105045,-1.08665
236.928,0.736925,-0.838322,-1.09342,-0.00987096,-1.08355
236.976,0.746923,-0.818393,-1.09057,-0.010237,-1.08033
237.024,0.688411,-0.79696,-1.08507,-0.00817875,-1.07689
237.072,0.742432,-0.773313,-1.08335,-0.0100288,-1.07332
237.12,0.674398,-0.747476,-1.07732,-0.0077223,-1.0696
237.168,0.730927,-0.718759,-1.07519,-0.00955906,-1.06563
237.216,0.750431,-0.686542,-1.07178,-0.0102681,-1.06152
237.264,0.738433,-0.650244,-1.06696,-0.00978314,-1.05718
237.312,0.784948,-0.608622,-1.0642,-0.0116297,-1.05257
237.36,0.713422,-0.56064,-1.05622,-0.008833,-1.04739
237.408,0.727927,-0.503987,-1.05081,-0.00929312,-1.04151
237.456,0.728927,-0.435589,-1.04405,-0.00927862,-1.03477
237.504,0.704408,-0.350901,-1.03496,-0.00839545,-1.02657
237.552,0.713914,-0.241258,-1.02501,-0.00863073,-1.01638
237.6,0.681396,-0.0904623,-1.01064,-0.00753393,-1.00311
237.648,0.663892,0.13606,-0.991015,-0.00692238,-0.984093
237.696,0.635882,0.524769,-0.959293,-0.00603164,-0.953261
237.744,0.646388,1.22841,-0.903629,-0.00592281,-0.897707
237.792,0.656893,1.62956,-0.854965,-0.0058406,-0.849124
237.84,0.63639,0.486293,-0.926486,-0.00586226,-0.920624
237.888,0.626376,-0.804432,-1.05125,-0.00641233,-1.04484
237.936,0.595874,-0.884114,-1.06171,-0.00577272,-1.05594
237.984,0.622884,-0.872847,-1.05989,-0.00640013,-1.05349
238.032,0.534854,-0.858907,-1.055,-0.00455348,-1.05044
238.08,0.52384,-0.843837,-1.05169,-0.00435851,-1.04733
238.128,0.537346,-0.827699,-1.04865,-0.00458641,-1.04406
238.176,0.514334,-0.810349,-1.04479,-0.00419019,-1.0406
238.224,0.51535,-0.791588,-1.04114,-0.00420056,-1.03694
238.272,0.471327,-0.771231,-1.03666,-0.00353631,-1.03313
238.32,0.473327,-0.748964,-1.0327,-0.00355765,-1.02914
238.368,0.439809,-0.724506,-1.02804,-0.0031178,-1.02493
238.416,0.425304,-0.697429,-1.02343,-0.00294077,-1.02049
238.464,0.432811,-0.667195,-1.01882,-0.00302063,-1.0158
238.512,0.400293,-0.633177,-1.01341,-0.00265495,-1.01076
238.56,0.378298,-0.594473,-1.00763,-0.00242985,-1.0052
238.608,0.363285,-0.549769,-1.00154,-0.0022839,-0.999256
238.656,0.353287,-0.497363,-0.99483,-0.00218768,-0.992642
238.704,0.351287,-0.434612,-0.987385,-0.00216004,-0.985225
238.752,0.313771,-0.357445,-0.978554,-0.00185499,-0.976699
238.8,0.31677,-0.259038,-0.968429,-0.00186235,-0.966566
238.848,0.287252,-0.126873,-0.955674,-0.00164273,-0.954031
238.896,0.252243,0.0645401,-0.938544,-0.00141164,-0.937132
238.944,0.247244,0.37527,-0.913429,-0.00135113,-0.912077
238.992,0.213235,0.939055,-0.870333,-0.00113079,-0.869202
239.04,0.188716,1.59845,-0.811478,-0.000960977,-0.810517
239.088,0.17172,1.06347,-0.830193,-0.000922821,-0.829271
239.136,0.190224,-0.555717,-0.953902,-0.00114324,-0.952759
239.184,0.125205,-0.873211,-0.990893,-0.000924191,-0.989968
239.232,0.123697,-0.873244,-0.988214,-0.000919329,-0.987294
239.28,0.0636774,-0.864142,-0.984019,-0.000726431,-0.983293
239.328,0.0841812,-0.85438,-0.979936,-0.000786515,-0.97915
239.376,0.0291603,-0.844112,-0.975524,-0.000633643,-0.97489
239.424,0.0431572,-0.833265,-0.971275,-0.000668761,-0.970607
239.472,-0.0128635,-0.821808,-0.966678,-0.000536583,-0.966141
239.52,-0.0248609,-0.809654,-0.962081,-0.000511472,-0.961569
239.568,-0.0423653,-0.796716,-0.957407,-0.000477103,-0.95693
239.616,-0.0753745,-0.7829,-0.952591,-0.000418788,-0.952172
239.664,-0.0698839,-0.768076,-0.947808,-0.000427396,-0.947381
239.712,-0.1459,-0.752122,-0.942747,-0.000316922,-0.94243
239.76,-0.121889,-0.734859,-0.937766,-0.000347715,-0.937418
239.808,-0.158914,-0.716102,-0.932517,-0.000300318,-0.932217
239.856,-0.127396,-0.695585,-0.92732,-0.000339247,-0.926981
239.904,-0.16842,-0.673022,-0.921837,-0.000288361,-0.921549
239.952,-0.156406,-0.648014,-0.91633,-0.000301668,-0.916028
240,-0.172419,-0.620094,-0.910555,-0.0002827,-0.910272
240.048,-0.189924,-0.588615,-0.90463,-0.000263306,-0.904367
240.096,-0.193415,-0.552752,-0.898431,-0.000258996,-0.898172
240.144,-0.200921,-0.511372,-0.891868,-0.00025067,-0.891617
240.192,-0.215426,-0.462887,-0.884834,-0.000235915,-0.884598
240.24,-0.261449,-0.404963,-0.877154,-0.000196079,-0.876958
240.288,-0.265448,-0.334058,-0.868638,-0.000191953,-0.868447
240.336,-0.273447,-0.244326,-0.858958,-0.000184717,-0.858773
240.384,-0.28746,-0.125493,-0.847448,-0.000173214,-0.847275
240.432,-0.271955,0.0425953,-0.832917,-0.000181649,-0.832735
240.48,-0.306472,0.304307,-0.81252,-0.000155431,-0.812365
240.528,-0.311471,0.759146,-0.780319,-0.00014699,-0.780172
240.576,-0.335482,1.4198,-0.731397,-0.000125932,-0.731271
240.624,-0.354478,1.32602,-0.719787,-0.00011554,-0.719671
240.672,-0.399993,-0.132808,-0.80544,-0.000108633,-0.805331
240.72,-0.412007,-0.833469,-0.867811,-0.000112147,-0.867698
240.768,-0.400501,-0.860508,-0.86756,-0.000117801,-0.867442
240.816,-0.438509,-0.858462,-0.863541,-0.00010148,-0.86344
240.864,-0.443525,-0.855739,-0.859377,-9.94825e-05,-0.859278
240.912,-0.466028,-0.853045,-0.855198,-9.10611e-05,-0.855107
240.96,-0.511543,-0.850401,-0.851025,-7.61607e-05,-0.850949
241.008,-0.474026,-0.847795,-0.84701,-8.82129e-05,-0.846922
241.056,-0.503036,-0.845235,-0.842982,-7.87119e-05,-0.842903
241.104,-0.51505,-0.842739,-0.838883,-7.5075e-05,-0.838807
241.152,-0.55255,-0.840308,-0.834747,-6.47958e-05,-0.834683
241.2,-0.562056,-0.837934,-0.830692,-6.2413e-05,-0.83063
241.248,-0.551059,-0.835627,-0.826671,-6.51517e-05,-0.826606
241.296,-0.558057,-0.833384,-0.822682,-6.33767e-05,-0.822619
241.344,-0.566055,-0.831214,-0.818696,-6.14092e-05,-0.818634
241.392,-0.571562,-0.829113,-0.814803,-6.00872e-05,-0.814743
241.44,-0.562056,-0.827081,-0.810993,-6.23594e-05,-0.810931
241.488,-0.588067,-0.825135,-0.807103,-5.63035e-05,-0.807046
241.536,-0.601572,-0.823279,-0.803237,-5.33912e-05,-0.803183
241.584,-0.646595,-0.821522,-0.799327,-4.47432e-05,-0.799283
241.632,-0.608571,-0.81987,-0.795489,-5.19317e-05,-0.795437
241.68,-0.628091,-0.818306,-0.791771,-4.80985e-05,-0.791723
241.728,-0.646087,-0.816851,-0.788063,-4.48157e-05,-0.788018
241.776,-0.637597,-0.815508,-0.784408,-4.6328e-05,-0.784361
241.824,-0.653102,-0.81428,-0.780804,-4.35906e-05,-0.780761
241.872,-0.653594,-0.813188,-0.777163,-4.35028e-05,-0.777119
241.92,-0.660592,-0.812222,-0.773622,-4.23218e-05,-0.77358
241.968,-0.6611,-0.811407,-0.770049,-4.22347e-05,-0.770007
242.016,-0.686603,-0.810749,-0.766475,-3.82129e-05,-0.766437
242.064,-0.706615,-0.810253,-0.762964,-3.5327e-05,-0.762929
242.112,-0.718121,-0.80994,-0.759422,-3.37674e-05,-0.759388
242.16,-0.716613,-0.809817,-0.755913,-3.39672e-05,-0.75588
242.208,-0.674606,-0.809879,-0.752571,-4.00507e-05,-0.752531
242.256,-0.748131,-0.810144,-0.749214,-3.00183e-05,-0.749184
242.304,-0.714613,-0.810635,-0.745882,-3.42366e-05,-0.745848
242.352,-0.735134,-0.811356,-0.742589,-3.15909e-05,-0.742558
242.4,-0.767143,-0.81233,-0.739273,-2.78659e-05,-0.739246
242.448,-0.794645,-0.813576,-0.735941,-2.5019e-05,-0.735916
242.496,-0.803152,-0.815121,-0.732548,-2.4201e-05,-0.732524
242.544,-0.80915,-0.81697,-0.729206,-2.36416e-05,-0.729183
242.592,-0.777649,-0.819133,-0.725958,-2.6755e-05,-0.725931
242.64,-0.790155,-0.82163,-0.722759,-2.54793e-05,-0.722734
242.688,-0.825655,-0.824477,-0.719575,-2.21725e-05,-0.719552
242.736,-0.83067,-0.827695,-0.716438,-2.17461e-05,-0.716416
242.784,-0.838161,-0.831304,-0.713316,-2.11224e-05,-0.713294
242.832,-0.83467,-0.835318,-0.710244,-2.14203e-05,-0.710223
242.88,-0.83916,-0.839752,-0.707234,-2.10535e-05,-0.707213
242.928,-0.884692,-0.844632,-0.704193,-1.76171e-05,-0.704175
242.976,-0.86168,-0.849973,-0.701227,-1.9289e-05,-0.701208
243.024,-0.89918,-0.855783,-0.698295,-1.66583e-05,-0.698278
243.072,-0.883184,-0.862079,-0.695464,-1.77456e-05,-0.695446
243.12,-0.874677,-0.868873,-0.692686,-1.83573e-05,-0.692667
243.168,-0.911194,-0.876178,-0.689924,-1.59168e-05,-0.689908
243.216,-0.896181,-0.884006,-0.687243,-1.68924e-05,-0.687226
243.264,-0.864171,-0.892354,-0.6847,-1.91645e-05,-0.684681
243.312,-0.879676,-0.901231,-0.682218,-1.80462e-05,-0.6822
243.36,-0.886183,-0.91064,-0.679802,-1.76043e-05,-0.679785
243.408,-0.908686,-0.920593,-0.677371,-1.61296e-05,-0.677355
243.456,-0.924699,-0.931093,-0.67493,-1.51601e-05,-0.674915
243.504,-0.886691,-0.942123,-0.672617,-1.76123e-05,-0.672599
243.552,-0.898688,-0.953679,-0.670357,-1.68178e-05,-0.67034
243.6,-0.950202,-0.965758,-0.66809,-1.3754e-05,-0.668076
243.648,-0.903196,-0.97834,-0.665946,-1.65547e-05,-0.665929
243.696,-0.897181,-0.991411,-0.663827,-1.6967e-05,-0.66381
243.744,-0.881184,-1.00495,-0.661813,-1.80846e-05,-0.661795
243.792,-0.932206,-1.01894,-0.65978,-1.48207e-05,-0.659765
243.84,-0.930698,-1.03335,-0.657794,-1.49253e-05,-0.657779
243.888,-0.941204,-1.04817,-0.655852,-1.43392e-05,-0.655837
243.936,-0.958708,-1.06335,-0.653902,-1.34034e-05,-0.653889
243.984,-0.915193,-1.07888,-0.65204,-1.59169e-05,-0.652024
244.032,-0.965215,-1.09471,-0.650167,-1.30973e-05,-0.650154
244.08,-0.939696,-1.11082,-0.648297,-1.4494e-05,-0.648283
244.128,-0.992717,-1.12717,-0.646414,-1.17875e-05,-0.646402
244.176,-0.987718,-1.14372,-0.644534,-1.20362e-05,-0.644522
244.224,-0.973213,-1.16044,-0.642737,-1.27571e-05,-0.642724
244.272,-0.992717,-1.17729,-0.64094,-1.18329e-05,-0.640928
244.32,-0.992717,-1.19422,-0.639112,-1.18483e-05,-0.6391
244.368,-1.03174,-1.21122,-0.637228,-1.018e-05,-0.637217
244.416,-1.02523,-1.22824,-0.635433,-1.04567e-05,-0.635423
244.464,-1.00973,-1.24524,-0.63358,-1.11268e-05,-0.633569
244.512,-1.05425,-1.26219,-0.631746,-9.35635e-06,-0.631737
244.56,-1.03074,-1.27905,-0.629947,-1.02731e-05,-0.629937
244.608,-1.03123,-1.2958,-0.628183,-1.02664e-05,-0.628172
244.656,-1.01124,-1.3124,-0.626498,-1.1118e-05,-0.626487
244.704,-1.02674,-1.32881,-0.624863,-1.04751e-05,-0.624853
244.752,-1.02823,-1.34502,-0.623194,-1.04268e-05,-0.623184
244.8,-1.03725,-1.36101,-0.621487,-1.00768e-05,-0.621477
244.848,-1.00873,-1.37674,-0.619901,-1.12829e-05,-0.619889
244.896,-1.04525,-1.3922,-0.618315,-9.78873e-06,-0.618305
244.944,-1.02623,-1.40738,-0.616688,-1.05587e-05,-0.616678
244.992,-1.03174,-1.42225,-0.615135,-1.03447e-05,-0.615124
245.04,-1.03474,-1.43681,-0.613524,-1.0235e-05,-0.613514
245.088,-1.02874,-1.45103,-0.611929,-1.04899e-05,-0.611918
245.136,-1.03474,-1.46492,-0.610416,-1.02567e-05,-0.610405
245.184,-1.03674,-1.47845,-0.60888,-1.0187e-05,-0.60887
245.232,-1.03323,-1.49164,-0.60729,-1.03383e-05,-0.60728
245.28,-1.04674,-1.50447,-0.60573,-9.81444e-06,-0.60572
245.328,-1.01873,-1.51693,-0.604231,-1.09644e-05,-0.60422
245.376,-1.01873,-1.52903,-0.602769,-1.09744e-05,-0.602758
245.424,-1.03423,-1.54076,-0.601261,-1.0336e-05,-0.60125
245.472,-1.03223,-1.55213,-0.599745,-1.04262e-05,-0.599734
245.52,-1.03925,-1.56315,-0.598191,-1.01517e-05,-0.598181
245.568,-1.04225,-1.5738,-0.596651,-1.0041e-05,-0.596641
245.616,-1.05175,-1.5841,-0.595088,-9.68094e-06,-0.595078
245.664,-1.06524,-1.59406,-0.593458,-9.18892e-06,-0.593448
245.712,-1.07175,-1.60368,-0.591824,-8.96382e-06,-0.591815
245.76,-1.08925,-1.61296,-0.59024,-8.37485e-06,-0.590232
245.808,-1.04574,-1.6219,-0.588675,-9.9401e-06,-0.588665
245.856,-1.07526,-1.63052,-0.587098,-8.85909e-06,-0.587089
245.904,-1.07926,-1.63883,-0.585483,-8.72662e-06,-0.585474
245.952,-1.09227,-1.64683,-0.583875,-8.29732e-06,-0.583867
246,-1.10176,-1.65452,-0.582311,-7.99875e-06,-0.582303
246.048,-1.07426,-1.66192,-0.580753,-8.91474e-06,-0.580744
246.096,-1.1803,-1.66904,-0.579126,-5.88444e-06,-0.57912
246.144,-1.13228,-1.67589,-0.577443,-7.10769e-06,-0.577436
246.192,-1.12577,-1.68246,-0.575797,-7.29499e-06,-0.57579
246.24,-1.14978,-1.68878,-0.574166,-6.64244e-06,-0.57416
246.288,-1.10977,-1.69485,-0.572552,-7.77451e-06,-0.572545
246.336,-1.13878,-1.70067,-0.570967,-6.94136e-06,-0.57096
246.384,-1.08876,-1.70625,-0.569408,-8.44953e-06,-0.569399
246.432,-1.04474,-1.71161,-0.567953,-1.0046e-05,-0.567943
246.48,-1.08476,-1.71674,-0.56648,-8.58979e-06,-0.566471
246.528,-1.08725,-1.72166,-0.56499,-8.50937e-06,-0.564981
246.576,-1.10427,-1.72637,-0.563483,-7.96288e-06,-0.563475
246.624,-1.14128,-1.7309,-0.56188,-6.88931e-06,-0.561873
246.672,-1.07575,-1.73523,-0.560444,-8.91114e-06,-0.560435
246.72,-1.09627,-1.73938,-0.559025,-8.22456e-06,-0.559016
246.768,-1.08776,-1.74335,-0.557621,-8.5061e-06,-0.557613
246.816,-1.09827,-1.74715,-0.556203,-8.16501e-06,-0.556195
246.864,-1.11877,-1.75079,-0.554777,-7.53612e-06,-0.55477
246.912,-1.09776,-1.75428,-0.553403,-8.18562e-06,-0.553395
246.96,-1.09276,-1.75761,-0.552079,-8.34975e-06,-0.55207
247.008,-1.08176,-1.7608,-0.550767,-8.71986e-06,-0.550758
247.056,-1.10027,-1.76385,-0.54948,-8.11124e-06,-0.549472
247.104,-1.08276,-1.76676,-0.548228,-8.68956e-06,-0.54822
247.152,-1.10476,-1.76955,-0.546949,-7.97299e-06,-0.546941
247.2,-1.10627,-1.77222,-0.545613,-7.92754e-06,-0.545605
247.248,-1.11877,-1.77478,-0.544297,-7.5495e-06,-0.544289
247.296,-1.14778,-1.77723,-0.542846,-6.73878e-06,-0.54284
247.344,-1.15578,-1.77958,-0.541486,-6.53179e-06,-0.541479
247.392,-1.13728,-1.78183,-0.540132,-7.02465e-06,-0.540125
247.44,-1.11977,-1.78398,-0.538836,-7.52507e-06,-0.538829
247.488,-1.14278,-1.78604,-0.537488,-6.87668e-06,-0.537481
247.536,-1.14627,-1.78801,-0.536121,-6.78415e-06,-0.536114
247.584,-1.15778,-1.78991,-0.53476,-6.48571e-06,-0.534753
247.632,-1.1833,-1.79172,-0.533418,-5.86876e-06,-0.533412
247.68,-1.10727,-1.79345,-0.532134,-7.9089e-06,-0.532127
247.728,-1.11877,-1.79512,-0.530862,-7.56085e-06,-0.530854
247.776,-1.14878,-1.79671,-0.529608,-6.72206e-06,-0.529601
247.824,-1.15729,-1.79824,-0.528257,-6.50222e-06,-0.52825
247.872,-1.15029,-1.7997,-0.526962,-6.6839e-06,-0.526955
247.92,-1.15578,-1.80111,-0.525695,-6.54218e-06,-0.525688
247.968,-1.14778,-1.80246,-0.524355,-6.75134e-06,-0.524348
248.016,-1.15029,-1.80375,-0.523044,-6.6859e-06,-0.523037
248.064,-1.1853,-1.805,-0.521728,-5.82861e-06,-0.521722
248.112,-1.25132,-1.80621,-0.520226,-4.49932e-06,-0.520222
248.16,-1.27233,-1.80738,-0.5186,-4.14374e-06,-0.518596
248.208,-1.32835,-1.80851,-0.51687,-3.32661e-06,-0.516867
248.256,-1.32935,-1.80962,-0.515061,-3.31386e-06,-0.515058
248.304,-1.31784,-1.81069,-0.513301,-3.46711e-06,-0.513297
248.352,-1.34536,-1.81173,-0.51153,-3.11261e-06,-0.511527
248.4,-1.34636,-1.81274,-0.509729,-3.10066e-06,-0.509726
248.448,-1.32184,-1.81372,-0.508049,-3.41391e-06,-0.508045
248.496,-1.34336,-1.81467,-0.50634,-3.1378e-06,-0.506337
248.544,-1.33935,-1.81559,-0.504631,-3.18782e-06,-0.504628
248.592,-1.32835,-1.81648,-0.502959,-3.32856e-06,-0.502956
248.64,-1.32184,-1.81735,-0.50135,-3.41482e-06,-0.501347
248.688,-1.33635,-1.81819,-0.499732,-3.22617e-06,-0.499729
248.736,-1.33286,-1.81901,-0.498178,-3.27084e-06,-0.498175
248.784,-1.33735,-1.8198,-0.496636,-3.21392e-06,-0.496633
248.832,-1.34035,-1.82057,-0.495111,-3.17651e-06,-0.495107
248.88,-1.33586,-1.82131,-0.493547,-3.23314e-06,-0.493544
248.928,-1.34885,-1.82204,-0.492024,-3.07261e-06,-0.492021
248.976,-1.32635,-1.82275,-0.490531,-3.35631e-06,-0.490527
249.024,-1.28934,-1.82342,-0.489185,-3.88083e-06,-0.489181
249.072,-1.31784,-1.82408,-0.487796,-3.47052e-06,-0.487793
249.12,-1.30234,-1.82472,-0.486435,-3.6883e-06,-0.486431
249.168,-1.28483,-1.82534,-0.485144,-3.95061e-06,-0.48514
249.216,-1.30285,-1.82593,-0.4839,-3.68129e-06,-0.483896
249.264,-1.29734,-1.82651,-0.482681,-3.76183e-06,-0.482678
249.312,-1.28233,-1.82707,-0.481444,-3.99016e-06,-0.48144
249.36,-1.29034,-1.82761,-0.48029,-3.86683e-06,-0.480286
249.408,-1.29934,-1.82813,-0.479076,-3.73289e-06,-0.479072
249.456,-1.27082,-1.82864,-0.477936,-4.17484e-06,-0.477932
249.504,-1.26282,-1.82912,-0.476821,-4.30804e-06,-0.476817
249.552,-1.29234,-1.82959,-0.475717,-3.83719e-06,-0.475713
249.6,-1.27584,-1.83005,-0.474618,-4.09394e-06,-0.474614
249.648,-1.25682,-1.83049,-0.473639,-4.41104e-06,-0.473635
249.696,-1.25882,-1.8309,-0.472685,-4.37672e-06,-0.472681
249.744,-1.24883,-1.8313,-0.47179,-4.55189e-06,-0.471786
249.792,-1.24681,-1.8317,-0.470755,-4.58816e-06,-0.47075
249.84,-1.34685,-1.83209,-0.469566,-3.09909e-06,-0.469563
249.888,-1.37136,-1.83247,-0.46828,-2.81519e-06,-0.468277
249.936,-1.39738,-1.83285,-0.466961,-2.54205e-06,-0.466959
249.984,-1.39488,-1.83322,-0.465609,-2.56725e-06,-0.465607
250.032,-1.41889,-1.8336,-0.464192,-2.33657e-06,-0.46419
250.08,-1.43339,-1.83397,-0.462742,-2.2074e-06,-0.46274
250.128,-1.42689,-1.83434,-0.461333,-2.26453e-06,-0.46133
250.176,-1.42489,-1.8347,-0.459894,-2.28242e-06,-0.459892
250.224,-1.43039,-1.83506,-0.458453,-2.2337e-06,-0.45845
250.272,-1.41838,-1.83542,-0.457012,-2.34154e-06,-0.457009
250.32,-1.41689,-1.83577,-0.455704,-2.35534e-06,-0.455701
250.368,-1.40638,-1.83611,-0.454373,-2.45448e-06,-0.454371
250.416,-1.42689,-1.83645,-0.453108,-2.26488e-06,-0.453106
250.464,-1.42289,-1.83678,-0.451831,-2.30074e-06,-0.451829
250.512,-1.4559,-1.83711,-0.450508,-2.02138e-06,-0.450506
250.56,-1.43588,-1.83744,-0.449184,-2.18649e-06,-0.449182
250.608,-1.43088,-1.83776,-0.447869,-2.22984e-06,-0.447866
250.656,-1.40838,-1.83807,-0.446676,-2.43566e-06,-0.446673
250.704,-1.41838,-1.83838,-0.445505,-2.34205e-06,-0.445503
250.752,-1.40887,-1.83868,-0.444368,-2.43107e-06,-0.444366
250.8,-1.40987,-1.83897,-0.443233,-2.42161e-06,-0.44323
250.848,-1.37837,-1.83926,-0.442109,-2.74015e-06,-0.442106
250.896,-1.39888,-1.83954,-0.441081,-2.52846e-06,-0.441079
250.944,-1.38237,-1.8398,-0.440094,-2.69761e-06,-0.440091
250.992,-1.36587,-1.84007,-0.439128,-2.87807e-06,-0.439125
251.04,-1.37486,-1.84032,-0.438204,-2.77832e-06,-0.438201
251.088,-1.35136,-1.84056,-0.437352,-3.04667e-06,-0.437349
251.136,-1.36736,-1.84079,-0.436493,-2.86144e-06,-0.43649
251.184,-1.36787,-1.84101,-0.435683,-2.85579e-06,-0.43568
251.232,-1.33535,-1.84123,-0.434902,-3.24432e-06,-0.434899
251.28,-1.33986,-1.84143,-0.434149,-3.18752e-06,-0.434146
251.328,-1.33486,-1.84162,-0.433428,-3.25068e-06,-0.433424
251.376,-1.32284,-1.84181,-0.432745,-3.40757e-06,-0.432741
251.424,-1.34936,-1.84199,-0.432039,-3.07098e-06,-0.432036
251.472,-1.35136,-1.84215,-0.431359,-3.04703e-06,-0.431356
251.52,-1.30934,-1.84231,-0.430715,-3.59307e-06,-0.430711
251.568,-1.34336,-1.84247,-0.430062,-3.14421e-06,-0.430059
251.616,-1.33286,-1.84261,-0.429431,-3.27651e-06,-0.429428
251.664,-1.34436,-1.84275,-0.428801,-3.13197e-06,-0.428797
251.712,-1.35085,-1.84288,-0.428129,-3.05327e-06,-0.428126
251.76,-1.36336,-1.84301,-0.427407,-2.90715e-06,-0.427404
251.808,-1.40787,-1.84314,-0.426555,-2.44143e-06,-0.426552
251.856,-1.46189,-1.84327,-0.42558,-1.97527e-06,-0.425578
251.904,-1.48991,-1.84342,-0.42449,-1.76977e-06,-0.424488
251.952,-1.51492,-1.84356,-0.423362,-1.60442e-06,-0.423361
252,-1.51292,-1.84371,-0.422204,-1.61707e-06,-0.422202
252.048,-1.52942,-1.84386,-0.42105,-1.51572e-06,-0.421049
252.096,-1.51342,-1.84402,-0.419869,-1.61389e-06,-0.419867
252.144,-1.53844,-1.84418,-0.418666,-1.4631e-06,-0.418664
252.192,-1.52742,-1.84434,-0.417499,-1.52771e-06,-0.417497
252.24,-1.53793,-1.8445,-0.416353,-1.46605e-06,-0.416352
252.288,-1.52642,-1.84466,-0.41524,-1.53375e-06,-0.415239
252.336,-1.55092,-1.84483,-0.414084,-1.39322e-06,-0.414083
252.384,-1.49692,-1.84499,-0.413022,-1.72194e-06,-0.413021
252.432,-1.50292,-1.84515,-0.412002,-1.68192e-06,-0.412
252.48,-1.50992,-1.84531,-0.410992,-1.6364e-06,-0.410991
252.528,-1.49041,-1.84546,-0.40999,-1.76651e-06,-0.409988
252.576,-1.50392,-1.84562,-0.409005,-1.67539e-06,-0.409003
252.624,-1.4784,-1.84577,-0.408082,-1.85179e-06,-0.40808
252.672,-1.48691,-1.84592,-0.407217,-1.79104e-06,-0.407215
252.72,-1.46791,-1.84606,-0.406342,-1.92961e-06,-0.40634
252.768,-1.4594,-1.8462,-0.405515,-1.99509e-06,-0.405513
252.816,-1.4774,-1.84634,-0.404674,-1.85914e-06,-0.404672
252.864,-1.47091,-1.84647,-0.403909,-1.9071e-06,-0.403907
252.912,-1.43288,-1.84659,-0.403202,-2.21385e-06,-0.403199
252.96,-1.4694,-1.84671,-0.402495,-1.91844e-06,-0.402493
253.008,-1.42889,-1.84682,-0.401838,-2.24889e-06,-0.401836
253.056,-1.44939,-1.84692,-0.401216,-2.07513e-06,-0.401214
253.104,-1.38688,-1.84702,-0.400684,-2.65174e-06,-0.400681
253.152,-1.40938,-1.8471,-0.400167,-2.42773e-06,-0.400165
253.2,-1.41889,-1.84718,-0.399649,-2.33889e-06,-0.399647
253.248,-1.41389,-1.84726,-0.399145,-2.38522e-06,-0.399143
253.296,-1.39337,-1.84732,-0.398711,-2.58515e-06,-0.398708
253.344,-1.37186,-1.84738,-0.398326,-2.81266e-06,-0.398323
253.392,-1.39888,-1.84743,-0.397934,-2.52992e-06,-0.397932
253.44,-1.36736,-1.84747,-0.397526,-2.86284e-06,-0.397523
253.488,-1.39738,-1.84751,-0.397102,-2.54478e-06,-0.3971
253.536,-1.37486,-1.84754,-0.396717,-2.77979e-06,-0.396715
253.584,-1.38688,-1.84756,-0.396372,-2.65185e-06,-0.396369
253.632,-1.39738,-1.84758,-0.395973,-2.5448e-06,-0.395971
253.68,-1.36836,-1.8476,-0.395602,-2.85166e-06,-0.395599
253.728,-1.38937,-1.84761,-0.395211,-2.62607e-06,-0.395208
253.776,-1.37237,-1.84761,-0.394871,-2.8071e-06,-0.394868
253.824,-1.38488,-1.84761,-0.394571,-2.67274e-06,-0.394569
253.872,-1.39437,-1.8476,-0.3942,-2.57508e-06,-0.394198
253.92,-1.37437,-1.84759,-0.393825,-2.78517e-06,-0.393822
253.968,-1.34985,-1.84757,-0.393531,-3.06632e-06,-0.393528
254.016,-1.39237,-1.84755,-0.393142,-2.59535e-06,-0.39314
254.064,-1.42789,-1.84753,-0.392732,-2.25785e-06,-0.39273
254.112,-1.50541,-1.84752,-0.392127,-1.66585e-06,-0.392126
254.16,-1.50541,-1.84751,-0.391399,-1.66585e-06,-0.391397
254.208,-1.55194,-1.84751,-0.390639,-1.38795e-06,-0.390638
254.256,-1.53893,-1.84752,-0.389832,-1.46064e-06,-0.38983
254.304,-1.57995,-1.84753,-0.388935,-1.24354e-06,-0.388934
254.352,-1.56794,-1.84755,-0.388038,-1.30355e-06,-0.388036
254.4,-1.54293,-1.84757,-0.387152,-1.43791e-06,-0.38715
254.448,-1.55194,-1.8476,-0.386335,-1.38796e-06,-0.386333
254.496,-1.56745,-1.84763,-0.385491,-1.30607e-06,-0.385489
254.544,-1.56194,-1.84765,-0.384707,-1.33459e-06,-0.384706
254.592,-1.58295,-1.84768,-0.383898,-1.22901e-06,-0.383896
254.64,-1.55994,-1.84772,-0.383117,-1.34511e-06,-0.383116
254.688,-1.51792,-1.84774,-0.382431,-1.58614e-06,-0.38243
254.736,-1.52142,-1.84777,-0.381815,-1.56447e-06,-0.381813
254.784,-1.47291,-1.84779,-0.381246,-1.89238e-06,-0.381244
254.832,-1.48341,-1.84781,-0.380681,-1.81599e-06,-0.380679
254.88,-1.4744,-1.84783,-0.380156,-1.88135e-06,-0.380154
254.928,-1.4814,-1.84784,-0.379693,-1.83041e-06,-0.379692
254.976,-1.42138,-1.84784,-0.37926,-2.31626e-06,-0.379258
255.024,-1.47691,-1.84784,-0.378834,-1.86294e-06,-0.378832
255.072,-1.42089,-1.84784,-0.378445,-2.32074e-06,-0.378442
255.12,-1.43739,-1.84783,-0.378061,-2.17526e-06,-0.378059
255.168,-1.4429,-1.84782,-0.377737,-2.12878e-06,-0.377735
255.216,-1.44139,-1.8478,-0.377375,-2.1414e-06,-0.377373
255.264,-1.4429,-1.84778,-0.376961,-2.12877e-06,-0.376958
255.312,-1.4664,-1.84776,-0.376561,-1.9413e-06,-0.376559
255.36,-1.43288,-1.84774,-0.376214,-2.21404e-06,-0.376212
255.408,-1.41989,-1.8477,-0.375937,-2.32983e-06,-0.375935
255.456,-1.44139,-1.84767,-0.375676,-2.14138e-06,-0.375674
255.504,-1.43339,-1.84763,-0.375374,-2.20962e-06,-0.375372
255.552,-1.45039,-1.84758,-0.375065,-2.06711e-06,-0.375063
255.6,-1.45439,-1.84753,-0.37477,-2.03493e-06,-0.374768
255.648,-1.43188,-1.84748,-0.374491,-2.2227e-06,-0.374489
255.696,-1.41738,-1.84743,-0.374265,-2.35281e-06,-0.374262
255.744,-1.42289,-1.84737,-0.374036,-2.30253e-06,-0.374033
255.792,-1.44839,-1.8473,-0.373798,-2.08334e-06,-0.373796
255.84,-1.42789,-1.84723,-0.373553,-2.2578e-06,-0.373551
255.888,-1.44339,-1.84716,-0.373344,-2.12457e-06,-0.373342
255.936,-1.44039,-1.84708,-0.373177,-2.1497e-06,-0.373175
255.984,-1.4449,-1.847,-0.372964,-2.11202e-06,-0.372962
256.032,-1.37986,-1.84692,-0.372882,-2.7257e-06,-0.372879
256.08,-1.39738,-1.84682,-0.372815,-2.54466e-06,-0.372813
256.128,-1.36937,-1.84672,-0.372757,-2.84014e-06,-0.372754
256.176,-1.40038,-1.84662,-0.372633,-2.51486e-06,-0.37263
256.224,-1.38588,-1.84651,-0.372542,-2.66207e-06,-0.372539
256.272,-1.37337,-1.8464,-0.37247,-2.79588e-06,-0.372467
256.32,-1.41138,-1.84628,-0.37239,-2.40863e-06,-0.372387
256.368,-1.35585,-1.84616,-0.372362,-2.99472e-06,-0.372359
256.416,-1.30985,-1.84603,-0.372471,-3.58691e-06,-0.372467
256.464,-1.36436,-1.84589,-0.372574,-2.89639e-06,-0.372572
256.512,-1.37537,-1.84576,-0.372541,-2.7739e-06,-0.372538
256.56,-1.38137,-1.84562,-0.372441,-2.70937e-06,-0.372439
256.608,-1.4614,-1.84549,-0.372192,-1.97941e-06,-0.37219
256.656,-1.49641,-1.84536,-0.371778,-1.72543e-06,-0.371776
256.704,-1.50592,-1.84525,-0.371358,-1.66226e-06,-0.371356
256.752,-1.50943,-1.84514,-0.370777,-1.63954e-06,-0.370776
256.8,-1.55243,-1.84504,-0.370219,-1.38503e-06,-0.370218
256.848,-1.58695,-1.84495,-0.36953,-1.20965e-06,-0.369529
256.896,-1.58944,-1.84486,-0.368822,-1.19788e-06,-0.368821
256.944,-1.58395,-1.84479,-0.368115,-1.22395e-06,-0.368114
256.992,-1.59695,-1.84471,-0.367431,-1.16311e-06,-0.36743
257.04,-1.53993,-1.84464,-0.366833,-1.45462e-06,-0.366831
257.088,-1.59095,-1.84458,-0.366202,-1.19079e-06,-0.366201
257.136,-1.57944,-1.84452,-0.36555,-1.24575e-06,-0.365548
257.184,-1.53744,-1.84446,-0.365011,-1.46888e-06,-0.365009
257.232,-1.56645,-1.8444,-0.364493,-1.31089e-06,-0.364492
257.28,-1.57194,-1.84434,-0.363954,-1.28296e-06,-0.363953
257.328,-1.54992,-1.84429,-0.363419,-1.39864e-06,-0.363417
257.376,-1.58095,-1.84423,-0.362894,-1.23838e-06,-0.362893
257.424,-1.55643,-1.84417,-0.362486,-1.36339e-06,-0.362485
257.472,-1.54393,-1.84411,-0.362113,-1.43192e-06,-0.362112
257.52,-1.50992,-1.84405,-0.361744,-1.63625e-06,-0.361743
257.568,-1.50692,-1.84399,-0.361429,-1.65561e-06,-0.361427
257.616,-1.47991,-1.84392,-0.361144,-1.84062e-06,-0.361142
257.664,-1.4509,-1.84384,-0.36092,-2.06243e-06,-0.360918
257.712,-1.4449,-1.84376,-0.360841,-2.11152e-06,-0.360839
257.76,-1.41789,-1.84367,-0.360773,-2.34749e-06,-0.360771
257.808,-1.43988,-1.84357,-0.36067,-2.15344e-06,-0.360668
257.856,-1.4524,-1.84348,-0.360501,-2.05022e-06,-0.360499
257.904,-1.41438,-1.84338,-0.360433,-2.37995e-06,-0.36043
257.952,-1.42489,-1.84327,-0.360394,-2.28386e-06,-0.360391
258,-1.41738,-1.84315,-0.36035,-2.35208e-06,-0.360348
258.048,-1.40338,-1.84304,-0.360348,-2.4848e-06,-0.360346
258.096,-1.39588,-1.84291,-0.360422,-2.55902e-06,-0.36042
258.144,-1.38837,-1.84277,-0.360472,-2.63546e-06,-0.360469
258.192,-1.39188,-1.84263,-0.360568,-2.59943e-06,-0.360565
258.24,-1.40838,-1.84249,-0.360582,-2.43646e-06,-0.36058
258.288,-1.40687,-1.84234,-0.360636,-2.45089e-06,-0.360634
258.336,-1.38537,-1.84219,-0.360679,-2.66654e-06,-0.360676
258.384,-1.39537,-1.84203,-0.360776,-2.56397e-06,-0.360773
258.432,-1.39437,-1.84187,-0.360848,-2.57401e-06,-0.360846
258.48,-1.43288,-1.84171,-0.36088,-2.21307e-06,-0.360878
258.528,-1.40638,-1.84155,-0.360842,-2.45547e-06,-0.360839
258.576,-1.41789,-1.84138,-0.360897,-2.3471e-06,-0.360895
258.624,-1.39537,-1.8412,-0.361009,-2.56381e-06,-0.361006
258.672,-1.39237,-1.84102,-0.361137,-2.59412e-06,-0.361134
258.72,-1.40987,-1.84084,-0.361161,-2.42196e-06,-0.361158
258.768,-1.39637,-1.84066,-0.361217,-2.55368e-06,-0.361215
258.816,-1.41738,-1.84048,-0.361247,-2.35162e-06,-0.361245
258.864,-1.39537,-1.84029,-0.361344,-2.56364e-06,-0.361341
258.912,-1.38337,-1.8401,-0.361394,-2.68712e-06,-0.361391
258.96,-1.42739,-1.83991,-0.361373,-2.26095e-06,-0.361371
259.008,-1.41638,-1.83972,-0.361294,-2.36073e-06,-0.361292
259.056,-1.46891,-1.83954,-0.361122,-1.92115e-06,-0.36112
259.104,-1.47691,-1.83937,-0.360836,-1.86179e-06,-0.360834
259.152,-1.55294,-1.8392,-0.36045,-1.38168e-06,-0.360449
259.2,-1.50792,-1.83905,-0.360019,-1.64853e-06,-0.360018
259.248,-1.55943,-1.8389,-0.359543,-1.34692e-06,-0.359542
259.296,-1.54343,-1.83876,-0.359084,-1.43413e-06,-0.359082
259.344,-1.56094,-1.83862,-0.35862,-1.33895e-06,-0.358619
259.392,-1.56143,-1.83849,-0.35811,-1.33636e-06,-0.358108
259.44,-1.57844,-1.83836,-0.357613,-1.25009e-06,-0.357611
259.488,-1.56894,-1.83824,-0.357131,-1.29757e-06,-0.35713
259.536,-1.54443,-1.83812,-0.356686,-1.42845e-06,-0.356685
259.584,-1.54193,-1.838,-0.356273,-1.44255e-06,-0.356271
259.632,-1.54093,-1.83789,-0.355859,-1.44821e-06,-0.355857
259.68,-1.51842,-1.83777,-0.355544,-1.58183e-06,-0.355542
259.728,-1.49641,-1.83765,-0.355283,-1.72446e-06,-0.355281
259.776,-1.48341,-1.83753,-0.355082,-1.81463e-06,-0.35508
259.824,-1.50992,-1.83741,-0.35481,-1.63546e-06,-0.354808
259.872,-1.52442,-1.83729,-0.354605,-1.545e-06,-0.354603
259.92,-1.48641,-1.83716,-0.354427,-1.79336e-06,-0.354425
259.968,-1.4784,-1.83704,-0.354307,-1.85061e-06,-0.354306
260.016,-1.46389,-1.83691,-0.354158,-1.95894e-06,-0.354156
260.064,-1.4549,-1.83677,-0.35407,-2.02929e-06,-0.354068
260.112,-1.4694,-1.83664,-0.353969,-1.91704e-06,-0.353967
260.16,-1.4604,-1.8365,-0.353873,-1.98589e-06,-0.353871
260.208,-1.4564,-1.83636,-0.353756,-2.01726e-06,-0.353754
260.256,-1.44339,-1.83622,-0.353731,-2.12288e-06,-0.353729
260.304,-1.48641,-1.83607,-0.353611,-1.79322e-06,-0.353609
260.352,-1.43388,-1.83593,-0.353597,-2.20348e-06,-0.353595
260.4,-1.43588,-1.83577,-0.35361,-2.18624e-06,-0.353608
260.448,-1.42638,-1.83561,-0.353603,-2.26927e-06,-0.353601
260.496,-1.43939,-1.83545,-0.353614,-2.15632e-06,-0.353612
260.544,-1.42189,-1.83529,-0.35367,-2.30954e-06,-0.353668
260.592,-1.41538,-1.83512,-0.353721,-2.36921e-06,-0.353718
260.64,-1.41087,-1.83495,-0.353754,-2.41144e-06,-0.353752
260.688,-1.37386,-1.83477,-0.353907,-2.78812e-06,-0.353904
260.736,-1.39838,-1.83459,-0.354095,-2.53244e-06,-0.354092
260.784,-1.36836,-1.8344,-0.354262,-2.84892e-06,-0.354259
260.832,-1.40638,-1.8342,-0.354437,-2.45416e-06,-0.354435
260.88,-1.35236,-1.834,-0.354619,-3.03331e-06,-0.354616
260.928,-1.37036,-1.8338,-0.354875,-2.82654e-06,-0.354872
260.976,-1.34336,-1.83358,-0.355187,-3.14218e-06,-0.355184
261.024,-1.35136,-1.83336,-0.355427,-3.04509e-06,-0.355424
261.072,-1.35536,-1.83314,-0.355691,-2.99765e-06,-0.355688
261.12,-1.33986,-1.83291,-0.356017,-3.18555e-06,-0.356014
261.168,-1.33786,-1.83267,-0.35638,-3.21058e-06,-0.356377
261.216,-1.33086,-1.83243,-0.356724,-3.29987e-06,-0.35672
261.264,-1.29834,-1.83218,-0.357162,-3.7487e-06,-0.357158
261.312,-1.30585,-1.83192,-0.357574,-3.63987e-06,-0.357571
261.36,-1.29985,-1.83166,-0.358018,-3.72645e-06,-0.358014
261.408,-1.29834,-1.83139,-0.358479,-3.74848e-06,-0.358476
261.456,-1.31085,-1.83111,-0.35893,-3.56898e-06,-0.358926
261.504,-1.30385,-1.83083,-0.359326,-3.66823e-06,-0.359322
261.552,-1.31384,-1.83055,-0.359755,-3.5271e-06,-0.359752
261.6,-1.32035,-1.83026,-0.360144,-3.43815e-06,-0.36014
261.648,-1.33135,-1.82998,-0.360473,-3.29293e-06,-0.36047
261.696,-1.31334,-1.82969,-0.360747,-3.53391e-06,-0.360743
261.744,-1.32684,-1.8294,-0.361083,-3.35152e-06,-0.36108
261.792,-1.28934,-1.8291,-0.361498,-3.88249e-06,-0.361494
261.84,-1.28133,-1.8288,-0.361948,-4.00639e-06,-0.361944
261.888,-1.32584,-1.8285,-0.362326,-3.36446e-06,-0.362323
261.936,-1.29783,-1.82819,-0.362689,-3.75508e-06,-0.362685
261.984,-1.31034,-1.82789,-0.362998,-3.57526e-06,-0.362994
262.032,-1.28934,-1.82758,-0.363399,-3.88206e-06,-0.363395
262.08,-1.29534,-1.82727,-0.363796,-3.7917e-06,-0.363792
262.128,-1.30134,-1.82695,-0.364158,-3.70344e-06,-0.364154
262.176,-1.30034,-1.82664,-0.364496,-3.71791e-06,-0.364493
262.224,-1.28883,-1.82633,-0.364869,-3.88945e-06,-0.364865
262.272,-1.27182,-1.82601,-0.365275,-4.15774e-06,-0.365271
262.32,-1.27082,-1.82568,-0.365706,-4.17398e-06,-0.365702
262.368,-1.24732,-1.82536,-0.366152,-4.57694e-06,-0.366147
262.416,-1.25332,-1.82502,-0.366662,-4.4704e-06,-0.366657
262.464,-1.2323,-1.82468,-0.367246,-4.85431e-06,-0.367241
262.512,-1.23881,-1.82434,-0.367796,-4.73188e-06,-0.367792
262.56,-1.27884,-1.824,-0.368294,-4.04431e-06,-0.36829
262.608,-1.27684,-1.82365,-0.36878,-4.07605e-06,-0.368776
262.656,-1.24481,-1.8233,-0.369311,-4.62149e-06,-0.369306
262.704,-1.23131,-1.82294,-0.369904,-4.87277e-06,-0.369899
262.752,-1.24432,-1.82258,-0.370423,-4.63017e-06,-0.370418
262.8,-1.22581,-1.82222,-0.371001,-4.97858e-06,-0.370996
262.848,-1.22031,-1.82185,-0.371608,-5.08715e-06,-0.371603
262.896,-1.22331,-1.82148,-0.3722,-5.02752e-06,-0.372195
262.944,-1.22231,-1.82111,-0.37276,-5.04714e-06,-0.372755
262.992,-1.24632,-1.82073,-0.373291,-4.59338e-06,-0.373286
263.04,-1.21831,-1.82035,-0.373841,-5.12665e-06,-0.373836
263.088,-1.24032,-1.81998,-0.374398,-4.70247e-06,-0.374393
263.136,-1.22182,-1.81959,-0.374967,-5.05632e-06,-0.374962
263.184,-1.24332,-1.81921,-0.375517,-4.64722e-06,-0.375513
263.232,-1.28084,-1.81883,-0.375885,-4.0112e-06,-0.375881
263.28,-1.32335,-1.81847,-0.376085,-3.39501e-06,-0.376082
263.328,-1.38537,-1.81811,-0.376062,-2.66186e-06,-0.376059
263.376,-1.38437,-1.81778,-0.375903,-2.67225e-06,-0.375901
263.424,-1.44439,-1.81746,-0.375685,-2.11168e-06,-0.375683
263.472,-1.4794,-1.81715,-0.375309,-1.8407e-06,-0.375307
263.52,-1.50641,-1.81687,-0.374788,-1.65563e-06,-0.374787
263.568,-1.52242,-1.8166,-0.374244,-1.55481e-06,-0.374242
263.616,-1.52942,-1.81634,-0.373665,-1.51268e-06,-0.373664
263.664,-1.55343,-1.8161,-0.373061,-1.3767e-06,-0.373059
263.712,-1.50092,-1.81587,-0.372544,-1.69155e-06,-0.372542
263.76,-1.52793,-1.81565,-0.372046,-1.52148e-06,-0.372044
263.808,-1.50792,-1.81544,-0.371529,-1.64569e-06,-0.371528
263.856,-1.50792,-1.81524,-0.371038,-1.64567e-06,-0.371036
263.904,-1.50392,-1.81504,-0.370612,-1.67166e-06,-0.370611
263.952,-1.52793,-1.81485,-0.370181,-1.52139e-06,-0.37018
264,-1.4604,-1.81467,-0.369825,-1.98272e-06,-0.369823
264.048,-1.46389,-1.81448,-0.369567,-1.95573e-06,-0.369566
264.096,-1.42289,-1.8143,-0.369394,-2.29697e-06,-0.369392
264.144,-1.42338,-1.81411,-0.369219,-2.29252e-06,-0.369217
264.192,-1.40987,-1.81393,-0.369065,-2.4172e-06,-0.369062
264.24,-1.42238,-1.81375,-0.36892,-2.30146e-06,-0.368917
264.288,-1.39037,-1.81357,-0.368758,-2.6093e-06,-0.368756
264.336,-1.37837,-1.81338,-0.368669,-2.73499e-06,-0.368667
264.384,-1.39037,-1.81319,-0.368666,-2.60923e-06,-0.368664
264.432,-1.35336,-1.81301,-0.368663,-3.01681e-06,-0.36866
264.48,-1.36187,-1.81281,-0.368737,-2.91777e-06,-0.368734
264.528,-1.35787,-1.81262,-0.368752,-2.96386e-06,-0.368749
264.576,-1.35385,-1.81242,-0.368821,-3.01087e-06,-0.368818
264.624,-1.36436,-1.81222,-0.368915,-2.88928e-06,-0.368912
264.672,-1.35787,-1.81202,-0.36899,-2.96373e-06,-0.368987
264.72,-1.34736,-1.81181,-0.369139,-3.08836e-06,-0.369136
264.768,-1.35185,-1.8116,-0.369288,-3.03439e-06,-0.369285
264.816,-1.36087,-1.81139,-0.369377,-2.92893e-06,-0.369374
264.864,-1.40387,-1.81118,-0.369382,-2.47425e-06,-0.36938
264.912,-1.38588,-1.81097,-0.369354,-2.65517e-06,-0.369351
264.96,-1.36536,-1.81076,-0.369406,-2.87766e-06,-0.369403
265.008,-1.33535,-1.81054,-0.369537,-3.23707e-06,-0.369534
265.056,-1.33386,-1.81032,-0.369687,-3.25601e-06,-0.369684
265.104,-1.32084,-1.8101,-0.36979,-3.42647e-06,-0.369786
265.152,-1.34836,-1.80988,-0.369907,-3.07584e-06,-0.369904
265.2,-1.33835,-1.80965,-0.37002,-3.199e-06,-0.370017
265.248,-1.35836,-1.80943,-0.370125,-2.95746e-06,-0.370122
265.296,-1.35736,-1.8092,-0.370221,-2.96903e-06,-0.370218
265.344,-1.37986,-1.80897,-0.370274,-2.71816e-06,-0.370272
265.392,-1.32684,-1.80874,-0.370429,-3.34646e-06,-0.370426
265.44,-1.33335,-1.80851,-0.370583,-3.26207e-06,-0.37058
265.488,-1.35736,-1.80828,-0.370691,-2.96883e-06,-0.370688
265.536,-1.34985,-1.80804,-0.370796,-3.05749e-06,-0.370793
265.584,-1.29534,-1.8078,-0.370981,-3.7863e-06,-0.370977
265.632,-1.31434,-1.80756,-0.371119,-3.51439e-06,-0.371115
265.68,-1.31634,-1.80732,-0.37131,-3.48687e-06,-0.371307
265.728,-1.27333,-1.80707,-0.371593,-4.1275e-06,-0.371589
265.776,-1.28834,-1.80681,-0.371883,-3.8914e-06,-0.371879
265.824,-1.30434,-1.80656,-0.372155,-3.65467e-06,-0.372151
265.872,-1.27933,-1.8063,-0.372433,-4.03129e-06,-0.372429
265.92,-1.28483,-1.80603,-0.372729,-3.94507e-06,-0.372725
265.968,-1.26682,-1.80576,-0.373058,-4.23379e-06,-0.373054
266.016,-1.24932,-1.80548,-0.373413,-4.53459e-06,-0.373408
266.064,-1.27484,-1.8052,-0.373805,-4.1026e-06,-0.373801
266.112,-1.25632,-1.80492,-0.374188,-4.41163e-06,-0.374183
266.16,-1.26182,-1.80463,-0.374577,-4.31727e-06,-0.374573
266.208,-1.28783,-1.80434,-0.374874,-3.89845e-06,-0.37487
266.256,-1.23632,-1.80404,-0.3753,-4.77125e-06,-0.375296
266.304,-1.26433,-1.80374,-0.375726,-4.27473e-06,-0.375722
266.352,-1.24081,-1.80343,-0.376173,-4.68773e-06,-0.376168
266.4,-1.25532,-1.80312,-0.376603,-4.42838e-06,-0.376599
266.448,-1.25382,-1.80281,-0.376939,-4.45426e-06,-0.376935
266.496,-1.29985,-1.80251,-0.377195,-3.71852e-06,-0.377192
266.544,-1.27082,-1.8022,-0.377448,-4.16681e-06,-0.377444
266.592,-1.28783,-1.80189,-0.377705,-3.89776e-06,-0.377701
266.64,-1.24732,-1.80158,-0.378045,-4.56899e-06,-0.37804
266.688,-1.26633,-1.80127,-0.378304,-4.24057e-06,-0.3783
266.736,-1.27733,-1.80096,-0.378547,-4.06145e-06,-0.378543
266.784,-1.27933,-1.80065,-0.378766,-4.02963e-06,-0.378762
266.832,-1.29883,-1.80035,-0.378925,-3.73278e-06,-0.378921
266.88,-1.25582,-1.80004,-0.379195,-4.41856e-06,-0.379191
266.928,-1.32584,-1.79973,-0.37933,-3.35739e-06,-0.379327
266.976,-1.28433,-1.79943,-0.379501,-3.95104e-06,-0.379497
267.024,-1.28783,-1.79913,-0.379658,-3.89697e-06,-0.379654
267.072,-1.28683,-1.79883,-0.379878,-3.91219e-06,-0.379874
267.12,-1.25232,-1.79852,-0.380136,-4.47927e-06,-0.380132
267.168,-1.26533,-1.79822,-0.380358,-4.25628e-06,-0.380353
267.216,-1.27082,-1.79791,-0.380642,-4.16551e-06,-0.380638
267.264,-1.27684,-1.7976,-0.380826,-4.06829e-06,-0.380821
267.312,-1.31584,-1.79731,-0.3809,-3.49104e-06,-0.380896
267.36,-1.35685,-1.79702,-0.380814,-2.9723e-06,-0.380811
267.408,-1.39838,-1.79675,-0.380607,-2.52544e-06,-0.380604
267.456,-1.40987,-1.79649,-0.380267,-2.41412e-06,-0.380264
267.504,-1.4499,-1.79623,-0.379927,-2.06334e-06,-0.379925
267.552,-1.44439,-1.796,-0.379543,-2.10836e-06,-0.379541
267.6,-1.44939,-1.79576,-0.379162,-2.06739e-06,-0.37916
267.648,-1.44839,-1.79554,-0.378733,-2.07548e-06,-0.378731
267.696,-1.46289,-1.79533,-0.378398,-1.96066e-06,-0.378396
267.744,-1.42189,-1.79511,-0.378098,-2.30276e-06,-0.378096
267.792,-1.44639,-1.79491,-0.377798,-2.09172e-06,-0.377796
267.84,-1.43839,-1.7947,-0.377527,-2.15835e-06,-0.377525
267.888,-1.4524,-1.79451,-0.377182,-2.04289e-06,-0.37718
267.936,-1.42989,-1.79432,-0.37691,-2.23151e-06,-0.376908
267.984,-1.42739,-1.79413,-0.376639,-2.25339e-06,-0.376637
268.032,-1.41938,-1.79394,-0.376423,-2.32533e-06,-0.376421
268.08,-1.43539,-1.79376,-0.376164,-2.18374e-06,-0.376162
268.128,-1.40487,-1.79358,-0.375931,-2.46139e-06,-0.375928
268.176,-1.42289,-1.7934,-0.375721,-2.29346e-06,-0.375719
268.224,-1.41789,-1.79322,-0.375594,-2.33884e-06,-0.375591
268.272,-1.39488,-1.79304,-0.375413,-2.55973e-06,-0.37541
268.32,-1.39288,-1.79286,-0.375305,-2.57985e-06,-0.375303
268.368,-1.40138,-1.79268,-0.375206,-2.49516e-06,-0.375204
268.416,-1.38037,-1.7925,-0.375183,-2.70947e-06,-0.375181
268.464,-1.38237,-1.79232,-0.375091,-2.68827e-06,-0.375088
268.512,-1.37036,-1.79214,-0.375026,-2.81794e-06,-0.375023
268.56,-1.38037,-1.79196,-0.37495,-2.70937e-06,-0.374948
268.608,-1.35685,-1.79177,-0.374911,-2.97116e-06,-0.374908
268.656,-1.35887,-1.79159,-0.374873,-2.94772e-06,-0.37487
268.704,-1.34135,-1.7914,-0.374897,-3.15737e-06,-0.374893
268.752,-1.35636,-1.7912,-0.374931,-2.97677e-06,-0.374928
268.8,-1.33135,-1.79101,-0.375003,-3.28355e-06,-0.375
268.848,-1.32284,-1.79081,-0.375131,-3.3949e-06,-0.375127
268.896,-1.31034,-1.7906,-0.375269,-3.56552e-06,-0.375266
268.944,-1.31484,-1.7904,-0.375386,-3.50298e-06,-0.375383
268.992,-1.31384,-1.79018,-0.37556,-3.51669e-06,-0.375557
269.04,-1.29683,-1.78996,-0.375769,-3.7593e-06,-0.375765
269.088,-1.27233,-1.78974,-0.375986,-4.13846e-06,-0.375982
269.136,-1.29383,-1.78952,-0.376161,-3.80366e-06,-0.376158
269.184,-1.29334,-1.78929,-0.376383,-3.81094e-06,-0.37638
269.232,-1.29134,-1.78905,-0.376662,-3.84088e-06,-0.376658
269.28,-1.27233,-1.78881,-0.376959,-4.13818e-06,-0.376955
269.328,-1.28433,-1.78856,-0.37722,-3.94789e-06,-0.377216
269.376,-1.28934,-1.78831,-0.37747,-3.87092e-06,-0.377467
269.424,-1.26733,-1.78806,-0.377735,-4.21989e-06,-0.377731
269.472,-1.28233,-1.7878,-0.378018,-3.97875e-06,-0.378014
269.52,-1.27984,-1.78754,-0.378283,-4.01774e-06,-0.378279
269.568,-1.25882,-1.78728,-0.378565,-4.3628e-06,-0.378561
269.616,-1.28383,-1.78701,-0.378887,-3.95506e-06,-0.378883
269.664,-1.28533,-1.78674,-0.379116,-3.93191e-06,-0.379112
269.712,-1.27133,-1.78647,-0.379353,-4.15373e-06,-0.379348
269.76,-1.26982,-1.78619,-0.379576,-4.17828e-06,-0.379572
269.808,-1.25933,-1.78591,-0.379899,-4.35368e-06,-0.379895
269.856,-1.29334,-1.78564,-0.380124,-3.80993e-06,-0.38012
269.904,-1.28783,-1.78536,-0.380345,-3.89304e-06,-0.380341
269.952,-1.29034,-1.78508,-0.380532,-3.85485e-06,-0.380529
270,-1.28084,-1.78479,-0.380783,-4.00121e-06,-0.380779
270.048,-1.25782,-1.78451,-0.381026,-4.37906e-06,-0.381022
270.096,-1.26933,-1.78422,-0.381282,-4.18574e-06,-0.381278
270.144,-1.26082,-1.78393,-0.381521,-4.32766e-06,-0.381517
270.192,-1.26933,-1.78365,-0.381725,-4.18557e-06,-0.38172
270.24,-1.26282,-1.78336,-0.381917,-4.29367e-06,-0.381913
270.288,-1.25132,-1.78307,-0.382161,-4.49178e-06,-0.382156
270.336,-1.25232,-1.78278,-0.382436,-4.47411e-06,-0.382432
270.384,-1.26582,-1.78248,-0.382709,-4.24318e-06,-0.382704
270.432,-1.25732,-1.78218,-0.382995,-4.38705e-06,-0.382991
270.48,-1.22331,-1.78188,-0.383395,-5.01296e-06,-0.38339
270.528,-1.23181,-1.78157,-0.383779,-4.84836e-06,-0.383774
270.576,-1.21931,-1.78125,-0.384168,-5.09198e-06,-0.384163
270.624,-1.23281,-1.78094,-0.38447,-4.82916e-06,-0.384465
270.672,-1.1933,-1.78063,-0.384789,-5.63863e-06,-0.384784
270.72,-1.21431,-1.78031,-0.385212,-5.19244e-06,-0.385207
270.768,-1.2118,-1.77998,-0.385605,-5.24364e-06,-0.3856
270.816,-1.22531,-1.77966,-0.385981,-4.97299e-06,-0.385976
270.864,-1.25432,-1.77933,-0.386295,-4.43804e-06,-0.38629
270.912,-1.23332,-1.77901,-0.386632,-4.81886e-06,-0.386627
270.96,-1.19281,-1.77867,-0.387114,-5.64871e-06,-0.387109
271.008,-1.2158,-1.77833,-0.387571,-5.16141e-06,-0.387566
271.056,-1.21931,-1.77799,-0.387987,-5.09076e-06,-0.387982
271.104,-1.18279,-1.77765,-0.388447,-5.87455e-06,-0.388441
271.152,-1.22131,-1.7773,-0.388871,-5.05073e-06,-0.388866
271.2,-1.22131,-1.77695,-0.389299,-5.05061e-06,-0.389294
271.248,-1.23681,-1.77661,-0.389543,-4.75249e-06,-0.389538
271.296,-1.20731,-1.77626,-0.389841,-5.33537e-06,-0.389835
271.344,-1.22531,-1.77592,-0.390165,-4.97163e-06,-0.39016
271.392,-1.22881,-1.77557,-0.390507,-4.90357e-06,-0.390502
271.44,-1.23131,-1.77523,-0.390742,-4.85577e-06,-0.390737
271.488,-1.32284,-1.7749,-0.390761,-3.39094e-06,-0.390757
271.536,-1.38788,-1.77458,-0.390576,-2.62741e-06,-0.390574
271.584,-1.39388,-1.77429,-0.390254,-2.56626e-06,-0.390252
271.632,-1.43939,-1.77401,-0.38976,-2.14665e-06,-0.389758
271.68,-1.4509,-1.77375,-0.389208,-2.05188e-06,-0.389206
271.728,-1.4479,-1.7735,-0.388647,-2.07613e-06,-0.388645
271.776,-1.4654,-1.77327,-0.388042,-1.93834e-06,-0.38804
271.824,-1.46691,-1.77305,-0.387441,-1.92687e-06,-0.387439
271.872,-1.47991,-1.77284,-0.386845,-1.83108e-06,-0.386843
271.92,-1.46189,-1.77264,-0.386263,-1.9651e-06,-0.386261
271.968,-1.42289,-1.77245,-0.385726,-2.28994e-06,-0.385724
272.016,-1.43939,-1.77227,-0.385213,-2.14637e-06,-0.385211
272.064,-1.42189,-1.77209,-0.384815,-2.29888e-06,-0.384813
272.112,-1.43139,-1.77192,-0.384422,-2.21471e-06,-0.38442
272.16,-1.40938,-1.77175,-0.384065,-2.41439e-06,-0.384063
272.208,-1.42489,-1.77158,-0.383701,-2.27191e-06,-0.383698
272.256,-1.42189,-1.77143,-0.383303,-2.29877e-06,-0.383301
272.304,-1.36587,-1.77126,-0.383107,-2.86363e-06,-0.383104
272.352,-1.39188,-1.7711,-0.382933,-2.58586e-06,-0.382931
272.4,-1.37986,-1.77093,-0.382766,-2.71059e-06,-0.382763
272.448,-1.35336,-1.77077,-0.382616,-3.00748e-06,-0.382613
272.496,-1.36236,-1.7706,-0.382521,-2.90316e-06,-0.382518
272.544,-1.33935,-1.77043,-0.382471,-3.17734e-06,-0.382468
272.592,-1.31384,-1.77026,-0.382409,-3.51156e-06,-0.382405
272.64,-1.33986,-1.77009,-0.38237,-3.17093e-06,-0.382367
272.688,-1.30885,-1.76991,-0.382369,-3.581e-06,-0.382366
272.736,-1.33435,-1.76973,-0.382429,-3.24008e-06,-0.382426
272.784,-1.30634,-1.76955,-0.382532,-3.61629e-06,-0.382528
272.832,-1.31584,-1.76936,-0.38257,-3.48389e-06,-0.382567
272.88,-1.32935,-1.76917,-0.382523,-3.3041e-06,-0.38252
272.928,-1.32335,-1.76899,-0.382518,-3.38272e-06,-0.382515
272.976,-1.31034,-1.76879,-0.382611,-3.55982e-06,-0.382608
273.024,-1.31384,-1.7686,-0.382611,-3.51113e-06,-0.382608
273.072,-1.30885,-1.7684,-0.38269,-3.5806e-06,-0.382687
273.12,-1.33586,-1.7682,-0.382747,-3.22062e-06,-0.382744
273.168,-1.30083,-1.768,-0.38284,-3.69484e-06,-0.382837
273.216,-1.30485,-1.76779,-0.382899,-3.63704e-06,-0.382895
273.264,-1.29083,-1.76759,-0.382952,-3.84249e-06,-0.382948
273.312,-1.36236,-1.76738,-0.382942,-2.90247e-06,-0.382939
273.36,-1.29383,-1.76717,-0.38301,-3.79744e-06,-0.383006
273.408,-1.32735,-1.76696,-0.383108,-3.32958e-06,-0.383104
273.456,-1.27533,-1.76674,-0.383269,-4.08317e-06,-0.383265
273.504,-1.29234,-1.76652,-0.383414,-3.81953e-06,-0.38341
273.552,-1.25782,-1.76629,-0.383613,-4.37321e-06,-0.383609
273.6,-1.26633,-1.76606,-0.383833,-4.22964e-06,-0.383829
273.648,-1.25532,-1.76582,-0.384131,-4.41628e-06,-0.384127
273.696,-1.22282,-1.76558,-0.384432,-5.01663e-06,-0.384427
273.744,-1.26233,-1.76532,-0.384792,-4.29627e-06,-0.384788
273.792,-1.22931,-1.76506,-0.385182,-4.89035e-06,-0.385177
273.84,-1.25682,-1.7648,-0.385503,-4.38991e-06,-0.385498
273.888,-1.2118,-1.76453,-0.385877,-5.23769e-06,-0.385872
273.936,-1.1988,-1.76425,-0.386322,-5.51151e-06,-0.386316
273.984,-1.23981,-1.76397,-0.38666,-4.69255e-06,-0.386655
274.032,-1.18479,-1.76368,-0.387066,-5.82268e-06,-0.38706
274.08,-1.17379,-1.76338,-0.387593,-6.07921e-06,-0.387587
274.128,-1.18379,-1.76307,-0.388096,-5.8453e-06,-0.38809
274.176,-1.1638,-1.76276,-0.388581,-6.32205e-06,-0.388574
274.224,-1.21931,-1.76245,-0.389042,-5.08496e-06,-0.389037
274.272,-1.16879,-1.76212,-0.389534,-6.19901e-06,-0.389528
274.32,-1.23031,-1.7618,-0.389908,-4.87005e-06,-0.389903
274.368,-1.14978,-1.76147,-0.390379,-6.67863e-06,-0.390372
274.416,-1.18379,-1.76114,-0.390901,-5.84447e-06,-0.390895
274.464,-1.17728,-1.7608,-0.391386,-5.9954e-06,-0.39138
274.512,-1.1963,-1.76046,-0.391774,-5.56444e-06,-0.391768
274.56,-1.1963,-1.76011,-0.392161,-5.5643e-06,-0.392155
274.608,-1.19079,-1.75977,-0.392537,-5.68566e-06,-0.392532
274.656,-1.1988,-1.75942,-0.392974,-5.50956e-06,-0.392969
274.704,-1.17879,-1.75907,-0.393364,-5.95929e-06,-0.393358
274.752,-1.1893,-1.75872,-0.39378,-5.71857e-06,-0.393774
274.8,-1.15629,-1.75836,-0.394219,-6.50885e-06,-0.394212
274.848,-1.1873,-1.758,-0.394648,-5.7633e-06,-0.394642
274.896,-1.1988,-1.75764,-0.395047,-5.50884e-06,-0.395041
274.944,-1.1813,-1.75728,-0.395449,-5.90019e-06,-0.395443
274.992,-1.17879,-1.75692,-0.39582,-5.95835e-06,-0.395814
275.04,-1.15178,-1.75655,-0.396247,-6.62406e-06,-0.39624
275.088,-1.15678,-1.75618,-0.396735,-6.49527e-06,-0.396729
275.136,-1.18279,-1.7558,-0.397195,-5.86514e-06,-0.397189
275.184,-1.1638,-1.75543,-0.397659,-6.31865e-06,-0.397652
275.232,-1.13428,-1.75504,-0.398211,-7.09404e-06,-0.398204
275.28,-1.13077,-1.75465,-0.398805,-7.1921e-06,-0.398798
275.328,-1.12577,-1.75426,-0.39941,-7.33429e-06,-0.399403
275.376,-1.10227,-1.75386,-0.400044,-8.04231e-06,-0.400036
275.424,-1.11477,-1.75345,-0.400698,-7.65713e-06,-0.400691
275.472,-1.08676,-1.75303,-0.401396,-8.54605e-06,-0.401387
275.52,-1.11577,-1.75261,-0.402083,-7.62669e-06,-0.402076
275.568,-1.10276,-1.75219,-0.40266,-8.02583e-06,-0.402652
275.616,-1.12928,-1.75177,-0.403282,-7.23276e-06,-0.403275
275.664,-1.08326,-1.75133,-0.403969,-8.66335e-06,-0.40396
275.712,-1.10027,-1.7509,-0.404628,-8.10387e-06,-0.40462
275.76,-1.12928,-1.75046,-0.405245,-7.23207e-06,-0.405238
275.808,-1.10927,-1.75002,-0.405852,-7.82235e-06,-0.405844
275.856,-1.09827,-1.74957,-0.406519,-8.16688e-06,-0.406511
275.904,-1.08026,-1.74912,-0.407151,-8.76445e-06,-0.407142
275.952,-1.08026,-1.74867,-0.407816,-8.76415e-06,-0.407807
276,-1.10027,-1.74822,-0.408388,-8.10228e-06,-0.40838
276.048,-1.10627,-1.74777,-0.408947,-7.91361e-06,-0.40894
276.096,-1.08476,-1.74731,-0.409495,-8.60972e-06,-0.409486
276.144,-1.08825,-1.74686,-0.410075,-8.49235e-06,-0.410066
276.192,-1.10627,-1.7464,-0.410678,-7.91281e-06,-0.41067
276.24,-1.07126,-1.74593,-0.411343,-9.07716e-06,-0.411334
276.288,-1.08176,-1.74547,-0.411892,-8.71043e-06,-0.411883
276.336,-1.08976,-1.74501,-0.412411,-8.44113e-06,-0.412403
276.384,-1.05225,-1.74455,-0.412981,-9.77892e-06,-0.412971
276.432,-1.10076,-1.74409,-0.413527,-8.08421e-06,-0.413519
276.48,-1.09976,-1.74362,-0.414106,-8.1157e-06,-0.414097
276.528,-1.10076,-1.74315,-0.414624,-8.08366e-06,-0.414616
276.576,-1.10827,-1.74269,-0.415107,-7.84886e-06,-0.4151
276.624,-1.08376,-1.74223,-0.415636,-8.64032e-06,-0.415627
276.672,-1.06075,-1.74176,-0.416225,-9.45611e-06,-0.416215
276.72,-1.06124,-1.74129,-0.416811,-9.43756e-06,-0.416802
276.768,-1.08476,-1.74082,-0.417396,-8.60561e-06,-0.417388
276.816,-1.05325,-1.74035,-0.417986,-9.73764e-06,-0.417976
276.864,-1.05074,-1.73987,-0.418629,-9.83355e-06,-0.41862
276.912,-1.04574,-1.73939,-0.419298,-1.00279e-05,-0.419288
276.96,-1.03123,-1.7389,-0.419949,-1.06146e-05,-0.419938
277.008,-1.04125,-1.73842,-0.420591,-1.02054e-05,-0.420581
277.056,-1.03023,-1.73794,-0.421159,-1.06555e-05,-0.421148
277.104,-1.02823,-1.73744,-0.421889,-1.0739e-05,-0.421878
277.152,-1.00522,-1.73694,-0.422707,-1.17529e-05,-0.422695
277.2,-1.04525,-1.73645,-0.423361,-1.00451e-05,-0.423351
277.248,-1.02373,-1.73594,-0.424047,-1.09293e-05,-0.424036
277.296,-0.995225,-1.73544,-0.424759,-1.22216e-05,-0.424747
277.344,-1.01524,-1.73493,-0.425452,-1.12986e-05,-0.425441
277.392,-1.01424,-1.73442,-0.426166,-1.13425e-05,-0.426154
277.44,-0.991226,-1.73391,-0.42693,-1.24134e-05,-0.426918
277.488,-1.05074,-1.73339,-0.427589,-9.82887e-06,-0.427579
277.536,-1.02723,-1.73288,-0.42825,-1.07776e-05,-0.428239
277.584,-1.05225,-1.73236,-0.428902,-9.77017e-06,-0.428892
277.632,-1.01224,-1.73184,-0.429578,-1.14297e-05,-0.429566
277.68,-1.04725,-1.73133,-0.430164,-9.96286e-06,-0.430154
277.728,-1.02024,-1.73082,-0.430706,-1.10759e-05,-0.430695
277.776,-1.01724,-1.7303,-0.431295,-1.12065e-05,-0.431284
277.824,-1.01173,-1.72979,-0.431912,-1.14507e-05,-0.4319
277.872,-1.04525,-1.72927,-0.432469,-1.00398e-05,-0.432459
277.92,-1.03074,-1.72876,-0.432976,-1.06271e-05,-0.432965
277.968,-1.03023,-1.72825,-0.433551,-1.06479e-05,-0.43354
278.016,-1.01124,-1.72773,-0.434179,-1.14711e-05,-0.434168
278.064,-1.00422,-1.72722,-0.43475,-1.17907e-05,-0.434738
278.112,-1.04425,-1.72671,-0.435307,-1.00773e-05,-0.435297
278.16,-1.04025,-1.7262,-0.435853,-1.02363e-05,-0.435843
278.208,-1.00273,-1.72568,-0.436406,-1.18585e-05,-0.436394
278.256,-1.00973,-1.72517,-0.436988,-1.1537e-05,-0.436976
278.304,-1.01073,-1.72466,-0.437536,-1.14914e-05,-0.437524
278.352,-1.00522,-1.72415,-0.438046,-1.17419e-05,-0.438034
278.4,-0.999732,-1.72364,-0.43866,-1.1997e-05,-0.438648
278.448,-0.979212,-1.72312,-0.439297,-1.3002e-05,-0.439284
278.496,-0.973213,-1.7226,-0.43995,-1.3311e-05,-0.439936
278.544,-0.961216,-1.72208,-0.440601,-1.39518e-05,-0.440587
278.592,-0.966707,-1.72156,-0.441296,-1.36541e-05,-0.441282
278.64,-0.959708,-1.72104,-0.441915,-1.40335e-05,-0.441901
278.688,-0.984227,-1.72052,-0.442497,-1.27463e-05,-0.442485
278.736,-0.966215,-1.72,-0.443111,-1.36788e-05,-0.443098
278.784,-0.955709,-1.71947,-0.443792,-1.42537e-05,-0.443778
278.832,-0.955709,-1.71894,-0.444471,-1.42532e-05,-0.444457
278.88,-0.964215,-1.71841,-0.445119,-1.37849e-05,-0.445106
278.928,-0.939204,-1.71787,-0.44586,-1.52051e-05,-0.445844
278.976,-0.987718,-1.71734,-0.446506,-1.257e-05,-0.446494
279.024,-0.954709,-1.71681,-0.44704,-1.43069e-05,-0.447026
279.072,-0.930206,-1.71627,-0.447733,-1.57495e-05,-0.447717
279.12,-0.938696,-1.71573,-0.448421,-1.52331e-05,-0.448405
279.168,-0.945203,-1.71519,-0.449119,-1.48486e-05,-0.449104
279.216,-0.988718,-1.71466,-0.449668,-1.25184e-05,-0.449655
279.264,-0.978212,-1.71413,-0.45017,-1.30444e-05,-0.450157
279.312,-0.98272,-1.7136,-0.450622,-1.28154e-05,-0.450609
279.36,-0.940204,-1.71307,-0.451176,-1.51403e-05,-0.451161
279.408,-0.944203,-1.71254,-0.4518,-1.49041e-05,-0.451785
279.456,-0.949202,-1.71201,-0.452405,-1.46141e-05,-0.45239
279.504,-0.958708,-1.71148,-0.452931,-1.40787e-05,-0.452917
279.552,-0.967215,-1.71095,-0.453466,-1.36162e-05,-0.453453
279.6,-0.958708,-1.71042,-0.453949,-1.40776e-05,-0.453935
279.648,-0.963707,-1.7099,-0.454432,-1.38038e-05,-0.454419
279.696,-0.926699,-1.70936,-0.455147,-1.59595e-05,-0.455131
279.744,-0.953709,-1.70883,-0.455766,-1.43547e-05,-0.455752
279.792,-0.947711,-1.7083,-0.456274,-1.46958e-05,-0.456259
279.84,-0.946711,-1.70777,-0.456807,-1.4753e-05,-0.456792
279.888,-0.942204,-1.70725,-0.457346,-1.50156e-05,-0.457331
279.936,-0.939696,-1.70672,-0.457882,-1.51634e-05,-0.457867
279.984,-0.952202,-1.70619,-0.458371,-1.4437e-05,-0.458356
280.032,-0.9207,-1.70567,-0.458947,-1.6335e-05,-0.458931
280.08,-0.915193,-1.70513,-0.459613,-1.6691e-05,-0.459596
280.128,-0.89918,-1.70459,-0.460305,-1.77722e-05,-0.460287
280.176,-0.922192,-1.70405,-0.460991,-1.62378e-05,-0.460975
280.224,-0.956217,-1.70352,-0.461531,-1.42086e-05,-0.461517
280.272,-0.906195,-1.70298,-0.462123,-1.72878e-05,-0.462106
280.32,-0.908686,-1.70244,-0.462765,-1.7119e-05,-0.462748
280.368,-0.906195,-1.70191,-0.463334,-1.72865e-05,-0.463317
280.416,-0.886183,-1.70136,-0.464017,-1.86972e-05,-0.463998
280.464,-0.928698,-1.70082,-0.464641,-1.58249e-05,-0.464626
280.512,-0.905687,-1.70027,-0.465294,-1.73188e-05,-0.465277
280.56,-0.887183,-1.69972,-0.465993,-1.86217e-05,-0.465975
280.608,-0.921192,-1.69917,-0.46663,-1.62957e-05,-0.466614
280.656,-0.891182,-1.69862,-0.467249,-1.83305e-05,-0.467231
280.704,-0.924191,-1.69808,-0.46782,-1.61038e-05,-0.467804
280.752,-0.901688,-1.69752,-0.468499,-1.75891e-05,-0.468481
280.8,-0.917193,-1.69697,-0.46906,-1.65506e-05,-0.469043
280.848,-0.910686,-1.69643,-0.469586,-1.69778e-05,-0.469569
280.896,-0.935697,-1.69588,-0.470041,-1.53908e-05,-0.470025
280.944,-0.89369,-1.69534,-0.470604,-1.81467e-05,-0.470586
280.992,-0.904195,-1.6948,-0.471097,-1.74134e-05,-0.47108
281.04,-0.895181,-1.69425,-0.471695,-1.80394e-05,-0.471677
281.088,-0.899688,-1.6937,-0.472238,-1.77226e-05,-0.472221
281.136,-0.89918,-1.69316,-0.472746,-1.77572e-05,-0.472728
281.184,-0.889182,-1.69262,-0.473282,-1.84666e-05,-0.473264
281.232,-0.868679,-1.69207,-0.473857,-2.00122e-05,-0.473837
281.28,-0.889182,-1.69153,-0.474356,-1.84651e-05,-0.474338
281.328,-0.896689,-1.691,-0.4748,-1.79287e-05,-0.474782
281.376,-0.908686,-1.69046,-0.475226,-1.71039e-05,-0.475209
281.424,-0.888691,-1.68993,-0.475767,-1.84986e-05,-0.475748
281.472,-0.89369,-1.68939,-0.476273,-1.81387e-05,-0.476254
281.52,-0.873186,-1.68885,-0.476847,-1.96568e-05,-0.476828
281.568,-0.858173,-1.68831,-0.477362,-2.08482e-05,-0.477341
281.616,-0.880676,-1.68777,-0.477947,-1.90863e-05,-0.477928
281.664,-0.851174,-1.68723,-0.478612,-2.14267e-05,-0.478591
281.712,-0.853174,-1.68667,-0.479286,-2.12584e-05,-0.479265
281.76,-0.845175,-1.68612,-0.479964,-2.1935e-05,-0.479942
281.808,-0.872678,-1.68557,-0.480575,-1.96913e-05,-0.480555
281.856,-0.864171,-1.68502,-0.481158,-2.03585e-05,-0.481137
281.904,-0.850666,-1.68446,-0.481812,-2.1465e-05,-0.481791
281.952,-0.87217,-1.6839,-0.482428,-1.97281e-05,-0.482408
282,-0.857681,-1.68335,-0.483045,-2.08808e-05,-0.483024
282.048,-0.819656,-1.68279,-0.483682,-2.4238e-05,-0.483658
282.096,-0.829671,-1.68222,-0.484476,-2.33035e-05,-0.484453
282.144,-0.823656,-1.68164,-0.485252,-2.38588e-05,-0.485228
282.192,-0.835161,-1.68106,-0.485956,-2.28051e-05,-0.485934
282.24,-0.848175,-1.68049,-0.48656,-2.16694e-05,-0.486538
282.288,-0.828671,-1.67992,-0.487234,-2.33911e-05,-0.48721
282.336,-0.80915,-1.67934,-0.487926,-2.52512e-05,-0.487901
282.384,-0.820656,-1.67876,-0.488567,-2.4136e-05,-0.488543
282.432,-0.86368,-1.67818,-0.489132,-2.03875e-05,-0.489112
282.48,-0.84016,-1.67761,-0.489656,-2.23567e-05,-0.489634
282.528,-0.853174,-1.67703,-0.49018,-2.12433e-05,-0.490159
282.576,-0.841668,-1.67646,-0.490682,-2.22229e-05,-0.49066
282.624,-0.848175,-1.67589,-0.491174,-2.16621e-05,-0.491152
282.672,-0.848666,-1.67532,-0.491701,-2.16194e-05,-0.49168
282.72,-0.827655,-1.67476,-0.49222,-2.34756e-05,-0.492196
282.768,-0.853665,-1.67419,-0.492758,-2.11979e-05,-0.492737
282.816,-0.857681,-1.67362,-0.493227,-2.08658e-05,-0.493207
282.864,-0.845175,-1.67306,-0.493721,-2.19138e-05,-0.493699
282.912,-0.874677,-1.6725,-0.494057,-1.95186e-05,-0.494037
282.96,-0.87017,-1.67195,-0.49446,-1.98659e-05,-0.49444
283.008,-0.845667,-1.6714,-0.494903,-2.18689e-05,-0.494881
283.056,-0.816149,-1.67084,-0.495412,-2.45521e-05,-0.495388
283.104,-0.843176,-1.67029,-0.495882,-2.20818e-05,-0.49586
283.152,-0.852174,-1.66974,-0.496325,-2.13153e-05,-0.496304
283.2,-0.850174,-1.66919,-0.496775,-2.14822e-05,-0.496754
283.248,-0.848175,-1.66864,-0.497265,-2.16505e-05,-0.497243
283.296,-0.846667,-1.66809,-0.497748,-2.1778e-05,-0.497726
283.344,-0.826655,-1.66753,-0.498265,-2.35552e-05,-0.498241
283.392,-0.83167,-1.66698,-0.498802,-2.30955e-05,-0.498779
283.44,-0.840668,-1.66643,-0.499341,-2.22937e-05,-0.499318
283.488,-0.835161,-1.66587,-0.499827,-2.27795e-05,-0.499804
283.536,-0.821656,-1.66532,-0.500415,-2.40177e-05,-0.500391
283.584,-0.807151,-1.66476,-0.501003,-2.54226e-05,-0.500977
283.632,-0.794645,-1.6642,-0.501575,-2.66994e-05,-0.501548
283.68,-0.804152,-1.66363,-0.502176,-2.57213e-05,-0.50215
283.728,-0.827655,-1.66307,-0.502751,-2.34553e-05,-0.502728
283.776,-0.800152,-1.66251,-0.503348,-2.61257e-05,-0.503322
283.824,-0.796153,-1.66194,-0.503878,-2.65376e-05,-0.503851
283.872,-0.814149,-1.66137,-0.504493,-2.47281e-05,-0.504468
283.92,-0.812658,-1.6608,-0.505028,-2.48721e-05,-0.505003
283.968,-0.828671,-1.66024,-0.505548,-2.33571e-05,-0.505525
284.016,-0.806659,-1.65967,-0.50607,-2.54621e-05,-0.506044
284.064,-0.823656,-1.65911,-0.506533,-2.38191e-05,-0.506509
284.112,-0.825655,-1.65854,-0.507043,-2.3632e-05,-0.507019
284.16,-0.827163,-1.65798,-0.507448,-2.34917e-05,-0.507424
284.208,-0.819165,-1.65743,-0.507807,-2.42393e-05,-0.507783
284.256,-0.809659,-1.65687,-0.508272,-2.51591e-05,-0.508247
284.304,-0.824164,-1.65632,-0.508628,-2.37668e-05,-0.508605
284.352,-0.798645,-1.65577,-0.509019,-2.62676e-05,-0.508993
284.4,-0.799153,-1.65522,-0.509433,-2.62142e-05,-0.509407
284.448,-0.80915,-1.65468,-0.509797,-2.52052e-05,-0.509772
284.496,-0.847175,-1.65414,-0.510129,-2.17122e-05,-0.510107
284.544,-0.842668,-1.6536,-0.510451,-2.20986e-05,-0.510429
284.592,-0.822164,-1.65307,-0.510783,-2.39481e-05,-0.51076
284.64,-0.824164,-1.65253,-0.51109,-2.37601e-05,-0.511067
284.688,-0.771634,-1.65201,-0.511418,-2.91948e-05,-0.511389
284.736,-0.800152,-1.65147,-0.511823,-2.61044e-05,-0.511797
284.784,-0.795153,-1.65094,-0.512255,-2.66202e-05,-0.512229
284.832,-0.786647,-1.65041,-0.512663,-2.75221e-05,-0.512636
284.88,-0.795645,-1.64988,-0.513135,-2.65668e-05,-0.513109
284.928,-0.770142,-1.64934,-0.513608,-2.93603e-05,-0.513578
284.976,-0.818657,-1.64881,-0.514001,-2.42722e-05,-0.513977
285.024,-0.769634,-1.64827,-0.514546,-2.94165e-05,-0.514516
285.072,-0.760636,-1.64773,-0.515074,-3.04719e-05,-0.515044
285.12,-0.762636,-1.64718,-0.515708,-3.02327e-05,-0.515678
285.168,-0.788647,-1.64664,-0.516191,-2.72995e-05,-0.516164
285.216,-0.795645,-1.64609,-0.516653,-2.65593e-05,-0.516626
285.264,-0.81115,-1.64555,-0.517141,-2.49914e-05,-0.517116
285.312,-0.776649,-1.645,-0.517684,-2.86113e-05,-0.517655
285.36,-0.785647,-1.64445,-0.518192,-2.76181e-05,-0.518164
285.408,-0.763144,-1.6439,-0.518688,-3.01652e-05,-0.518658
285.456,-0.78314,-1.64334,-0.519216,-2.78888e-05,-0.519188
285.504,-0.759637,-1.64278,-0.519823,-3.05805e-05,-0.519793
285.552,-0.765144,-1.64222,-0.520325,-2.99258e-05,-0.520295
285.6,-0.757129,-1.64167,-0.520828,-3.08801e-05,-0.520797
285.648,-0.806659,-1.64111,-0.521207,-2.54271e-05,-0.521182
285.696,-0.800644,-1.64057,-0.521497,-2.6033e-05,-0.521471
285.744,-0.765144,-1.64002,-0.521878,-2.99209e-05,-0.521848
285.792,-0.767143,-1.63948,-0.522298,-2.9686e-05,-0.522268
285.84,-0.745623,-1.63892,-0.522794,-3.2299e-05,-0.522762
285.888,-0.791154,-1.63837,-0.523208,-2.70158e-05,-0.523181
285.936,-0.777649,-1.63783,-0.523556,-2.84842e-05,-0.523528
285.984,-0.769634,-1.63729,-0.523911,-2.93926e-05,-0.523881
286.032,-0.825655,-1.63675,-0.524168,-2.35939e-05,-0.524145
286.08,-0.765144,-1.63622,-0.524515,-2.99125e-05,-0.524485
286.128,-0.763636,-1.63568,-0.524814,-3.00887e-05,-0.524784
286.176,-0.783648,-1.63515,-0.525083,-2.78164e-05,-0.525055
286.224,-0.786647,-1.63463,-0.52535,-2.749e-05,-0.525323
286.272,-0.779649,-1.6341,-0.525663,-2.82539e-05,-0.525635
286.32,-0.790155,-1.63358,-0.52597,-2.71123e-05,-0.525943
286.368,-0.769634,-1.63306,-0.526323,-2.93834e-05,-0.526293
286.416,-0.772634,-1.63253,-0.526691,-2.90386e-05,-0.526662
286.464,-0.753638,-1.63201,-0.527041,-3.12834e-05,-0.527009
286.512,-0.751638,-1.63148,-0.527504,-3.15285e-05,-0.527472
286.56,-0.747623,-1.63095,-0.527913,-3.20277e-05,-0.527881
286.608,-0.78314,-1.63043,-0.528203,-2.78621e-05,-0.528175
286.656,-0.770634,-1.62991,-0.528529,-2.92615e-05,-0.528499
286.704,-0.725628,-1.62939,-0.528925,-3.49092e-05,-0.52889
286.752,-0.731626,-1.62886,-0.52937,-3.40961e-05,-0.529335
286.8,-0.723628,-1.62833,-0.529793,-3.51812e-05,-0.529758
286.848,-0.743132,-1.6278,-0.530302,-3.25892e-05,-0.53027
286.896,-0.745623,-1.62727,-0.530714,-3.2271e-05,-0.530682
286.944,-0.727119,-1.62673,-0.53117,-3.46987e-05,-0.531136
286.992,-0.740624,-1.6262,-0.531643,-3.29074e-05,-0.53161
287.04,-0.762636,-1.62566,-0.532048,-3.01845e-05,-0.532017
287.088,-0.709615,-1.62512,-0.532508,-3.716e-05,-0.532471
287.136,-0.75213,-1.62458,-0.532966,-3.14517e-05,-0.532935
287.184,-0.743624,-1.62405,-0.533366,-3.25173e-05,-0.533333
287.232,-0.744132,-1.62351,-0.533795,-3.24513e-05,-0.533763
287.28,-0.739624,-1.62297,-0.534107,-3.30287e-05,-0.534074
287.328,-0.725119,-1.62244,-0.534388,-3.49608e-05,-0.534354
287.376,-0.733118,-1.62191,-0.534744,-3.38798e-05,-0.534711
287.424,-0.729627,-1.62137,-0.535209,-3.43455e-05,-0.535174
287.472,-0.75213,-1.62084,-0.53559,-3.14429e-05,-0.535559
287.52,-0.758637,-1.62031,-0.535893,-3.06495e-05,-0.535862
287.568,-0.765635,-1.61978,-0.536183,-2.98185e-05,-0.536153
287.616,-0.767143,-1.61926,-0.536425,-2.96415e-05,-0.536395
287.664,-0.759637,-1.61874,-0.536669,-3.0526e-05,-0.536638
287.712,-0.764635,-1.61822,-0.536839,-2.99322e-05,-0.536809
287.76,-0.772634,-1.61771,-0.537078,-2.90067e-05,-0.537049
287.808,-0.777649,-1.61719,-0.537361,-2.84406e-05,-0.537333
287.856,-0.743624,-1.61668,-0.537662,-3.24996e-05,-0.537629
287.904,-0.753638,-1.61617,-0.537864,-3.12467e-05,-0.537832
287.952,-0.796645,-1.61567,-0.538013,-2.63958e-05,-0.537987
288,-0.708615,-1.61516,-0.538343,-3.72785e-05,-0.538305
288.048,-0.69111,-1.61465,-0.538797,-3.9926e-05,-0.538757
288.096,-0.713614,-1.61413,-0.539317,-3.65519e-05,-0.53928
288.144,-0.706615,-1.6136,-0.539865,-3.75676e-05,-0.539827
288.192,-0.75313,-1.61307,-0.540244,-3.13018e-05,-0.540213
288.24,-0.747131,-1.61256,-0.54051,-3.20458e-05,-0.540478
288.288,-0.727119,-1.61204,-0.54084,-3.46609e-05,-0.540805
288.336,-0.72212,-1.61152,-0.541206,-3.53458e-05,-0.541171
288.384,-0.698109,-1.61099,-0.541607,-3.88345e-05,-0.541568
288.432,-0.700108,-1.61046,-0.542099,-3.85296e-05,-0.54206
288.48,-0.75013,-1.60994,-0.542469,-3.16648e-05,-0.542437
288.528,-0.704124,-1.6094,-0.54295,-3.79246e-05,-0.542912
288.576,-0.725628,-1.60887,-0.543303,-3.4856e-05,-0.543269
288.624,-0.72412,-1.60834,-0.543667,-3.50614e-05,-0.543632
288.672,-0.768143,-1.60782,-0.543909,-2.95004e-05,-0.54388
288.72,-0.728119,-1.6073,-0.544199,-3.45131e-05,-0.544164
288.768,-0.735625,-1.60677,-0.544588,-3.35105e-05,-0.544554
288.816,-0.723628,-1.60624,-0.544972,-3.51236e-05,-0.544937
288.864,-0.753638,-1.60572,-0.545193,-3.12225e-05,-0.545162
288.912,-0.729119,-1.6052,-0.545446,-3.43727e-05,-0.545411
288.96,-0.72412,-1.60468,-0.545622,-3.50519e-05,-0.545587
289.008,-0.738625,-1.60417,-0.545826,-3.31123e-05,-0.545792
289.056,-0.727627,-1.60366,-0.546098,-3.45704e-05,-0.546064
289.104,-0.749639,-1.60315,-0.546337,-3.171e-05,-0.546305
289.152,-0.714122,-1.60264,-0.546581,-3.6448e-05,-0.546544
289.2,-0.716121,-1.60213,-0.546881,-3.6162e-05,-0.546845
289.248,-0.758129,-1.60163,-0.546971,-3.0668e-05,-0.54694
289.296,-0.729627,-1.60113,-0.547177,-3.42939e-05,-0.547143
289.344,-0.729119,-1.60063,-0.54738,-3.4361e-05,-0.547345
289.392,-0.759128,-1.60014,-0.547549,-3.05446e-05,-0.547519
289.44,-0.739133,-1.59964,-0.547805,-3.30352e-05,-0.547772
289.488,-0.72112,-1.59915,-0.548059,-3.5452e-05,-0.548024
289.536,-0.715613,-1.59865,-0.548343,-3.62247e-05,-0.548307
289.584,-0.697617,-1.59816,-0.548579,-3.88723e-05,-0.548541
289.632,-0.710123,-1.59766,-0.548889,-3.70105e-05,-0.548852
289.68,-0.684604,-1.59716,-0.549266,-4.09048e-05,-0.549225
289.728,-0.680604,-1.59665,-0.549654,-4.15498e-05,-0.549612
289.776,-0.683112,-1.59614,-0.550161,-4.11416e-05,-0.55012
289.824,-0.720629,-1.59563,-0.550457,-3.55112e-05,-0.550421
289.872,-0.686603,-1.59512,-0.550752,-4.05791e-05,-0.550711
289.92,-0.680604,-1.59461,-0.551168,-4.15435e-05,-0.551126
289.968,-0.677605,-1.59409,-0.551542,-4.20334e-05,-0.5515
290.016,-0.727119,-1.59358,-0.551878,-3.46134e-05,-0.551843
290.064,-0.671098,-1.59306,-0.552264,-4.31166e-05,-0.552221
290.112,-0.697109,-1.59253,-0.552733,-3.89336e-05,-0.552694
290.16,-0.669099,-1.592,-0.553182,-4.34526e-05,-0.553138
290.208,-0.687111,-1.59148,-0.553585,-4.04873e-05,-0.553544
290.256,-0.670607,-1.59095,-0.55392,-4.3193e-05,-0.553877
290.304,-0.681604,-1.59042,-0.554307,-4.1368e-05,-0.554265
290.352,-0.667099,-1.58989,-0.554666,-4.37878e-05,-0.554622
290.4,-0.679605,-1.58936,-0.555032,-4.16904e-05,-0.55499
290.448,-0.674606,-1.58883,-0.555363,-4.25141e-05,-0.55532
290.496,-0.716121,-1.5883,-0.555628,-3.61248e-05,-0.555592
290.544,-0.726627,-1.58777,-0.555854,-3.46652e-05,-0.55582
290.592,-0.668607,-1.58725,-0.556163,-4.35211e-05,-0.55612
290.64,-0.69311,-1.58672,-0.556487,-3.9532e-05,-0.556447
290.688,-0.716613,-1.5862,-0.556637,-3.60496e-05,-0.556601
290.736,-0.707123,-1.58568,-0.556792,-3.74151e-05,-0.556755
290.784,-0.704616,-1.58517,-0.557042,-3.77834e-05,-0.557005
290.832,-0.719629,-1.58466,-0.557179,-3.56216e-05,-0.557143
290.88,-0.704124,-1.58413,-0.557544,-3.78534e-05,-0.557507
290.928,-0.726627,-1.58363,-0.557643,-3.46545e-05,-0.557609
290.976,-0.748639,-1.58313,-0.557655,-3.17872e-05,-0.557623
291.024,-0.729627,-1.58263,-0.557726,-3.42467e-05,-0.557692
291.072,-0.69511,-1.58214,-0.557944,-3.92098e-05,-0.557905
291.12,-0.679605,-1.58163,-0.558221,-4.16665e-05,-0.558179
291.168,-0.718121,-1.58114,-0.558288,-3.58235e-05,-0.558252
291.216,-0.743624,-1.58065,-0.558454,-3.24126e-05,-0.558422
291.264,-0.69511,-1.58015,-0.558722,-3.9204e-05,-0.558683
291.312,-0.666607,-1.57965,-0.559074,-4.38389e-05,-0.55903
291.36,-0.679113,-1.57915,-0.559402,-4.17392e-05,-0.55936
291.408,-0.654102,-1.57864,-0.559857,-4.6039e-05,-0.559811
291.456,-0.664608,-1.57812,-0.560221,-4.4179e-05,-0.560177
291.504,-0.681113,-1.57761,-0.560548,-4.14084e-05,-0.560507
291.552,-0.670607,-1.57709,-0.560939,-4.31485e-05,-0.560896
291.6,-0.682112,-1.57658,-0.561284,-4.12432e-05,-0.561243
291.648,-0.663592,-1.57605,-0.561701,-4.43486e-05,-0.561657
291.696,-0.657101,-1.57553,-0.56208,-4.54902e-05,-0.562035
291.744,-0.684112,-1.575,-0.562478,-4.09162e-05,-0.562437
291.792,-0.670099,-1.57446,-0.562887,-4.32261e-05,-0.562844
291.84,-0.689602,-1.57394,-0.563132,-4.00414e-05,-0.563092
291.888,-0.669099,-1.57341,-0.563436,-4.33925e-05,-0.563392
291.936,-0.658101,-1.57288,-0.563824,-4.53032e-05,-0.563779
291.984,-0.69511,-1.57235,-0.564121,-3.91812e-05,-0.564082
292.032,-0.644596,-1.57181,-0.564443,-4.77636e-05,-0.564396
292.08,-0.6621,-1.57128,-0.564795,-4.45929e-05,-0.56475
292.128,-0.691602,-1.57075,-0.56504,-3.97192e-05,-0.565
292.176,-0.63309,-1.57021,-0.565404,-4.99622e-05,-0.565354
292.224,-0.670099,-1.56968,-0.565683,-4.32107e-05,-0.565639
292.272,-0.675097,-1.56914,-0.565931,-4.23701e-05,-0.565888
292.32,-0.694618,-1.56862,-0.56605,-3.9246e-05,-0.566011
292.368,-0.684604,-1.5681,-0.566226,-4.08164e-05,-0.566185
292.416,-0.670607,-1.56757,-0.566403,-4.31179e-05,-0.56636
292.464,-0.6651,-1.56705,-0.5666,-4.40576e-05,-0.566556
292.512,-0.660592,-1.56653,-0.566833,-4.48415e-05,-0.566788
292.56,-0.669099,-1.56601,-0.567092,-4.33686e-05,-0.567049
292.608,-0.684112,-1.56549,-0.567235,-4.08872e-05,-0.567194
292.656,-0.691602,-1.56498,-0.567387,-3.97021e-05,-0.567348
292.704,-0.685112,-1.56446,-0.56754,-4.07241e-05,-0.567499
292.752,-0.668607,-1.56395,-0.567782,-4.34456e-05,-0.567739
292.8,-0.673098,-1.56344,-0.567983,-4.26855e-05,-0.567941
292.848,-0.657101,-1.56292,-0.568311,-4.54474e-05,-0.568265
292.896,-0.641088,-1.56239,-0.568632,-4.83911e-05,-0.568583
292.944,-0.647087,-1.56187,-0.568959,-4.72641e-05,-0.568912
292.992,-0.608079,-1.56135,-0.569277,-5.50747e-05,-0.569222
293.04,-0.666607,-1.56082,-0.569514,-4.37775e-05,-0.56947
293.088,-0.656102,-1.5603,-0.56975,-4.56171e-05,-0.569704
293.136,-0.632582,-1.55977,-0.570104,-5.00229e-05,-0.570054
293.184,-0.654102,-1.55924,-0.570408,-4.59726e-05,-0.570362
293.232,-0.667099,-1.55871,-0.570677,-4.36863e-05,-0.570633
293.28,-0.670099,-1.55819,-0.570925,-4.31737e-05,-0.570881
293.328,-0.617077,-1.55765,-0.571294,-5.31505e-05,-0.571241
293.376,-0.613586,-1.55711,-0.571678,-5.38811e-05,-0.571624
293.424,-0.63509,-1.55657,-0.572062,-4.95216e-05,-0.572012
293.472,-0.614078,-1.55603,-0.572426,-5.37729e-05,-0.572372
293.52,-0.612078,-1.55548,-0.572819,-5.4194e-05,-0.572764
293.568,-0.630091,-1.55493,-0.573118,-5.04958e-05,-0.573068
293.616,-0.679113,-1.55439,-0.573371,-4.16623e-05,-0.573329
293.664,-0.666607,-1.55385,-0.573506,-4.37547e-05,-0.573462
293.712,-0.669607,-1.55332,-0.573643,-4.32414e-05,-0.5736
293.76,-0.63309,-1.55278,-0.573919,-4.98973e-05,-0.573869
293.808,-0.630091,-1.55224,-0.574271,-5.04857e-05,-0.57422
293.856,-0.632582,-1.55169,-0.574598,-4.99928e-05,-0.574548
293.904,-0.657101,-1.55115,-0.574807,-4.54076e-05,-0.574762
293.952,-0.659101,-1.55062,-0.574927,-4.50511e-05,-0.574882
294,-0.649595,-1.55008,-0.575106,-4.67605e-05,-0.575059
294.048,-0.647087,-1.54955,-0.575262,-4.72208e-05,-0.575215
294.096,-0.647595,-1.54902,-0.575404,-4.71249e-05,-0.575356
294.144,-0.657101,-1.5485,-0.575488,-4.53986e-05,-0.575442
294.192,-0.683112,-1.54798,-0.575594,-4.09943e-05,-0.575553
294.24,-0.682604,-1.54746,-0.575688,-4.10745e-05,-0.575647
294.288,-0.655102,-1.54695,-0.575812,-4.57507e-05,-0.575766
294.336,-0.651103,-1.54643,-0.575956,-4.64721e-05,-0.57591
294.384,-0.646087,-1.54592,-0.576066,-4.73934e-05,-0.576018
294.432,-0.636598,-1.5454,-0.576331,-4.91886e-05,-0.576281
294.48,-0.628091,-1.54488,-0.576615,-5.08552e-05,-0.576564
294.528,-0.620585,-1.54435,-0.576915,-5.23725e-05,-0.576863
294.576,-0.639089,-1.54383,-0.577135,-4.87046e-05,-0.577086
294.624,-0.640089,-1.54331,-0.57728,-4.85121e-05,-0.577232
294.672,-0.638089,-1.5428,-0.577459,-4.88922e-05,-0.57741
294.72,-0.594082,-1.54227,-0.577788,-5.80996e-05,-0.577729
294.768,-0.625584,-1.54174,-0.578169,-5.13457e-05,-0.578118
294.816,-0.643596,-1.5412,-0.57845,-4.78419e-05,-0.578402
294.864,-0.629091,-1.54067,-0.578807,-5.06402e-05,-0.578756
294.912,-0.620585,-1.54012,-0.579191,-5.2356e-05,-0.579139
294.96,-0.60308,-1.53958,-0.57952,-5.6074e-05,-0.579464
295.008,-0.646595,-1.53904,-0.579715,-4.72748e-05,-0.579667
295.056,-0.651103,-1.5385,-0.579999,-4.64446e-05,-0.579953
295.104,-0.654102,-1.53796,-0.580275,-4.58997e-05,-0.580229
295.152,-0.632582,-1.53741,-0.580581,-4.99395e-05,-0.580531
295.2,-0.641088,-1.53687,-0.580825,-4.82991e-05,-0.580777
295.248,-0.63209,-1.53633,-0.580991,-5.00319e-05,-0.580941
295.296,-0.637597,-1.53579,-0.581128,-4.8961e-05,-0.581079
295.344,-0.647595,-1.53526,-0.581225,-4.70765e-05,-0.581178
295.392,-0.630582,-1.53472,-0.581461,-5.03226e-05,-0.58141
295.44,-0.636598,-1.53419,-0.58164,-4.91474e-05,-0.581591
295.488,-0.650103,-1.53365,-0.58179,-4.66102e-05,-0.581744
295.536,-0.630091,-1.53313,-0.581929,-5.04137e-05,-0.581879
295.584,-0.648087,-1.5326,-0.582044,-4.69765e-05,-0.581997
295.632,-0.669099,-1.53208,-0.582109,-4.32589e-05,-0.582066
295.68,-0.655593,-1.53155,-0.582219,-4.56101e-05,-0.582174
295.728,-0.648087,-1.53104,-0.582269,-4.6971e-05,-0.582222
295.776,-0.669099,-1.53053,-0.582316,-4.32539e-05,-0.582273
295.824,-0.649103,-1.53001,-0.582408,-4.67806e-05,-0.582361
295.872,-0.648595,-1.5295,-0.5825,-4.68721e-05,-0.582453
295.92,-0.639597,-1.52899,-0.582635,-4.85538e-05,-0.582586
295.968,-0.639089,-1.52849,-0.582696,-4.86488e-05,-0.582647
296.016,-0.622584,-1.52798,-0.582918,-5.18999e-05,-0.582867
296.064,-0.60608,-1.52746,-0.583239,-5.53681e-05,-0.583184
296.112,-0.590575,-1.52693,-0.583578,-5.88369e-05,-0.583519
296.16,-0.611587,-1.5264,-0.583951,-5.41809e-05,-0.583896
296.208,-0.625584,-1.52587,-0.5842,-5.12849e-05,-0.584149
296.256,-0.595082,-1.52535,-0.584339,-5.77992e-05,-0.584281
296.304,-0.608079,-1.52482,-0.584623,-5.49248e-05,-0.584568
296.352,-0.595574,-1.52429,-0.584811,-5.76833e-05,-0.584753
296.4,-0.613586,-1.52376,-0.585112,-5.37471e-05,-0.585058
296.448,-0.577069,-1.52322,-0.585493,-6.20198e-05,-0.585431
296.496,-0.591574,-1.52267,-0.585821,-5.8588e-05,-0.585763
296.544,-0.606571,-1.52213,-0.586153,-5.52394e-05,-0.586098
296.592,-0.591066,-1.52157,-0.586513,-5.87e-05,-0.586454
296.64,-0.568563,-1.52102,-0.586844,-6.4113e-05,-0.58678
296.688,-0.560565,-1.52046,-0.587228,-6.61531e-05,-0.587162
296.736,-0.578069,-1.51989,-0.587631,-6.17618e-05,-0.587569
296.784,-0.583576,-1.51932,-0.588032,-6.04397e-05,-0.587972
296.832,-0.601081,-1.51875,-0.588269,-5.64275e-05,-0.588213
296.88,-0.594574,-1.51818,-0.58857,-5.78835e-05,-0.588512
296.928,-0.587067,-1.51761,-0.588837,-5.96102e-05,-0.588777
296.976,-0.591066,-1.51704,-0.589102,-5.86801e-05,-0.589044
297.024,-0.583068,-1.51646,-0.589394,-6.05473e-05,-0.589333
297.072,-0.598573,-1.51588,-0.589724,-5.6973e-05,-0.589667
297.12,-0.589575,-1.5153,-0.590019,-5.90167e-05,-0.58996
297.168,-0.587575,-1.51472,-0.590318,-5.94787e-05,-0.590259
297.216,-0.60608,-1.51413,-0.590614,-5.5313e-05,-0.590559
297.264,-0.607571,-1.51355,-0.590804,-5.4988e-05,-0.590749
297.312,-0.613078,-1.51297,-0.590959,-5.38109e-05,-0.590905
297.36,-0.617585,-1.5124,-0.591069,-5.28658e-05,-0.591016
297.408,-0.600081,-1.51182,-0.591247,-5.66199e-05,-0.59119
297.456,-0.583576,-1.51124,-0.591484,-6.04032e-05,-0.591424
297.504,-0.601081,-1.51067,-0.591675,-5.63934e-05,-0.591619
297.552,-0.607571,-1.51009,-0.591834,-5.49738e-05,-0.591779
297.6,-0.600081,-1.50951,-0.592062,-5.66101e-05,-0.592006
297.648,-0.585068,-1.50894,-0.592264,-6.00405e-05,-0.592204
297.696,-0.570071,-1.50835,-0.59261,-6.36747e-05,-0.592547
297.744,-0.577561,-1.50776,-0.592924,-6.18288e-05,-0.592862
297.792,-0.577561,-1.50717,-0.593233,-6.18261e-05,-0.593172
297.84,-0.602572,-1.50657,-0.59352,-5.60474e-05,-0.593464
297.888,-0.579577,-1.50597,-0.593917,-6.13338e-05,-0.593856
297.936,-0.569071,-1.50537,-0.594192,-6.39106e-05,-0.594128
297.984,-0.555566,-1.50477,-0.594546,-6.73836e-05,-0.594479
298.032,-0.571562,-1.50415,-0.594894,-6.32835e-05,-0.594831
298.08,-0.548551,-1.50354,-0.595277,-6.92566e-05,-0.595207
298.128,-0.549551,-1.50291,-0.595715,-6.89824e-05,-0.595646
298.176,-0.592574,-1.50229,-0.596081,-5.82699e-05,-0.596023
298.224,-0.577069,-1.50166,-0.596416,-6.19199e-05,-0.596354
298.272,-0.565056,-1.50103,-0.596766,-6.49039e-05,-0.596701
298.32,-0.518049,-1.5004,-0.597109,-7.80379e-05,-0.597031
298.368,-0.563564,-1.49976,-0.597403,-6.52785e-05,-0.597338
298.416,-0.554058,-1.49913,-0.597719,-6.77546e-05,-0.597651
298.464,-0.599573,-1.49849,-0.597944,-5.66763e-05,-0.597887
298.512,-0.592574,-1.49787,-0.598105,-5.82506e-05,-0.598047
298.56,-0.595082,-1.49724,-0.598295,-5.76778e-05,-0.598237
298.608,-0.57307,-1.49661,-0.598448,-6.28749e-05,-0.598385
298.656,-0.589575,-1.49598,-0.598622,-5.89315e-05,-0.598563
298.704,-0.592066,-1.49536,-0.598678,-5.83558e-05,-0.598619
298.752,-0.593066,-1.49474,-0.598835,-5.81248e-05,-0.598777
298.8,-0.566055,-1.49412,-0.599055,-6.46165e-05,-0.598991
298.848,-0.592066,-1.4935,-0.599185,-5.83477e-05,-0.599126
298.896,-0.605571,-1.49288,-0.599308,-5.53353e-05,-0.599253
298.944,-0.574562,-1.49227,-0.599417,-6.24879e-05,-0.599355
298.992,-0.580577,-1.49166,-0.599504,-6.10283e-05,-0.599443
299.04,-0.600081,-1.49105,-0.599551,-5.65319e-05,-0.599494
299.088,-0.573562,-1.49044,-0.599697,-6.27248e-05,-0.599634
299.136,-0.574562,-1.48983,-0.599871,-6.24765e-05,-0.599808
299.184,-0.539553,-1.48922,-0.600095,-7.16671e-05,-0.600024
299.232,-0.57507,-1.48861,-0.600258,-6.23464e-05,-0.600196
299.28,-0.576561,-1.488,-0.60044,-6.198e-05,-0.600378
299.328,-0.580069,-1.48739,-0.600589,-6.11305e-05,-0.600528
299.376,-0.568071,-1.48678,-0.600798,-6.40724e-05,-0.600734
299.424,-0.510543,-1.48616,-0.601076,-8.02835e-05,-0.600996
299.472,-0.531555,-1.48554,-0.601368,-7.39302e-05,-0.601294
299.52,-0.540553,-1.48491,-0.601704,-7.13636e-05,-0.601632
299.568,-0.575562,-1.48428,-0.601939,-6.22061e-05,-0.601877
299.616,-0.560057,-1.48366,-0.602141,-6.61027e-05,-0.602074
299.664,-0.565056,-1.48303,-0.602366,-6.48164e-05,-0.602301
299.712,-0.556058,-1.4824,-0.602655,-6.71412e-05,-0.602588
299.76,-0.542061,-1.48177,-0.602936,-7.09262e-05,-0.602865
299.808,-0.541061,-1.48113,-0.603214,-7.12014e-05,-0.603143
299.856,-0.547551,-1.48049,-0.603491,-6.94087e-05,-0.603422
299.904,-0.566564,-1.47985,-0.603699,-6.44189e-05,-0.603635
299.952,-0.561056,-1.47922,-0.603818,-6.58221e-05,-0.603752
300,-0.593574,-1.47859,-0.603866,-5.79389e-05,-0.603808
300.048,-0.555058,-1.47796,-0.603973,-6.73826e-05,-0.603906
300.096,-0.566055,-1.47734,-0.604131,-6.45352e-05,-0.604066
300.144,-0.563564,-1.47671,-0.604306,-6.51657e-05,-0.604241
300.192,-0.564056,-1.47608,-0.604455,-6.50371e-05,-0.60439
300.24,-0.573562,-1.47545,-0.604612,-6.26543e-05,-0.604549
300.288,-0.589067,-1.47483,-0.604619,-5.89555e-05,-0.604561
300.336,-0.577561,-1.47421,-0.604688,-6.16736e-05,-0.604626
300.384,-0.580069,-1.47359,-0.604797,-6.10673e-05,-0.604736
300.432,-0.553058,-1.47297,-0.604927,-6.78876e-05,-0.60486
300.48,-0.565056,-1.47235,-0.605059,-6.47645e-05,-0.604994
300.528,-0.587067,-1.47174,-0.605091,-5.94058e-05,-0.605032
300.576,-0.588067,-1.47113,-0.605086,-5.91707e-05,-0.605026
300.624,-0.595082,-1.47053,-0.605145,-5.75624e-05,-0.605087
300.672,-0.580577,-1.46992,-0.6052,-6.09289e-05,-0.605139
300.72,-0.590067,-1.46932,-0.605186,-5.87005e-05,-0.605127
300.768,-0.569563,-1.46872,-0.605307,-6.36125e-05,-0.605244
300.816,-0.57407,-1.46812,-0.605427,-6.24952e-05,-0.605364
300.864,-0.568563,-1.46751,-0.605568,-6.38566e-05,-0.605504
300.912,-0.564056,-1.4669,-0.605772,-6.49924e-05,-0.605707
300.96,-0.55355,-1.4663,-0.605943,-6.77228e-05,-0.605876
301.008,-0.558057,-1.46568,-0.606135,-6.65333e-05,-0.606068
301.056,-0.568071,-1.46507,-0.6063,-6.39682e-05,-0.606236
301.104,-0.554566,-1.46445,-0.606593,-6.74442e-05,-0.606525
301.152,-0.535554,-1.46382,-0.606945,-7.26613e-05,-0.606872
301.2,-0.535046,-1.46319,-0.60728,-7.28028e-05,-0.607207
301.248,-0.545552,-1.46255,-0.607501,-6.9861e-05,-0.607431
301.296,-0.538045,-1.46192,-0.607709,-7.19447e-05,-0.607637
301.344,-0.520541,-1.46127,-0.608081,-7.70528e-05,-0.608004
301.392,-0.557565,-1.46063,-0.608309,-6.66365e-05,-0.608242
301.44,-0.506036,-1.45999,-0.608581,-8.15547e-05,-0.608499
301.488,-0.531047,-1.45933,-0.608897,-7.39321e-05,-0.608823
301.536,-0.531047,-1.45868,-0.60912,-7.39285e-05,-0.609046
301.584,-0.548059,-1.45802,-0.609323,-6.91539e-05,-0.609254
301.632,-0.557057,-1.45737,-0.60946,-6.6753e-05,-0.609393
301.68,-0.542552,-1.45672,-0.609638,-7.06566e-05,-0.609567
301.728,-0.57307,-1.45607,-0.609772,-6.2684e-05,-0.609709
301.776,-0.561565,-1.45542,-0.609884,-6.55739e-05,-0.609818
301.824,-0.541553,-1.45476,-0.610047,-7.09238e-05,-0.609976
301.872,-0.556566,-1.45411,-0.610188,-6.68655e-05,-0.610121
301.92,-0.550551,-1.45346,-0.61026,-6.84581e-05,-0.610192
301.968,-0.550551,-1.45281,-0.61039,-6.84548e-05,-0.610322
302.016,-0.589575,-1.45216,-0.610497,-5.87381e-05,-0.610439
302.064,-0.568071,-1.45152,-0.610565,-6.39031e-05,-0.610501
302.112,-0.535046,-1.45087,-0.610738,-7.27355e-05,-0.610665
302.16,-0.566055,-1.45022,-0.610764,-6.4404e-05,-0.6107
302.208,-0.548059,-1.44958,-0.610844,-6.911e-05,-0.610775
302.256,-0.539553,-1.44893,-0.61098,-7.14508e-05,-0.610909
302.304,-0.551059,-1.44828,-0.611126,-6.82953e-05,-0.611057
302.352,-0.54706,-1.44763,-0.611313,-6.93714e-05,-0.611244
302.4,-0.522049,-1.44697,-0.611575,-7.65163e-05,-0.611499
302.448,-0.509543,-1.4463,-0.611938,-8.0358e-05,-0.611858
302.496,-0.531047,-1.44562,-0.612246,-7.3856e-05,-0.612172
302.544,-0.528555,-1.44494,-0.612597,-7.45773e-05,-0.612523
302.592,-0.536554,-1.44426,-0.612819,-7.22708e-05,-0.612747
302.64,-0.554566,-1.44358,-0.612987,-6.73386e-05,-0.612919
302.688,-0.519049,-1.4429,-0.613187,-7.73979e-05,-0.61311
302.736,-0.51705,-1.44221,-0.613498,-7.80031e-05,-0.61342
302.784,-0.54306,-1.44151,-0.613763,-7.04355e-05,-0.613692
302.832,-0.48504,-1.44081,-0.614062,-8.84258e-05,-0.613973
302.88,-0.505544,-1.44011,-0.614346,-8.15902e-05,-0.614264
302.928,-0.521049,-1.4394,-0.614642,-7.67732e-05,-0.614565
302.976,-0.509543,-1.43869,-0.614892,-8.03121e-05,-0.614812
303.024,-0.494038,-1.43797,-0.615223,-8.53419e-05,-0.615138
303.072,-0.513542,-1.43725,-0.615478,-7.90539e-05,-0.615399
303.12,-0.504544,-1.43652,-0.615719,-8.18887e-05,-0.615637
303.168,-0.51405,-1.4358,-0.615971,-7.8888e-05,-0.615892
303.216,-0.537553,-1.43507,-0.616167,-7.19383e-05,-0.616095
303.264,-0.533554,-1.43435,-0.616228,-7.30714e-05,-0.616155
303.312,-0.548551,-1.43363,-0.616261,-6.88943e-05,-0.616192
303.36,-0.52254,-1.43291,-0.61639,-7.62883e-05,-0.616314
303.408,-0.511051,-1.43219,-0.61656,-7.97996e-05,-0.61648
303.456,-0.490039,-1.43145,-0.616874,-8.66483e-05,-0.616787
303.504,-0.499037,-1.43072,-0.617085,-8.36397e-05,-0.617001
303.552,-0.536554,-1.42998,-0.617301,-7.21932e-05,-0.617229
303.6,-0.52254,-1.42924,-0.617494,-7.62672e-05,-0.617418
303.648,-0.526556,-1.42851,-0.61756,-7.50715e-05,-0.617485
303.696,-0.541061,-1.42778,-0.61765,-7.09167e-05,-0.617579
303.744,-0.527556,-1.42705,-0.617667,-7.47696e-05,-0.617593
303.792,-0.491039,-1.42632,-0.617807,-8.6276e-05,-0.617721
303.84,-0.511543,-1.42558,-0.617989,-7.96063e-05,-0.61791
303.888,-0.509543,-1.42484,-0.6182,-8.02285e-05,-0.61812
303.936,-0.502545,-1.42409,-0.618384,-8.24561e-05,-0.618302
303.984,-0.508035,-1.42335,-0.618479,-8.06953e-05,-0.618398
304.032,-0.519049,-1.42261,-0.618651,-7.72799e-05,-0.618574
304.08,-0.488039,-1.42185,-0.618923,-8.72673e-05,-0.618836
304.128,-0.487531,-1.42109,-0.619223,-8.74364e-05,-0.619136
304.176,-0.536554,-1.42033,-0.619459,-7.21408e-05,-0.619387
304.224,-0.506544,-1.41956,-0.619727,-8.11454e-05,-0.619646
304.272,-0.469027,-1.41879,-0.619994,-9.40002e-05,-0.6199
304.32,-0.511051,-1.418,-0.620291,-7.97145e-05,-0.620211
304.368,-0.49353,-1.41722,-0.620578,-8.53787e-05,-0.620492
304.416,-0.487531,-1.41643,-0.62086,-8.74057e-05,-0.620772
304.464,-0.464028,-1.41562,-0.621275,-9.58381e-05,-0.621179
304.512,-0.460029,-1.41481,-0.621687,-9.73469e-05,-0.62159
304.56,-0.471535,-1.41398,-0.622089,-9.30468e-05,-0.621996
304.608,-0.49553,-1.41316,-0.622419,-8.4686e-05,-0.622334
304.656,-0.520541,-1.41233,-0.622699,-7.67698e-05,-0.622622
304.704,-0.488039,-1.41149,-0.623045,-8.71993e-05,-0.622958
304.752,-0.482041,-1.41065,-0.623232,-8.92691e-05,-0.623143
304.8,-0.494038,-1.40981,-0.623516,-8.51613e-05,-0.62343
304.848,-0.488039,-1.40897,-0.623716,-8.71827e-05,-0.623628
304.896,-0.504036,-1.40812,-0.623846,-8.18768e-05,-0.623764
304.944,-0.51305,-1.40729,-0.623925,-7.90281e-05,-0.623846
304.992,-0.505036,-1.40645,-0.624023,-8.15461e-05,-0.623942
305.04,-0.488039,-1.4056,-0.624241,-8.71606e-05,-0.624154
305.088,-0.538045,-1.40475,-0.624302,-7.1636e-05,-0.62423
305.136,-0.52354,-1.40391,-0.624369,-7.5824e-05,-0.624293
305.184,-0.519541,-1.40307,-0.624443,-7.70176e-05,-0.624366
305.232,-0.525048,-1.40223,-0.624505,-7.53674e-05,-0.624429
305.28,-0.531555,-1.40139,-0.624551,-7.34641e-05,-0.624477
305.328,-0.521049,-1.40055,-0.624561,-7.6549e-05,-0.624485
305.376,-0.528047,-1.39972,-0.624589,-7.44721e-05,-0.624515
305.424,-0.492039,-1.39887,-0.624716,-8.57609e-05,-0.62463
305.472,-0.502036,-1.39803,-0.62483,-8.24585e-05,-0.624748
305.52,-0.547551,-1.39719,-0.624814,-6.89754e-05,-0.624745
305.568,-0.489039,-1.39634,-0.624997,-8.6759e-05,-0.62491
305.616,-0.497529,-1.39549,-0.625129,-8.39128e-05,-0.625045
305.664,-0.503036,-1.39464,-0.625286,-8.21149e-05,-0.625204
305.712,-0.494038,-1.39379,-0.625439,-8.50585e-05,-0.625354
305.76,-0.482041,-1.39293,-0.625566,-8.91499e-05,-0.625477
305.808,-0.454014,-1.39206,-0.62589,-9.94994e-05,-0.62579
305.856,-0.49353,-1.39118,-0.626099,-8.52114e-05,-0.626013
305.904,-0.470027,-1.3903,-0.626388,-9.34316e-05,-0.626295
305.952,-0.476026,-1.3894,-0.626655,-9.12534e-05,-0.626564
306,-0.490039,-1.38851,-0.626871,-8.63685e-05,-0.626785
306.048,-0.449523,-1.38762,-0.627074,-0.000101233,-0.626973
306.096,-0.468027,-1.38671,-0.627375,-9.41416e-05,-0.627281
306.144,-0.471535,-1.38579,-0.627711,-9.28492e-05,-0.627618
306.192,-0.461029,-1.38486,-0.628014,-9.67473e-05,-0.627917
306.24,-0.440509,-1.38393,-0.628379,-0.000104846,-0.628274
306.288,-0.474534,-1.38299,-0.628638,-9.17442e-05,-0.628546
306.336,-0.461029,-1.38204,-0.62897,-9.67267e-05,-0.628874
306.384,-0.48704,-1.38108,-0.629201,-8.73413e-05,-0.629114
306.432,-0.482532,-1.38013,-0.62936,-8.88923e-05,-0.629271
306.48,-0.51405,-1.37917,-0.629519,-7.85521e-05,-0.629441
306.528,-0.498037,-1.37822,-0.629529,-8.36367e-05,-0.629445
306.576,-0.48604,-1.37727,-0.629575,-8.76592e-05,-0.629487
306.624,-0.45703,-1.3763,-0.629866,-9.82129e-05,-0.629768
306.672,-0.475534,-1.37533,-0.630029,-9.13325e-05,-0.629938
306.72,-0.48704,-1.37436,-0.630129,-8.7297e-05,-0.630041
306.768,-0.441509,-1.37338,-0.630372,-0.000104353,-0.630268
306.816,-0.46552,-1.37239,-0.630576,-9.49692e-05,-0.630481
306.864,-0.475026,-1.3714,-0.630741,-9.14875e-05,-0.63065
306.912,-0.462029,-1.37041,-0.630881,-9.62637e-05,-0.630785
306.96,-0.445016,-1.36942,-0.630998,-0.000102897,-0.630895
307.008,-0.458521,-1.36842,-0.631145,-9.75821e-05,-0.631047
307.056,-0.472535,-1.36742,-0.631253,-9.23577e-05,-0.631161
307.104,-0.45803,-1.3664,-0.631537,-9.77555e-05,-0.631439
307.152,-0.461029,-1.36537,-0.631742,-9.66051e-05,-0.631645
307.2,-0.439509,-1.36435,-0.631928,-0.000105102,-0.631823
307.248,-0.417514,-1.3633,-0.632302,-0.00011456,-0.632188
307.296,-0.460029,-1.36225,-0.632503,-9.69617e-05,-0.632406
307.344,-0.427003,-1.36119,-0.632854,-0.000110358,-0.632744
307.392,-0.442508,-1.36011,-0.633191,-0.00010384,-0.633087
307.44,-0.435018,-1.35904,-0.63341,-0.000106927,-0.633303
307.488,-0.398501,-1.35794,-0.633875,-0.000123376,-0.633751
307.536,-0.439509,-1.35683,-0.634185,-0.000105043,-0.63408
307.584,-0.468027,-1.35572,-0.634434,-9.39215e-05,-0.63434
307.632,-0.453014,-1.3546,-0.63469,-9.96081e-05,-0.63459
307.68,-0.441509,-1.35347,-0.634898,-0.000104196,-0.634794
307.728,-0.453014,-1.35233,-0.635166,-9.9591e-05,-0.635066
307.776,-0.447016,-1.35118,-0.635447,-0.000101952,-0.635345
307.824,-0.410007,-1.35002,-0.635779,-0.000117864,-0.635661
307.872,-0.422513,-1.34885,-0.636075,-0.000112214,-0.635963
307.92,-0.459029,-1.34767,-0.636284,-9.72353e-05,-0.636187
307.968,-0.436018,-1.34649,-0.63644,-0.000106407,-0.636333
308.016,-0.454014,-1.3453,-0.636583,-9.91487e-05,-0.636484
308.064,-0.426004,-1.34411,-0.636753,-0.000110649,-0.636642
308.112,-0.447524,-1.34291,-0.636878,-0.000101686,-0.636776
308.16,-0.444524,-1.34169,-0.637096,-0.000102879,-0.636993
308.208,-0.418005,-1.34047,-0.637327,-0.000114142,-0.637213
308.256,-0.48504,-1.33924,-0.637504,-8.77509e-05,-0.637416
308.304,-0.445016,-1.33799,-0.637722,-0.000102653,-0.63762
308.352,-0.48504,-1.33674,-0.637881,-8.77343e-05,-0.637793
308.4,-0.46452,-1.33549,-0.638031,-9.50765e-05,-0.637936
308.448,-0.482532,-1.33423,-0.638053,-8.85844e-05,-0.637964
308.496,-0.454522,-1.33296,-0.63822,-9.88589e-05,-0.638121
308.544,-0.453014,-1.33168,-0.638455,-9.94355e-05,-0.638356
308.592,-0.445016,-1.33039,-0.638587,-0.000102593,-0.638485
308.64,-0.474534,-1.3291,-0.638627,-9.13712e-05,-0.638536
308.688,-0.43551,-1.3278,-0.638764,-0.000106469,-0.638657
308.736,-0.419005,-1.32648,-0.638935,-0.000113575,-0.638822
308.784,-0.43651,-1.32515,-0.639144,-0.000106031,-0.639038
308.832,-0.377998,-1.3238,-0.639466,-0.000133359,-0.639333
308.88,-0.422513,-1.32244,-0.639719,-0.00011199,-0.639607
308.928,-0.424004,-1.32106,-0.640014,-0.000111325,-0.639902
308.976,-0.418514,-1.31967,-0.640316,-0.000113736,-0.640203
309.024,-0.396994,-1.31826,-0.640616,-0.000123736,-0.640492
309.072,-0.39901,-1.31683,-0.640947,-0.000122748,-0.640825
309.12,-0.417514,-1.31538,-0.641345,-0.000114145,-0.641231
309.168,-0.408008,-1.31391,-0.641731,-0.000118467,-0.641612
309.216,-0.368983,-1.31243,-0.642073,-0.000138038,-0.641935
309.264,-0.437018,-1.31093,-0.642397,-0.000105706,-0.642291
309.312,-0.390995,-1.3094,-0.642743,-0.000126596,-0.642616
309.36,-0.417514,-1.30787,-0.64294,-0.000114081,-0.642826
309.408,-0.403009,-1.30633,-0.64317,-0.000120743,-0.64305
309.456,-0.431019,-1.30476,-0.643426,-0.000108171,-0.643317
309.504,-0.43551,-1.30319,-0.643563,-0.00010627,-0.643457
309.552,-0.45503,-1.3016,-0.643681,-9.8428e-05,-0.643583
309.6,-0.473534,-1.30001,-0.643711,-9.15281e-05,-0.643619
309.648,-0.450015,-1.29841,-0.64371,-0.000100358,-0.64361
309.696,-0.461029,-1.29679,-0.643707,-9.61047e-05,-0.643611
309.744,-0.460521,-1.29517,-0.643662,-9.62845e-05,-0.643566
309.792,-0.441017,-1.29353,-0.643746,-0.000103924,-0.643642
309.84,-0.388995,-1.29187,-0.643912,-0.000127422,-0.643785
309.888,-0.43351,-1.2902,-0.643966,-0.000107001,-0.643859
309.936,-0.447524,-1.28851,-0.643976,-0.000101267,-0.643875
309.984,-0.461521,-1.28682,-0.643973,-9.58469e-05,-0.643877
310.032,-0.471535,-1.28512,-0.643845,-9.21443e-05,-0.643752
310.08,-0.474026,-1.2834,-0.643748,-9.12366e-05,-0.643657
310.128,-0.446524,-1.28168,-0.643714,-0.000101612,-0.643612
310.176,-0.448523,-1.27993,-0.643721,-0.000100805,-0.64362
310.224,-0.446016,-1.27817,-0.643685,-0.000101788,-0.643583
310.272,-0.463028,-1.2764,-0.643646,-9.52064e-05,-0.64355
310.32,-0.43651,-1.27461,-0.643629,-0.000105625,-0.643524
310.368,-0.430019,-1.2728,-0.643599,-0.000108333,-0.64349
310.416,-0.389995,-1.27098,-0.643664,-0.000126722,-0.643537
310.464,-0.415514,-1.26911,-0.643854,-0.00011464,-0.643739
310.512,-0.398501,-1.26723,-0.644025,-0.000122531,-0.643902
310.56,-0.4035,-1.26532,-0.644193,-0.000120135,-0.644073
310.608,-0.415006,-1.26338,-0.644321,-0.000114819,-0.644207
310.656,-0.418005,-1.26143,-0.644379,-0.00011346,-0.644265
310.704,-0.436018,-1.25944,-0.64456,-0.000105707,-0.644454
310.752,-0.410007,-1.25743,-0.644772,-0.000117039,-0.644655
310.8,-0.394994,-1.25538,-0.644969,-0.000124115,-0.644845
310.848,-0.409007,-1.2533,-0.645155,-0.000117461,-0.645037
310.896,-0.371491,-1.25119,-0.645376,-0.000136053,-0.64524
310.944,-0.393994,-1.24905,-0.645635,-0.000124543,-0.64551
310.992,-0.4065,-1.24687,-0.645768,-0.000118564,-0.645649
311.04,-0.362985,-1.24466,-0.646063,-0.000140597,-0.645922
311.088,-0.39901,-1.2424,-0.646281,-0.000122056,-0.646159
311.136,-0.392994,-1.24011,-0.646555,-0.000124947,-0.64643
311.184,-0.391503,-1.23777,-0.646792,-0.000125658,-0.646666
311.232,-0.409007,-1.23541,-0.646869,-0.000117302,-0.646752
311.28,-0.419513,-1.23302,-0.646895,-0.000112547,-0.646783
311.328,-0.4075,-1.2306,-0.646924,-0.000117954,-0.646806
311.376,-0.431511,-1.22814,-0.646887,-0.000107335,-0.64678
311.424,-0.390995,-1.22563,-0.647063,-0.000125792,-0.646937
311.472,-0.382489,-1.22306,-0.64734,-0.000130032,-0.64721
311.52,-0.400501,-1.22044,-0.647531,-0.000121142,-0.64741
311.568,-0.404008,-1.21779,-0.647586,-0.000119463,-0.647466
311.616,-0.424004,-1.2151,-0.647591,-0.000110432,-0.64748
311.664,-0.371983,-1.21236,-0.64765,-0.00013539,-0.647514
311.712,-0.410007,-1.20958,-0.647608,-0.000116613,-0.647491
311.76,-0.4065,-1.20675,-0.647552,-0.000118202,-0.647433
311.808,-0.395502,-1.20385,-0.647693,-0.000123383,-0.64757
311.856,-0.379489,-1.20089,-0.647812,-0.000131348,-0.647681
311.904,-0.401501,-1.19788,-0.64789,-0.00012046,-0.64777
311.952,-0.377998,-1.19481,-0.647875,-0.000132057,-0.647743
312,-0.387504,-1.19167,-0.648001,-0.000127195,-0.647874
312.048,-0.37449,-1.18846,-0.648166,-0.000133821,-0.648032
312.096,-0.382489,-1.18516,-0.648453,-0.000129657,-0.648323
312.144,-0.345988,-1.18178,-0.648773,-0.000149566,-0.648623
312.192,-0.381997,-1.17832,-0.648988,-0.000129839,-0.648858
312.24,-0.368983,-1.17479,-0.649092,-0.000136599,-0.648955
312.288,-0.378489,-1.17117,-0.649251,-0.000131565,-0.649119
312.336,-0.391503,-1.16744,-0.649485,-0.000124985,-0.64936
312.384,-0.378489,-1.16363,-0.64969,-0.000131489,-0.649559
312.432,-0.349987,-1.15971,-0.649905,-0.000146991,-0.649758
312.48,-0.351987,-1.15568,-0.650171,-0.000145798,-0.650025
312.528,-0.350987,-1.15153,-0.650472,-0.000146324,-0.650326
312.576,-0.367983,-1.14726,-0.650715,-0.000136847,-0.650578
312.624,-0.356478,-1.14286,-0.650985,-0.000143113,-0.650842
312.672,-0.370983,-1.13834,-0.651179,-0.000135155,-0.651044
312.72,-0.348988,-1.13367,-0.651491,-0.000147274,-0.651344
312.768,-0.350479,-1.12886,-0.651752,-0.000146362,-0.651606
312.816,-0.351479,-1.12389,-0.65199,-0.000145734,-0.651844
312.864,-0.378997,-1.11877,-0.652035,-0.000130778,-0.651904
312.912,-0.389995,-1.1135,-0.652041,-0.000125208,-0.651916
312.96,-0.359477,-1.10806,-0.651976,-0.000141063,-0.651835
313.008,-0.359985,-1.10242,-0.652044,-0.000140722,-0.651903
313.056,-0.364984,-1.09659,-0.652039,-0.000137929,-0.651901
313.104,-0.390503,-1.09056,-0.651917,-0.000124739,-0.651792
313.152,-0.396502,-1.08431,-0.651817,-0.000121781,-0.651695
313.2,-0.37349,-1.07783,-0.651789,-0.000133213,-0.651656
313.248,-0.391995,-1.0711,-0.651612,-0.000123826,-0.651488
313.296,-0.384488,-1.06411,-0.651408,-0.000127456,-0.65128
313.344,-0.380489,-1.05683,-0.651297,-0.000129398,-0.651168
313.392,-0.342481,-1.04923,-0.651304,-0.000150103,-0.651154
313.44,-0.326976,-1.04129,-0.651278,-0.000159413,-0.651119
313.488,-0.322977,-1.03298,-0.65122,-0.000161829,-0.651059
313.536,-0.352479,-1.02429,-0.651123,-0.000144057,-0.650979
313.584,-0.34548,-1.01518,-0.650966,-0.00014796,-0.650818
313.632,-0.31547,-1.0056,-0.650885,-0.00016631,-0.650718
313.68,-0.327468,-0.995502,-0.650838,-0.000158546,-0.650679
313.728,-0.299457,-0.98486,-0.650732,-0.000176802,-0.650555
313.776,-0.309472,-0.973606,-0.650613,-0.000169848,-0.650443
313.824,-0.340481,-0.961697,-0.650335,-0.000150267,-0.650185
313.872,-0.304456,-0.949048,-0.65015,-0.000172892,-0.649977
313.92,-0.296966,-0.93556,-0.650062,-0.000177859,-0.649884
313.968,-0.305964,-0.921157,-0.649869,-0.000171503,-0.649697
314.016,-0.348988,-0.905753,-0.649401,-0.000144711,-0.649256
314.064,-0.337974,-0.889196,-0.64899,-0.000150903,-0.64884
314.112,-0.28646,-0.871319,-0.648686,-0.000184417,-0.648502
314.16,-0.315962,-0.85194,-0.648296,-0.000164029,-0.648132
314.208,-0.336482,-0.830862,-0.647663,-0.000151103,-0.647512
314.256,-0.28846,-0.807804,-0.646991,-0.000182077,-0.646809
314.304,-0.323977,-0.782429,-0.646109,-0.0001581,-0.645951
314.352,-0.290967,-0.754317,-0.645105,-0.000179548,-0.644926
314.4,-0.310471,-0.722901,-0.643994,-0.000165925,-0.643828
314.448,-0.281953,-0.687484,-0.642646,-0.00018504,-0.64246
314.496,-0.319977,-0.647097,-0.641016,-0.000158913,-0.640857
314.544,-0.328467,-0.600434,-0.638985,-0.000153152,-0.638832
314.592,-0.319469,-0.545585,-0.636593,-0.000157972,-0.636435
314.64,-0.286952,-0.479721,-0.633646,-0.000178528,-0.633467
314.688,-0.315962,-0.398314,-0.62994,-0.000158325,-0.629782
314.736,-0.325976,-0.293683,-0.625151,-0.000150989,-0.625
314.784,-0.321469,-0.151311,-0.618624,-0.000151981,-0.618472
314.832,-0.310471,0.0600283,-0.608812,-0.000156088,-0.608656
314.88,-0.304964,0.419136,-0.592353,-0.000155116,-0.592198
314.928,-0.304456,1.10859,-0.560635,-0.000147038,-0.560487
314.976,-0.332483,1.7306,-0.522225,-0.000122666,-0.522103
315.024,-0.333483,0.779537,-0.556206,-0.00013009,-0.556076
315.072,-0.311471,-0.783443,-0.645215,-0.000164432,-0.64505
315.12,-0.296458,-0.916728,-0.658547,-0.000177913,-0.658369
315.168,-0.295966,-0.904638,-0.658478,-0.000178129,-0.6583
315.216,-0.271447,-0.888531,-0.658103,-0.000195856,-0.657907
315.264,-0.290459,-0.871088,-0.657723,-0.000181544,-0.657542
315.312,-0.293967,-0.852215,-0.657164,-0.000178803,-0.656985
315.36,-0.297458,-0.831694,-0.656502,-0.000176092,-0.656326
315.408,-0.293967,-0.809263,-0.655772,-0.000178208,-0.655594
315.456,-0.282953,-0.784604,-0.654939,-0.000185714,-0.654753
315.504,-0.264448,-0.757293,-0.654108,-0.000199262,-0.653909
315.552,-0.260449,-0.72682,-0.653129,-0.00020193,-0.652927
315.6,-0.269447,-0.692528,-0.651898,-0.000194412,-0.651704
315.648,-0.263957,-0.653522,-0.650401,-0.000198038,-0.650203
315.696,-0.247436,-0.608557,-0.648692,-0.000210546,-0.648481
315.744,-0.246944,-0.555882,-0.646634,-0.000210086,-0.646424
315.792,-0.248436,-0.492923,-0.644043,-0.000207835,-0.643835
315.84,-0.262957,-0.415643,-0.640708,-0.000195152,-0.640513
315.888,-0.247436,-0.317269,-0.636374,-0.000205803,-0.636168
315.936,-0.276462,-0.18539,-0.630243,-0.000181787,-0.630061
315.984,-0.275954,0.00589893,-0.621368,-0.000179454,-0.621188
316.032,-0.273955,0.319653,-0.606804,-0.000176518,-0.606627
316.08,-0.277462,0.915819,-0.579302,-0.000166105,-0.579136
316.128,-0.245944,1.69217,-0.53654,-0.000173946,-0.536366
316.176,-0.265448,1.1434,-0.550247,-0.000165146,-0.550081
316.224,-0.262957,-0.602801,-0.641973,-0.000194422,-0.641778
316.272,-0.288968,-0.914068,-0.670005,-0.000183116,-0.669822
316.32,-0.28646,-0.906804,-0.670318,-0.000184921,-0.670133
316.368,-0.266448,-0.891293,-0.66997,-0.000199773,-0.669771
316.416,-0.278462,-0.874442,-0.669456,-0.000190335,-0.669265
316.464,-0.247436,-0.856232,-0.668862,-0.000214645,-0.668647
316.512,-0.297458,-0.836455,-0.668148,-0.000176156,-0.667972
316.56,-0.278954,-0.814889,-0.667341,-0.000189092,-0.667152
316.608,-0.264448,-0.791222,-0.666514,-0.000199787,-0.666314
316.656,-0.265956,-0.765103,-0.665462,-0.000198207,-0.665264
316.704,-0.288968,-0.736061,-0.66426,-0.000180701,-0.664079
316.752,-0.268956,-0.703494,-0.662931,-0.000194952,-0.662736
316.8,-0.240945,-0.666618,-0.661367,-0.000216951,-0.66115
316.848,-0.241945,-0.624306,-0.659751,-0.00021539,-0.659536
316.896,-0.22844,-0.575082,-0.657737,-0.000226226,-0.657511
316.944,-0.281953,-0.516762,-0.655124,-0.000182585,-0.654942
316.992,-0.245436,-0.446022,-0.651884,-0.00020952,-0.651674
317.04,-0.219442,-0.357395,-0.647862,-0.000230389,-0.647632
317.088,-0.216426,-0.241302,-0.642496,-0.000231021,-0.642265
317.136,-0.211427,-0.0788156,-0.635012,-0.000232622,-0.634779
317.184,-0.203429,0.173122,-0.623251,-0.000235376,-0.623016
317.232,-0.201921,0.626739,-0.602205,-0.000228562,-0.601976
317.28,-0.207428,1.43434,-0.562297,-0.000208653,-0.562088
317.328,-0.192415,1.57621,-0.542432,-0.000213272,-0.542219
317.376,-0.202429,0.049932,-0.611422,-0.000230931,-0.611191
317.424,-0.201429,-0.888481,-0.67842,-0.000257011,-0.678163
317.472,-0.197922,-0.910913,-0.682031,-0.000261708,-0.68177
317.52,-0.187924,-0.896628,-0.682029,-0.000271879,-0.681757
317.568,-0.194922,-0.880515,-0.681826,-0.000264194,-0.681562
317.616,-0.227932,-0.863119,-0.681374,-0.000231821,-0.681143
317.664,-0.242437,-0.844278,-0.680777,-0.000218689,-0.680559
317.712,-0.232931,-0.82377,-0.680096,-0.00022663,-0.67987
317.76,-0.209428,-0.801328,-0.679366,-0.000248065,-0.679118
317.808,-0.220425,-0.776613,-0.678577,-0.000237143,-0.678339
317.856,-0.187924,-0.749222,-0.677702,-0.000268785,-0.677433
317.904,-0.216426,-0.718638,-0.676535,-0.000239805,-0.676295
317.952,-0.204937,-0.684178,-0.67517,-0.000250176,-0.674919
318,-0.209428,-0.644912,-0.673586,-0.00024506,-0.673341
318.048,-0.214426,-0.599607,-0.671588,-0.000239456,-0.671349
318.096,-0.204429,-0.546453,-0.669259,-0.000247992,-0.669011
318.144,-0.185416,-0.482768,-0.66652,-0.000265848,-0.666254
318.192,-0.216426,-0.404374,-0.662977,-0.000233985,-0.662743
318.24,-0.17591,-0.304246,-0.658388,-0.000272109,-0.658116
318.288,-0.172911,-0.169328,-0.652014,-0.000272438,-0.651741
318.336,-0.203921,0.027817,-0.642592,-0.000237584,-0.642355
318.384,-0.163913,0.35444,-0.627003,-0.000270958,-0.626732
318.432,-0.156406,0.976148,-0.597412,-0.000265602,-0.597147
318.48,-0.137902,1.70542,-0.554581,-0.000264782,-0.554316
318.528,-0.164421,1.03233,-0.575837,-0.000247519,-0.57559
318.576,-0.143409,-0.668676,-0.671746,-0.000313154,-0.671433
318.624,-0.180417,-0.911944,-0.695496,-0.00028021,-0.695216
318.672,-0.130904,-0.903247,-0.696044,-0.00034012,-0.695704
318.72,-0.121889,-0.887967,-0.696074,-0.000351933,-0.695722
318.768,-0.11989,-0.871377,-0.695983,-0.000354245,-0.695628
318.816,-0.106892,-0.853393,-0.695995,-0.000372231,-0.695623
318.864,-0.128396,-0.83385,-0.695771,-0.000341637,-0.69543
318.912,-0.102385,-0.812491,-0.695588,-0.000377661,-0.69521
318.96,-0.110891,-0.789048,-0.695112,-0.000364618,-0.694747
319.008,-0.101893,-0.763121,-0.694693,-0.000376939,-0.694316
319.056,-0.129396,-0.734289,-0.693871,-0.000337677,-0.693534
319.104,-0.102385,-0.701934,-0.692968,-0.000374425,-0.692594
319.152,-0.0893879,-0.665245,-0.691941,-0.000392857,-0.691549
319.2,-0.0833892,-0.623162,-0.690615,-0.000400879,-0.690214
319.248,-0.103385,-0.574211,-0.688761,-0.00036926,-0.688392
319.296,-0.123889,-0.516221,-0.686348,-0.000339216,-0.686009
319.344,-0.0953866,-0.445884,-0.683359,-0.000377207,-0.682982
319.392,-0.0573784,-0.357796,-0.679594,-0.000434754,-0.679159
319.44,-0.0833892,-0.242515,-0.674303,-0.000389116,-0.673914
319.488,-0.0738831,-0.0815068,-0.666711,-0.000398834,-0.666313
319.536,-0.0818813,0.167334,-0.654752,-0.000379126,-0.654373
319.584,-0.0428734,0.613217,-0.633334,-0.000426651,-0.632907
319.632,-0.0663765,1.41203,-0.592259,-0.000363393,-0.591895
319.68,-0.0893879,1.58933,-0.56992,-0.000319162,-0.569601
319.728,-0.0453646,0.100033,-0.640428,-0.000425479,-0.640002
319.776,-0.0283683,-0.882376,-0.713568,-0.00050592,-0.713062
319.824,-0.0143549,-0.908641,-0.718407,-0.0005371,-0.71787
319.872,-0.0163545,-0.894276,-0.718877,-0.000532349,-0.718345
319.92,-0.00484879,-0.87795,-0.719203,-0.000556178,-0.718647
319.968,-0.00335731,-0.860267,-0.719413,-0.000558669,-0.718854
320.016,0.00714862,-0.841029,-0.719695,-0.000581259,-0.719114
320.064,0.0576787,-0.819982,-0.720212,-0.000707229,-0.719505
320.112,0.0306681,-0.796889,-0.720301,-0.000635138,-0.719665
320.16,0.0621695,-0.771378,-0.72041,-0.000717054,-0.719693
320.208,0.0686763,-0.742962,-0.720506,-0.000733922,-0.719772
320.256,0.0581704,-0.711143,-0.720101,-0.000702616,-0.719398
320.304,0.0911796,-0.675089,-0.719763,-0.000797245,-0.718966
320.352,0.11919,-0.633761,-0.719308,-0.000886698,-0.718421
320.4,0.1492,-0.585719,-0.71862,-0.00099337,-0.717627
320.448,0.212235,-0.528848,-0.717818,-0.00126522,-0.716553
320.496,0.600873,-0.459159,-0.722424,-0.0056944,-0.71673
320.544,0.879485,-0.369286,-0.735,-0.0162647,-0.718735
320.592,0.955501,-0.249831,-0.741534,-0.0213142,-0.72022
320.64,0.905987,-0.083147,-0.736208,-0.0175448,-0.718663
320.688,0.764444,0.175045,-0.721032,-0.0101253,-0.710907
320.736,0.671907,0.643538,-0.697601,-0.00686427,-0.690736
320.784,0.582369,1.47239,-0.651327,-0.00452891,-0.646798
320.832,0.446316,1.56023,-0.631505,-0.00258834,-0.628917
320.88,0.374791,-0.0233331,-0.717448,-0.00222053,-0.715228
320.928,0.327768,-0.893174,-0.792915,-0.00203833,-0.790876
320.976,0.272255,-0.907491,-0.797284,-0.00164714,-0.795637
321.024,0.260241,-0.889825,-0.797954,-0.00156963,-0.796384
321.072,0.254751,-0.870083,-0.79821,-0.001534,-0.796676
321.12,0.225233,-0.848632,-0.797961,-0.00136475,-0.796597
321.168,0.22774,-0.825181,-0.797732,-0.00137567,-0.796356
321.216,0.23074,-0.799398,-0.797371,-0.0013891,-0.795982
321.264,0.173211,-0.770911,-0.796342,-0.00110704,-0.795235
321.312,0.192715,-0.739175,-0.79528,-0.00119177,-0.794088
321.36,0.202221,-0.703427,-0.794092,-0.00123343,-0.792859
321.408,0.19773,-0.662745,-0.792569,-0.00120814,-0.791361
321.456,0.199222,-0.615835,-0.790664,-0.00121076,-0.789453
321.504,0.217234,-0.560786,-0.788457,-0.00129345,-0.787164
321.552,0.193715,-0.49487,-0.785292,-0.00117384,-0.784118
321.6,0.20622,-0.413688,-0.7813,-0.00122482,-0.780076
321.648,0.226741,-0.309696,-0.776143,-0.00131628,-0.774827
321.696,0.282253,-0.168829,-0.769196,-0.00161687,-0.767579
321.744,0.284253,0.0389535,-0.758105,-0.00160341,-0.756501
321.792,0.25775,0.389204,-0.738881,-0.00140718,-0.737474
321.84,0.277746,1.06391,-0.701384,-0.0014415,-0.699942
321.888,0.302757,1.73888,-0.652289,-0.00147496,-0.650814
321.936,0.278762,0.870913,-0.690111,-0.00141869,-0.688693
321.984,0.293251,-0.751636,-0.80424,-0.00174616,-0.802493
322.032,0.348288,-0.911744,-0.825433,-0.0022157,-0.823218
322.08,0.318262,-0.897234,-0.825966,-0.00196938,-0.823997
322.128,0.328768,-0.877632,-0.826369,-0.00204859,-0.82432
322.176,0.362285,-0.856229,-0.826923,-0.00233042,-0.824592
322.224,0.338274,-0.832862,-0.826875,-0.00211853,-0.824756
322.272,0.37579,-0.807154,-0.827283,-0.00244688,-0.824836
322.32,0.368792,-0.778722,-0.827089,-0.00237587,-0.824713
322.368,0.419814,-0.74692,-0.827548,-0.00289023,-0.824658
322.416,0.621377,-0.710713,-0.831369,-0.00628421,-0.825084
322.464,0.969514,-0.667005,-0.850776,-0.0231732,-0.827602
322.512,1.12007,-0.613913,-0.870728,-0.0392939,-0.831435
322.56,1.09506,-0.552412,-0.870616,-0.0358766,-0.83474
322.608,0.986511,-0.480087,-0.860721,-0.0242862,-0.836435
322.656,0.90248,-0.39023,-0.853747,-0.0177402,-0.836007
322.704,0.747923,-0.273831,-0.842423,-0.00984948,-0.832573
322.752,0.667399,-0.111802,-0.832357,-0.00715534,-0.825202
322.8,0.598873,0.138268,-0.817179,-0.00539444,-0.811784
322.848,0.508335,0.587922,-0.789438,-0.0036728,-0.785765
322.896,0.468819,1.41663,-0.736519,-0.00293721,-0.733581
322.944,0.426304,1.62981,-0.705309,-0.00238336,-0.702926
322.992,0.385788,0.125409,-0.792449,-0.00228682,-0.790162
323.04,0.361777,-0.886108,-0.884568,-0.00232417,-0.882244
323.088,0.353287,-0.908009,-0.889096,-0.00225915,-0.886836
323.136,0.370791,-0.888015,-0.888254,-0.00241488,-0.885839
323.184,0.34978,-0.865508,-0.886864,-0.00222131,-0.884643
323.232,0.364285,-0.840946,-0.885754,-0.00234591,-0.883408
323.28,0.381297,-0.813998,-0.884621,-0.00250127,-0.88212
323.328,0.372791,-0.784234,-0.883124,-0.00241424,-0.88071
323.376,0.396802,-0.751098,-0.881701,-0.00264383,-0.879057
323.424,0.418306,-0.713828,-0.880075,-0.00286603,-0.877209
323.472,0.391295,-0.671474,-0.877523,-0.00257181,-0.874951
323.52,0.446316,-0.622472,-0.875738,-0.00317277,-0.872565
323.568,0.471819,-0.565035,-0.87301,-0.00348712,-0.869523
323.616,0.453823,-0.496011,-0.869066,-0.00323449,-0.865832
323.664,0.454822,-0.410667,-0.864252,-0.00322548,-0.861027
323.712,0.506336,-0.30059,-0.858636,-0.00390465,-0.854732
323.76,0.518841,-0.149865,-0.849983,-0.0040504,-0.845932
323.808,0.49383,0.0765758,-0.835941,-0.00361249,-0.832329
323.856,0.525348,0.469924,-0.812535,-0.0039589,-0.808576
323.904,0.509843,1.22716,-0.764767,-0.00350501,-0.761262
323.952,0.508335,1.72944,-0.717442,-0.00326472,-0.714178
324,0.52284,0.544494,-0.782377,-0.00375907,-0.778618
324.048,0.51835,-0.837975,-0.89874,-0.0042382,-0.894502
324.096,0.557866,-0.909653,-0.911478,-0.00499638,-0.906482
324.144,0.597382,-0.890358,-0.912637,-0.00581072,-0.906826
324.192,0.902988,-0.866187,-0.926617,-0.0184459,-0.908171
324.24,1.1976,-0.835713,-0.963562,-0.0518457,-0.911716
324.288,1.23411,-0.802075,-0.974245,-0.0581942,-0.916051
324.336,1.22561,-0.766157,-0.976519,-0.0564718,-0.920047
324.384,1.11507,-0.727627,-0.961993,-0.0389689,-0.923024
324.432,1.00252,-0.684653,-0.950762,-0.0261428,-0.924619
324.48,0.89099,-0.635459,-0.941906,-0.0173315,-0.924575
324.528,0.793454,-0.577522,-0.935061,-0.0119818,-0.923079
324.576,0.673906,-0.508207,-0.927535,-0.00756643,-0.919968
324.624,0.6654,-0.422514,-0.922444,-0.00727529,-0.915169
324.672,0.588875,-0.312396,-0.913686,-0.00537598,-0.90831
324.72,0.566864,-0.162252,-0.903213,-0.00488114,-0.898332
324.768,0.520349,0.0623507,-0.887082,-0.00400773,-0.883075
324.816,0.542361,0.450907,-0.861379,-0.00423463,-0.857144
324.864,0.500829,1.20418,-0.809847,-0.00339228,-0.806455
324.912,0.52384,1.74541,-0.756885,-0.0034639,-0.753421
324.96,0.51835,0.596654,-0.820931,-0.00367827,-0.817253
325.008,0.499337,-0.830978,-0.944572,-0.00393316,-0.940639
325.056,0.51635,-0.9102,-0.957161,-0.00425586,-0.952905
325.104,0.508844,-0.889952,-0.955832,-0.00412811,-0.951703
325.152,0.60538,-0.865788,-0.956324,-0.00598112,-0.950343
325.2,0.602381,-0.83943,-0.954848,-0.00590041,-0.948947
325.248,0.603872,-0.810405,-0.95341,-0.00592102,-0.947489
325.296,0.628883,-0.778235,-0.952381,-0.0065024,-0.945878
325.344,0.608871,-0.742311,-0.950031,-0.00600416,-0.944027
325.392,0.63639,-0.701617,-0.94859,-0.00665279,-0.941937
325.44,0.650387,-0.655106,-0.946359,-0.00699441,-0.939364
325.488,0.654402,-0.60084,-0.943487,-0.0070729,-0.936414
325.536,0.660401,-0.536501,-0.939927,-0.00720111,-0.932726
325.584,0.672398,-0.458113,-0.935522,-0.00749357,-0.928029
325.632,0.701408,-0.358952,-0.930285,-0.00830735,-0.921977
325.68,0.679397,-0.227147,-0.921237,-0.00755936,-0.913678
325.728,0.738925,-0.0375273,-0.910908,-0.00934584,-0.901563
325.776,0.728419,0.270656,-0.890366,-0.0087684,-0.881598
325.824,1.00503,0.863523,-0.867303,-0.0233828,-0.84392
325.872,1.31814,1.72293,-0.841583,-0.0609828,-0.7806
325.92,1.42568,1.25541,-0.881859,-0.083861,-0.797998
325.968,1.37316,-0.542363,-1.02351,-0.0849058,-0.938605
326.016,1.26763,-0.910313,-1.05653,-0.0651845,-0.991343
326.064,1.14708,-0.896068,-1.03926,-0.0440276,-0.995234
326.112,1.02653,-0.871384,-1.02539,-0.0289049,-0.996481
326.16,0.909986,-0.844061,-1.01543,-0.018896,-0.99653
326.208,0.839969,-0.813768,-1.01026,-0.014534,-0.995724
326.256,0.806959,-0.780125,-1.007,-0.0128077,-0.994187
326.304,0.742924,-0.742617,-1.00196,-0.010025,-0.991938
326.352,0.705408,-0.70013,-0.997757,-0.00866273,-0.989094
326.4,0.703408,-0.651406,-0.994168,-0.00856439,-0.985603
326.448,0.710423,-0.594517,-0.990239,-0.00875762,-0.981481
326.496,0.691411,-0.526799,-0.984604,-0.00810196,-0.976502
326.544,0.686412,-0.443851,-0.978235,-0.00789742,-0.970338
326.592,0.691411,-0.338144,-0.970486,-0.00798354,-0.962502
326.64,0.6644,-0.195956,-0.959008,-0.0071207,-0.951888
326.688,0.739925,0.0133509,-0.94612,-0.00934482,-0.936775
326.736,0.721912,0.365885,-0.920451,-0.00849172,-0.911959
326.784,0.761936,1.05323,-0.873255,-0.00935976,-0.863895
326.832,0.774442,1.76764,-0.808386,-0.00907385,-0.799312
326.88,0.766935,0.899096,-0.853753,-0.00931168,-0.844442
326.928,0.763936,-0.750643,-0.996152,-0.0107352,-0.985417
326.976,0.823956,-0.909962,-1.02397,-0.0137863,-1.01018
327.024,0.789947,-0.890006,-1.02185,-0.0121152,-1.00973
327.072,0.846967,-0.863985,-1.0237,-0.0149775,-1.00872
327.12,0.876485,-0.83538,-1.02433,-0.0166815,-1.00765
327.168,0.895989,-0.803704,-1.02445,-0.0178881,-1.00656
327.216,0.940504,-0.768235,-1.0263,-0.0210138,-1.00529
327.264,1.22512,-0.724376,-1.06092,-0.0562055,-1.00472
327.312,1.51922,-0.665469,-1.13271,-0.127504,-1.00521
327.36,1.57175,-0.596065,-1.14812,-0.142437,-1.00568
327.408,1.49471,-0.519089,-1.12414,-0.118963,-1.00518
327.456,1.33465,-0.42998,-1.07961,-0.0769586,-1.00265
327.504,1.19411,-0.318773,-1.0464,-0.0492303,-0.997165
327.552,1.06654,-0.166968,-1.01905,-0.0315205,-0.987528
327.6,0.962008,0.0611969,-0.99273,-0.0213078,-0.971422
327.648,0.889974,0.458465,-0.958545,-0.0158615,-0.942684
327.696,0.84046,1.23124,-0.897827,-0.0123879,-0.885439
327.744,0.788947,1.74852,-0.83737,-0.009545,-0.827825
327.792,0.769443,0.546612,-0.911886,-0.00966659,-0.902219
327.84,0.78344,-0.840024,-1.04737,-0.011701,-1.03567
327.888,0.765936,-0.90706,-1.05827,-0.0110778,-1.04719
327.936,0.769935,-0.883899,-1.0563,-0.011228,-1.04508
327.984,0.768443,-0.85682,-1.05369,-0.0111415,-1.04255
328.032,0.776441,-0.82705,-1.05137,-0.0114571,-1.03991
328.08,0.83297,-0.793901,-1.05141,-0.0141366,-1.03728
328.128,0.805452,-0.757058,-1.0472,-0.0127124,-1.03448
328.176,0.846459,-0.715335,-1.04622,-0.0147777,-1.03144
328.224,0.874469,-0.667616,-1.04438,-0.0163427,-1.02803
328.272,0.919001,-0.612168,-1.04326,-0.0191853,-1.02408
328.32,0.945503,-0.545925,-1.0406,-0.0210343,-1.01957
328.368,0.95101,-0.465278,-1.03538,-0.0213268,-1.01406
328.416,1.02904,-0.362866,-1.03508,-0.0280334,-1.00705
328.464,1.02454,-0.225724,-1.02485,-0.0272931,-0.997561
328.512,1.09606,-0.0256822,-1.01831,-0.0345579,-0.98375
328.56,1.38567,0.314686,-1.04502,-0.0840615,-0.960963
328.608,1.66327,1.02077,-1.06364,-0.149986,-0.913649
328.656,1.70278,1.83633,-0.988521,-0.146871,-0.841651
328.704,1.63976,0.963158,-1.03112,-0.138877,-0.892242
328.752,1.42568,-0.771037,-1.15312,-0.100641,-1.05248
328.8,1.22412,-0.93626,-1.13868,-0.0569319,-1.08175
328.848,1.08456,-0.917198,-1.11738,-0.0355875,-1.08179
328.896,0.966007,-0.89268,-1.10342,-0.0232853,-1.08013
328.944,0.87347,-0.865804,-1.09415,-0.0165347,-1.07761
328.992,0.844968,-0.83618,-1.08937,-0.0148343,-1.07453
329.04,0.822956,-0.803492,-1.08471,-0.013626,-1.07108
329.088,0.804452,-0.767253,-1.07985,-0.0126749,-1.06717
329.136,0.788439,-0.726571,-1.07475,-0.0118951,-1.06286
329.184,0.823956,-0.680094,-1.07177,-0.0135466,-1.05822
329.232,0.802452,-0.626718,-1.0654,-0.0124431,-1.05296
329.28,0.806451,-0.56369,-1.05957,-0.0125698,-1.047
329.328,0.798945,-0.487741,-1.05215,-0.0121474,-1.04001
329.376,0.84046,-0.392608,-1.04575,-0.0140911,-1.03166
329.424,0.829463,-0.268092,-1.03451,-0.0133919,-1.02111
329.472,0.895481,-0.0922893,-1.02387,-0.0168924,-1.00697
329.52,0.901988,0.18493,-1.00245,-0.0169362,-0.985517
329.568,0.925999,0.700093,-0.964747,-0.0177776,-0.94697
329.616,0.970514,1.58224,-0.894879,-0.0193318,-0.875547
329.664,1.01354,1.4919,-0.881662,-0.0221493,-0.859512
329.712,1.04704,-0.228707,-1.01846,-0.0287119,-0.989748
329.76,1.05754,-0.90061,-1.10567,-0.0322858,-1.07339
329.808,1.10957,-0.895172,-1.11442,-0.0387397,-1.07568
329.856,1.2081,-0.866548,-1.1287,-0.0537841,-1.07491
329.904,1.53423,-0.826117,-1.20851,-0.133607,-1.07491
329.952,1.7243,-0.775586,-1.26643,-0.190716,-1.07572
330,1.7253,-0.72353,-1.26685,-0.190227,-1.07663
330.048,1.58174,-0.670434,-1.22289,-0.146281,-1.07661
330.096,1.42068,-0.613427,-1.17446,-0.0993369,-1.07512
330.144,1.23762,-0.548809,-1.12934,-0.0577005,-1.07164
330.192,1.10006,-0.469987,-1.10216,-0.0362707,-1.06589
330.24,0.974513,-0.370324,-1.08062,-0.0230583,-1.05756
330.288,0.939505,-0.237256,-1.06619,-0.0200886,-1.0461
330.336,0.878485,-0.04631,-1.04563,-0.0158047,-1.02983
330.384,0.829954,0.263557,-1.01728,-0.0128751,-1.00441
330.432,0.778949,0.855755,-0.967921,-0.0101456,-0.957775
330.48,0.830463,1.70754,-0.892382,-0.0113427,-0.88104
330.528,0.820956,1.2504,-0.9043,-0.0111085,-0.893192
330.576,0.862472,-0.538355,-1.05697,-0.0151483,-1.04183
330.624,0.869979,-0.907122,-1.10971,-0.0163625,-1.09335
330.672,0.858965,-0.891906,-1.10752,-0.0156971,-1.09183
330.72,0.851474,-0.86563,-1.104,-0.0152337,-1.08877
330.768,0.876977,-0.836655,-1.10228,-0.0167137,-1.08556
330.816,0.885483,-0.804785,-1.09941,-0.0172071,-1.0822
330.864,0.908987,-0.769295,-1.09741,-0.0187178,-1.07869
330.912,0.948503,-0.729062,-1.09661,-0.0215714,-1.07504
330.96,0.95401,-0.683345,-1.09305,-0.0219309,-1.07112
331.008,0.988019,-0.630545,-1.09144,-0.0247091,-1.06674
331.056,1.00703,-0.568225,-1.08805,-0.0263304,-1.06172
331.104,1.02203,-0.492851,-1.08344,-0.0276189,-1.05582
331.152,1.05204,-0.39868,-1.079,-0.0304982,-1.0485
331.2,1.09455,-0.274968,-1.07411,-0.0350493,-1.03906
331.248,1.07756,-0.1019,-1.05839,-0.0325944,-1.0258
331.296,1.09755,0.169643,-1.03939,-0.0342144,-1.00517
331.344,1.14908,0.673049,-1.00689,-0.0392434,-0.967649
331.392,1.42368,1.56863,-0.979981,-0.0837578,-0.896223
331.44,1.65827,1.55413,-1.01372,-0.137524,-0.876198
331.488,1.7323,-0.133293,-1.18647,-0.177968,-1.0085
331.536,1.58425,-0.893286,-1.2553,-0.149327,-1.10598
331.584,1.41519,-0.893136,-1.21101,-0.100034,-1.11098
331.632,1.23511,-0.868442,-1.16923,-0.0586804,-1.11055
331.68,1.04355,-0.841078,-1.13926,-0.0306326,-1.10863
331.728,0.995017,-0.809738,-1.13138,-0.0256958,-1.10568
331.776,0.932506,-0.775025,-1.12238,-0.0204177,-1.10196
331.824,0.905987,-0.735971,-1.11609,-0.0184639,-1.09762
331.872,0.830954,-0.692174,-1.10651,-0.0139195,-1.09259
331.92,0.833462,-0.641835,-1.10079,-0.013996,-1.08679
331.968,0.793454,-0.583063,-1.09226,-0.0119872,-1.08027
332.016,0.792946,-0.512842,-1.0847,-0.0118989,-1.07281
332.064,0.761936,-0.426386,-1.07458,-0.0105119,-1.06407
332.112,0.788439,-0.3157,-1.06489,-0.0115197,-1.05337
332.16,0.796454,-0.164984,-1.05131,-0.0117344,-1.03957
332.208,0.802944,0.0599969,-1.03197,-0.0118166,-1.02016
332.256,0.735926,0.447635,-0.99749,-0.0088995,-0.98859
332.304,0.709423,1.19593,-0.936454,-0.00757171,-0.928882
332.352,0.713422,1.74166,-0.873431,-0.00718086,-0.86625
332.4,0.716913,0.611225,-0.94453,-0.00788062,-0.936649
332.448,0.716913,-0.821704,-1.08547,-0.00907094,-1.0764
332.496,0.743924,-0.904047,-1.09953,-0.0101882,-1.08934
332.544,0.701408,-0.883231,-1.09467,-0.00865352,-1.08602
332.592,0.714914,-0.858407,-1.09129,-0.00909324,-1.0822
332.64,0.670907,-0.831454,-1.08585,-0.00767072,-1.07817
332.688,0.6654,-0.801906,-1.08141,-0.00749352,-1.07392
332.736,0.676906,-0.769239,-1.07726,-0.00781097,-1.06945
332.784,0.709915,-0.732831,-1.07349,-0.00883509,-1.06465
332.832,0.734418,-0.691605,-1.06936,-0.00966758,-1.05969
332.88,0.700917,-0.644617,-1.06282,-0.00847856,-1.05434
332.928,0.697917,-0.59012,-1.05668,-0.00834652,-1.04834
332.976,0.69441,-0.525479,-1.04977,-0.00819405,-1.04158
333.024,0.667399,-0.447018,-1.04091,-0.00734497,-1.03357
333.072,0.643896,-0.348,-1.03063,-0.00666059,-1.02396
333.12,0.676906,-0.216288,-1.01956,-0.00748097,-1.01208
333.168,0.673906,-0.0274374,-1.00326,-0.00728765,-0.995977
333.216,0.643388,0.277526,-0.97754,-0.00633207,-0.971208
333.264,0.666908,0.853777,-0.933549,-0.00662298,-0.926926
333.312,0.659401,1.67321,-0.861239,-0.00594649,-0.855293
333.36,0.63339,1.24698,-0.870462,-0.00545104,-0.865011
333.408,0.638389,-0.511752,-1.0114,-0.00646483,-1.00494
333.456,0.587368,-0.901943,-1.0616,-0.00559163,-1.05601
333.504,0.623884,-0.89187,-1.06078,-0.00643487,-1.05434
333.552,0.582369,-0.87064,-1.05641,-0.00547574,-1.05093
333.6,0.582369,-0.84743,-1.0528,-0.00546589,-1.04734
333.648,0.543361,-0.822296,-1.04814,-0.00469284,-1.04345
333.696,0.535854,-0.794795,-1.04382,-0.00454893,-1.03928
333.744,0.493339,-0.764488,-1.03872,-0.00384973,-1.03487
333.792,0.514842,-0.730735,-1.03446,-0.00417301,-1.03028
333.84,0.526348,-0.692846,-1.02974,-0.0043501,-1.02539
333.888,0.493339,-0.649892,-1.02378,-0.00381551,-1.01996
333.936,0.469327,-0.600328,-1.0175,-0.00346297,-1.01404
333.984,0.478834,-0.542165,-1.011,-0.00357671,-1.00742
334.032,0.419305,-0.472459,-1.00255,-0.00282335,-0.999732
334.08,0.45833,-0.386064,-0.994144,-0.00326319,-0.990881
334.128,0.406308,-0.274655,-0.982748,-0.00264303,-0.980105
334.176,0.423813,-0.121841,-0.969081,-0.00279554,-0.966285
334.224,0.378298,0.108334,-0.949232,-0.00230049,-0.946931
334.272,0.388804,0.507855,-0.918277,-0.00232326,-0.915954
334.32,0.386296,1.25457,-0.861269,-0.00216304,-0.859106
334.368,0.352287,1.67868,-0.810377,-0.00178776,-0.808589
334.416,0.336782,0.462686,-0.88305,-0.00183859,-0.881211
334.464,0.356778,-0.833462,-1.00361,-0.00226392,-1.00135
334.512,0.339274,-0.898954,-1.01184,-0.0021374,-1.0097
334.56,0.329767,-0.883198,-1.00825,-0.00205742,-1.00619
334.608,0.282761,-0.864618,-1.00385,-0.00171041,-1.00214
334.656,0.25675,-0.844613,-0.9994,-0.00154293,-0.997857
334.704,0.254751,-0.822955,-0.995135,-0.00152836,-0.993606
334.752,0.237738,-0.799456,-0.990552,-0.00142754,-0.989124
334.8,0.248736,-0.77375,-0.985985,-0.00148719,-0.984498
334.848,0.247244,-0.745451,-0.981143,-0.0014753,-0.979668
334.896,0.20822,-0.714062,-0.975794,-0.00126366,-0.97453
334.944,0.174211,-0.67889,-0.970193,-0.00110338,-0.969089
334.992,0.163705,-0.639048,-0.964321,-0.0010557,-0.963265
335.04,0.11919,-0.593312,-0.957847,-0.000883883,-0.956963
335.088,0.108192,-0.539967,-0.950815,-0.00084314,-0.949972
335.136,0.0936873,-0.476393,-0.943115,-0.000792673,-0.942322
335.184,0.0821816,-0.3986,-0.934387,-0.000753175,-0.933634
335.232,0.024653,-0.299899,-0.92398,-0.0005967,-0.923383
335.28,0.0341592,-0.168015,-0.911471,-0.000612958,-0.910858
335.328,-0.00484879,0.0223297,-0.894839,-0.000518385,-0.89432
335.376,0.00314948,0.331495,-0.870462,-0.000522158,-0.86994
335.424,-0.0133551,0.906132,-0.828792,-0.000467667,-0.828324
335.472,-0.0443648,1.64309,-0.767557,-0.000384976,-0.767172
335.52,-0.0583782,1.14375,-0.781048,-0.000372189,-0.780676
335.568,-0.0923873,-0.551723,-0.901863,-0.000377597,-0.901486
335.616,-0.117398,-0.892776,-0.939585,-0.000358068,-0.939227
335.664,-0.114399,-0.888834,-0.936323,-0.000362421,-0.93596
335.712,-0.137902,-0.875479,-0.931676,-0.000330199,-0.931346
335.76,-0.207428,-0.861132,-0.926845,-0.000251169,-0.926594
335.808,-0.164913,-0.845859,-0.922124,-0.000296353,-0.921828
335.856,-0.190415,-0.829543,-0.917268,-0.000267827,-0.917
335.904,-0.195922,-0.812047,-0.912318,-0.000261751,-0.912057
335.952,-0.232439,-0.793203,-0.907172,-0.000226514,-0.906945
336,-0.237438,-0.772784,-0.902034,-0.000221766,-0.901812
336.048,-0.233947,-0.750526,-0.896877,-0.000224431,-0.896652
336.096,-0.242437,-0.726122,-0.891542,-0.000216672,-0.891325
336.144,-0.274954,-0.699166,-0.886046,-0.00019034,-0.885856
336.192,-0.28646,-0.669149,-0.880371,-0.00018152,-0.88019
336.24,-0.291967,-0.635401,-0.874492,-0.000177174,-0.874315
336.288,-0.314962,-0.597027,-0.86834,-0.000161415,-0.868179
336.336,-0.286952,-0.552819,-0.861836,-0.000179526,-0.861656
336.384,-0.336482,-0.501056,-0.854729,-0.000147243,-0.854582
336.432,-0.333974,-0.439183,-0.847056,-0.000147977,-0.846908
336.48,-0.334974,-0.36323,-0.838475,-0.000146521,-0.838329
336.528,-0.336974,-0.266574,-0.828714,-0.000144276,-0.82857
336.576,-0.388995,-0.137182,-0.816886,-0.000116468,-0.816769
336.624,-0.401009,0.0494536,-0.801543,-0.000109496,-0.801434
336.672,-0.392994,0.350716,-0.779616,-0.000110363,-0.779506
336.72,-0.446016,0.898817,-0.74299,-8.58105e-05,-0.742904
336.768,-0.444524,1.59013,-0.690888,-8.06157e-05,-0.690808
336.816,-0.482532,1.14034,-0.70014,-7.07008e-05,-0.700069
336.864,-0.451523,-0.505604,-0.803345,-9.20101e-05,-0.803253
336.912,-0.512542,-0.880244,-0.839014,-7.59887e-05,-0.838938
336.96,-0.471027,-0.883155,-0.836109,-8.95095e-05,-0.836019
337.008,-0.491039,-0.875445,-0.831877,-8.27057e-05,-0.831795
337.056,-0.534554,-0.867169,-0.827615,-6.96863e-05,-0.827546
337.104,-0.525048,-0.858525,-0.823281,-7.22843e-05,-0.823209
337.152,-0.532046,-0.849463,-0.819024,-7.02778e-05,-0.818954
337.2,-0.553058,-0.839939,-0.81475,-6.46711e-05,-0.814686
337.248,-0.580577,-0.829914,-0.81041,-5.801e-05,-0.810352
337.296,-0.630582,-0.819337,-0.805939,-4.76406e-05,-0.805891
337.344,-0.617077,-0.808129,-0.801537,-5.01878e-05,-0.801487
337.392,-0.589575,-0.796213,-0.797152,-5.58515e-05,-0.797096
337.44,-0.620077,-0.783508,-0.792664,-4.95056e-05,-0.792615
337.488,-0.601572,-0.769896,-0.78824,-5.3175e-05,-0.788187
337.536,-0.631091,-0.755243,-0.783845,-4.7308e-05,-0.783798
337.584,-0.629091,-0.739424,-0.779345,-4.76215e-05,-0.779298
337.632,-0.642596,-0.722246,-0.774863,-4.51041e-05,-0.774818
337.68,-0.645088,-0.703506,-0.770279,-4.46001e-05,-0.770235
337.728,-0.673606,-0.682947,-0.765587,-3.98165e-05,-0.765547
337.776,-0.634598,-0.660254,-0.760775,-4.63157e-05,-0.760729
337.824,-0.668099,-0.635005,-0.755888,-4.05329e-05,-0.755848
337.872,-0.649595,-0.606689,-0.750897,-4.34869e-05,-0.750853
337.92,-0.625584,-0.574619,-0.745774,-4.76606e-05,-0.745726
337.968,-0.660101,-0.537894,-0.740405,-4.15064e-05,-0.740364
338.016,-0.697617,-0.495287,-0.734687,-3.57075e-05,-0.734651
338.064,-0.676605,-0.445041,-0.728609,-3.86215e-05,-0.728571
338.112,-0.723628,-0.384562,-0.721912,-3.19645e-05,-0.72188
338.16,-0.714122,-0.309818,-0.714471,-3.29837e-05,-0.714438
338.208,-0.726119,-0.214051,-0.705995,-3.1231e-05,-0.705963
338.256,-0.724628,-0.0850339,-0.695801,-3.10965e-05,-0.69577
338.304,-0.781648,0.101994,-0.682576,-2.45021e-05,-0.682552
338.352,-0.767143,0.403293,-0.663642,-2.53295e-05,-0.663617
338.4,-0.737625,0.934997,-0.632888,-2.72413e-05,-0.632861
338.448,-0.795153,1.53624,-0.592755,-2.04529e-05,-0.592734
338.496,-0.81315,1.04518,-0.60402,-1.95093e-05,-0.604
338.544,-0.807659,-0.513998,-0.688428,-2.28216e-05,-0.688406
338.592,-0.78114,-0.859973,-0.716167,-2.64584e-05,-0.71614
338.64,-0.787139,-0.868821,-0.714071,-2.58795e-05,-0.714045
338.688,-0.824655,-0.867458,-0.710832,-2.23364e-05,-0.710809
338.736,-0.83167,-0.86593,-0.707555,-2.17276e-05,-0.707533
338.784,-0.83367,-0.864474,-0.704333,-2.15554e-05,-0.704311
338.832,-0.900196,-0.863114,-0.70102,-1.66032e-05,-0.701003
338.88,-0.825163,-0.861838,-0.697886,-2.2282e-05,-0.697864
338.928,-0.837161,-0.86066,-0.694688,-2.12558e-05,-0.694667
338.976,-0.858173,-0.859576,-0.691576,-1.95727e-05,-0.691557
339.024,-0.910194,-0.858601,-0.688438,-1.5959e-05,-0.688422
339.072,-0.866171,-0.857732,-0.685411,-1.89654e-05,-0.685392
339.12,-0.854174,-0.856975,-0.682403,-1.9878e-05,-0.682383
339.168,-0.873186,-0.856338,-0.679421,-1.84487e-05,-0.679403
339.216,-0.867171,-0.855822,-0.676519,-1.88883e-05,-0.6765
339.264,-0.855665,-0.855431,-0.673674,-1.97595e-05,-0.673655
339.312,-0.881184,-0.855172,-0.670877,-1.78772e-05,-0.670859
339.36,-0.885691,-0.855059,-0.668084,-1.75637e-05,-0.668066
339.408,-0.899688,-0.855096,-0.665323,-1.66255e-05,-0.665306
339.456,-0.885691,-0.855297,-0.662551,-1.7564e-05,-0.662534
339.504,-0.876185,-0.855665,-0.65985,-1.82317e-05,-0.659832
339.552,-0.909686,-0.856201,-0.657213,-1.59875e-05,-0.657197
339.6,-0.927699,-0.856927,-0.654568,-1.48978e-05,-0.654553
339.648,-0.904687,-0.857853,-0.651923,-1.63061e-05,-0.651907
339.696,-0.913685,-0.858988,-0.649313,-1.5742e-05,-0.649297
339.744,-0.915193,-0.860323,-0.646852,-1.56508e-05,-0.646836
339.792,-0.924699,-0.861891,-0.644328,-1.50798e-05,-0.644313
339.84,-0.902688,-0.863696,-0.641862,-1.64418e-05,-0.641846
339.888,-0.926699,-0.865747,-0.639424,-1.49665e-05,-0.639409
339.936,-0.912194,-0.868064,-0.636981,-1.58454e-05,-0.636965
339.984,-0.947203,-0.870655,-0.634558,-1.38152e-05,-0.634545
340.032,-0.977721,-0.873538,-0.632115,-1.22595e-05,-0.632103
340.08,-0.985227,-0.876723,-0.629709,-1.19067e-05,-0.629697
340.128,-0.984227,-0.880221,-0.627342,-1.19567e-05,-0.62733
340.176,-0.946203,-0.884039,-0.625058,-1.38839e-05,-0.625044
340.224,-0.976213,-0.888187,-0.622825,-1.23462e-05,-0.622813
340.272,-0.970722,-0.892682,-0.620602,-1.26193e-05,-0.620589
340.32,-0.973721,-0.897531,-0.61845,-1.24764e-05,-0.618438
340.368,-0.976721,-0.902749,-0.616294,-1.23355e-05,-0.616282
340.416,-0.993225,-0.908344,-0.614181,-1.15673e-05,-0.614169
340.464,-0.994717,-0.914328,-0.612081,-1.15052e-05,-0.612069
340.512,-1.02024,-0.920709,-0.61,-1.04145e-05,-0.60999
340.56,-1.02324,-0.9275,-0.607911,-1.02981e-05,-0.607901
340.608,-1.02874,-0.934702,-0.605868,-1.00837e-05,-0.605858
340.656,-1.01473,-0.942317,-0.60389,-1.06597e-05,-0.603879
340.704,-1.01473,-0.950346,-0.601979,-1.06664e-05,-0.601969
340.752,-1.03374,-0.958793,-0.600092,-9.90637e-06,-0.600082
340.8,-1.02024,-0.967662,-0.598234,-1.04524e-05,-0.598223
340.848,-0.996225,-0.976934,-0.596535,-1.14929e-05,-0.596523
340.896,-1.02124,-0.986612,-0.594847,-1.04268e-05,-0.594837
340.944,-1.01324,-0.996692,-0.593227,-1.07675e-05,-0.593216
340.992,-1.05624,-1.00717,-0.591607,-9.10349e-06,-0.591597
341.04,-1.04725,-1.01804,-0.58996,-9.43843e-06,-0.58995
341.088,-1.01273,-1.02928,-0.588402,-1.08162e-05,-0.588392
341.136,-1.01424,-1.04088,-0.586923,-1.0762e-05,-0.586912
341.184,-1.00573,-1.05281,-0.585509,-1.11374e-05,-0.585498
341.232,-1.00924,-1.06507,-0.584147,-1.09956e-05,-0.584136
341.28,-1.02124,-1.07764,-0.582779,-1.05003e-05,-0.582768
341.328,-0.996225,-1.09049,-0.581489,-1.15941e-05,-0.581477
341.376,-1.03274,-1.10361,-0.580147,-1.00571e-05,-0.580137
341.424,-1.02474,-1.11697,-0.578846,-1.03883e-05,-0.578836
341.472,-1.04474,-1.13056,-0.577529,-9.61472e-06,-0.57752
341.52,-1.01524,-1.14433,-0.576343,-1.08056e-05,-0.576332
341.568,-1.02823,-1.15826,-0.575147,-1.02795e-05,-0.575137
341.616,-1.05775,-1.17235,-0.573891,-9.16563e-06,-0.573882
341.664,-1.05724,-1.18655,-0.572628,-9.19391e-06,-0.572619
341.712,-1.07275,-1.20085,-0.571326,-8.66094e-06,-0.571318
341.76,-1.03323,-1.2152,-0.570102,-1.0124e-05,-0.570092
341.808,-1.03323,-1.22959,-0.568953,-1.01352e-05,-0.568943
341.856,-1.04225,-1.24399,-0.567797,-9.79386e-06,-0.567787
341.904,-1.06575,-1.25837,-0.566646,-8.94119e-06,-0.566637
341.952,-1.05425,-1.27271,-0.565495,-9.36417e-06,-0.565485
342,-1.05425,-1.28699,-0.564407,-9.37436e-06,-0.564398
342.048,-1.07075,-1.30118,-0.563255,-8.79624e-06,-0.563246
342.096,-1.10276,-1.31526,-0.562053,-7.76672e-06,-0.562045
342.144,-1.08326,-1.32922,-0.560796,-8.39308e-06,-0.560788
342.192,-1.06926,-1.34303,-0.559627,-8.87605e-06,-0.559618
342.24,-1.07075,-1.35667,-0.558557,-8.83341e-06,-0.558548
342.288,-1.07026,-1.37012,-0.557477,-8.85949e-06,-0.557468
342.336,-1.06875,-1.38337,-0.556394,-8.921e-06,-0.556385
342.384,-1.07075,-1.3964,-0.555268,-8.86005e-06,-0.555259
342.432,-1.03174,-1.4092,-0.554313,-1.03348e-05,-0.554302
342.48,-1.05025,-1.42176,-0.553355,-9.62044e-06,-0.553345
342.528,-1.04225,-1.43406,-0.552399,-9.93626e-06,-0.552389
342.576,-1.05975,-1.4461,-0.551425,-9.28541e-06,-0.551416
342.624,-1.06575,-1.45788,-0.550463,-9.07755e-06,-0.550454
342.672,-1.06575,-1.46939,-0.549449,-9.08543e-06,-0.54944
342.72,-1.07326,-1.48061,-0.548543,-8.82929e-06,-0.548534
342.768,-1.06324,-1.49155,-0.54759,-9.19055e-06,-0.547581
342.816,-1.02923,-1.5022,-0.546673,-1.05104e-05,-0.546662
342.864,-1.04625,-1.51256,-0.545766,-9.83965e-06,-0.545756
342.912,-1.04574,-1.52264,-0.544896,-9.86674e-06,-0.544886
342.96,-1.02224,-1.53242,-0.544027,-1.08275e-05,-0.544016
343.008,-1.08476,-1.54192,-0.54308,-8.47869e-06,-0.543071
343.056,-1.02874,-1.55113,-0.542151,-1.05695e-05,-0.54214
343.104,-1.07375,-1.56006,-0.541247,-8.86504e-06,-0.541238
343.152,-1.05225,-1.56871,-0.540308,-9.65142e-06,-0.540299
343.2,-1.07826,-1.57708,-0.539399,-8.72081e-06,-0.53939
343.248,-1.08976,-1.58518,-0.538419,-8.34106e-06,-0.538411
343.296,-1.11377,-1.59301,-0.537384,-7.59583e-06,-0.537376
343.344,-1.08876,-1.60059,-0.536384,-8.38349e-06,-0.536376
343.392,-1.09627,-1.6079,-0.535425,-8.1447e-06,-0.535417
343.44,-1.08026,-1.61495,-0.534491,-8.67722e-06,-0.534483
343.488,-1.11227,-1.62177,-0.533447,-7.65732e-06,-0.533439
343.536,-1.11227,-1.62834,-0.532406,-7.66107e-06,-0.532399
343.584,-1.10227,-1.63467,-0.531448,-7.97123e-06,-0.53144
343.632,-1.10677,-1.64078,-0.53045,-7.83511e-06,-0.530442
343.68,-1.15029,-1.64667,-0.529316,-6.60864e-06,-0.529309
343.728,-1.17679,-1.65234,-0.528109,-5.9587e-06,-0.528103
343.776,-1.2168,-1.65782,-0.526756,-5.09541e-06,-0.526751
343.824,-1.22331,-1.66311,-0.525315,-4.96896e-06,-0.52531
343.872,-1.26333,-1.66821,-0.523778,-4.24867e-06,-0.523774
343.92,-1.29883,-1.67313,-0.522155,-3.69777e-06,-0.522152
343.968,-1.30485,-1.67789,-0.520424,-3.61283e-06,-0.520421
344.016,-1.31935,-1.68247,-0.518698,-3.41418e-06,-0.518694
344.064,-1.33986,-1.68689,-0.516962,-3.15139e-06,-0.516959
344.112,-1.31984,-1.69115,-0.515243,-3.4098e-06,-0.51524
344.16,-1.33235,-1.69526,-0.513477,-3.24758e-06,-0.513474
344.208,-1.33686,-1.69923,-0.511744,-3.19161e-06,-0.511741
344.256,-1.33535,-1.70305,-0.510031,-3.21145e-06,-0.510028
344.304,-1.30734,-1.70672,-0.508415,-3.58537e-06,-0.508411
344.352,-1.28383,-1.71026,-0.506883,-3.93263e-06,-0.506879
344.4,-1.30234,-1.71366,-0.505382,-3.65824e-06,-0.505378
344.448,-1.29283,-1.71693,-0.503911,-3.79814e-06,-0.503907
344.496,-1.28783,-1.72008,-0.502483,-3.87424e-06,-0.502479
344.544,-1.28233,-1.7231,-0.501109,-3.95973e-06,-0.501105
344.592,-1.26882,-1.72601,-0.499754,-4.17603e-06,-0.49975
344.64,-1.26733,-1.7288,-0.498407,-4.2014e-06,-0.498402
344.688,-1.30434,-1.73149,-0.49706,-3.63446e-06,-0.497056
344.736,-1.26533,-1.73407,-0.495761,-4.23614e-06,-0.495757
344.784,-1.29134,-1.73655,-0.494483,-3.82598e-06,-0.494479
344.832,-1.25732,-1.73893,-0.493268,-4.37299e-06,-0.493263
344.88,-1.30534,-1.74122,-0.492072,-3.62285e-06,-0.492069
344.928,-1.28184,-1.74342,-0.490823,-3.97335e-06,-0.490819
344.976,-1.26682,-1.74553,-0.48962,-4.215e-06,-0.489615
345.024,-1.24532,-1.74755,-0.488523,-4.58662e-06,-0.488519
345.072,-1.26733,-1.7495,-0.487393,-4.20785e-06,-0.487388
345.12,-1.25432,-1.75136,-0.486291,-4.42881e-06,-0.486286
345.168,-1.26582,-1.75315,-0.485193,-4.23395e-06,-0.485189
345.216,-1.27384,-1.75487,-0.48413,-4.10345e-06,-0.484126
345.264,-1.28333,-1.75652,-0.483012,-3.954e-06,-0.483008
345.312,-1.27182,-1.75811,-0.481923,-4.13701e-06,-0.481919
345.36,-1.28834,-1.75963,-0.480824,-3.87787e-06,-0.48082
345.408,-1.25532,-1.7611,-0.47975,-4.41466e-06,-0.479745
345.456,-1.32886,-1.76251,-0.478576,-3.3088e-06,-0.478572
345.504,-1.34186,-1.76387,-0.477262,-3.14467e-06,-0.477259
345.552,-1.35385,-1.7652,-0.475867,-3.00041e-06,-0.475864
345.6,-1.38286,-1.76648,-0.474375,-2.67797e-06,-0.474372
345.648,-1.41789,-1.76772,-0.472894,-2.33444e-06,-0.472892
345.696,-1.44239,-1.76893,-0.471332,-2.12071e-06,-0.47133
345.744,-1.45139,-1.7701,-0.469747,-2.04735e-06,-0.469745
345.792,-1.43988,-1.77124,-0.468161,-2.14204e-06,-0.468159
345.84,-1.4499,-1.77234,-0.466594,-2.0597e-06,-0.466592
345.888,-1.42338,-1.77341,-0.465112,-2.28566e-06,-0.465109
345.936,-1.44088,-1.77445,-0.463644,-2.13416e-06,-0.463642
345.984,-1.42789,-1.77545,-0.462201,-2.24594e-06,-0.462199
346.032,-1.39288,-1.77642,-0.460771,-2.57671e-06,-0.460769
346.08,-1.40138,-1.77736,-0.459437,-2.49233e-06,-0.459435
346.128,-1.38237,-1.77827,-0.458147,-2.68547e-06,-0.458144
346.176,-1.39337,-1.77915,-0.456902,-2.57226e-06,-0.456899
346.224,-1.39388,-1.77999,-0.45568,-2.5673e-06,-0.455678
346.272,-1.41489,-1.78081,-0.454466,-2.36434e-06,-0.454463
346.32,-1.38037,-1.7816,-0.453328,-2.70728e-06,-0.453325
346.368,-1.39088,-1.78237,-0.452177,-2.59813e-06,-0.452175
346.416,-1.35836,-1.7831,-0.451097,-2.95173e-06,-0.451094
346.464,-1.40387,-1.78381,-0.449992,-2.46927e-06,-0.449989
346.512,-1.35536,-1.7845,-0.448909,-2.98697e-06,-0.448906
346.56,-1.38937,-1.78517,-0.447849,-2.61408e-06,-0.447846
346.608,-1.34585,-1.7858,-0.446866,-3.10074e-06,-0.446863
346.656,-1.36536,-1.78642,-0.445875,-2.87251e-06,-0.445872
346.704,-1.35285,-1.78701,-0.444893,-3.01705e-06,-0.44489
346.752,-1.36136,-1.78759,-0.443903,-2.91817e-06,-0.4439
346.8,-1.36436,-1.78814,-0.442982,-2.88416e-06,-0.44298
346.848,-1.35536,-1.78867,-0.442057,-2.98788e-06,-0.442054
346.896,-1.34836,-1.78919,-0.441165,-3.07115e-06,-0.441162
346.944,-1.34585,-1.78968,-0.440286,-3.10162e-06,-0.440283
346.992,-1.35085,-1.79016,-0.43943,-3.04151e-06,-0.439427
347.04,-1.30585,-1.79061,-0.4386,-3.62885e-06,-0.438597
347.088,-1.32786,-1.79105,-0.437844,-3.3288e-06,-0.437841
347.136,-1.35787,-1.79147,-0.437,-2.95925e-06,-0.436997
347.184,-1.35836,-1.79188,-0.436199,-2.95364e-06,-0.436196
347.232,-1.33335,-1.79227,-0.435501,-3.25817e-06,-0.435498
347.28,-1.33686,-1.79264,-0.434809,-3.21374e-06,-0.434806
347.328,-1.37886,-1.793,-0.434049,-2.72563e-06,-0.434046
347.376,-1.39688,-1.79335,-0.433192,-2.53977e-06,-0.433189
347.424,-1.43139,-1.79369,-0.43218,-2.21824e-06,-0.432178
347.472,-1.41389,-1.79404,-0.431151,-2.37595e-06,-0.431149
347.52,-1.42038,-1.79437,-0.43008,-2.31628e-06,-0.430078
347.568,-1.45139,-1.7947,-0.428994,-2.05106e-06,-0.428992
347.616,-1.51392,-1.79503,-0.427818,-1.60501e-06,-0.427816
347.664,-1.51242,-1.79536,-0.426651,-1.61447e-06,-0.426649
347.712,-1.50641,-1.79569,-0.425443,-1.65305e-06,-0.425442
347.76,-1.48441,-1.796,-0.424287,-1.80204e-06,-0.424286
347.808,-1.51542,-1.79632,-0.423123,-1.5957e-06,-0.423121
347.856,-1.48441,-1.79663,-0.421962,-1.80212e-06,-0.42196
347.904,-1.47991,-1.79694,-0.420891,-1.8343e-06,-0.420889
347.952,-1.49892,-1.79724,-0.419847,-1.70253e-06,-0.419845
348,-1.48791,-1.79753,-0.418795,-1.77773e-06,-0.418793
348.048,-1.4694,-1.79782,-0.417773,-1.91159e-06,-0.417771
348.096,-1.4744,-1.7981,-0.41674,-1.87452e-06,-0.416738
348.144,-1.49241,-1.79838,-0.415711,-1.74669e-06,-0.41571
348.192,-1.47591,-1.79865,-0.414738,-1.86354e-06,-0.414736
348.24,-1.45439,-1.79891,-0.413905,-2.0277e-06,-0.413903
348.288,-1.4599,-1.79916,-0.413053,-1.98441e-06,-0.413051
348.336,-1.4614,-1.79941,-0.412179,-1.97274e-06,-0.412177
348.384,-1.44739,-1.79964,-0.411371,-2.08425e-06,-0.411369
348.432,-1.4594,-1.79988,-0.41051,-1.98835e-06,-0.410508
348.48,-1.43539,-1.8001,-0.409749,-2.18474e-06,-0.409747
348.528,-1.42038,-1.80032,-0.408985,-2.31729e-06,-0.408983
348.576,-1.4549,-1.80052,-0.408249,-2.02391e-06,-0.408247
348.624,-1.42489,-1.80072,-0.40756,-2.27676e-06,-0.407557
348.672,-1.43639,-1.80091,-0.406898,-2.17632e-06,-0.406896
348.72,-1.42089,-1.80109,-0.406267,-2.31281e-06,-0.406265
348.768,-1.40587,-1.80127,-0.405654,-2.45313e-06,-0.405652
348.816,-1.36036,-1.80143,-0.405146,-2.93262e-06,-0.405143
348.864,-1.36436,-1.80158,-0.404659,-2.88701e-06,-0.404656
348.912,-1.36087,-1.80171,-0.404252,-2.92685e-06,-0.404249
348.96,-1.36387,-1.80185,-0.403766,-2.89264e-06,-0.403763
349.008,-1.41338,-1.80197,-0.40333,-2.38208e-06,-0.403327
349.056,-1.37886,-1.80208,-0.402837,-2.72745e-06,-0.402834
349.104,-1.33735,-1.80218,-0.40251,-3.20981e-06,-0.402506
349.152,-1.34585,-1.80228,-0.402166,-3.1045e-06,-0.402163
349.2,-1.31634,-1.80236,-0.40187,-3.48559e-06,-0.401867
349.248,-1.34035,-1.80243,-0.401607,-3.17232e-06,-0.401604
349.296,-1.31784,-1.80249,-0.401332,-3.46507e-06,-0.401329
349.344,-1.29483,-1.80254,-0.401154,-3.79238e-06,-0.40115
349.392,-1.27984,-1.80257,-0.401021,-4.02216e-06,-0.401017
349.44,-1.28983,-1.8026,-0.40088,-3.86749e-06,-0.400876
349.488,-1.36187,-1.80262,-0.400682,-2.91559e-06,-0.400679
349.536,-1.35185,-1.80263,-0.400437,-3.03239e-06,-0.400434
349.584,-1.41989,-1.80265,-0.400001,-2.32217e-06,-0.399999
349.632,-1.46389,-1.80267,-0.39942,-1.95403e-06,-0.399418
349.68,-1.52693,-1.80271,-0.398631,-1.52601e-06,-0.398629
349.728,-1.53944,-1.80275,-0.397747,-1.45297e-06,-0.397745
349.776,-1.51942,-1.8028,-0.396868,-1.57162e-06,-0.396867
349.824,-1.56994,-1.80285,-0.395963,-1.28914e-06,-0.395961
349.872,-1.52442,-1.8029,-0.395131,-1.54111e-06,-0.395129
349.92,-1.55843,-1.80296,-0.39421,-1.34866e-06,-0.394209
349.968,-1.52142,-1.80302,-0.393319,-1.55936e-06,-0.393318
350.016,-1.54243,-1.80309,-0.39244,-1.43601e-06,-0.392438
350.064,-1.53293,-1.80316,-0.391546,-1.49057e-06,-0.391544
350.112,-1.55894,-1.80323,-0.390723,-1.34601e-06,-0.390722
350.16,-1.52993,-1.8033,-0.38993,-1.50822e-06,-0.389929
350.208,-1.51442,-1.80337,-0.38919,-1.6028e-06,-0.389188
350.256,-1.50292,-1.80343,-0.388492,-1.6768e-06,-0.38849
350.304,-1.4684,-1.8035,-0.387842,-1.91991e-06,-0.38784
350.352,-1.52042,-1.80356,-0.387139,-1.56555e-06,-0.387138
350.4,-1.48291,-1.80362,-0.386524,-1.81374e-06,-0.386522
350.448,-1.46791,-1.80368,-0.385973,-1.92364e-06,-0.385971
350.496,-1.46891,-1.80373,-0.385458,-1.91612e-06,-0.385456
350.544,-1.42138,-1.80377,-0.384975,-2.30881e-06,-0.384973
350.592,-1.44839,-1.80381,-0.384528,-2.07673e-06,-0.384526
350.64,-1.4564,-1.80385,-0.384056,-2.01247e-06,-0.384053
350.688,-1.46891,-1.80388,-0.383662,-1.91614e-06,-0.38366
350.736,-1.40738,-1.8039,-0.38329,-2.43914e-06,-0.383287
350.784,-1.40738,-1.80392,-0.382954,-2.43914e-06,-0.382951
350.832,-1.41289,-1.80393,-0.382612,-2.38702e-06,-0.38261
350.88,-1.38186,-1.80394,-0.382341,-2.69592e-06,-0.382338
350.928,-1.39937,-1.80394,-0.382092,-2.51704e-06,-0.38209
350.976,-1.39188,-1.80393,-0.381818,-2.59208e-06,-0.381816
351.024,-1.39437,-1.80392,-0.381572,-2.56687e-06,-0.381569
351.072,-1.41389,-1.8039,-0.381294,-2.37767e-06,-0.381292
351.12,-1.39838,-1.80388,-0.381025,-2.52675e-06,-0.381022
351.168,-1.37637,-1.80385,-0.380809,-2.75459e-06,-0.380806
351.216,-1.38488,-1.80381,-0.380623,-2.6642e-06,-0.380621
351.264,-1.39037,-1.80377,-0.380437,-2.60743e-06,-0.380434
351.312,-1.38237,-1.80372,-0.380271,-2.69051e-06,-0.380268
351.36,-1.38337,-1.80367,-0.38014,-2.67997e-06,-0.380137
351.408,-1.36236,-1.80361,-0.379971,-2.91019e-06,-0.379968
351.456,-1.37036,-1.80355,-0.379861,-2.82029e-06,-0.379858
351.504,-1.36236,-1.80348,-0.379723,-2.91016e-06,-0.37972
351.552,-1.37036,-1.8034,-0.379602,-2.82026e-06,-0.379599
351.6,-1.38537,-1.80332,-0.379473,-2.65897e-06,-0.37947
351.648,-1.34186,-1.80323,-0.379433,-3.15381e-06,-0.37943
351.696,-1.35585,-1.80314,-0.379375,-2.98531e-06,-0.379372
351.744,-1.35936,-1.80305,-0.379293,-2.9445e-06,-0.379291
351.792,-1.37136,-1.80295,-0.379183,-2.80913e-06,-0.37918
351.84,-1.34536,-1.80284,-0.379124,-3.11063e-06,-0.379121
351.888,-1.35085,-1.80273,-0.37913,-3.04433e-06,-0.379127
351.936,-1.32084,-1.80261,-0.379143,-3.42458e-06,-0.379139
351.984,-1.33235,-1.80249,-0.379135,-3.27344e-06,-0.379131
352.032,-1.34086,-1.80236,-0.379172,-3.166e-06,-0.379169
352.08,-1.30634,-1.80222,-0.379299,-3.62496e-06,-0.379295
352.128,-1.29483,-1.80207,-0.379409,-3.79226e-06,-0.379405
352.176,-1.31434,-1.80192,-0.379525,-3.51293e-06,-0.379521
352.224,-1.33835,-1.80177,-0.379586,-3.19716e-06,-0.379583
352.272,-1.33086,-1.80162,-0.379569,-3.29244e-06,-0.379565
352.32,-1.35736,-1.80146,-0.379479,-2.96735e-06,-0.379476
352.368,-1.44239,-1.80132,-0.379172,-2.12579e-06,-0.37917
352.416,-1.45139,-1.80119,-0.378731,-2.05205e-06,-0.378729
352.464,-1.49241,-1.80107,-0.378205,-1.74704e-06,-0.378203
352.512,-1.48991,-1.80095,-0.377672,-1.76429e-06,-0.377671
352.56,-1.4939,-1.80084,-0.377171,-1.73682e-06,-0.377169
352.608,-1.52091,-1.80073,-0.376603,-1.56222e-06,-0.376602
352.656,-1.50141,-1.80064,-0.376023,-1.6864e-06,-0.376021
352.704,-1.53393,-1.80054,-0.37543,-1.48446e-06,-0.375428
352.752,-1.54543,-1.80046,-0.374822,-1.41894e-06,-0.374821
352.8,-1.52842,-1.80038,-0.374193,-1.51685e-06,-0.374192
352.848,-1.54693,-1.80031,-0.373564,-1.41065e-06,-0.373563
352.896,-1.51392,-1.80024,-0.373022,-1.60563e-06,-0.37302
352.944,-1.52893,-1.80017,-0.372457,-1.51381e-06,-0.372455
352.992,-1.48241,-1.8001,-0.371895,-1.81678e-06,-0.371893
353.04,-1.49841,-1.80004,-0.371395,-1.70628e-06,-0.371394
353.088,-1.53593,-1.79998,-0.3709,-1.4728e-06,-0.370899
353.136,-1.51592,-1.79992,-0.370419,-1.59305e-06,-0.370417
353.184,-1.4909,-1.79986,-0.369957,-1.75725e-06,-0.369955
353.232,-1.4704,-1.7998,-0.369583,-1.9044e-06,-0.369581
353.28,-1.43188,-1.79973,-0.369274,-2.21496e-06,-0.369272
353.328,-1.44939,-1.79966,-0.368943,-2.06798e-06,-0.368941
353.376,-1.46589,-1.79959,-0.368629,-1.93833e-06,-0.368627
353.424,-1.44239,-1.79952,-0.368373,-2.12551e-06,-0.368371
353.472,-1.4439,-1.79945,-0.368115,-2.11296e-06,-0.368112
353.52,-1.44088,-1.79937,-0.367916,-2.13809e-06,-0.367914
353.568,-1.43639,-1.79928,-0.367711,-2.17607e-06,-0.367709
353.616,-1.40938,-1.79919,-0.367578,-2.41925e-06,-0.367576
353.664,-1.39437,-1.7991,-0.367518,-2.56597e-06,-0.367516
353.712,-1.38237,-1.799,-0.367476,-2.68958e-06,-0.367473
353.76,-1.40187,-1.79889,-0.367391,-2.49148e-06,-0.367389
353.808,-1.40088,-1.79878,-0.367321,-2.50125e-06,-0.367318
353.856,-1.38037,-1.79867,-0.367246,-2.7107e-06,-0.367243
353.904,-1.36787,-1.79855,-0.367287,-2.84695e-06,-0.367285
353.952,-1.35436,-1.79842,-0.367381,-3.00179e-06,-0.367378
354,-1.34336,-1.79828,-0.367518,-3.13408e-06,-0.367515
354.048,-1.33735,-1.79813,-0.367647,-3.20886e-06,-0.367644
354.096,-1.33335,-1.79798,-0.367794,-3.25956e-06,-0.367791
354.144,-1.34785,-1.79782,-0.367968,-3.07925e-06,-0.367965
354.192,-1.33286,-1.79765,-0.368166,-3.26577e-06,-0.368163
354.24,-1.33786,-1.79748,-0.368359,-3.20232e-06,-0.368356
354.288,-1.32184,-1.7973,-0.368547,-3.40986e-06,-0.368544
354.336,-1.32684,-1.79712,-0.368734,-3.34361e-06,-0.368731
354.384,-1.32986,-1.79692,-0.368964,-3.30424e-06,-0.36896
354.432,-1.31284,-1.79673,-0.369157,-3.5322e-06,-0.369154
354.48,-1.35185,-1.79653,-0.369307,-3.03104e-06,-0.369304
354.528,-1.30334,-1.79633,-0.36945,-3.66628e-06,-0.369446
354.576,-1.30485,-1.79612,-0.369675,-3.64461e-06,-0.369671
354.624,-1.29985,-1.7959,-0.369939,-3.71671e-06,-0.369935
354.672,-1.32735,-1.79568,-0.370217,-3.3366e-06,-0.370213
354.72,-1.33886,-1.79546,-0.370366,-3.18932e-06,-0.370363
354.768,-1.34385,-1.79524,-0.370531,-3.12734e-06,-0.370528
354.816,-1.31884,-1.79501,-0.370758,-3.44963e-06,-0.370754
354.864,-1.33186,-1.79478,-0.370918,-3.27792e-06,-0.370915
354.912,-1.33786,-1.79454,-0.371106,-3.20164e-06,-0.371102
354.96,-1.32235,-1.7943,-0.371305,-3.40232e-06,-0.371302
355.008,-1.32786,-1.79406,-0.371475,-3.32956e-06,-0.371472
355.056,-1.33386,-1.79383,-0.371602,-3.25208e-06,-0.371599
355.104,-1.33486,-1.79358,-0.371777,-3.2393e-06,-0.371774
355.152,-1.32735,-1.79334,-0.371901,-3.33603e-06,-0.371898
355.2,-1.27733,-1.79309,-0.372098,-4.05911e-06,-0.372094
355.248,-1.27384,-1.79284,-0.372419,-4.11499e-06,-0.372415
355.296,-1.31735,-1.79259,-0.372576,-3.46926e-06,-0.372573
355.344,-1.36136,-1.79234,-0.372644,-2.91922e-06,-0.372641
355.392,-1.39137,-1.79209,-0.372644,-2.59501e-06,-0.372641
355.44,-1.44239,-1.79186,-0.372413,-2.12432e-06,-0.372411
355.488,-1.4584,-1.79164,-0.372118,-1.99497e-06,-0.372117
355.536,-1.4684,-1.79143,-0.371774,-1.91822e-06,-0.371772
355.584,-1.47791,-1.79122,-0.371352,-1.84799e-06,-0.37135
355.632,-1.4734,-1.79103,-0.370873,-1.88092e-06,-0.370871
355.68,-1.53442,-1.79085,-0.370372,-1.48054e-06,-0.37037
355.728,-1.51542,-1.79068,-0.369855,-1.59505e-06,-0.369854
355.776,-1.51742,-1.79051,-0.369348,-1.58257e-06,-0.369347
355.824,-1.55543,-1.79036,-0.368821,-1.36337e-06,-0.368819
355.872,-1.51742,-1.7902,-0.36836,-1.58253e-06,-0.368358
355.92,-1.50241,-1.79005,-0.367975,-1.6785e-06,-0.367974
355.968,-1.4929,-1.78991,-0.367576,-1.74225e-06,-0.367575
356.016,-1.49792,-1.78977,-0.367165,-1.70829e-06,-0.367163
356.064,-1.50341,-1.78963,-0.366737,-1.67188e-06,-0.366735
356.112,-1.4939,-1.7895,-0.366321,-1.73538e-06,-0.366319
356.16,-1.4489,-1.78937,-0.366012,-2.07041e-06,-0.36601
356.208,-1.4539,-1.78924,-0.365691,-2.03019e-06,-0.365689
356.256,-1.4704,-1.78911,-0.365414,-1.90291e-06,-0.365412
356.304,-1.47191,-1.78898,-0.365132,-1.89167e-06,-0.36513
356.352,-1.4554,-1.78885,-0.36487,-2.01816e-06,-0.364868
356.4,-1.4479,-1.78872,-0.364641,-2.07844e-06,-0.364639
356.448,-1.47391,-1.78859,-0.36443,-1.87684e-06,-0.364428
356.496,-1.43688,-1.78846,-0.364208,-2.17016e-06,-0.364206
356.544,-1.41838,-1.78833,-0.364055,-2.3335e-06,-0.364052
356.592,-1.42638,-1.78819,-0.363923,-2.26141e-06,-0.363921
356.64,-1.42489,-1.78805,-0.363841,-2.27465e-06,-0.363838
356.688,-1.42889,-1.78791,-0.363739,-2.23923e-06,-0.363737
356.736,-1.43639,-1.78777,-0.363641,-2.17424e-06,-0.363639
356.784,-1.42989,-1.78763,-0.3635,-2.23042e-06,-0.363498
356.832,-1.41238,-1.78748,-0.363467,-2.38891e-06,-0.363465
356.88,-1.37937,-1.78732,-0.36354,-2.71909e-06,-0.363537
356.928,-1.35887,-1.78716,-0.36367,-2.94676e-06,-0.363667
356.976,-1.36436,-1.78699,-0.363816,-2.88394e-06,-0.363813
357.024,-1.38488,-1.78682,-0.36391,-2.66089e-06,-0.363907
357.072,-1.33735,-1.78664,-0.36401,-3.20616e-06,-0.364007
357.12,-1.35636,-1.78646,-0.364131,-2.97573e-06,-0.364128
357.168,-1.33135,-1.78627,-0.364324,-3.28241e-06,-0.364321
357.216,-1.34585,-1.78607,-0.364559,-3.10083e-06,-0.364556
357.264,-1.29783,-1.78587,-0.364821,-3.74346e-06,-0.364817
357.312,-1.31134,-1.78565,-0.365126,-3.55027e-06,-0.365122
357.36,-1.29683,-1.78544,-0.365426,-3.75805e-06,-0.365422
357.408,-1.32135,-1.78521,-0.365659,-3.41342e-06,-0.365656
357.456,-1.33986,-1.78499,-0.365864,-3.1744e-06,-0.36586
357.504,-1.30934,-1.78476,-0.366132,-3.57799e-06,-0.366128
357.552,-1.29134,-1.78452,-0.366436,-3.83961e-06,-0.366432
357.6,-1.30285,-1.78428,-0.366749,-3.67012e-06,-0.366745
357.648,-1.28683,-1.78403,-0.367085,-3.90795e-06,-0.367082
357.696,-1.29134,-1.78378,-0.367351,-3.8394e-06,-0.367347
357.744,-1.30183,-1.78352,-0.367594,-3.68457e-06,-0.36759
357.792,-1.29583,-1.78326,-0.367938,-3.77222e-06,-0.367935
357.84,-1.26982,-1.78299,-0.368326,-4.1773e-06,-0.368322
357.888,-1.29783,-1.78272,-0.368673,-3.7426e-06,-0.36867
357.936,-1.27784,-1.78245,-0.36897,-4.04787e-06,-0.368966
357.984,-1.28333,-1.78217,-0.369305,-3.96154e-06,-0.369301
358.032,-1.28983,-1.78189,-0.369564,-3.86164e-06,-0.36956
358.08,-1.33986,-1.78161,-0.36977,-3.17362e-06,-0.369767
358.128,-1.31484,-1.78133,-0.369998,-3.50066e-06,-0.369994
358.176,-1.31384,-1.78105,-0.370252,-3.51434e-06,-0.370249
358.224,-1.28333,-1.78076,-0.370582,-3.96114e-06,-0.370578
358.272,-1.27784,-1.78047,-0.370893,-4.04728e-06,-0.370889
358.32,-1.26282,-1.78017,-0.371233,-4.29267e-06,-0.371229
358.368,-1.33086,-1.77987,-0.371522,-3.2872e-06,-0.371519
358.416,-1.27784,-1.77957,-0.371877,-4.04702e-06,-0.371873
358.464,-1.23432,-1.77926,-0.372334,-4.80009e-06,-0.37233
358.512,-1.25732,-1.77895,-0.372784,-4.38601e-06,-0.37278
358.56,-1.23781,-1.77863,-0.373257,-4.73459e-06,-0.373252
358.608,-1.22481,-1.7783,-0.373774,-4.98209e-06,-0.373769
358.656,-1.1988,-1.77796,-0.374298,-5.51707e-06,-0.374292
358.704,-1.22282,-1.77762,-0.374842,-5.02107e-06,-0.374837
358.752,-1.22881,-1.77728,-0.375309,-4.90419e-06,-0.375304
358.8,-1.2058,-1.77693,-0.375869,-5.36728e-06,-0.375864
358.848,-1.23932,-1.77658,-0.376355,-4.70597e-06,-0.37635
358.896,-1.22082,-1.77623,-0.376878,-5.06009e-06,-0.376872
358.944,-1.1923,-1.77587,-0.377423,-5.65881e-06,-0.377418
358.992,-1.22031,-1.7755,-0.377955,-5.06991e-06,-0.37795
359.04,-1.22881,-1.77514,-0.378427,-4.90342e-06,-0.378422
359.088,-1.2323,-1.77477,-0.378962,-4.8366e-06,-0.378957
359.136,-1.20531,-1.77439,-0.379495,-5.37664e-06,-0.37949
359.184,-1.20731,-1.77401,-0.380041,-5.33449e-06,-0.380036
359.232,-1.22581,-1.77363,-0.380587,-4.9609e-06,-0.380582
359.28,-1.23532,-1.77325,-0.381045,-4.7792e-06,-0.38104
359.328,-1.1903,-1.77287,-0.381511,-5.70211e-06,-0.381505
359.376,-1.22182,-1.77248,-0.38198,-5.0389e-06,-0.381975
359.424,-1.1988,-1.77209,-0.382479,-5.51469e-06,-0.382473
359.472,-1.2048,-1.77171,-0.382881,-5.3863e-06,-0.382876
359.52,-1.21731,-1.77132,-0.383352,-5.12834e-06,-0.383347
359.568,-1.1943,-1.77093,-0.383813,-5.61257e-06,-0.383807
359.616,-1.18079,-1.77053,-0.3843,-5.91772e-06,-0.384294
359.664,-1.21331,-1.77014,-0.384725,-5.20896e-06,-0.38472
359.712,-1.1833,-1.76975,-0.385189,-5.85946e-06,-0.385183
359.76,-1.23781,-1.76935,-0.385617,-4.73138e-06,-0.385612
359.808,-1.1998,-1.76896,-0.3861,-5.49185e-06,-0.386095
359.856,-1.18079,-1.76856,-0.386623,-5.91686e-06,-0.386617
359.904,-1.16679,-1.76815,-0.387213,-6.25059e-06,-0.387207
359.952,-1.17979,-1.76774,-0.38775,-5.93976e-06,-0.387744
360,-1.16078,-1.76733,-0.388317,-6.39943e-06,-0.388311
360.048,-1.15878,-1.76691,-0.388939,-6.44962e-06,-0.388933
360.096,-1.16329,-1.7665,-0.389505,-6.33641e-06,-0.389499
360.144,-1.16829,-1.76608,-0.390084,-6.21319e-06,-0.390077
360.192,-1.18779,-1.76566,-0.390588,-5.75543e-06,-0.390582
360.24,-1.14478,-1.76523,-0.391173,-6.81276e-06,-0.391166
360.288,-1.14327,-1.7648,-0.391776,-6.85295e-06,-0.391769
360.336,-1.10376,-1.76437,-0.39245,-8.00158e-06,-0.392442
360.384,-1.12026,-1.76393,-0.393111,-7.49977e-06,-0.393104
360.432,-1.13379,-1.76349,-0.393752,-7.11215e-06,-0.393745
360.48,-1.12977,-1.76306,-0.394287,-7.22482e-06,-0.39428
360.528,-1.10577,-1.76261,-0.394949,-7.93754e-06,-0.394941
360.576,-1.12728,-1.76216,-0.3956,-7.29528e-06,-0.395592
360.624,-1.12126,-1.76171,-0.396258,-7.4692e-06,-0.39625
360.672,-1.15729,-1.76126,-0.396815,-6.48477e-06,-0.396808
360.72,-1.14527,-1.76081,-0.397449,-6.79743e-06,-0.397442
360.768,-1.12177,-1.76035,-0.398052,-7.45359e-06,-0.398045
360.816,-1.11377,-1.75989,-0.39872,-7.69086e-06,-0.398713
360.864,-1.15729,-1.75944,-0.399242,-6.4839e-06,-0.399235
360.912,-1.13828,-1.75898,-0.399824,-6.98566e-06,-0.399817
360.96,-1.15478,-1.75853,-0.40029,-6.54755e-06,-0.400283
361.008,-1.12226,-1.75807,-0.400857,-7.43798e-06,-0.400849
361.056,-1.13578,-1.75761,-0.401435,-7.05354e-06,-0.401428
361.104,-1.13878,-1.75716,-0.401918,-6.97082e-06,-0.401911
361.152,-1.13479,-1.75671,-0.402364,-7.08079e-06,-0.402357
361.2,-1.15029,-1.75626,-0.402816,-6.66279e-06,-0.40281
361.248,-1.09427,-1.75581,-0.403274,-8.2998e-06,-0.403266
361.296,-1.16929,-1.75536,-0.403744,-6.184e-06,-0.403738
361.344,-1.14327,-1.75491,-0.404234,-6.84798e-06,-0.404227
361.392,-1.13177,-1.75446,-0.404673,-7.16385e-06,-0.404665
361.44,-1.12126,-1.75401,-0.405158,-7.46497e-06,-0.40515
361.488,-1.12428,-1.75356,-0.405648,-7.37695e-06,-0.405641
361.536,-1.12226,-1.75311,-0.406163,-7.43527e-06,-0.406156
361.584,-1.15829,-1.75267,-0.406531,-6.45531e-06,-0.406525
361.632,-1.17328,-1.75223,-0.406829,-6.08636e-06,-0.406823
361.68,-1.21031,-1.75181,-0.407003,-5.26351e-06,-0.406998
361.728,-1.27384,-1.7514,-0.406859,-4.10251e-06,-0.406855
361.776,-1.30885,-1.75101,-0.406671,-3.57604e-06,-0.406668
361.824,-1.36036,-1.75065,-0.406259,-2.92174e-06,-0.406256
361.872,-1.35036,-1.7503,-0.405816,-3.03851e-06,-0.405813
361.92,-1.36836,-1.74997,-0.405347,-2.83136e-06,-0.405345
361.968,-1.38588,-1.74965,-0.404831,-2.64326e-06,-0.404828
362.016,-1.36187,-1.74935,-0.404297,-2.90423e-06,-0.404294
362.064,-1.38137,-1.74907,-0.403742,-2.69028e-06,-0.403739
362.112,-1.34985,-1.74879,-0.403282,-3.04423e-06,-0.403279
362.16,-1.35987,-1.74853,-0.402848,-2.92692e-06,-0.402846
362.208,-1.32235,-1.74828,-0.402381,-3.39085e-06,-0.402377
362.256,-1.35836,-1.74803,-0.402026,-2.94417e-06,-0.402023
362.304,-1.32584,-1.74778,-0.40178,-3.34462e-06,-0.401776
362.352,-1.32786,-1.74755,-0.401477,-3.31822e-06,-0.401474
362.4,-1.32484,-1.74732,-0.401173,-3.35764e-06,-0.401169
362.448,-1.33935,-1.74709,-0.400866,-3.1719e-06,-0.400863
362.496,-1.35236,-1.74688,-0.400534,-3.01401e-06,-0.400531
362.544,-1.31584,-1.74667,-0.400238,-3.47809e-06,-0.400235
362.592,-1.32184,-1.74645,-0.400029,-3.39716e-06,-0.400026
362.64,-1.30183,-1.74625,-0.399855,-3.6745e-06,-0.399851
362.688,-1.31684,-1.74604,-0.399656,-3.46432e-06,-0.399652
362.736,-1.30285,-1.74584,-0.399429,-3.65978e-06,-0.399425
362.784,-1.28084,-1.74564,-0.399279,-3.98973e-06,-0.399275
362.832,-1.29083,-1.74544,-0.399117,-3.83624e-06,-0.399113
362.88,-1.31185,-1.74525,-0.398957,-3.53271e-06,-0.398954
362.928,-1.29883,-1.74505,-0.398866,-3.71766e-06,-0.398863
362.976,-1.29483,-1.74485,-0.398772,-3.77637e-06,-0.398769
363.024,-1.26482,-1.74465,-0.398732,-4.24804e-06,-0.398728
363.072,-1.26633,-1.74445,-0.398694,-4.22292e-06,-0.39869
363.12,-1.23932,-1.74425,-0.398715,-4.6948e-06,-0.39871
363.168,-1.24783,-1.74404,-0.398773,-4.54068e-06,-0.398769
363.216,-1.22631,-1.74383,-0.398835,-4.9405e-06,-0.39883
363.264,-1.21331,-1.74361,-0.399014,-5.19881e-06,-0.399009
363.312,-1.22481,-1.74339,-0.399192,-4.96933e-06,-0.399187
363.36,-1.2323,-1.74317,-0.399385,-4.82538e-06,-0.39938
363.408,-1.1913,-1.74293,-0.399594,-5.66731e-06,-0.399588
363.456,-1.2058,-1.7427,-0.399791,-5.35379e-06,-0.399786
363.504,-1.2038,-1.74246,-0.399999,-5.39585e-06,-0.399994
363.552,-1.20531,-1.74221,-0.40027,-5.36394e-06,-0.400265
363.6,-1.1998,-1.74196,-0.40061,-5.48096e-06,-0.400605
363.648,-1.2128,-1.7417,-0.400888,-5.20845e-06,-0.400883
363.696,-1.1993,-1.74144,-0.401152,-5.49168e-06,-0.401147
363.744,-1.17179,-1.74117,-0.40147,-6.11708e-06,-0.401464
363.792,-1.15329,-1.7409,-0.401857,-6.57742e-06,-0.401851
363.84,-1.1843,-1.74062,-0.4022,-5.82405e-06,-0.402194
363.888,-1.15829,-1.74033,-0.402578,-6.44945e-06,-0.402572
363.936,-1.16329,-1.74004,-0.402944,-6.32409e-06,-0.402938
363.984,-1.1783,-1.73975,-0.403227,-5.96232e-06,-0.403221
364.032,-1.18679,-1.73945,-0.403544,-5.76692e-06,-0.403538
364.08,-1.1968,-1.73916,-0.403747,-5.54468e-06,-0.403741
364.128,-1.22131,-1.73887,-0.403918,-5.0365e-06,-0.403913
364.176,-1.22781,-1.73857,-0.40415,-4.90948e-06,-0.404145
364.224,-1.17328,-1.73827,-0.404491,-6.08011e-06,-0.404485
364.272,-1.16278,-1.73796,-0.404815,-6.33574e-06,-0.404809
364.32,-1.2098,-1.73766,-0.405073,-5.26852e-06,-0.405068
364.368,-1.17129,-1.73734,-0.405405,-6.12756e-06,-0.405399
364.416,-1.16629,-1.73703,-0.405744,-6.24875e-06,-0.405737
364.464,-1.16529,-1.73671,-0.406065,-6.27315e-06,-0.406058
364.512,-1.16829,-1.73639,-0.406355,-6.19964e-06,-0.406348
364.56,-1.16479,-1.73607,-0.406692,-6.28496e-06,-0.406685
364.608,-1.15729,-1.73574,-0.406988,-6.47261e-06,-0.406981
364.656,-1.14727,-1.73542,-0.407279,-6.73174e-06,-0.407272
364.704,-1.17129,-1.73509,-0.407572,-6.12655e-06,-0.407566
364.752,-1.16278,-1.73476,-0.407812,-6.33425e-06,-0.407806
364.8,-1.14327,-1.73443,-0.408095,-6.83767e-06,-0.408088
364.848,-1.13128,-1.7341,-0.408526,-7.16694e-06,-0.408519
364.896,-1.11526,-1.73375,-0.409019,-7.63131e-06,-0.409012
364.944,-1.11027,-1.7334,-0.409523,-7.78221e-06,-0.409515
364.992,-1.12928,-1.73304,-0.409933,-7.22281e-06,-0.409926
365.04,-1.1638,-1.73269,-0.410351,-6.30809e-06,-0.410345
365.088,-1.11526,-1.73232,-0.410861,-7.63051e-06,-0.410854
365.136,-1.07675,-1.73195,-0.411449,-8.87463e-06,-0.41144
365.184,-1.13428,-1.73157,-0.411944,-7.08181e-06,-0.411937
365.232,-1.05524,-1.73119,-0.412556,-9.65506e-06,-0.412546
365.28,-1.08876,-1.7308,-0.413167,-8.46543e-06,-0.413159
365.328,-1.08976,-1.7304,-0.413736,-8.43206e-06,-0.413727
365.376,-1.05924,-1.73,-0.414306,-9.50397e-06,-0.414296
365.424,-1.07626,-1.7296,-0.414847,-8.89022e-06,-0.414838
365.472,-1.09727,-1.7292,-0.415379,-8.18669e-06,-0.415371
365.52,-1.07675,-1.72878,-0.415974,-8.87256e-06,-0.415965
365.568,-1.09527,-1.72837,-0.416541,-8.25064e-06,-0.416533
365.616,-1.06926,-1.72795,-0.417152,-9.13653e-06,-0.417143
365.664,-1.09776,-1.72753,-0.417632,-8.16991e-06,-0.417623
365.712,-1.09376,-1.72711,-0.418117,-8.29881e-06,-0.418108
365.76,-1.05375,-1.72668,-0.418602,-9.70849e-06,-0.418592
365.808,-1.08925,-1.72625,-0.419126,-8.4463e-06,-0.419117
365.856,-1.05475,-1.72582,-0.419661,-9.66988e-06,-0.419652
365.904,-1.10627,-1.7254,-0.420076,-7.90059e-06,-0.420068
365.952,-1.11826,-1.72497,-0.420569,-7.53719e-06,-0.420561
366,-1.07826,-1.72453,-0.42109,-8.81748e-06,-0.421082
366.048,-1.10827,-1.7241,-0.421574,-7.83812e-06,-0.421566
366.096,-1.08176,-1.72366,-0.422004,-8.69646e-06,-0.421995
366.144,-1.05575,-1.72322,-0.422527,-9.63019e-06,-0.422518
366.192,-1.06375,-1.72279,-0.422996,-9.33247e-06,-0.422986
366.24,-1.04074,-1.72234,-0.423524,-1.02136e-05,-0.423514
366.288,-1.06775,-1.7219,-0.42404,-9.18663e-06,-0.424031
366.336,-1.04925,-1.72145,-0.424585,-9.87784e-06,-0.424575
366.384,-1.07126,-1.72101,-0.425051,-9.06052e-06,-0.425042
366.432,-1.08425,-1.72056,-0.425557,-8.60993e-06,-0.425549
366.48,-1.05074,-1.72011,-0.426108,-9.81925e-06,-0.426098
366.528,-1.08825,-1.71965,-0.426687,-8.47536e-06,-0.426679
366.576,-1.03925,-1.71919,-0.427316,-1.02712e-05,-0.427306
366.624,-1.02523,-1.71872,-0.42795,-1.08511e-05,-0.427939
366.672,-1.04425,-1.71826,-0.42847,-1.00711e-05,-0.42846
366.72,-1.01624,-1.71779,-0.429081,-1.12402e-05,-0.42907
366.768,-1.03123,-1.71731,-0.42969,-1.05977e-05,-0.42968
366.816,-1.01424,-1.71684,-0.430329,-1.13279e-05,-0.430318
366.864,-1.01124,-1.71636,-0.430926,-1.14615e-05,-0.430915
366.912,-0.97872,-1.71587,-0.43169,-1.30201e-05,-0.431677
366.96,-1.03423,-1.71538,-0.432283,-1.04723e-05,-0.432272
367.008,-1.00722,-1.71489,-0.432925,-1.16422e-05,-0.432914
367.056,-0.998732,-1.7144,-0.433554,-1.2036e-05,-0.433542
367.104,-1.00073,-1.7139,-0.434265,-1.19415e-05,-0.434253
367.152,-1.00973,-1.7134,-0.434887,-1.1527e-05,-0.434876
367.2,-1.01024,-1.7129,-0.435494,-1.15036e-05,-0.435482
367.248,-1.01524,-1.7124,-0.436028,-1.12798e-05,-0.436017
367.296,-1.02923,-1.71191,-0.436462,-1.06769e-05,-0.436451
367.344,-1.06575,-1.71142,-0.436815,-9.25182e-06,-0.436805
367.392,-1.01573,-1.71093,-0.437337,-1.12569e-05,-0.437326
367.44,-1.00122,-1.71043,-0.437897,-1.19154e-05,-0.437885
367.488,-1.01773,-1.70994,-0.438352,-1.11681e-05,-0.438341
367.536,-1.01224,-1.70945,-0.438778,-1.14108e-05,-0.438766
367.584,-1.02024,-1.70895,-0.439352,-1.1058e-05,-0.43934
367.632,-0.988718,-1.70846,-0.439844,-1.25126e-05,-0.439831
367.68,-1.02224,-1.70797,-0.440349,-1.09708e-05,-0.440338
367.728,-1.02124,-1.70748,-0.440776,-1.10135e-05,-0.440765
367.776,-1.01973,-1.70699,-0.441218,-1.10785e-05,-0.441207
367.824,-1.01473,-1.7065,-0.441633,-1.12974e-05,-0.441622
367.872,-1.02373,-1.70602,-0.442086,-1.09053e-05,-0.442075
367.92,-1.01924,-1.70553,-0.442465,-1.10987e-05,-0.442454
367.968,-0.984719,-1.70505,-0.442952,-1.27072e-05,-0.442939
368.016,-1.01473,-1.70456,-0.443435,-1.12958e-05,-0.443424
368.064,-0.989718,-1.70407,-0.443958,-1.24596e-05,-0.443946
368.112,-1.01024,-1.70358,-0.444418,-1.14957e-05,-0.444406
368.16,-1.02124,-1.7031,-0.444842,-1.101e-05,-0.444831
368.208,-0.983211,-1.70261,-0.44543,-1.27803e-05,-0.445417
368.256,-0.975721,-1.70212,-0.445893,-1.31609e-05,-0.44588
368.304,-0.966215,-1.70162,-0.446481,-1.36603e-05,-0.446468
368.352,-0.975213,-1.70113,-0.447035,-1.31862e-05,-0.447022
368.4,-0.993717,-1.70064,-0.447519,-1.22626e-05,-0.447507
368.448,-0.991226,-1.70014,-0.448018,-1.23826e-05,-0.448006
368.496,-0.985719,-1.69965,-0.448488,-1.26525e-05,-0.448475
368.544,-0.957709,-1.69915,-0.449041,-1.41212e-05,-0.449027
368.592,-0.959216,-1.69865,-0.44959,-1.40374e-05,-0.449576
368.64,-0.941696,-1.69815,-0.45015,-1.50354e-05,-0.450135
368.688,-0.925699,-1.69765,-0.450747,-1.60084e-05,-0.450731
368.736,-0.973721,-1.69715,-0.451303,-1.32596e-05,-0.45129
368.784,-0.954201,-1.69664,-0.451837,-1.43141e-05,-0.451822
368.832,-0.981212,-1.69614,-0.452342,-1.28748e-05,-0.452329
368.88,-1.02823,-1.69564,-0.452705,-1.0706e-05,-0.452694
368.928,-0.964215,-1.69514,-0.453165,-1.37613e-05,-0.453152
368.976,-0.971214,-1.69465,-0.453626,-1.33882e-05,-0.453612
369.024,-0.967215,-1.69415,-0.454038,-1.35994e-05,-0.454024
369.072,-1.00573,-1.69366,-0.454385,-1.16922e-05,-0.454373
369.12,-0.995717,-1.69317,-0.454715,-1.21601e-05,-0.454703
369.168,-0.997225,-1.69269,-0.455044,-1.2088e-05,-0.455032
369.216,-0.97872,-1.6922,-0.455438,-1.29974e-05,-0.455425
369.264,-0.983211,-1.69172,-0.455806,-1.27701e-05,-0.455793
369.312,-1.02073,-1.69124,-0.456117,-1.10223e-05,-0.456106
369.36,-0.983211,-1.69076,-0.456511,-1.27691e-05,-0.456498
369.408,-0.994225,-1.69029,-0.45683,-1.22289e-05,-0.456818
369.456,-0.969214,-1.68981,-0.457196,-1.34888e-05,-0.457182
369.504,-0.975213,-1.68934,-0.457598,-1.31747e-05,-0.457585
369.552,-0.994225,-1.68887,-0.457877,-1.22276e-05,-0.457865
369.6,-0.962216,-1.68839,-0.458323,-1.38627e-05,-0.458309
369.648,-0.945203,-1.68792,-0.458782,-1.48188e-05,-0.458767
369.696,-0.964215,-1.68744,-0.459272,-1.37535e-05,-0.459258
369.744,-0.953201,-1.68696,-0.459733,-1.43601e-05,-0.459718
369.792,-0.973721,-1.68648,-0.460091,-1.32492e-05,-0.460078
369.84,-0.985719,-1.68601,-0.460444,-1.26397e-05,-0.460432
369.888,-0.963216,-1.68553,-0.460912,-1.38056e-05,-0.460898
369.936,-0.953709,-1.68505,-0.461472,-1.43295e-05,-0.461458
369.984,-0.946203,-1.68456,-0.462019,-1.47571e-05,-0.462004
370.032,-0.933697,-1.68408,-0.462542,-1.54984e-05,-0.462526
370.08,-0.908195,-1.68359,-0.46308,-1.71282e-05,-0.463063
370.128,-0.940204,-1.68309,-0.463634,-1.51068e-05,-0.463619
370.176,-0.961708,-1.6826,-0.464135,-1.38845e-05,-0.464121
370.224,-0.934697,-1.6821,-0.464638,-1.54355e-05,-0.464623
370.272,-0.908195,-1.68161,-0.465208,-1.71257e-05,-0.465191
370.32,-0.937205,-1.68111,-0.465753,-1.52833e-05,-0.465738
370.368,-0.915701,-1.68061,-0.466253,-1.66276e-05,-0.466237
370.416,-0.962707,-1.68011,-0.466675,-1.38276e-05,-0.466661
370.464,-0.977212,-1.67962,-0.466975,-1.30624e-05,-0.466962
370.512,-0.964707,-1.67913,-0.4673,-1.37186e-05,-0.467286
370.56,-0.945203,-1.67865,-0.467603,-1.48086e-05,-0.467588
370.608,-0.932206,-1.67816,-0.468028,-1.55826e-05,-0.468013
370.656,-0.932206,-1.67767,-0.468459,-1.5582e-05,-0.468443
370.704,-0.937696,-1.67719,-0.468803,-1.52495e-05,-0.468788
370.752,-0.961216,-1.67671,-0.469157,-1.39052e-05,-0.469143
370.8,-0.932206,-1.67622,-0.469511,-1.55803e-05,-0.469495
370.848,-0.939696,-1.67574,-0.469867,-1.51287e-05,-0.469851
370.896,-0.946203,-1.67527,-0.470176,-1.4747e-05,-0.470161
370.944,-0.931206,-1.67479,-0.470576,-1.56399e-05,-0.47056
370.992,-0.931698,-1.67431,-0.470947,-1.56092e-05,-0.470932
371.04,-0.925699,-1.67384,-0.471254,-1.59802e-05,-0.471238
371.088,-0.936697,-1.67336,-0.471665,-1.53051e-05,-0.47165
371.136,-0.923191,-1.67288,-0.47203,-1.6137e-05,-0.472014
371.184,-0.92819,-1.67241,-0.472409,-1.58232e-05,-0.472393
371.232,-0.917701,-1.67193,-0.472843,-1.64872e-05,-0.472827
371.28,-0.910686,-1.67144,-0.473378,-1.69465e-05,-0.473361
371.328,-0.882184,-1.67095,-0.473945,-1.89501e-05,-0.473926
371.376,-0.888691,-1.67046,-0.474489,-1.8472e-05,-0.474471
371.424,-0.917701,-1.66996,-0.474967,-1.64848e-05,-0.474951
371.472,-0.884692,-1.66947,-0.475471,-1.87626e-05,-0.475453
371.52,-0.907195,-1.66897,-0.475986,-1.7177e-05,-0.475969
371.568,-0.864679,-1.66847,-0.476517,-2.02931e-05,-0.476497
371.616,-0.86368,-1.66797,-0.477137,-2.03721e-05,-0.477117
371.664,-0.880184,-1.66745,-0.477779,-1.90944e-05,-0.47776
371.712,-0.855665,-1.66693,-0.478482,-2.1021e-05,-0.478461
371.76,-0.867679,-1.66641,-0.479119,-2.00527e-05,-0.479099
371.808,-0.9197,-1.66589,-0.479611,-1.63511e-05,-0.479594
371.856,-0.891182,-1.66537,-0.480073,-1.82855e-05,-0.480055
371.904,-0.877677,-1.66485,-0.480587,-1.92794e-05,-0.480568
371.952,-0.884183,-1.66433,-0.481185,-1.87929e-05,-0.481166
372,-0.876677,-1.6638,-0.481713,-1.93537e-05,-0.481694
372.048,-0.900688,-1.66328,-0.482154,-1.76136e-05,-0.482136
372.096,-0.906687,-1.66276,-0.482547,-1.72033e-05,-0.48253
372.144,-0.904687,-1.66224,-0.482966,-1.73381e-05,-0.482949
372.192,-0.869678,-1.66171,-0.48349,-1.98892e-05,-0.483471
372.24,-0.836669,-1.66119,-0.484063,-2.26374e-05,-0.484041
372.288,-0.880676,-1.66066,-0.48455,-1.9048e-05,-0.484531
372.336,-0.902196,-1.66013,-0.484934,-1.75056e-05,-0.484916
372.384,-0.903687,-1.65962,-0.485307,-1.74028e-05,-0.48529
372.432,-0.896689,-1.6591,-0.48564,-1.78865e-05,-0.485622
372.48,-0.887691,-1.65858,-0.48601,-1.85283e-05,-0.485991
372.528,-0.89069,-1.65807,-0.486357,-1.83109e-05,-0.486339
372.576,-0.887183,-1.65756,-0.486764,-1.85638e-05,-0.486746
372.624,-0.854665,-1.65704,-0.48726,-2.10882e-05,-0.487239
372.672,-0.865171,-1.65652,-0.487703,-2.02361e-05,-0.487683
372.72,-0.853665,-1.656,-0.488116,-2.11694e-05,-0.488094
372.768,-0.886691,-1.65548,-0.488511,-1.85968e-05,-0.488493
372.816,-0.83916,-1.65497,-0.488982,-2.24069e-05,-0.48896
372.864,-0.87217,-1.65445,-0.489459,-1.96852e-05,-0.489439
372.912,-0.84216,-1.65392,-0.489932,-2.21432e-05,-0.48991
372.96,-0.847175,-1.6534,-0.490495,-2.1711e-05,-0.490473
373.008,-0.854665,-1.65286,-0.491061,-2.10817e-05,-0.49104
373.056,-0.826655,-1.65233,-0.491579,-2.35287e-05,-0.491555
373.104,-0.83067,-1.6518,-0.492158,-2.31602e-05,-0.492135
373.152,-0.841668,-1.65126,-0.49277,-2.21815e-05,-0.492748
373.2,-0.846175,-1.65072,-0.493266,-2.1792e-05,-0.493245
373.248,-0.814657,-1.65017,-0.49386,-2.46584e-05,-0.493835
373.296,-0.797645,-1.64962,-0.494514,-2.63588e-05,-0.494488
373.344,-0.83167,-1.64907,-0.495091,-2.30649e-05,-0.495068
373.392,-0.843176,-1.64852,-0.495605,-2.20463e-05,-0.495583
373.44,-0.840668,-1.64797,-0.49605,-2.22633e-05,-0.496028
373.488,-0.846667,-1.64742,-0.496576,-2.17447e-05,-0.496554
373.536,-0.866171,-1.64687,-0.497089,-2.01425e-05,-0.497069
373.584,-0.823164,-1.64631,-0.497682,-2.38425e-05,-0.497658
373.632,-0.864679,-1.64575,-0.498167,-2.0259e-05,-0.498146
373.68,-0.862172,-1.6452,-0.49859,-2.04584e-05,-0.498569
373.728,-0.855173,-1.64466,-0.498924,-2.10269e-05,-0.498903
373.776,-0.883675,-1.64412,-0.49925,-1.88022e-05,-0.499231
373.824,-0.84216,-1.64357,-0.499622,-2.21262e-05,-0.4996
373.872,-0.827163,-1.64303,-0.500127,-2.34657e-05,-0.500103
373.92,-0.864679,-1.64249,-0.500457,-2.02541e-05,-0.500437
373.968,-0.827163,-1.64194,-0.500908,-2.34638e-05,-0.500884
374.016,-0.847175,-1.6414,-0.5013,-2.16917e-05,-0.501278
374.064,-0.836669,-1.64086,-0.501633,-2.26033e-05,-0.50161
374.112,-0.857173,-1.64033,-0.501965,-2.0856e-05,-0.501944
374.16,-0.840668,-1.6398,-0.502284,-2.22498e-05,-0.502261
374.208,-0.840668,-1.63927,-0.502604,-2.22489e-05,-0.502581
374.256,-0.83067,-1.63873,-0.503012,-2.31378e-05,-0.502988
374.304,-0.815657,-1.6382,-0.503484,-2.45401e-05,-0.503459
374.352,-0.830162,-1.63766,-0.503897,-2.31821e-05,-0.503874
374.4,-0.799644,-1.63713,-0.504289,-2.61286e-05,-0.504263
374.448,-0.795645,-1.63659,-0.504761,-2.65406e-05,-0.504735
374.496,-0.787647,-1.63605,-0.505286,-2.73853e-05,-0.505259
374.544,-0.81015,-1.63551,-0.50579,-2.50709e-05,-0.505765
374.592,-0.798645,-1.63496,-0.506354,-2.62271e-05,-0.506328
374.64,-0.815149,-1.63441,-0.506883,-2.45821e-05,-0.506858
374.688,-0.815657,-1.63386,-0.507395,-2.45322e-05,-0.50737
374.736,-0.782648,-1.6333,-0.507981,-2.79218e-05,-0.507953
374.784,-0.797645,-1.63274,-0.508516,-2.63258e-05,-0.508489
374.832,-0.812658,-1.63218,-0.508986,-2.48194e-05,-0.508961
374.88,-0.839668,-1.63163,-0.509374,-2.23237e-05,-0.509352
374.928,-0.800644,-1.63107,-0.509918,-2.60147e-05,-0.509892
374.976,-0.811658,-1.63051,-0.510386,-2.49138e-05,-0.510361
375.024,-0.816657,-1.62996,-0.510779,-2.44291e-05,-0.510755
375.072,-0.776649,-1.6294,-0.511235,-2.85783e-05,-0.511206
375.12,-0.812658,-1.62884,-0.511655,-2.48133e-05,-0.51163
375.168,-0.821164,-1.62829,-0.512033,-2.39981e-05,-0.512009
375.216,-0.847175,-1.62774,-0.512375,-2.16698e-05,-0.512353
375.264,-0.821656,-1.62719,-0.51271,-2.39499e-05,-0.512686
375.312,-0.855665,-1.62665,-0.512999,-2.09584e-05,-0.512978
375.36,-0.848666,-1.62611,-0.513247,-2.15408e-05,-0.513225
375.408,-0.807659,-1.62557,-0.513593,-2.52984e-05,-0.513568
375.456,-0.810658,-1.62503,-0.513954,-2.50016e-05,-0.513929
375.504,-0.826655,-1.62449,-0.514235,-2.34802e-05,-0.514212
375.552,-0.81315,-1.62396,-0.514456,-2.47565e-05,-0.514431
375.6,-0.819165,-1.62343,-0.514771,-2.41783e-05,-0.514747
375.648,-0.83916,-1.62291,-0.515019,-2.23538e-05,-0.514997
375.696,-0.84016,-1.62238,-0.515313,-2.22654e-05,-0.51529
375.744,-0.836669,-1.62186,-0.51557,-2.25715e-05,-0.515547
375.792,-0.814149,-1.62134,-0.515857,-2.46548e-05,-0.515832
375.84,-0.809659,-1.62082,-0.516107,-2.50919e-05,-0.516082
375.888,-0.818657,-1.6203,-0.516402,-2.42209e-05,-0.516378
375.936,-0.834161,-1.61979,-0.516666,-2.27911e-05,-0.516643
375.984,-0.816149,-1.61928,-0.516956,-2.44585e-05,-0.516932
376.032,-0.792154,-1.61876,-0.51729,-2.6871e-05,-0.517263
376.08,-0.81315,-1.61824,-0.517643,-2.4746e-05,-0.517619
376.128,-0.781648,-1.61772,-0.518091,-2.79991e-05,-0.518063
376.176,-0.800644,-1.6172,-0.51851,-2.59879e-05,-0.518484
376.224,-0.789155,-1.61668,-0.518915,-2.71847e-05,-0.518887
376.272,-0.754638,-1.61615,-0.519397,-3.11244e-05,-0.519366
376.32,-0.754638,-1.61561,-0.519887,-3.11231e-05,-0.519856
376.368,-0.78014,-1.61508,-0.520351,-2.81597e-05,-0.520322
376.416,-0.774142,-1.61454,-0.520821,-2.88289e-05,-0.520793
376.464,-0.815149,-1.61401,-0.521155,-2.4545e-05,-0.521131
376.512,-0.744623,-1.61347,-0.521665,-3.23647e-05,-0.521633
376.56,-0.735625,-1.61293,-0.522128,-3.35259e-05,-0.522094
376.608,-0.749131,-1.61238,-0.522701,-3.1795e-05,-0.522669
376.656,-0.764144,-1.61183,-0.523229,-2.99757e-05,-0.523199
376.704,-0.78314,-1.61128,-0.523716,-2.78225e-05,-0.523689
376.752,-0.813658,-1.61073,-0.524111,-2.4683e-05,-0.524086
376.8,-0.763636,-1.61018,-0.524515,-3.00318e-05,-0.524485
376.848,-0.80366,-1.60963,-0.524832,-2.5668e-05,-0.524807
376.896,-0.761144,-1.60909,-0.525171,-3.03243e-05,-0.525141
376.944,-0.780648,-1.60854,-0.52552,-2.809e-05,-0.525492
376.992,-0.794154,-1.60799,-0.525884,-2.66398e-05,-0.525857
377.04,-0.793154,-1.60745,-0.526264,-2.67433e-05,-0.526237
377.088,-0.784139,-1.6069,-0.526583,-2.77046e-05,-0.526555
377.136,-0.778649,-1.60636,-0.526844,-2.83066e-05,-0.526816
377.184,-0.793646,-1.60583,-0.527088,-2.66886e-05,-0.527061
377.232,-0.780648,-1.6053,-0.527301,-2.80832e-05,-0.527273
377.28,-0.78314,-1.60477,-0.527586,-2.78091e-05,-0.527558
377.328,-0.796153,-1.60424,-0.527805,-2.64243e-05,-0.527779
377.376,-0.810658,-1.60372,-0.52798,-2.4962e-05,-0.527955
377.424,-0.799153,-1.6032,-0.528173,-2.61132e-05,-0.528147
377.472,-0.800152,-1.60268,-0.528406,-2.601e-05,-0.52838
377.52,-0.793646,-1.60216,-0.528704,-2.66813e-05,-0.528677
377.568,-0.785139,-1.60164,-0.52896,-2.75854e-05,-0.528933
377.616,-0.739133,-1.60111,-0.529379,-3.30388e-05,-0.529346
377.664,-0.777649,-1.60058,-0.529826,-2.84056e-05,-0.529798
377.712,-0.717121,-1.60004,-0.530324,-3.60149e-05,-0.530288
377.76,-0.756637,-1.59951,-0.530749,-3.08431e-05,-0.530718
377.808,-0.765144,-1.59897,-0.531151,-2.98299e-05,-0.531121
377.856,-0.751638,-1.59844,-0.531453,-3.14513e-05,-0.531421
377.904,-0.740133,-1.5979,-0.531906,-3.29017e-05,-0.531874
377.952,-0.737625,-1.59736,-0.532281,-3.32255e-05,-0.532248
378,-0.781648,-1.59682,-0.532635,-2.79557e-05,-0.532607
378.048,-0.734626,-1.59629,-0.532967,-3.3616e-05,-0.532934
378.096,-0.725119,-1.59574,-0.533421,-3.48915e-05,-0.533386
378.144,-0.720629,-1.5952,-0.533863,-3.55101e-05,-0.533828
378.192,-0.742132,-1.59465,-0.534286,-3.26368e-05,-0.534254
378.24,-0.733626,-1.5941,-0.53466,-3.37426e-05,-0.534626
378.288,-0.755129,-1.59355,-0.53511,-3.10123e-05,-0.535079
378.336,-0.717613,-1.59299,-0.535588,-3.59267e-05,-0.535552
378.384,-0.727119,-1.59243,-0.536017,-3.46105e-05,-0.535983
378.432,-0.743132,-1.59188,-0.536356,-3.25024e-05,-0.536324
378.48,-0.742132,-1.59133,-0.536652,-3.26287e-05,-0.53662
378.528,-0.770634,-1.59078,-0.536959,-2.91767e-05,-0.536929
378.576,-0.710123,-1.59023,-0.537357,-3.69901e-05,-0.53732
378.624,-0.743624,-1.58967,-0.537788,-3.24344e-05,-0.537756
378.672,-0.752638,-1.58911,-0.53815,-3.13065e-05,-0.538119
378.72,-0.748639,-1.58856,-0.538422,-3.18001e-05,-0.53839
378.768,-0.741132,-1.58801,-0.538683,-3.27488e-05,-0.53865
378.816,-0.738133,-1.58747,-0.538939,-3.3135e-05,-0.538906
378.864,-0.764144,-1.58692,-0.539114,-2.99203e-05,-0.539084
378.912,-0.762144,-1.58639,-0.539255,-3.01547e-05,-0.539225
378.96,-0.748639,-1.58585,-0.539523,-3.17937e-05,-0.539491
379.008,-0.735625,-1.58532,-0.53973,-3.34571e-05,-0.539697
379.056,-0.75113,-1.58478,-0.540007,-3.1482e-05,-0.539976
379.104,-0.734134,-1.58425,-0.540237,-3.36507e-05,-0.540203
379.152,-0.739624,-1.58372,-0.540437,-3.29326e-05,-0.540404
379.2,-0.764144,-1.5832,-0.540616,-2.9912e-05,-0.540587
379.248,-0.701616,-1.58266,-0.541013,-3.82234e-05,-0.540975
379.296,-0.702108,-1.58212,-0.541412,-3.81482e-05,-0.541374
379.344,-0.686603,-1.58158,-0.541898,-4.05383e-05,-0.541857
379.392,-0.711122,-1.58103,-0.542307,-3.68201e-05,-0.54227
379.44,-0.739624,-1.58049,-0.542588,-3.29246e-05,-0.542555
379.488,-0.69411,-1.57995,-0.54296,-3.93574e-05,-0.54292
379.536,-0.699617,-1.5794,-0.54331,-3.8515e-05,-0.543272
379.584,-0.696109,-1.57886,-0.543638,-3.90468e-05,-0.543599
379.632,-0.712614,-1.5783,-0.544073,-3.65979e-05,-0.544037
379.68,-0.678605,-1.57775,-0.544472,-4.18181e-05,-0.54443
379.728,-0.698617,-1.57719,-0.544913,-3.86599e-05,-0.544875
379.776,-0.6621,-1.57663,-0.545379,-4.46107e-05,-0.545334
379.824,-0.699617,-1.57607,-0.545796,-3.85054e-05,-0.545757
379.872,-0.695618,-1.5755,-0.546186,-3.91124e-05,-0.546147
379.92,-0.712122,-1.57494,-0.546542,-3.66594e-05,-0.546505
379.968,-0.705124,-1.57437,-0.546942,-3.76779e-05,-0.546905
380.016,-0.736625,-1.57381,-0.547229,-3.32977e-05,-0.547195
380.064,-0.761636,-1.57325,-0.547479,-3.01853e-05,-0.547449
380.112,-0.75013,-1.5727,-0.547633,-3.15773e-05,-0.547601
380.16,-0.723628,-1.57215,-0.547785,-3.50347e-05,-0.54775
380.208,-0.726627,-1.5716,-0.548106,-3.46235e-05,-0.548072
380.256,-0.703616,-1.57104,-0.548494,-3.7892e-05,-0.548456
380.304,-0.730626,-1.57049,-0.548727,-3.40819e-05,-0.548693
380.352,-0.712614,-1.56994,-0.548982,-3.65751e-05,-0.548946
380.4,-0.712614,-1.56939,-0.549158,-3.65737e-05,-0.549121
380.448,-0.745623,-1.56885,-0.549375,-3.21312e-05,-0.549343
380.496,-0.75113,-1.5683,-0.549571,-3.14434e-05,-0.549539
380.544,-0.722628,-1.56776,-0.549768,-3.51608e-05,-0.549733
380.592,-0.719121,-1.56722,-0.550043,-3.56464e-05,-0.550007
380.64,-0.725119,-1.56668,-0.550292,-3.48161e-05,-0.550257
380.688,-0.72312,-1.56614,-0.550482,-3.50888e-05,-0.550447
380.736,-0.723628,-1.5656,-0.550718,-3.50176e-05,-0.550683
380.784,-0.78014,-1.56507,-0.550776,-2.80551e-05,-0.550748
380.832,-0.722628,-1.56454,-0.551001,-3.51524e-05,-0.550966
380.88,-0.711614,-1.56401,-0.551287,-3.67026e-05,-0.551251
380.928,-0.707615,-1.56347,-0.551616,-3.72813e-05,-0.551579
380.976,-0.675097,-1.56293,-0.551965,-4.23505e-05,-0.551923
381.024,-0.690602,-1.56239,-0.55232,-3.98504e-05,-0.55228
381.072,-0.679113,-1.56184,-0.552622,-4.16854e-05,-0.552581
381.12,-0.689602,-1.56129,-0.553042,-4.00037e-05,-0.553002
381.168,-0.686603,-1.56074,-0.553415,-4.04754e-05,-0.553374
381.216,-0.679113,-1.56018,-0.553883,-4.16803e-05,-0.553841
381.264,-0.669099,-1.55962,-0.554346,-4.3348e-05,-0.554303
381.312,-0.669099,-1.55905,-0.55478,-4.33461e-05,-0.554737
381.36,-0.673098,-1.55848,-0.555179,-4.26698e-05,-0.555137
381.408,-0.673606,-1.55791,-0.555593,-4.25831e-05,-0.55555
381.456,-0.682604,-1.55735,-0.555883,-4.11048e-05,-0.555841
381.504,-0.709123,-1.55678,-0.556173,-3.7043e-05,-0.556136
381.552,-0.676605,-1.55621,-0.556499,-4.20797e-05,-0.556457
381.6,-0.702616,-1.55564,-0.556817,-3.79973e-05,-0.556779
381.648,-0.745131,-1.55508,-0.55704,-3.21602e-05,-0.557007
381.696,-0.727627,-1.55451,-0.557239,-3.44442e-05,-0.557204
381.744,-0.683112,-1.55396,-0.557402,-4.10126e-05,-0.557361
381.792,-0.719121,-1.5534,-0.55758,-3.56097e-05,-0.557545
381.84,-0.671098,-1.55284,-0.557869,-4.29877e-05,-0.557826
381.888,-0.710614,-1.55229,-0.5581,-3.68146e-05,-0.558063
381.936,-0.708123,-1.55173,-0.558253,-3.71746e-05,-0.558216
381.984,-0.745131,-1.55119,-0.558364,-3.21509e-05,-0.558331
382.032,-0.693618,-1.55065,-0.558498,-3.93474e-05,-0.558459
382.08,-0.712122,-1.5501,-0.558624,-3.65916e-05,-0.558587
382.128,-0.716613,-1.54957,-0.558696,-3.59513e-05,-0.55866
382.176,-0.740624,-1.54904,-0.558798,-3.2719e-05,-0.558765
382.224,-0.693618,-1.5485,-0.558976,-3.93411e-05,-0.558937
382.272,-0.689111,-1.54797,-0.559207,-4.00411e-05,-0.559167
382.32,-0.676097,-1.54743,-0.559491,-4.21361e-05,-0.559448
382.368,-0.705124,-1.54689,-0.559659,-3.76008e-05,-0.559622
382.416,-0.683112,-1.54636,-0.559869,-4.09894e-05,-0.559828
382.464,-0.666099,-1.54582,-0.560144,-4.38158e-05,-0.5601
382.512,-0.6611,-1.54528,-0.560403,-4.46814e-05,-0.560358
382.56,-0.657101,-1.54475,-0.560653,-4.53859e-05,-0.560608
382.608,-0.688603,-1.5442,-0.560959,-4.01097e-05,-0.560919
382.656,-0.644596,-1.54366,-0.56122,-4.76634e-05,-0.561172
382.704,-0.660592,-1.54312,-0.56145,-4.47633e-05,-0.561405
382.752,-0.672606,-1.54258,-0.561709,-4.27015e-05,-0.561666
382.8,-0.678097,-1.54204,-0.562003,-4.17901e-05,-0.561961
382.848,-0.629091,-1.54149,-0.562327,-5.06434e-05,-0.562276
382.896,-0.685603,-1.54094,-0.562642,-4.05744e-05,-0.562602
382.944,-0.662592,-1.54039,-0.562936,-4.44046e-05,-0.562892
382.992,-0.667099,-1.53983,-0.563271,-4.36248e-05,-0.563227
383.04,-0.69511,-1.53928,-0.563489,-3.90848e-05,-0.56345
383.088,-0.720629,-1.53874,-0.563571,-3.5361e-05,-0.563535
383.136,-0.648087,-1.53819,-0.563824,-4.69961e-05,-0.563777
383.184,-0.675606,-1.53764,-0.564106,-4.21866e-05,-0.564064
383.232,-0.699617,-1.5371,-0.564231,-3.83937e-05,-0.564193
383.28,-0.723628,-1.53656,-0.564306,-3.49418e-05,-0.564271
383.328,-0.716613,-1.53603,-0.564355,-3.5915e-05,-0.564319
383.376,-0.673098,-1.5355,-0.564501,-4.25967e-05,-0.564458
383.424,-0.672606,-1.53497,-0.56471,-4.26772e-05,-0.564667
383.472,-0.722628,-1.53444,-0.56477,-3.50735e-05,-0.564735
383.52,-0.699617,-1.53392,-0.564852,-3.83846e-05,-0.564814
383.568,-0.69211,-1.53339,-0.564976,-3.95298e-05,-0.564936
383.616,-0.710614,-1.53287,-0.565103,-3.67613e-05,-0.565066
383.664,-0.736133,-1.53236,-0.565083,-3.3259e-05,-0.56505
383.712,-0.701616,-1.53185,-0.565158,-3.80788e-05,-0.565119
383.76,-0.722628,-1.53134,-0.565138,-3.50654e-05,-0.565103
383.808,-0.703616,-1.53084,-0.565199,-3.77785e-05,-0.565161
383.856,-0.710614,-1.53034,-0.565229,-3.67544e-05,-0.565192
383.904,-0.713614,-1.52984,-0.565376,-3.63232e-05,-0.565339
383.952,-0.675097,-1.52935,-0.565396,-4.22445e-05,-0.565354
384,-0.709615,-1.52885,-0.565471,-3.68946e-05,-0.565434
384.048,-0.683112,-1.52835,-0.565671,-4.09343e-05,-0.56563
384.096,-0.671098,-1.52785,-0.565909,-4.29075e-05,-0.565866
384.144,-0.685603,-1.52735,-0.566076,-4.05333e-05,-0.566035
384.192,-0.685112,-1.52685,-0.566219,-4.061e-05,-0.566178
384.24,-0.675097,-1.52635,-0.566376,-4.22351e-05,-0.566333
384.288,-0.666099,-1.52584,-0.56667,-4.37504e-05,-0.566626
384.336,-0.652102,-1.52534,-0.566874,-4.62174e-05,-0.566828
384.384,-0.680113,-1.52483,-0.567067,-4.14077e-05,-0.567026
384.432,-0.661592,-1.52432,-0.567317,-4.45256e-05,-0.567273
384.48,-0.666099,-1.52381,-0.567525,-4.37438e-05,-0.567481
384.528,-0.653594,-1.5233,-0.567849,-4.59409e-05,-0.567803
384.576,-0.671098,-1.52278,-0.568134,-4.28912e-05,-0.568091
384.624,-0.655593,-1.52226,-0.56838,-4.55785e-05,-0.568334
384.672,-0.649595,-1.52173,-0.568654,-4.66616e-05,-0.568608
384.72,-0.653102,-1.52121,-0.568942,-4.60224e-05,-0.568896
384.768,-0.669099,-1.52068,-0.569163,-4.32221e-05,-0.56912
384.816,-0.660101,-1.52016,-0.56933,-4.47729e-05,-0.569285
384.864,-0.690602,-1.51964,-0.569463,-3.97235e-05,-0.569423
384.912,-0.701108,-1.51912,-0.569566,-3.81185e-05,-0.569528
384.96,-0.696617,-1.5186,-0.569726,-3.87943e-05,-0.569687
385.008,-0.656593,-1.51808,-0.569921,-4.53859e-05,-0.569876
385.056,-0.678097,-1.51756,-0.570153,-4.17137e-05,-0.570111
385.104,-0.685112,-1.51704,-0.570249,-4.05802e-05,-0.570209
385.152,-0.699617,-1.51653,-0.570229,-3.83347e-05,-0.570191
385.2,-0.659593,-1.51602,-0.570388,-4.48483e-05,-0.570343
385.248,-0.674606,-1.51551,-0.570447,-4.22823e-05,-0.570405
385.296,-0.72112,-1.515,-0.570513,-3.52303e-05,-0.570478
385.344,-0.655593,-1.5145,-0.570615,-4.5552e-05,-0.57057
385.392,-0.707123,-1.514,-0.570618,-3.72156e-05,-0.570581
385.44,-0.687603,-1.51351,-0.57059,-4.0175e-05,-0.57055
385.488,-0.693618,-1.51301,-0.570641,-3.92369e-05,-0.570602
385.536,-0.683112,-1.51252,-0.570721,-4.08859e-05,-0.57068
385.584,-0.690602,-1.51203,-0.570771,-3.97008e-05,-0.570732
385.632,-0.632582,-1.51153,-0.571074,-4.9843e-05,-0.571024
385.68,-0.637597,-1.51102,-0.571395,-4.88704e-05,-0.571346
385.728,-0.666607,-1.51051,-0.571612,-4.36133e-05,-0.571568
385.776,-0.690111,-1.51,-0.571791,-3.97714e-05,-0.571752
385.824,-0.647087,-1.50949,-0.571936,-4.70796e-05,-0.571889
385.872,-0.658101,-1.50898,-0.572164,-4.50876e-05,-0.572119
385.92,-0.631582,-1.50847,-0.57245,-5.00273e-05,-0.5724
385.968,-0.637597,-1.50795,-0.572716,-4.88591e-05,-0.572667
386.016,-0.650103,-1.50742,-0.572967,-4.65189e-05,-0.57292
386.064,-0.641596,-1.5069,-0.573196,-4.80951e-05,-0.573148
386.112,-0.613586,-1.50637,-0.573571,-5.36772e-05,-0.573518
386.16,-0.631091,-1.50583,-0.57383,-5.0114e-05,-0.57378
386.208,-0.638089,-1.5053,-0.574129,-4.87554e-05,-0.57408
386.256,-0.631091,-1.50476,-0.574338,-5.011e-05,-0.574288
386.304,-0.643088,-1.50423,-0.574521,-4.7805e-05,-0.574473
386.352,-0.630091,-1.50369,-0.574755,-5.03029e-05,-0.574705
386.4,-0.637597,-1.50315,-0.574992,-4.88416e-05,-0.574943
386.448,-0.637597,-1.50261,-0.575168,-4.88396e-05,-0.575119
386.496,-0.640597,-1.50207,-0.575293,-4.82666e-05,-0.575245
386.544,-0.636598,-1.50154,-0.575458,-4.90276e-05,-0.575409
386.592,-0.653594,-1.501,-0.575641,-4.58643e-05,-0.575595
386.64,-0.611587,-1.50045,-0.575936,-5.40758e-05,-0.575882
386.688,-0.664608,-1.49991,-0.576032,-4.39218e-05,-0.575988
386.736,-0.668607,-1.49938,-0.576105,-4.32366e-05,-0.576062
386.784,-0.63309,-1.49884,-0.576181,-4.96966e-05,-0.576131
386.832,-0.651594,-1.49831,-0.576309,-4.62161e-05,-0.576263
386.88,-0.658101,-1.49777,-0.576421,-4.50498e-05,-0.576376
386.928,-0.668607,-1.49725,-0.576422,-4.32297e-05,-0.576379
386.976,-0.659593,-1.49673,-0.576435,-4.47836e-05,-0.57639
387.024,-0.651594,-1.4962,-0.576566,-4.62088e-05,-0.57652
387.072,-0.677605,-1.49568,-0.57656,-4.17259e-05,-0.576519
387.12,-0.659101,-1.49517,-0.576573,-4.48648e-05,-0.576528
387.168,-0.6641,-1.49466,-0.576587,-4.39921e-05,-0.576543
387.216,-0.660592,-1.49414,-0.576703,-4.45997e-05,-0.576659
387.264,-0.616585,-1.49361,-0.576946,-5.29989e-05,-0.576893
387.312,-0.63509,-1.49308,-0.577246,-4.92871e-05,-0.577197
387.36,-0.650103,-1.49255,-0.577457,-4.64671e-05,-0.577411
387.408,-0.637089,-1.49202,-0.577668,-4.88982e-05,-0.57762
387.456,-0.63209,-1.49148,-0.577925,-4.98643e-05,-0.577876
387.504,-0.625584,-1.49094,-0.578191,-5.1151e-05,-0.57814
387.552,-0.598081,-1.49039,-0.578484,-5.69741e-05,-0.578427
387.6,-0.60408,-1.48984,-0.578786,-5.56471e-05,-0.57873
387.648,-0.622076,-1.48929,-0.579068,-5.18531e-05,-0.579016
387.696,-0.622076,-1.48873,-0.579359,-5.18509e-05,-0.579307
387.744,-0.618077,-1.48816,-0.579709,-5.26683e-05,-0.579657
387.792,-0.639597,-1.4876,-0.579901,-4.84037e-05,-0.579853
387.84,-0.627091,-1.48704,-0.580094,-5.08346e-05,-0.580044
387.888,-0.642088,-1.48647,-0.58033,-4.7929e-05,-0.580282
387.936,-0.636089,-1.48591,-0.5805,-4.90679e-05,-0.580451
387.984,-0.642596,-1.48534,-0.58074,-4.78296e-05,-0.580692
388.032,-0.63509,-1.48477,-0.580942,-4.92564e-05,-0.580893
388.08,-0.657593,-1.4842,-0.581048,-4.50938e-05,-0.581003
388.128,-0.657101,-1.48364,-0.581121,-4.5179e-05,-0.581076
388.176,-0.615586,-1.48308,-0.581211,-5.31651e-05,-0.581158
388.224,-0.613586,-1.48251,-0.581406,-5.35814e-05,-0.581353
388.272,-0.623076,-1.48195,-0.581552,-5.16218e-05,-0.5815
388.32,-0.637597,-1.48139,-0.581675,-4.87621e-05,-0.581627
388.368,-0.643088,-1.48083,-0.581766,-4.77213e-05,-0.581718
388.416,-0.666099,-1.48027,-0.581834,-4.36014e-05,-0.58179
388.464,-0.667607,-1.47971,-0.581854,-4.33426e-05,-0.581811
388.512,-0.683604,-1.47916,-0.581843,-4.07053e-05,-0.581803
388.56,-0.645596,-1.47861,-0.581926,-4.72464e-05,-0.581879
388.608,-0.640089,-1.47806,-0.582003,-4.82759e-05,-0.581955
388.656,-0.622584,-1.47751,-0.582122,-5.17042e-05,-0.58207
388.704,-0.647595,-1.47697,-0.582134,-4.68716e-05,-0.582087
388.752,-0.642596,-1.47642,-0.58225,-4.77976e-05,-0.582202
388.8,-0.659101,-1.47587,-0.582353,-4.47999e-05,-0.582308
388.848,-0.610587,-1.47532,-0.582503,-5.41861e-05,-0.582449
388.896,-0.625092,-1.47477,-0.582687,-5.11877e-05,-0.582636
388.944,-0.608079,-1.47421,-0.582917,-5.47171e-05,-0.582863
388.992,-0.619585,-1.47365,-0.583119,-5.23008e-05,-0.583066
389.04,-0.607079,-1.47308,-0.583368,-5.49274e-05,-0.583313
389.088,-0.620077,-1.47251,-0.583581,-5.21956e-05,-0.583528
389.136,-0.578069,-1.47195,-0.583799,-6.15404e-05,-0.583737
389.184,-0.590067,-1.47137,-0.584072,-5.87095e-05,-0.584013
389.232,-0.595574,-1.47079,-0.584328,-5.74527e-05,-0.58427
389.28,-0.608571,-1.47021,-0.584582,-5.45953e-05,-0.584528
389.328,-0.595574,-1.46962,-0.584913,-5.74476e-05,-0.584856
389.376,-0.592066,-1.46902,-0.585278,-5.82407e-05,-0.58522
389.424,-0.60608,-1.46842,-0.585476,-5.51239e-05,-0.585421
389.472,-0.598573,-1.46783,-0.585719,-5.67682e-05,-0.585663
389.52,-0.607571,-1.46723,-0.585925,-5.47975e-05,-0.58587
389.568,-0.601081,-1.46663,-0.58616,-5.62077e-05,-0.586103
389.616,-0.612078,-1.46602,-0.586349,-5.38326e-05,-0.586295
389.664,-0.621093,-1.46543,-0.586444,-5.19604e-05,-0.586392
389.712,-0.612078,-1.46483,-0.58652,-5.38278e-05,-0.586466
389.76,-0.631091,-1.46424,-0.586585,-4.99581e-05,-0.586535
389.808,-0.595082,-1.46364,-0.58683,-5.75327e-05,-0.586772
389.856,-0.624584,-1.46303,-0.587051,-5.12447e-05,-0.587
389.904,-0.630582,-1.46243,-0.587086,-5.00509e-05,-0.587036
389.952,-0.620077,-1.46184,-0.587166,-5.21538e-05,-0.587114
390,-0.633582,-1.46124,-0.587299,-4.94612e-05,-0.587249
390.048,-0.617077,-1.46064,-0.587417,-5.27662e-05,-0.587364
390.096,-0.605571,-1.46004,-0.587574,-5.51991e-05,-0.587519
390.144,-0.652594,-1.45945,-0.58759,-4.59013e-05,-0.587544
390.192,-0.625584,-1.45885,-0.587676,-5.10281e-05,-0.587625
390.24,-0.607079,-1.45826,-0.587772,-5.48663e-05,-0.587717
390.288,-0.606571,-1.45765,-0.587989,-5.49733e-05,-0.587934
390.336,-0.611078,-1.45705,-0.588119,-5.40077e-05,-0.588065
390.384,-0.604572,-1.45645,-0.588264,-5.5401e-05,-0.588209
390.432,-0.596082,-1.45585,-0.588463,-5.7274e-05,-0.588405
390.48,-0.574562,-1.45523,-0.588753,-6.23145e-05,-0.58869
390.528,-0.627583,-1.45462,-0.588953,-5.06134e-05,-0.588903
390.576,-0.587067,-1.454,-0.589156,-5.93267e-05,-0.589097
390.624,-0.637089,-1.45339,-0.589267,-4.87568e-05,-0.589218
390.672,-0.554566,-1.45276,-0.589607,-6.7385e-05,-0.58954
390.72,-0.594574,-1.45213,-0.589938,-5.75976e-05,-0.589881
390.768,-0.608079,-1.45149,-0.590154,-5.46239e-05,-0.590099
390.816,-0.596082,-1.45087,-0.590304,-5.72526e-05,-0.590246
390.864,-0.607079,-1.45023,-0.590523,-5.48333e-05,-0.590468
390.912,-0.564564,-1.44959,-0.590803,-6.47787e-05,-0.590738
390.96,-0.552058,-1.44893,-0.591258,-6.80314e-05,-0.59119
391.008,-0.569071,-1.44827,-0.591591,-6.36375e-05,-0.591528
391.056,-0.585576,-1.44761,-0.591889,-5.96461e-05,-0.59183
391.104,-0.600573,-1.44694,-0.592093,-5.62366e-05,-0.592036
391.152,-0.597573,-1.44628,-0.592339,-5.68991e-05,-0.592283
391.2,-0.579069,-1.44561,-0.592584,-6.11785e-05,-0.592523
391.248,-0.616077,-1.44494,-0.592715,-5.29111e-05,-0.592662
391.296,-0.597082,-1.44427,-0.592918,-5.70004e-05,-0.592861
391.344,-0.60408,-1.4436,-0.593088,-5.54544e-05,-0.593033
391.392,-0.573562,-1.44293,-0.593312,-6.25015e-05,-0.593249
391.44,-0.616585,-1.44225,-0.59347,-5.27951e-05,-0.593417
391.488,-0.609587,-1.44158,-0.593607,-5.42614e-05,-0.593552
391.536,-0.622584,-1.44091,-0.593677,-5.15623e-05,-0.593625
391.584,-0.619077,-1.44024,-0.593761,-5.22739e-05,-0.593708
391.632,-0.609587,-1.43957,-0.59388,-5.42532e-05,-0.593825
391.68,-0.603572,-1.43889,-0.59401,-5.55454e-05,-0.593954
391.728,-0.610079,-1.43822,-0.594096,-5.41432e-05,-0.594042
391.776,-0.60208,-1.43756,-0.594165,-5.58656e-05,-0.59411
391.824,-0.576561,-1.43689,-0.594254,-6.17426e-05,-0.594192
391.872,-0.597082,-1.43622,-0.594321,-5.69659e-05,-0.594265
391.92,-0.579577,-1.43555,-0.594424,-6.10106e-05,-0.594363
391.968,-0.587575,-1.43489,-0.594516,-5.91237e-05,-0.594457
392.016,-0.552058,-1.43421,-0.594751,-6.79561e-05,-0.594683
392.064,-0.573562,-1.43352,-0.595059,-6.24573e-05,-0.594996
392.112,-0.553058,-1.43284,-0.595256,-6.76832e-05,-0.595189
392.16,-0.560565,-1.43214,-0.595519,-6.57164e-05,-0.595453
392.208,-0.55355,-1.43144,-0.595839,-6.75457e-05,-0.595772
392.256,-0.561565,-1.43074,-0.596069,-6.54524e-05,-0.596003
392.304,-0.557565,-1.43003,-0.596419,-6.64834e-05,-0.596352
392.352,-0.597082,-1.42931,-0.596689,-5.69363e-05,-0.596632
392.4,-0.548059,-1.42859,-0.596969,-6.90011e-05,-0.5969
392.448,-0.587575,-1.42787,-0.597216,-5.90925e-05,-0.597157
392.496,-0.549059,-1.42715,-0.597449,-6.87236e-05,-0.597381
392.544,-0.564564,-1.42641,-0.597768,-6.4666e-05,-0.597703
392.592,-0.558565,-1.42567,-0.598105,-6.62015e-05,-0.598039
392.64,-0.562056,-1.42492,-0.598394,-6.52977e-05,-0.598329
392.688,-0.566055,-1.42417,-0.59864,-6.4278e-05,-0.598575
392.736,-0.563056,-1.42343,-0.598848,-6.50349e-05,-0.598783
392.784,-0.555566,-1.42267,-0.5991,-6.69697e-05,-0.599033
392.832,-0.614586,-1.42192,-0.599163,-5.31294e-05,-0.59911
392.88,-0.604572,-1.42118,-0.599277,-5.52543e-05,-0.599222
392.928,-0.617077,-1.42043,-0.599329,-5.26069e-05,-0.599277
392.976,-0.572562,-1.41968,-0.599485,-6.26374e-05,-0.599422
393.024,-0.610079,-1.41893,-0.599547,-5.40647e-05,-0.599493
393.072,-0.616077,-1.41819,-0.599565,-5.28047e-05,-0.599512
393.12,-0.602572,-1.41746,-0.599496,-5.56737e-05,-0.59944
393.168,-0.587067,-1.41672,-0.599526,-5.91607e-05,-0.599467
393.216,-0.629091,-1.41599,-0.599518,-5.01691e-05,-0.599468
393.264,-0.584576,-1.41525,-0.599585,-5.97349e-05,-0.599525
393.312,-0.607571,-1.41452,-0.599656,-5.45808e-05,-0.599602
393.36,-0.590067,-1.41378,-0.599747,-5.84559e-05,-0.599688
393.408,-0.577561,-1.41305,-0.59976,-6.13908e-05,-0.599699
393.456,-0.583068,-1.41231,-0.59983,-6.00758e-05,-0.59977
393.504,-0.579577,-1.41158,-0.599869,-6.09006e-05,-0.599808
393.552,-0.583068,-1.41085,-0.599859,-6.00692e-05,-0.599799
393.6,-0.558565,-1.41012,-0.600018,-6.6124e-05,-0.599952
393.648,-0.577069,-1.40937,-0.600205,-6.14922e-05,-0.600143
393.696,-0.561565,-1.40863,-0.600318,-6.53435e-05,-0.600253
393.744,-0.539045,-1.40788,-0.600585,-7.13725e-05,-0.600514
393.792,-0.57407,-1.40712,-0.600711,-6.22092e-05,-0.600648
393.84,-0.594574,-1.40638,-0.600746,-5.73997e-05,-0.600689
393.888,-0.522049,-1.40562,-0.601031,-7.62786e-05,-0.600955
393.936,-0.519049,-1.40485,-0.601322,-7.71766e-05,-0.601245
393.984,-0.554566,-1.40407,-0.601589,-6.71386e-05,-0.601521
394.032,-0.580069,-1.40329,-0.601823,-6.07453e-05,-0.601763
394.08,-0.54506,-1.4025,-0.602153,-6.96804e-05,-0.602084
394.128,-0.555058,-1.40171,-0.602417,-6.69973e-05,-0.60235
394.176,-0.535554,-1.40091,-0.602703,-7.23183e-05,-0.602631
394.224,-0.546551,-1.4001,-0.602974,-6.92615e-05,-0.602905
394.272,-0.552058,-1.39929,-0.603256,-6.77777e-05,-0.603188
394.32,-0.536046,-1.39847,-0.603566,-7.21657e-05,-0.603493
394.368,-0.528555,-1.39764,-0.603894,-7.43122e-05,-0.60382
394.416,-0.559565,-1.39681,-0.604091,-6.57993e-05,-0.604025
394.464,-0.563056,-1.39598,-0.604196,-6.49005e-05,-0.604131
394.512,-0.565564,-1.39516,-0.604306,-6.42614e-05,-0.604242
394.56,-0.545552,-1.39432,-0.604551,-6.95033e-05,-0.604482
394.608,-0.504544,-1.39347,-0.604806,-8.16236e-05,-0.604725
394.656,-0.550551,-1.39262,-0.605039,-6.81454e-05,-0.604971
394.704,-0.555566,-1.39177,-0.605196,-6.68139e-05,-0.605129
394.752,-0.555566,-1.39092,-0.605381,-6.68096e-05,-0.605314
394.8,-0.562564,-1.39006,-0.605525,-6.49968e-05,-0.60546
394.848,-0.549059,-1.3892,-0.605677,-6.85274e-05,-0.605608
394.896,-0.591574,-1.38835,-0.605698,-5.8e-05,-0.60564
394.944,-0.534046,-1.38749,-0.605859,-7.26736e-05,-0.605787
394.992,-0.55355,-1.38663,-0.605986,-6.73181e-05,-0.605918
395.04,-0.561565,-1.38576,-0.606098,-6.52309e-05,-0.606033
395.088,-0.55255,-1.38489,-0.606189,-6.75737e-05,-0.606122
395.136,-0.577561,-1.38403,-0.606241,-6.12566e-05,-0.606179
395.184,-0.57407,-1.38317,-0.606165,-6.2097e-05,-0.606103
395.232,-0.543552,-1.38231,-0.606187,-6.9987e-05,-0.606117
395.28,-0.534554,-1.38145,-0.606313,-7.24959e-05,-0.60624
395.328,-0.558057,-1.38057,-0.606474,-6.61084e-05,-0.606408
395.376,-0.584576,-1.37969,-0.606605,-5.95749e-05,-0.606545
395.424,-0.551059,-1.37881,-0.606736,-6.79389e-05,-0.606668
395.472,-0.546551,-1.37793,-0.606824,-6.91458e-05,-0.606755
395.52,-0.550059,-1.37704,-0.606961,-6.81966e-05,-0.606892
395.568,-0.570071,-1.37615,-0.607119,-6.30451e-05,-0.607056
395.616,-0.508543,-1.37524,-0.607442,-8.0243e-05,-0.607361
395.664,-0.519541,-1.37432,-0.607789,-7.68507e-05,-0.607713
395.712,-0.501037,-1.37339,-0.608154,-8.26286e-05,-0.608072
395.76,-0.513542,-1.37245,-0.608495,-7.86688e-05,-0.608416
395.808,-0.480533,-1.3715,-0.608814,-8.95337e-05,-0.608725
395.856,-0.510051,-1.37055,-0.609087,-7.97417e-05,-0.609007
395.904,-0.519541,-1.36959,-0.609283,-7.68233e-05,-0.609206
395.952,-0.499545,-1.36863,-0.609528,-8.30834e-05,-0.609445
396,-0.512542,-1.36765,-0.609809,-7.89492e-05,-0.60973
396.048,-0.52354,-1.36667,-0.610061,-7.56112e-05,-0.609986
396.096,-0.541553,-1.36568,-0.610227,-7.04494e-05,-0.610156
396.144,-0.54706,-1.3647,-0.610307,-6.89392e-05,-0.610238
396.192,-0.529047,-1.36371,-0.610412,-7.39793e-05,-0.610338
396.24,-0.518049,-1.36271,-0.610611,-7.72338e-05,-0.610534
396.288,-0.540553,-1.36171,-0.61075,-7.0705e-05,-0.610679
396.336,-0.54606,-1.36071,-0.610822,-6.91892e-05,-0.610752
396.384,-0.552058,-1.35971,-0.610898,-6.75754e-05,-0.610831
396.432,-0.556566,-1.35871,-0.61093,-6.63865e-05,-0.610863
396.48,-0.548059,-1.35771,-0.610877,-6.86332e-05,-0.610809
396.528,-0.562564,-1.35671,-0.610793,-6.48333e-05,-0.610728
396.576,-0.566564,-1.35572,-0.610679,-6.38196e-05,-0.610615
396.624,-0.560057,-1.35472,-0.610694,-6.54641e-05,-0.610629
396.672,-0.538045,-1.35372,-0.610762,-7.13605e-05,-0.610691
396.72,-0.556058,-1.35271,-0.610758,-6.64887e-05,-0.610692
396.768,-0.573562,-1.3517,-0.610762,-6.2073e-05,-0.610699
396.816,-0.566055,-1.35069,-0.610774,-6.39226e-05,-0.61071
396.864,-0.555566,-1.34967,-0.610903,-6.66017e-05,-0.610837
396.912,-0.532046,-1.34864,-0.61108,-7.3031e-05,-0.611007
396.96,-0.524048,-1.3476,-0.611256,-7.5352e-05,-0.611181
397.008,-0.529555,-1.34656,-0.611432,-7.37363e-05,-0.611358
397.056,-0.530555,-1.34551,-0.61153,-7.3442e-05,-0.611456
397.104,-0.548551,-1.34445,-0.611682,-6.84323e-05,-0.611614
397.152,-0.52254,-1.34339,-0.611824,-7.57747e-05,-0.611748
397.2,-0.544552,-1.34232,-0.611963,-6.95027e-05,-0.611894
397.248,-0.513542,-1.34124,-0.612039,-7.84834e-05,-0.611961
397.296,-0.533046,-1.34016,-0.61223,-7.26985e-05,-0.612158
397.344,-0.509543,-1.33906,-0.612442,-7.97107e-05,-0.612362
397.392,-0.520049,-1.33796,-0.612563,-7.64871e-05,-0.612486
397.44,-0.497529,-1.33686,-0.612671,-8.35418e-05,-0.612587
397.488,-0.52154,-1.33574,-0.612853,-7.60283e-05,-0.612777
397.536,-0.516542,-1.33461,-0.613089,-7.75267e-05,-0.613011
397.584,-0.549551,-1.33348,-0.6132,-6.81079e-05,-0.613132
397.632,-0.531047,-1.33234,-0.613324,-7.32274e-05,-0.61325
397.68,-0.569071,-1.3312,-0.613265,-6.30779e-05,-0.613202
397.728,-0.532554,-1.33006,-0.613347,-7.27832e-05,-0.613275
397.776,-0.529555,-1.32891,-0.613362,-7.36379e-05,-0.613288
397.824,-0.549551,-1.32775,-0.613419,-6.80784e-05,-0.613351
397.872,-0.530047,-1.32659,-0.613484,-7.34831e-05,-0.613411
397.92,-0.580069,-1.32543,-0.613329,-6.03889e-05,-0.613268
397.968,-0.528555,-1.32427,-0.613295,-7.39012e-05,-0.613221
398.016,-0.548551,-1.32311,-0.6133,-6.83217e-05,-0.613232
398.064,-0.54406,-1.32193,-0.613269,-6.95294e-05,-0.6132
398.112,-0.560565,-1.32077,-0.613126,-6.5166e-05,-0.613061
398.16,-0.552058,-1.31959,-0.613063,-6.73705e-05,-0.612996
398.208,-0.556058,-1.31841,-0.613027,-6.63162e-05,-0.61296
398.256,-0.529047,-1.31723,-0.613044,-7.37194e-05,-0.61297
398.304,-0.518049,-1.31603,-0.613133,-7.69612e-05,-0.613056
398.352,-0.549059,-1.31482,-0.613192,-6.81429e-05,-0.613123
398.4,-0.513542,-1.3136,-0.613322,-7.83191e-05,-0.613244
398.448,-0.49353,-1.31236,-0.613477,-8.47048e-05,-0.613392
398.496,-0.502036,-1.31112,-0.61363,-8.19182e-05,-0.613548
398.544,-0.482041,-1.30985,-0.613931,-8.85913e-05,-0.613843
398.592,-0.493038,-1.30857,-0.61413,-8.48438e-05,-0.614046
398.64,-0.509035,-1.30728,-0.614294,-7.96775e-05,-0.614214
398.688,-0.478025,-1.30597,-0.614619,-8.99708e-05,-0.614529
398.736,-0.504036,-1.30464,-0.61484,-8.12385e-05,-0.614759
398.784,-0.54506,-1.3033,-0.615047,-6.91595e-05,-0.614978
398.832,-0.51305,-1.30195,-0.615248,-7.8401e-05,-0.61517
398.88,-0.51305,-1.30059,-0.61541,-7.83929e-05,-0.615332
398.928,-0.533554,-1.2992,-0.615591,-7.23289e-05,-0.615518
398.976,-0.484024,-1.2978,-0.615935,-8.78248e-05,-0.615847
399.024,-0.506544,-1.29638,-0.616159,-8.03932e-05,-0.616079
399.072,-0.487531,-1.29494,-0.616382,-8.66064e-05,-0.616295
399.12,-0.509543,-1.29349,-0.616581,-7.94357e-05,-0.616501
399.168,-0.52354,-1.29203,-0.616696,-7.51849e-05,-0.616621
399.216,-0.534046,-1.29055,-0.616778,-7.21422e-05,-0.616706
399.264,-0.531047,-1.28907,-0.616839,-7.29875e-05,-0.616766
399.312,-0.520049,-1.28757,-0.616966,-7.61954e-05,-0.61689
399.36,-0.482532,-1.28604,-0.6172,-8.82611e-05,-0.617112
399.408,-0.49553,-1.28449,-0.617416,-8.38656e-05,-0.617332
399.456,-0.502036,-1.28292,-0.61765,-8.17431e-05,-0.617568
399.504,-0.519049,-1.28135,-0.6177,-7.64586e-05,-0.617623
399.552,-0.498529,-1.27976,-0.617766,-8.28552e-05,-0.617683
399.6,-0.513542,-1.27815,-0.617844,-7.81087e-05,-0.617766
399.648,-0.495038,-1.27652,-0.617966,-8.39766e-05,-0.617882
399.696,-0.524048,-1.27487,-0.618075,-7.49375e-05,-0.618
399.744,-0.532554,-1.27322,-0.618074,-7.24699e-05,-0.618002
399.792,-0.574562,-1.27155,-0.61796,-6.14554e-05,-0.617898
399.84,-0.498529,-1.26987,-0.618006,-8.2793e-05,-0.617923
399.888,-0.526048,-1.26816,-0.61803,-7.43142e-05,-0.617956
399.936,-0.529047,-1.26643,-0.618094,-7.34356e-05,-0.618021
399.984,-0.499545,-1.26469,-0.61807,-8.24313e-05,-0.617988
400.032,-0.427003,-1.26292,-0.618307,-0.000109539,-0.618197
400.08,-0.447524,-1.26112,-0.618511,-0.000101057,-0.61841
400.128,-0.489531,-1.25929,-0.618667,-8.56974e-05,-0.618582
400.176,-0.478533,-1.25744,-0.618836,-8.94613e-05,-0.618747
400.224,-0.484532,-1.25556,-0.619001,-8.7369e-05,-0.618914
400.272,-0.453014,-1.25366,-0.619067,-9.88481e-05,-0.618968
400.32,-0.440017,-1.25172,-0.619413,-0.000104001,-0.619309
400.368,-0.460521,-1.24974,-0.619632,-9.59523e-05,-0.619536
400.416,-0.464028,-1.24773,-0.619921,-9.46272e-05,-0.619827
400.464,-0.48604,-1.2457,-0.620129,-8.67888e-05,-0.620043
400.512,-0.461029,-1.24362,-0.620402,-9.57167e-05,-0.620306
400.56,-0.45703,-1.24152,-0.620554,-9.7214e-05,-0.620457
400.608,-0.478025,-1.23938,-0.620782,-8.95166e-05,-0.620692
400.656,-0.461029,-1.2372,-0.620981,-9.567e-05,-0.620885
400.704,-0.458521,-1.23498,-0.621264,-9.6599e-05,-0.621168
400.752,-0.447524,-1.23272,-0.621549,-0.000100838,-0.621448
400.8,-0.464028,-1.23042,-0.621793,-9.45026e-05,-0.621698
400.848,-0.494038,-1.22809,-0.621807,-8.39964e-05,-0.621723
400.896,-0.493038,-1.22573,-0.621836,-8.43112e-05,-0.621751
400.944,-0.473026,-1.22333,-0.621932,-9.11771e-05,-0.62184
400.992,-0.471535,-1.22089,-0.622035,-9.16948e-05,-0.621943
401.04,-0.484532,-1.2184,-0.622084,-8.71221e-05,-0.621997
401.088,-0.510051,-1.21588,-0.622096,-7.88108e-05,-0.622017
401.136,-0.472535,-1.21332,-0.622071,-9.12833e-05,-0.621979
401.184,-0.497038,-1.21071,-0.622062,-8.29042e-05,-0.621979
401.232,-0.498037,-1.20806,-0.622019,-8.25631e-05,-0.621937
401.28,-0.492039,-1.20537,-0.621921,-8.45109e-05,-0.621836
401.328,-0.487531,-1.20262,-0.621968,-8.59998e-05,-0.621882
401.376,-0.52154,-1.19982,-0.621848,-7.52466e-05,-0.621773
401.424,-0.490531,-1.19698,-0.621853,-8.49577e-05,-0.621768
401.472,-0.465028,-1.19408,-0.621845,-9.38721e-05,-0.621751
401.52,-0.470027,-1.19111,-0.621841,-9.20292e-05,-0.621749
401.568,-0.487531,-1.1881,-0.621759,-8.59045e-05,-0.621673
401.616,-0.490531,-1.18502,-0.621726,-8.48801e-05,-0.621641
401.664,-0.468027,-1.18188,-0.621741,-9.26881e-05,-0.621649
401.712,-0.464028,-1.17865,-0.621841,-9.41299e-05,-0.621747
401.76,-0.447016,-1.17536,-0.621912,-0.000100598,-0.621812
401.808,-0.470027,-1.17198,-0.621976,-9.18947e-05,-0.621884
401.856,-0.480025,-1.16854,-0.621923,-8.83385e-05,-0.621834
401.904,-0.478533,-1.16502,-0.621887,-8.88328e-05,-0.621798
401.952,-0.484532,-1.16139,-0.622025,-8.67435e-05,-0.621938
402,-0.435018,-1.15767,-0.622256,-0.000105301,-0.62215
402.048,-0.43451,-1.15384,-0.622407,-0.00010548,-0.622301
402.096,-0.440017,-1.14992,-0.622484,-0.000103196,-0.622381
402.144,-0.441017,-1.14588,-0.622673,-0.00010276,-0.62257
402.192,-0.453522,-1.14173,-0.622817,-9.78119e-05,-0.62272
402.24,-0.46652,-1.13747,-0.622844,-9.29216e-05,-0.622751
402.288,-0.478025,-1.13309,-0.62284,-8.87926e-05,-0.622752
402.336,-0.468519,-1.12858,-0.62285,-9.21331e-05,-0.622758
402.384,-0.46552,-1.12393,-0.62283,-9.31899e-05,-0.622737
402.432,-0.469027,-1.11916,-0.62274,-9.18833e-05,-0.622648
402.48,-0.484024,-1.11424,-0.622572,-8.66032e-05,-0.622486
402.528,-0.46252,-1.10916,-0.622433,-9.41856e-05,-0.622339
402.576,-0.479025,-1.10393,-0.622228,-8.82477e-05,-0.62214
402.624,-0.478533,-1.09853,-0.622035,-8.83814e-05,-0.621947
402.672,-0.489039,-1.09294,-0.621922,-8.47779e-05,-0.621838
402.72,-0.508543,-1.08716,-0.621644,-7.85009e-05,-0.621565
402.768,-0.493038,-1.08118,-0.621396,-8.33835e-05,-0.621312
402.816,-0.502545,-1.07499,-0.6211,-8.02942e-05,-0.62102
402.864,-0.485532,-1.06857,-0.62081,-8.57912e-05,-0.620724
402.912,-0.509035,-1.0619,-0.620441,-7.81977e-05,-0.620362
402.96,-0.489531,-1.05497,-0.620076,-8.43681e-05,-0.619991
403.008,-0.490039,-1.04776,-0.619765,-8.41534e-05,-0.619681
403.056,-0.481025,-1.04023,-0.619456,-8.71308e-05,-0.619368
403.104,-0.517541,-1.03239,-0.61907,-7.54607e-05,-0.618995
403.152,-0.470027,-1.02419,-0.618688,-9.08581e-05,-0.618598
403.2,-0.465028,-1.0156,-0.618297,-9.25954e-05,-0.618204
403.248,-0.473534,-1.0066,-0.617966,-8.94956e-05,-0.617876
403.296,-0.441509,-0.997119,-0.617738,-0.000101396,-0.617636
403.344,-0.43451,-0.987133,-0.617531,-0.000104137,-0.617427
403.392,-0.484024,-0.976603,-0.617176,-8.56907e-05,-0.61709
403.44,-0.477534,-0.965472,-0.616837,-8.7824e-05,-0.616749
403.488,-0.467028,-0.953676,-0.616499,-9.14342e-05,-0.616407
403.536,-0.46652,-0.941154,-0.616049,-9.15279e-05,-0.615957
403.584,-0.487531,-0.92783,-0.615492,-8.42022e-05,-0.615408
403.632,-0.448523,-0.913596,-0.61501,-9.80107e-05,-0.614912
403.68,-0.442508,-0.898338,-0.614544,-0.000100231,-0.614444
403.728,-0.410007,-0.881927,-0.614095,-0.000113709,-0.613981
403.776,-0.478533,-0.864229,-0.613387,-8.67975e-05,-0.613301
403.824,-0.45503,-0.845066,-0.612594,-9.50356e-05,-0.612499
403.872,-0.481025,-0.82421,-0.611683,-8.56871e-05,-0.611597
403.92,-0.472535,-0.801389,-0.610738,-8.84308e-05,-0.61065
403.968,-0.456522,-0.77626,-0.609738,-9.39775e-05,-0.609644
404.016,-0.468519,-0.748404,-0.60859,-8.94647e-05,-0.6085
404.064,-0.461029,-0.71729,-0.607228,-9.19082e-05,-0.607136
404.112,-0.521049,-0.682225,-0.605497,-7.24358e-05,-0.605425
404.16,-0.481025,-0.642254,-0.603608,-8.44812e-05,-0.603523
404.208,-0.481533,-0.596067,-0.601386,-8.40094e-05,-0.601302
404.256,-0.474026,-0.541769,-0.598919,-8.61525e-05,-0.598833
404.304,-0.481533,-0.476569,-0.595913,-8.32279e-05,-0.59583
404.352,-0.470027,-0.396051,-0.592193,-8.65218e-05,-0.592106
404.4,-0.478533,-0.292649,-0.5875,-8.30091e-05,-0.587417
404.448,-0.505544,-0.152241,-0.581012,-7.38519e-05,-0.580938
404.496,-0.553058,0.0554664,-0.571521,-6.0314e-05,-0.57146
404.544,-0.504544,0.406412,-0.556162,-7.09939e-05,-0.556091
404.592,-0.499037,1.07871,-0.526897,-6.87341e-05,-0.526829
404.64,-0.489531,1.72576,-0.490083,-6.63647e-05,-0.490017
404.688,-0.503036,0.837449,-0.518694,-6.66191e-05,-0.518627
404.736,-0.490531,-0.763179,-0.602453,-8.12681e-05,-0.602372
404.784,-0.496529,-0.917207,-0.616251,-8.11945e-05,-0.61617
404.832,-0.484024,-0.906743,-0.615895,-8.52277e-05,-0.615809
404.88,-0.461029,-0.891945,-0.615325,-9.31633e-05,-0.615232
404.928,-0.483532,-0.87597,-0.614631,-8.51892e-05,-0.614546
404.976,-0.436018,-0.858724,-0.614001,-0.000102498,-0.613899
405.024,-0.454014,-0.84003,-0.613273,-9.53766e-05,-0.613178
405.072,-0.449015,-0.819676,-0.61251,-9.71109e-05,-0.612413
405.12,-0.454522,-0.797393,-0.6117,-9.48719e-05,-0.611605
405.168,-0.437509,-0.772858,-0.610808,-0.000101223,-0.610707
405.216,-0.442017,-0.745674,-0.609709,-9.92397e-05,-0.60961
405.264,-0.46552,-0.71531,-0.608483,-9.02888e-05,-0.608393
405.312,-0.43551,-0.681091,-0.607094,-0.000101293,-0.606993
405.36,-0.454014,-0.6421,-0.605454,-9.39174e-05,-0.60536
405.408,-0.456522,-0.597085,-0.603572,-9.2672e-05,-0.60348
405.456,-0.467028,-0.544277,-0.601261,-8.85654e-05,-0.601172
405.504,-0.43551,-0.481037,-0.598495,-9.9721e-05,-0.598395
405.552,-0.487531,-0.403233,-0.594922,-8.08261e-05,-0.594842
405.6,-0.467028,-0.303906,-0.590443,-8.69144e-05,-0.590356
405.648,-0.484024,-0.170191,-0.584391,-8.0465e-05,-0.58431
405.696,-0.459029,0.0248774,-0.575718,-8.74116e-05,-0.575631
405.744,-0.468027,0.347267,-0.5616,-8.22963e-05,-0.561518
405.792,-0.505544,0.960186,-0.534951,-6.76671e-05,-0.534884
405.84,-0.426004,1.6999,-0.49607,-8.56826e-05,-0.495985
405.888,-0.474026,1.06191,-0.512856,-7.33698e-05,-0.512782
405.936,-0.460521,-0.653165,-0.59775,-9.01614e-05,-0.597659
405.984,-0.491039,-0.914567,-0.619707,-8.29277e-05,-0.619624
406.032,-0.507035,-0.907451,-0.619612,-7.78772e-05,-0.619535
406.08,-0.490039,-0.893539,-0.618929,-8.31555e-05,-0.618845
406.128,-0.457521,-0.878488,-0.618182,-9.4354e-05,-0.618088
406.176,-0.521049,-0.862277,-0.617318,-7.34561e-05,-0.617245
406.224,-0.467028,-0.844749,-0.616505,-9.0664e-05,-0.616415
406.272,-0.523048,-0.825723,-0.615509,-7.26758e-05,-0.615437
406.32,-0.470535,-0.804963,-0.614567,-8.91495e-05,-0.614478
406.368,-0.503544,-0.782194,-0.613445,-7.81872e-05,-0.613366
406.416,-0.45503,-0.757065,-0.612309,-9.43852e-05,-0.612215
406.464,-0.452523,-0.729118,-0.611127,-9.51106e-05,-0.611032
406.512,-0.450015,-0.69779,-0.609831,-9.5816e-05,-0.609735
406.56,-0.449523,-0.662343,-0.608289,-9.57357e-05,-0.608194
406.608,-0.473534,-0.62179,-0.606377,-8.68577e-05,-0.60629
406.656,-0.449523,-0.574719,-0.604273,-9.50823e-05,-0.604178
406.704,-0.454522,-0.519098,-0.601879,-9.28318e-05,-0.601786
406.752,-0.461521,-0.451912,-0.598897,-8.9845e-05,-0.598807
406.8,-0.422513,-0.368302,-0.595226,-0.00010401,-0.595122
406.848,-0.46352,-0.259866,-0.590389,-8.78128e-05,-0.590302
406.896,-0.422513,-0.110518,-0.583792,-0.000101934,-0.58369
406.944,-0.418005,0.115114,-0.573888,-0.000101945,-0.573786
406.992,-0.405008,0.507007,-0.556959,-0.000104058,-0.556855
407.04,-0.421005,1.24139,-0.524451,-9.1988e-05,-0.524359
407.088,-0.43651,1.68043,-0.49464,-8.16093e-05,-0.494559
407.136,-0.447016,0.48773,-0.539184,-8.53488e-05,-0.539099
407.184,-0.425512,-0.83993,-0.615812,-0.000106017,-0.615706
407.232,-0.416006,-0.912999,-0.623058,-0.000111316,-0.622947
407.28,-0.442017,-0.901938,-0.622677,-0.000100449,-0.622576
407.328,-0.425004,-0.888309,-0.622208,-0.000107266,-0.622101
407.376,-0.45503,-0.873642,-0.621573,-9.52434e-05,-0.621478
407.424,-0.427003,-0.857816,-0.621099,-0.000106177,-0.620993
407.472,-0.439017,-0.840702,-0.62043,-0.000101156,-0.620329
407.52,-0.453522,-0.822129,-0.619571,-9.54258e-05,-0.619476
407.568,-0.474534,-0.801864,-0.61865,-8.77404e-05,-0.618562
407.616,-0.465028,-0.779654,-0.617565,-9.09154e-05,-0.617474
407.664,-0.451523,-0.755142,-0.616461,-9.56769e-05,-0.616365
407.712,-0.508035,-0.727931,-0.615069,-7.64974e-05,-0.614993
407.76,-0.472535,-0.69749,-0.613501,-8.77148e-05,-0.613413
407.808,-0.501037,-0.663098,-0.611741,-7.8229e-05,-0.611663
407.856,-0.458521,-0.623814,-0.609822,-9.21377e-05,-0.609729
407.904,-0.476534,-0.578322,-0.607626,-8.55496e-05,-0.607541
407.952,-0.468519,-0.524769,-0.605044,-8.79116e-05,-0.604957
408,-0.455522,-0.460338,-0.602128,-9.20424e-05,-0.602036
408.048,-0.450015,-0.380627,-0.598504,-9.34659e-05,-0.598411
408.096,-0.453014,-0.278159,-0.593836,-9.16347e-05,-0.593744
408.144,-0.438018,-0.138916,-0.587483,-9.61318e-05,-0.587387
408.192,-0.443016,0.0669773,-0.578196,-9.27648e-05,-0.578103
408.24,-0.459521,0.41344,-0.562836,-8.46419e-05,-0.562751
408.288,-0.415006,1.06954,-0.534089,-9.56024e-05,-0.533994
408.336,-0.443016,1.7023,-0.497921,-7.98407e-05,-0.497841
408.384,-0.415006,0.847425,-0.525773,-9.40582e-05,-0.525678
408.432,-0.435018,-0.745827,-0.60993,-0.000100852,-0.609829
408.48,-0.43451,-0.911237,-0.624792,-0.000103495,-0.624689
408.528,-0.419005,-0.903082,-0.624789,-0.000109943,-0.624679
408.576,-0.440509,-0.890445,-0.624339,-0.000100954,-0.624238
408.624,-0.439017,-0.876819,-0.623807,-0.000101439,-0.623705
408.672,-0.429003,-0.862162,-0.623222,-0.000105382,-0.623116
408.72,-0.454014,-0.846336,-0.622606,-9.54202e-05,-0.622511
408.768,-0.430511,-0.829188,-0.621951,-0.000104492,-0.621847
408.816,-0.45703,-0.810539,-0.621115,-9.40364e-05,-0.621021
408.864,-0.476026,-0.790161,-0.620173,-8.71482e-05,-0.620086
408.912,-0.458521,-0.767779,-0.619108,-9.31775e-05,-0.619015
408.96,-0.472535,-0.743046,-0.61788,-8.80258e-05,-0.617792
409.008,-0.463028,-0.715507,-0.616628,-9.11729e-05,-0.616537
409.056,-0.435018,-0.684592,-0.615286,-0.000101512,-0.615185
409.104,-0.457521,-0.649573,-0.613625,-9.26847e-05,-0.613532
409.152,-0.454014,-0.609454,-0.61171,-9.36739e-05,-0.611616
409.2,-0.482041,-0.562843,-0.609422,-8.36192e-05,-0.609338
409.248,-0.45503,-0.507724,-0.60687,-9.25613e-05,-0.606777
409.296,-0.452523,-0.441087,-0.603733,-9.29891e-05,-0.60364
409.344,-0.466028,-0.358104,-0.599832,-8.7621e-05,-0.599744
409.392,-0.441017,-0.250441,-0.594886,-9.58377e-05,-0.59479
409.44,-0.472027,-0.102176,-0.588069,-8.38866e-05,-0.587985
409.488,-0.438509,0.121484,-0.578004,-9.40155e-05,-0.57791
409.536,-0.471027,0.508129,-0.560863,-8.03078e-05,-0.560783
409.584,-0.45503,1.2266,-0.528606,-8.05838e-05,-0.528526
409.632,-0.460029,1.6678,-0.498678,-7.45422e-05,-0.498604
409.68,-0.408008,0.51058,-0.542009,-9.93066e-05,-0.54191
409.728,-0.413007,-0.828757,-0.619134,-0.00011121,-0.619023
409.776,-0.4055,-0.908991,-0.627062,-0.000115958,-0.626946
409.824,-0.401501,-0.899532,-0.626909,-0.00011772,-0.626791
409.872,-0.413498,-0.887466,-0.626579,-0.000112206,-0.626467
409.92,-0.399501,-0.87448,-0.626251,-0.000118416,-0.626133
409.968,-0.384996,-0.860501,-0.625938,-0.00012521,-0.625812
410.016,-0.410007,-0.845415,-0.625492,-0.000113382,-0.625379
410.064,-0.416006,-0.829071,-0.625038,-0.000110605,-0.624927
410.112,-0.393994,-0.811296,-0.624525,-0.000120409,-0.624405
410.16,-0.396502,-0.791888,-0.623865,-0.000119051,-0.623746
410.208,-0.413007,-0.770588,-0.623076,-0.000111406,-0.622965
410.256,-0.415514,-0.747075,-0.622196,-0.000110114,-0.622086
410.304,-0.413498,-0.720963,-0.621128,-0.000110762,-0.621017
410.352,-0.408008,-0.69172,-0.620003,-0.000112914,-0.619891
410.4,-0.408499,-0.658698,-0.618638,-0.000112406,-0.618525
410.448,-0.441509,-0.621025,-0.616935,-9.84694e-05,-0.616836
410.496,-0.46352,-0.577508,-0.614828,-9.00199e-05,-0.614738
410.544,-0.444524,-0.526423,-0.612414,-9.65938e-05,-0.612317
410.592,-0.440509,-0.465241,-0.609522,-9.76574e-05,-0.609425
410.64,-0.433019,-0.390013,-0.606048,-9.99766e-05,-0.605948
410.688,-0.43651,-0.294195,-0.601565,-9.78793e-05,-0.601467
410.736,-0.409499,-0.165823,-0.595658,-0.000107726,-0.59555
410.784,-0.404008,0.0197343,-0.58724,-0.000108486,-0.587132
410.832,-0.419513,0.321036,-0.57374,-9.9722e-05,-0.57364
410.88,-0.448523,0.882255,-0.548891,-8.51344e-05,-0.548806
410.928,-0.431511,1.63485,-0.510007,-8.45588e-05,-0.509923
410.976,-0.436018,1.19115,-0.518134,-8.43988e-05,-0.518049
411.024,-0.413498,-0.524219,-0.60076,-0.000106872,-0.600653
411.072,-0.416006,-0.90333,-0.631184,-0.000111164,-0.631073
411.12,-0.426512,-0.902618,-0.63169,-0.000106747,-0.631583
411.168,-0.453014,-0.891721,-0.631237,-9.61309e-05,-0.631141
411.216,-0.437018,-0.879859,-0.630754,-0.00010226,-0.630652
411.264,-0.422005,-0.867132,-0.630229,-0.000108353,-0.630121
411.312,-0.392994,-0.853419,-0.629842,-0.000121277,-0.62972
411.36,-0.387504,-0.838602,-0.62943,-0.000123773,-0.629306
411.408,-0.419513,-0.822558,-0.628818,-0.000109038,-0.628709
411.456,-0.416514,-0.805118,-0.6281,-0.000110179,-0.62799
411.504,-0.406008,-0.786048,-0.627464,-0.000114642,-0.62735
411.552,-0.401501,-0.76511,-0.626713,-0.000116495,-0.626597
411.6,-0.366984,-0.741988,-0.625891,-0.000133138,-0.625758
411.648,-0.388995,-0.716278,-0.624972,-0.000121885,-0.62485
411.696,-0.378489,-0.687492,-0.623894,-0.000126725,-0.623767
411.744,-0.364492,-0.65498,-0.622653,-0.000133534,-0.622519
411.792,-0.387996,-0.617864,-0.621171,-0.000121426,-0.621049
411.84,-0.383996,-0.574989,-0.619324,-0.000122932,-0.619201
411.888,-0.369491,-0.524678,-0.617113,-0.000129614,-0.616984
411.936,-0.372982,-0.46445,-0.614491,-0.000127249,-0.614363
411.984,-0.371983,-0.390504,-0.611186,-0.00012701,-0.611059
412.032,-0.379997,-0.296491,-0.607003,-0.000122177,-0.606881
412.08,-0.397502,-0.170986,-0.60125,-0.000112957,-0.601137
412.128,-0.384996,0.00936285,-0.593118,-0.000116973,-0.593001
412.176,-0.438018,0.299412,-0.580023,-9.28949e-05,-0.57993
412.224,-0.350987,0.835027,-0.556331,-0.000125264,-0.556206
412.272,-0.4055,1.59875,-0.517524,-9.40764e-05,-0.51743
412.32,-0.371491,1.26791,-0.520662,-0.000108101,-0.520554
412.368,-0.389995,-0.43425,-0.601248,-0.000116063,-0.601132
412.416,-0.390503,-0.898558,-0.637555,-0.00012278,-0.637432
412.464,-0.424512,-0.901427,-0.638411,-0.000107576,-0.638303
412.512,-0.421513,-0.891191,-0.637969,-0.000108764,-0.63786
412.56,-0.452014,-0.879994,-0.637348,-9.64199e-05,-0.637252
412.608,-0.37449,-0.867977,-0.636917,-0.000130549,-0.636786
412.656,-0.417006,-0.85506,-0.636373,-0.000110393,-0.636262
412.704,-0.374998,-0.841131,-0.63587,-0.000130017,-0.63574
412.752,-0.412498,-0.826065,-0.635246,-0.000112108,-0.635134
412.8,-0.382997,-0.809709,-0.63465,-0.000125696,-0.634524
412.848,-0.392994,-0.791875,-0.633964,-0.000120696,-0.633843
412.896,-0.37449,-0.772324,-0.63338,-0.000129581,-0.63325
412.944,-0.346988,-0.750793,-0.632685,-0.000144092,-0.632541
412.992,-0.379489,-0.726955,-0.631772,-0.000126617,-0.631646
413.04,-0.383488,-0.700387,-0.630685,-0.000124389,-0.630561
413.088,-0.346988,-0.67052,-0.629593,-0.000143192,-0.62945
413.136,-0.366492,-0.636648,-0.628195,-0.0001323,-0.628063
413.184,-0.372491,-0.597817,-0.62653,-0.000128833,-0.626401
413.232,-0.366984,-0.55269,-0.624552,-0.00013118,-0.624421
413.28,-0.373999,-0.49936,-0.622174,-0.000127089,-0.622047
413.328,-0.360985,-0.434959,-0.619355,-0.000133068,-0.619222
413.376,-0.353478,-0.354945,-0.615824,-0.000136184,-0.615688
413.424,-0.366492,-0.25163,-0.611055,-0.000128366,-0.610927
413.472,-0.356986,-0.110489,-0.604595,-0.000131775,-0.604463
413.52,-0.37749,0.0994647,-0.594946,-0.00011962,-0.594826
413.568,-0.387996,0.454276,-0.578819,-0.000111662,-0.578707
413.616,-0.375998,1.11384,-0.548779,-0.000110926,-0.548668
413.664,-0.37549,1.66947,-0.514614,-0.000104202,-0.51451
413.712,-0.365492,0.74337,-0.547273,-0.000115227,-0.547158
413.76,-0.371491,-0.762338,-0.631105,-0.000129753,-0.630975
413.808,-0.330975,-0.902596,-0.644261,-0.000155211,-0.644106
413.856,-0.388995,-0.896341,-0.644232,-0.000123602,-0.644108
413.904,-0.381997,-0.88629,-0.64371,-0.000126942,-0.643583
413.952,-0.391995,-0.875468,-0.643233,-0.000121959,-0.643111
414,-0.396994,-0.863861,-0.642777,-0.000119485,-0.642658
414.048,-0.413007,-0.851394,-0.64221,-0.000112105,-0.642098
414.096,-0.399501,-0.837958,-0.641636,-0.000118078,-0.641518
414.144,-0.396502,-0.823433,-0.640996,-0.000119339,-0.640877
414.192,-0.389995,-0.807677,-0.640306,-0.000122273,-0.640183
414.24,-0.391503,-0.79051,-0.639574,-0.00012139,-0.639453
414.288,-0.4075,-0.77173,-0.638747,-0.000113844,-0.638633
414.336,-0.376998,-0.751088,-0.637844,-0.000128099,-0.637716
414.384,-0.380997,-0.728247,-0.636931,-0.000125882,-0.636806
414.432,-0.340481,-0.702833,-0.635885,-0.000147261,-0.635738
414.48,-0.364984,-0.674325,-0.63471,-0.000133475,-0.634577
414.528,-0.370491,-0.642084,-0.633334,-0.000130295,-0.633204
414.576,-0.363984,-0.605232,-0.63177,-0.000133277,-0.631636
414.624,-0.345988,-0.562582,-0.629928,-0.000142543,-0.629786
414.672,-0.322977,-0.512433,-0.627826,-0.000155388,-0.627671
414.72,-0.360985,-0.452301,-0.625175,-0.000133246,-0.625041
414.768,-0.34548,-0.378352,-0.621839,-0.000140778,-0.621699
414.816,-0.342481,-0.284172,-0.617584,-0.000141394,-0.617443
414.864,-0.329467,-0.158146,-0.611891,-0.000147332,-0.611744
414.912,-0.334482,0.0233761,-0.603656,-0.000142427,-0.603514
414.96,-0.331483,0.315848,-0.590359,-0.000140864,-0.590218
415.008,-0.322977,0.853902,-0.566147,-0.000139566,-0.566007
415.056,-0.338973,1.59566,-0.527504,-0.000122068,-0.527382
415.104,-0.331975,1.23177,-0.532567,-0.000126607,-0.532441
415.152,-0.320469,-0.455536,-0.61493,-0.000152832,-0.614777
415.2,-0.323977,-0.894042,-0.650192,-0.000159319,-0.650032
415.248,-0.366984,-0.897333,-0.651103,-0.00013475,-0.650968
415.296,-0.380489,-0.888227,-0.650731,-0.000127712,-0.650603
415.344,-0.356478,-0.878242,-0.650343,-0.000140211,-0.650203
415.392,-0.325468,-0.867539,-0.650025,-0.000158204,-0.649867
415.44,-0.349479,-0.856042,-0.649673,-0.000143863,-0.649529
415.488,-0.377998,-0.843695,-0.649081,-0.000128521,-0.648953
415.536,-0.368983,-0.830374,-0.648537,-0.000133006,-0.648404
415.584,-0.342972,-0.815966,-0.647894,-0.000147121,-0.647747
415.632,-0.351987,-0.800304,-0.647288,-0.000141839,-0.647146
415.68,-0.358985,-0.783235,-0.646551,-0.000137817,-0.646413
415.728,-0.369491,-0.764555,-0.645663,-0.000132063,-0.645531
415.776,-0.380489,-0.744006,-0.644675,-0.000126287,-0.644548
415.824,-0.382997,-0.721268,-0.643603,-0.00012483,-0.643478
415.872,-0.365984,-0.695932,-0.642524,-0.000133176,-0.642391
415.92,-0.37649,-0.667514,-0.641188,-0.000127518,-0.641061
415.968,-0.351479,-0.635345,-0.63975,-0.000140303,-0.63961
416.016,-0.307472,-0.598524,-0.638269,-0.000166242,-0.638102
416.064,-0.324976,-0.555839,-0.636525,-0.000154698,-0.63637
416.112,-0.321469,-0.505608,-0.634382,-0.000156224,-0.634225
416.16,-0.311963,-0.44531,-0.631782,-0.00016139,-0.631621
416.208,-0.331483,-0.371043,-0.628427,-0.000148631,-0.628279
416.256,-0.323977,-0.276338,-0.624019,-0.000151936,-0.623867
416.304,-0.310963,-0.149346,-0.618235,-0.000158304,-0.618077
416.352,-0.314962,0.0340144,-0.609736,-0.000153622,-0.609582
416.4,-0.323468,0.33032,-0.596072,-0.000145189,-0.595927
416.448,-0.314962,0.874805,-0.571101,-0.000143762,-0.570957
416.496,-0.316962,1.60016,-0.532459,-0.000132927,-0.532326
416.544,-0.300965,1.19388,-0.539886,-0.000143407,-0.539742
416.592,-0.327468,-0.485837,-0.6236,-0.000149214,-0.623451
416.64,-0.322977,-0.892215,-0.656982,-0.000159932,-0.656823
416.688,-0.292967,-0.895008,-0.658051,-0.000180081,-0.657871
416.736,-0.296458,-0.886386,-0.65804,-0.000177517,-0.657863
416.784,-0.317961,-0.876942,-0.657818,-0.000163047,-0.657655
416.832,-0.335974,-0.866835,-0.657509,-0.000151811,-0.657357
416.88,-0.328467,-0.855996,-0.657192,-0.000156213,-0.657036
416.928,-0.328467,-0.844344,-0.656804,-0.000156072,-0.656648
416.976,-0.333483,-0.831785,-0.656361,-0.000152884,-0.656208
417.024,-0.330975,-0.818196,-0.655942,-0.000154231,-0.655788
417.072,-0.338482,-0.803466,-0.655358,-0.000149587,-0.655209
417.12,-0.321469,-0.787435,-0.654719,-0.000159704,-0.65456
417.168,-0.302965,-0.769903,-0.654099,-0.000171485,-0.653927
417.216,-0.294458,-0.750641,-0.653432,-0.000177034,-0.653255
417.264,-0.330975,-0.729392,-0.652511,-0.000153167,-0.652357
417.312,-0.377998,-0.705822,-0.651361,-0.000127146,-0.651234
417.36,-0.307472,-0.679468,-0.650283,-0.000167296,-0.650116
417.408,-0.314962,-0.649766,-0.649034,-0.000162079,-0.648872
417.456,-0.336974,-0.616008,-0.647439,-0.000148286,-0.64729
417.504,-0.325976,-0.577204,-0.64559,-0.000154349,-0.645436
417.552,-0.31747,-0.531976,-0.643455,-0.000159019,-0.643296
417.6,-0.333483,-0.478348,-0.640896,-0.000148716,-0.640747
417.648,-0.253451,-0.413361,-0.637945,-0.000202485,-0.637742
417.696,-0.265448,-0.332247,-0.634302,-0.000191956,-0.63411
417.744,-0.296458,-0.22693,-0.629435,-0.000168585,-0.629267
417.792,-0.278462,-0.082076,-0.622729,-0.000178865,-0.62255
417.84,-0.314962,0.135265,-0.612449,-0.000152407,-0.612296
417.888,-0.280461,0.505664,-0.595324,-0.000169502,-0.595155
417.936,-0.28646,1.17917,-0.563493,-0.000156607,-0.563336
417.984,-0.262449,1.63339,-0.532567,-0.000162497,-0.532405
418.032,-0.300457,0.58904,-0.573232,-0.000150597,-0.573081
418.08,-0.246436,-0.789776,-0.655861,-0.000212757,-0.655648
418.128,-0.300965,-0.895353,-0.666543,-0.000174496,-0.666368
418.176,-0.266956,-0.889816,-0.666797,-0.000199331,-0.666598
418.224,-0.279462,-0.881272,-0.666821,-0.000189671,-0.666631
418.272,-0.280461,-0.872092,-0.666697,-0.000188794,-0.666508
418.32,-0.269955,-0.862251,-0.666591,-0.000196581,-0.666395
418.368,-0.264957,-0.851673,-0.666527,-0.000200306,-0.666327
418.416,-0.285952,-0.840293,-0.666312,-0.000184318,-0.666128
418.464,-0.276462,-0.828031,-0.665977,-0.000191121,-0.665786
418.512,-0.307472,-0.81477,-0.665535,-0.000169071,-0.665366
418.56,-0.291967,-0.800388,-0.665047,-0.000179464,-0.664868
418.608,-0.268448,-0.784724,-0.664558,-0.000196557,-0.664362
418.656,-0.284952,-0.767593,-0.663989,-0.000183997,-0.663805
418.704,-0.283952,-0.748804,-0.663206,-0.000184449,-0.663021
418.752,-0.290967,-0.728069,-0.662375,-0.000179156,-0.662195
418.8,-0.275446,-0.70505,-0.661506,-0.000190053,-0.661316
418.848,-0.277462,-0.679343,-0.66043,-0.000188178,-0.660242
418.896,-0.305472,-0.65041,-0.659142,-0.000168229,-0.658973
418.944,-0.265956,-0.617548,-0.657738,-0.00019591,-0.657542
418.992,-0.278462,-0.579823,-0.656009,-0.000185987,-0.655823
419.04,-0.262957,-0.535907,-0.654179,-0.000196962,-0.653982
419.088,-0.293459,-0.48398,-0.651792,-0.000174055,-0.651618
419.136,-0.268448,-0.421278,-0.648958,-0.000191041,-0.648767
419.184,-0.28646,-0.34348,-0.645219,-0.000176933,-0.645042
419.232,-0.195922,-0.243206,-0.640708,-0.000250326,-0.640457
419.28,-0.236946,-0.106782,-0.634387,-0.000210877,-0.634176
419.328,-0.210427,0.0943893,-0.625,-0.000230321,-0.62477
419.376,-0.242945,0.428947,-0.609271,-0.000197531,-0.609074
419.424,-0.222933,1.04331,-0.580156,-0.000203283,-0.579953
419.472,-0.19943,1.63981,-0.543919,-0.000208822,-0.54371
419.52,-0.236946,0.875168,-0.570475,-0.000188904,-0.570286
419.568,-0.218934,-0.692713,-0.659126,-0.00023402,-0.658892
419.616,-0.19943,-0.8919,-0.67826,-0.000259677,-0.678
419.664,-0.204429,-0.889145,-0.678904,-0.000254674,-0.67865
419.712,-0.179926,-0.881053,-0.679237,-0.000280168,-0.678957
419.76,-0.224441,-0.872287,-0.67936,-0.000235156,-0.679125
419.808,-0.201429,-0.862897,-0.679455,-0.000257163,-0.679198
419.856,-0.188924,-0.852819,-0.67946,-0.000269868,-0.67919
419.904,-0.19943,-0.841961,-0.679495,-0.000258764,-0.679237
419.952,-0.201921,-0.830248,-0.679452,-0.000256017,-0.679196
420,-0.179926,-0.817578,-0.679401,-0.000278789,-0.679122
420.048,-0.19743,-0.803825,-0.679274,-0.000260027,-0.679014
420.096,-0.214935,-0.788865,-0.67899,-0.000242504,-0.678748
420.144,-0.204937,-0.772528,-0.678654,-0.000251874,-0.678402
420.192,-0.193415,-0.754615,-0.678205,-0.00026314,-0.677942
420.24,-0.191415,-0.734848,-0.677828,-0.000264802,-0.677563
420.288,-0.233947,-0.712969,-0.677109,-0.000223761,-0.676886
420.336,-0.184925,-0.688571,-0.676458,-0.000270643,-0.676187
420.384,-0.207428,-0.661179,-0.675554,-0.000247267,-0.675307
420.432,-0.206936,-0.630168,-0.674499,-0.000247143,-0.674252
420.48,-0.209428,-0.594731,-0.673093,-0.000244063,-0.672849
420.528,-0.186416,-0.55372,-0.671515,-0.000266239,-0.671249
420.576,-0.22544,-0.50557,-0.66941,-0.000227619,-0.669182
420.624,-0.181417,-0.44797,-0.666948,-0.000269262,-0.666679
420.672,-0.17691,-0.377353,-0.663843,-0.000272544,-0.66357
420.72,-0.142409,-0.2879,-0.659899,-0.000309812,-0.659589
420.768,-0.19843,-0.169295,-0.654321,-0.000246442,-0.654074
420.816,-0.157914,-0.00108258,-0.646384,-0.000285066,-0.646099
420.864,-0.162913,0.26322,-0.633761,-0.000273824,-0.633487
420.912,-0.123889,0.736715,-0.61126,-0.000307377,-0.610953
420.96,-0.164913,1.47672,-0.572319,-0.000244807,-0.572074
421.008,-0.117398,1.40147,-0.564099,-0.000290274,-0.563809
421.056,-0.134903,-0.162408,-0.640287,-0.000307298,-0.63998
421.104,-0.0883881,-0.87213,-0.695658,-0.000400023,-0.695258
421.152,-0.16742,-0.890222,-0.698635,-0.000294437,-0.69834
421.2,-0.110891,-0.882761,-0.699174,-0.000367241,-0.698807
421.248,-0.104893,-0.874163,-0.699724,-0.000375724,-0.699348
421.296,-0.0653767,-0.864929,-0.700229,-0.000438312,-0.69979
421.344,-0.103385,-0.854971,-0.700731,-0.000377387,-0.700354
421.392,-0.0833892,-0.844234,-0.701266,-0.000407796,-0.700858
421.44,-0.112891,-0.832641,-0.701584,-0.00036296,-0.701221
421.488,-0.0748828,-0.820082,-0.701979,-0.000420822,-0.701558
421.536,-0.0728833,-0.806447,-0.70222,-0.000423682,-0.701796
421.584,-0.0708837,-0.791582,-0.702447,-0.000426519,-0.70202
421.632,-0.0648686,-0.775344,-0.70249,-0.000436135,-0.702054
421.68,-0.068376,-0.757519,-0.70246,-0.000429587,-0.702031
421.728,-0.0623773,-0.737863,-0.702354,-0.000439126,-0.701915
421.776,-0.048364,-0.716075,-0.702151,-0.000463113,-0.701688
421.824,-0.0528712,-0.691764,-0.701856,-0.000454146,-0.701402
421.872,-0.0643769,-0.664481,-0.701266,-0.00043321,-0.700833
421.92,-0.0528712,-0.633592,-0.700546,-0.000452085,-0.700094
421.968,-0.0548708,-0.598274,-0.699561,-0.000447319,-0.699114
422.016,-0.0388578,-0.557419,-0.698293,-0.000474748,-0.697818
422.064,-0.0503635,-0.509459,-0.696585,-0.000452126,-0.696133
422.112,-0.0578701,-0.452116,-0.694349,-0.000437054,-0.693912
422.16,-0.0498718,-0.381903,-0.691393,-0.000448482,-0.690945
422.208,-0.0443648,-0.293124,-0.687383,-0.000455075,-0.686928
422.256,-0.00984771,-0.17562,-0.682068,-0.000516155,-0.681552
422.304,-0.0178624,-0.0093806,-0.674205,-0.000493735,-0.673711
422.352,-0.0308596,0.250783,-0.66156,-0.000459796,-0.6611
422.4,-0.0128635,0.71533,-0.638737,-0.000475652,-0.638261
422.448,0.021162,1.45686,-0.598782,-0.000508551,-0.598274
422.496,0.0426655,1.43089,-0.58797,-0.00054221,-0.587427
422.544,0.00114991,-0.104787,-0.665425,-0.000520779,-0.664904
422.592,0.040666,-0.868392,-0.726867,-0.000662723,-0.726204
422.64,0.0541712,-0.889287,-0.730927,-0.000701245,-0.730226
422.688,0.0806737,-0.881215,-0.732092,-0.000777422,-0.731315
422.736,0.0796739,-0.871863,-0.733121,-0.000773826,-0.732347
422.784,0.074675,-0.861755,-0.734175,-0.000758242,-0.733417
422.832,0.12119,-0.850807,-0.735496,-0.000908792,-0.734587
422.88,0.144709,-0.838952,-0.736687,-0.000995424,-0.735692
422.928,0.156215,-0.826027,-0.738042,-0.00104018,-0.737002
422.976,0.391295,-0.811749,-0.741539,-0.00259957,-0.738939
423.024,0.739925,-0.794836,-0.75362,-0.00994977,-0.74367
423.072,0.950011,-0.774697,-0.77216,-0.0217633,-0.750396
423.12,0.961008,-0.752367,-0.780194,-0.0226135,-0.75758
423.168,0.869471,-0.728503,-0.780008,-0.0161143,-0.763894
423.216,0.732926,-0.702228,-0.778378,-0.009619,-0.768759
423.264,0.608379,-0.672627,-0.778007,-0.00595918,-0.772048
423.312,0.526348,-0.638818,-0.778441,-0.00433115,-0.77411
423.36,0.459821,-0.599878,-0.778586,-0.00333697,-0.775249
423.408,0.394803,-0.554635,-0.777875,-0.00258296,-0.775292
423.456,0.344273,-0.501114,-0.776447,-0.00211289,-0.774334
423.504,0.256242,-0.436602,-0.773542,-0.00149142,-0.772051
423.552,0.216726,-0.356491,-0.769838,-0.00127017,-0.768568
423.6,0.213727,-0.253143,-0.764774,-0.00124524,-0.763529
423.648,0.185717,-0.112198,-0.757235,-0.0011039,-0.756131
423.696,0.182226,0.0969042,-0.745842,-0.0010713,-0.74477
423.744,0.193223,0.44888,-0.726604,-0.00108808,-0.725516
423.792,0.220725,1.1006,-0.690142,-0.00114897,-0.688994
423.84,0.217234,1.66268,-0.647784,-0.00106254,-0.646722
423.888,0.202221,0.767426,-0.687679,-0.00106257,-0.686616
423.936,0.189224,-0.74471,-0.793562,-0.00116412,-0.792398
423.984,0.222233,-0.893837,-0.811966,-0.0013531,-0.810613
424.032,0.249736,-0.886272,-0.813075,-0.00150599,-0.811569
424.08,0.254751,-0.874344,-0.813587,-0.00153435,-0.812052
424.128,0.254751,-0.861392,-0.814095,-0.00153281,-0.812562
424.176,0.247244,-0.847413,-0.814383,-0.00148693,-0.812896
424.224,0.26075,-0.832247,-0.814753,-0.00156558,-0.813187
424.272,0.284253,-0.815733,-0.815163,-0.00171374,-0.81345
424.32,0.31677,-0.797673,-0.815673,-0.00194269,-0.81373
424.368,0.347272,-0.777796,-0.816291,-0.00218448,-0.814106
424.416,0.338274,-0.755874,-0.816495,-0.00210564,-0.814389
424.464,0.357778,-0.731531,-0.816798,-0.00226752,-0.814531
424.512,0.37879,-0.704289,-0.817055,-0.00245556,-0.814599
424.56,0.379298,-0.673592,-0.816962,-0.00245453,-0.814508
424.608,0.390803,-0.638704,-0.816662,-0.00255991,-0.814102
424.656,0.388296,-0.598584,-0.815887,-0.00252712,-0.81336
424.704,0.409308,-0.551789,-0.814965,-0.00273226,-0.812233
424.752,0.413307,-0.496269,-0.813351,-0.00276302,-0.810588
424.8,0.402293,-0.428959,-0.81078,-0.00263328,-0.808147
424.848,0.48834,-0.344739,-0.80847,-0.00365344,-0.804816
424.896,0.787947,-0.233536,-0.812708,-0.0114213,-0.801287
424.944,1.06254,-0.073389,-0.828199,-0.0308453,-0.797354
424.992,1.14458,0.17806,-0.829102,-0.0401427,-0.788959
425.04,1.13058,0.626941,-0.805596,-0.0369633,-0.768632
425.088,0.98302,1.40714,-0.744455,-0.0205619,-0.723893
425.136,0.875486,1.55656,-0.715501,-0.0133639,-0.702137
425.184,0.773442,0.0843008,-0.800885,-0.0102154,-0.790669
425.232,0.6634,-0.870024,-0.887598,-0.00745312,-0.880145
425.28,0.561865,-0.897538,-0.891884,-0.0050692,-0.886815
425.328,0.498338,-0.884417,-0.891559,-0.0039614,-0.887597
425.376,0.445824,-0.869447,-0.890929,-0.00322781,-0.887701
425.424,0.414307,-0.853244,-0.890356,-0.00285226,-0.887503
425.472,0.400801,-0.835721,-0.889669,-0.00270269,-0.886967
425.52,0.332767,-0.816738,-0.888095,-0.0020708,-0.886025
425.568,0.31577,-0.796044,-0.886646,-0.00193496,-0.884711
425.616,0.323769,-0.773321,-0.885222,-0.0019927,-0.883229
425.664,0.338782,-0.748215,-0.883799,-0.00210862,-0.88169
425.712,0.342273,-0.720312,-0.882119,-0.00213285,-0.879986
425.76,0.351779,-0.689025,-0.880284,-0.00220791,-0.878076
425.808,0.364793,-0.653626,-0.878229,-0.00231626,-0.875913
425.856,0.383789,-0.613128,-0.87586,-0.0024861,-0.873374
425.904,0.382297,-0.566078,-0.87302,-0.00246263,-0.870557
425.952,0.412799,-0.51049,-0.870018,-0.00276075,-0.867257
426,0.370791,-0.443403,-0.8655,-0.00233227,-0.863168
426.048,0.433319,-0.359901,-0.86108,-0.0029548,-0.858126
426.096,0.402801,-0.251729,-0.854148,-0.00260218,-0.851545
426.144,0.43581,-0.102988,-0.845422,-0.00292411,-0.842497
426.192,0.426812,0.120541,-0.831358,-0.00277488,-0.828583
426.24,0.46782,0.505005,-0.808048,-0.00315772,-0.80489
426.288,0.510843,1.21441,-0.763494,-0.00351835,-0.759975
426.336,0.508844,1.65871,-0.721301,-0.00329421,-0.718007
426.384,0.508844,0.532385,-0.782685,-0.00356963,-0.779115
426.432,0.539853,-0.810196,-0.895376,-0.00459441,-0.890781
426.48,0.563356,-0.894484,-0.908962,-0.0050968,-0.903865
426.528,0.601873,-0.88241,-0.910557,-0.00590782,-0.904649
426.576,0.567355,-0.867127,-0.910422,-0.00516588,-0.905257
426.624,0.829954,-0.849602,-0.920708,-0.0140364,-0.906671
426.672,1.15459,-0.826772,-0.955265,-0.0449113,-0.910353
426.72,1.29713,-0.799392,-0.986089,-0.0708094,-0.915279
426.768,1.27363,-0.771277,-0.98601,-0.0657368,-0.920274
426.816,1.16108,-0.742689,-0.970007,-0.045598,-0.924409
426.864,1.03653,-0.712226,-0.956608,-0.0295792,-0.927029
426.912,0.889974,-0.677704,-0.945542,-0.0173209,-0.928221
426.96,0.790947,-0.638314,-0.939871,-0.0119238,-0.927947
427.008,0.714914,-0.592523,-0.935454,-0.00890587,-0.926548
427.056,0.673398,-0.538644,-0.931721,-0.00756858,-0.924152
427.104,0.609379,-0.474322,-0.926345,-0.00589055,-0.920455
427.152,0.572371,-0.395156,-0.920414,-0.00507637,-0.915337
427.2,0.52384,-0.294103,-0.912592,-0.00417546,-0.908416
427.248,0.547851,-0.157829,-0.903589,-0.00453298,-0.899056
427.296,0.532347,0.0411372,-0.889589,-0.00420358,-0.885385
427.344,0.54736,0.369978,-0.867474,-0.00434225,-0.863132
427.392,0.54436,0.988105,-0.825756,-0.00408559,-0.82167
427.44,0.484324,1.68289,-0.767003,-0.00301135,-0.763992
427.488,0.532347,0.999883,-0.797395,-0.00376737,-0.793627
427.536,0.533346,-0.659023,-0.926007,-0.00439167,-0.921615
427.584,0.540853,-0.89588,-0.957127,-0.00467188,-0.952456
427.632,0.533855,-0.886591,-0.956945,-0.00454583,-0.9524
427.68,0.57737,-0.870366,-0.957024,-0.00537075,-0.951654
427.728,0.60538,-0.852657,-0.956974,-0.0059744,-0.951
427.776,0.617377,-0.833482,-0.956495,-0.00624724,-0.950248
427.824,0.620885,-0.8125,-0.955839,-0.00632172,-0.949517
427.872,0.616378,-0.789513,-0.954871,-0.00620202,-0.948669
427.92,0.646388,-0.764046,-0.954727,-0.00694578,-0.947781
427.968,0.702408,-0.735634,-0.955447,-0.00858672,-0.946861
428.016,0.708407,-0.703901,-0.954444,-0.00876369,-0.94568
428.064,0.703408,-0.667898,-0.952926,-0.00857408,-0.944352
428.112,0.728419,-0.626641,-0.952072,-0.00940069,-0.942672
428.16,0.875486,-0.577964,-0.957273,-0.0162877,-0.940986
428.208,1.27312,-0.512979,-1.00498,-0.0643314,-0.940646
428.256,1.38667,-0.42707,-1.02978,-0.0892481,-0.940532
428.304,1.42068,-0.320911,-1.0362,-0.0970833,-0.939117
428.352,1.33014,-0.184007,-1.00923,-0.0744881,-0.934743
428.4,1.2021,0.00879379,-0.974587,-0.0492501,-0.925337
428.448,1.06205,0.318284,-0.936414,-0.0298694,-0.906545
428.496,0.936997,0.897838,-0.886265,-0.0182034,-0.868062
428.544,0.855474,1.65956,-0.819021,-0.0124901,-0.806531
428.592,0.801452,1.16546,-0.834268,-0.0104081,-0.82386
428.64,0.769935,-0.549418,-0.967991,-0.0107282,-0.957263
428.688,0.736925,-0.893791,-1.01237,-0.00990727,-1.00246
428.736,0.712914,-0.885914,-1.01199,-0.00904261,-1.00295
428.784,0.676397,-0.868116,-1.00959,-0.00785523,-1.00174
428.832,0.747431,-0.848384,-1.01076,-0.0102811,-1.00048
428.88,0.707407,-0.827077,-1.00794,-0.0088146,-0.999125
428.928,0.709423,-0.803823,-1.00641,-0.00886659,-0.997546
428.976,0.72342,-0.77812,-1.00519,-0.00933338,-0.995852
429.024,0.708407,-0.749785,-1.00272,-0.00879524,-0.993929
429.072,0.759429,-0.717947,-1.0025,-0.0106509,-0.991847
429.12,0.773442,-0.681961,-1.00087,-0.0111995,-0.989673
429.168,0.796454,-0.640898,-0.999409,-0.0121767,-0.987232
429.216,0.81345,-0.59331,-0.997346,-0.0129328,-0.984413
429.264,0.846967,-0.537069,-0.995753,-0.0145992,-0.981154
429.312,0.880485,-0.46923,-0.993666,-0.0164525,-0.977214
429.36,0.920492,-0.384965,-0.991121,-0.0189482,-0.972173
429.408,0.925999,-0.276277,-0.98456,-0.0191718,-0.965389
429.456,0.964516,-0.12676,-0.977633,-0.0218131,-0.95582
429.504,1.21261,0.103763,-0.992161,-0.0505975,-0.941563
429.552,1.48221,0.530741,-1.02205,-0.106375,-0.91568
429.6,1.58874,1.35757,-0.986234,-0.126196,-0.860038
429.648,1.51071,1.68548,-0.920517,-0.100754,-0.819763
429.696,1.34966,0.249059,-0.991829,-0.0735999,-0.918229
429.744,1.23862,-0.886964,-1.09821,-0.0592001,-1.03901
429.792,1.02953,-0.922732,-1.07727,-0.0293263,-1.04795
429.84,0.963008,-0.907056,-1.07119,-0.023056,-1.04814
429.888,0.876485,-0.889434,-1.06412,-0.01675,-1.04737
429.936,0.859473,-0.870225,-1.06169,-0.0156993,-1.04599
429.984,0.807959,-0.849382,-1.05724,-0.012924,-1.04432
430.032,0.771934,-0.826741,-1.05358,-0.0112622,-1.04232
430.08,0.794946,-0.801911,-1.05235,-0.0122608,-1.04009
430.128,0.777441,-0.774616,-1.04908,-0.0114526,-1.03763
430.176,0.75143,-0.744519,-1.04519,-0.0103543,-1.03484
430.224,0.761428,-0.710789,-1.04246,-0.010726,-1.03174
430.272,0.790947,-0.672437,-1.04041,-0.0119561,-1.02845
430.32,0.806959,-0.628672,-1.03739,-0.0126562,-1.02474
430.368,0.838461,-0.577736,-1.03476,-0.0141875,-1.02057
430.416,0.829954,-0.517553,-1.0294,-0.0136782,-1.01572
430.464,0.843968,-0.444191,-1.0244,-0.0143322,-1.01007
430.512,0.84446,-0.352398,-1.01725,-0.0142557,-1.003
430.56,0.876977,-0.231316,-1.00989,-0.0159403,-0.993945
430.608,0.907987,-0.0611327,-0.998934,-0.0176433,-0.98129
430.656,0.943504,0.205818,-0.981499,-0.019689,-0.96181
430.704,1.00803,0.693765,-0.950906,-0.0239445,-0.926962
430.752,1.06254,1.51396,-0.890125,-0.0270178,-0.863107
430.8,1.15108,1.48611,-0.881299,-0.0358371,-0.845461
430.848,1.4797,-0.119671,-1.07326,-0.107924,-0.965332
430.896,1.7108,-0.858197,-1.24444,-0.187552,-1.05689
430.944,1.7198,-0.854846,-1.25528,-0.190518,-1.06476
430.992,1.61775,-0.826065,-1.22713,-0.159132,-1.06799
431.04,1.41368,-0.800107,-1.16888,-0.0989072,-1.06997
431.088,1.25162,-0.772436,-1.13184,-0.0613705,-1.07047
431.136,1.09755,-0.741799,-1.10623,-0.0367223,-1.06951
431.184,0.988019,-0.706958,-1.09218,-0.0248534,-1.06733
431.232,0.900988,-0.667372,-1.08206,-0.0180276,-1.06404
431.28,0.857965,-0.621855,-1.07511,-0.0153124,-1.0598
431.328,0.821956,-0.568807,-1.06797,-0.0133274,-1.05464
431.376,0.820956,-0.5055,-1.06183,-0.0132119,-1.04862
431.424,0.830954,-0.428307,-1.05516,-0.0136341,-1.04153
431.472,0.831954,-0.330749,-1.04645,-0.0135812,-1.03286
431.52,0.80596,-0.201488,-1.03383,-0.0121944,-1.02164
431.568,0.836969,-0.0163185,-1.0197,-0.0135031,-1.00619
431.616,0.857473,0.282084,-0.996774,-0.0142441,-0.98253
431.664,0.794454,0.837766,-0.950582,-0.0107651,-0.939817
431.712,0.837969,1.63365,-0.882266,-0.0117492,-0.870517
431.76,0.859473,1.26678,-0.890012,-0.012835,-0.877177
431.808,0.867979,-0.458108,-1.03081,-0.0153429,-1.01546
431.856,0.892482,-0.891899,-1.09084,-0.0177615,-1.07308
431.904,0.928999,-0.88552,-1.09364,-0.0203281,-1.07331
431.952,0.893482,-0.86623,-1.08946,-0.0178073,-1.07165
432,0.964516,-0.844629,-1.09302,-0.0230712,-1.06995
432.048,1.01654,-0.820383,-1.09628,-0.0277793,-1.0685
432.096,1.07905,-0.793695,-1.10171,-0.0345759,-1.06714
432.144,1.13107,-0.763659,-1.10703,-0.0412735,-1.06576
432.192,1.23611,-0.72854,-1.12273,-0.0582318,-1.0645
432.24,1.51572,-0.679458,-1.1904,-0.126595,-1.0638
432.288,1.77082,-0.613565,-1.265,-0.201454,-1.06355
432.336,1.77131,-0.541546,-1.26347,-0.200442,-1.06303
432.384,1.61526,-0.464249,-1.21505,-0.153966,-1.06109
432.432,1.40317,-0.375328,-1.14982,-0.0930028,-1.05682
432.48,1.1996,-0.264543,-1.09926,-0.049901,-1.04936
432.528,1.05004,-0.111246,-1.06701,-0.0296047,-1.03741
432.576,0.966007,0.122509,-1.04005,-0.0215102,-1.01854
432.624,0.912986,0.530338,-1.00317,-0.0171638,-0.986009
432.672,0.87247,1.28536,-0.938938,-0.0138736,-0.925064
432.72,0.880976,1.65876,-0.88892,-0.0135617,-0.875358
432.768,0.870978,0.392247,-0.974473,-0.0143477,-0.960125
432.816,0.816957,-0.837642,-1.1003,-0.0132888,-1.08701
432.864,0.836461,-0.89251,-1.11031,-0.0144295,-1.09588
432.912,0.839461,-0.875184,-1.10799,-0.0145743,-1.09342
432.96,0.799453,-0.854981,-1.10314,-0.0125221,-1.09061
433.008,0.867979,-0.8327,-1.10397,-0.0161573,-1.08781
433.056,0.860472,-0.808603,-1.10061,-0.0156825,-1.08492
433.104,0.871978,-0.782313,-1.09816,-0.0163354,-1.08182
433.152,0.898481,-0.752815,-1.09667,-0.0179806,-1.07869
433.2,0.910986,-0.720124,-1.09412,-0.0187822,-1.07533
433.248,0.889974,-0.683426,-1.08901,-0.0173294,-1.07168
433.296,0.927491,-0.641308,-1.08758,-0.0198356,-1.06774
433.344,0.942996,-0.592474,-1.0843,-0.0209151,-1.06338
433.392,0.969006,-0.534709,-1.08143,-0.0228906,-1.05854
433.44,0.993526,-0.465291,-1.07769,-0.0248779,-1.05281
433.488,1.00503,-0.378909,-1.0716,-0.0257541,-1.04584
433.536,0.993018,-0.267082,-1.06138,-0.0244498,-1.03693
433.584,1.02403,-0.112729,-1.05185,-0.0269976,-1.02485
433.632,1.08105,0.1223,-1.03932,-0.0324151,-1.0069
433.68,1.14058,0.533121,-1.01455,-0.0385297,-0.976025
433.728,1.39067,1.30782,-0.995471,-0.0785211,-0.91695
433.776,1.64576,1.69025,-1.00382,-0.133765,-0.870055
433.824,1.71829,0.398387,-1.1284,-0.166451,-0.961951
433.872,1.63326,-0.840189,-1.25939,-0.163259,-1.09613
433.92,1.44318,-0.893558,-1.21715,-0.10767,-1.10948
433.968,1.27914,-0.877339,-1.17767,-0.0674179,-1.11025
434.016,1.11007,-0.858386,-1.14812,-0.0386928,-1.10942
434.064,1.03953,-0.836959,-1.13774,-0.0301884,-1.10755
434.112,0.963008,-0.813361,-1.12785,-0.022889,-1.10496
434.16,0.905987,-0.787841,-1.12026,-0.0185365,-1.10173
434.208,0.850966,-0.759645,-1.11306,-0.0150787,-1.09798
434.256,0.859964,-0.728093,-1.10943,-0.0155552,-1.09388
434.304,0.832462,-0.692919,-1.10338,-0.0139976,-1.08938
434.352,0.823464,-0.653001,-1.09796,-0.0134912,-1.08447
434.4,0.815957,-0.607161,-1.09221,-0.0130694,-1.07914
434.448,0.821465,-0.553974,-1.08638,-0.0132872,-1.07309
434.496,0.797945,-0.490421,-1.07841,-0.0121021,-1.06631
434.544,0.764936,-0.413213,-1.06887,-0.0106192,-1.05825
434.592,0.773442,-0.315088,-1.05955,-0.0108825,-1.04867
434.64,0.796945,-0.18419,-1.04845,-0.0117709,-1.03668
434.688,0.738433,0.00312244,-1.02946,-0.00929614,-1.02016
434.736,0.776441,0.305439,-1.0055,-0.0104868,-0.995009
434.784,0.770443,0.867338,-0.960357,-0.00980645,-0.95055
434.832,0.780949,1.63264,-0.890822,-0.0094733,-0.881349
434.88,0.738925,1.21141,-0.900362,-0.00819006,-0.892172
434.928,0.748431,-0.494453,-1.04125,-0.0098309,-1.03142
434.976,0.700409,-0.888255,-1.09228,-0.00861634,-1.08366
435.024,0.721912,-0.883146,-1.0918,-0.00935565,-1.08244
435.072,0.734926,-0.866375,-1.08933,-0.00981772,-1.07951
435.12,0.731926,-0.848136,-1.08619,-0.00969268,-1.07649
435.168,0.713422,-0.828547,-1.08232,-0.00901984,-1.0733
435.216,0.717913,-0.807172,-1.07918,-0.00916019,-1.07002
435.264,0.715422,-0.783805,-1.0758,-0.00905719,-1.06674
435.312,0.728927,-0.758175,-1.07282,-0.00951592,-1.0633
435.36,0.686412,-0.729976,-1.06762,-0.00807433,-1.05954
435.408,0.715422,-0.69836,-1.0646,-0.00899707,-1.0556
435.456,0.713422,-0.662865,-1.06024,-0.00890409,-1.05133
435.504,0.712422,-0.622313,-1.05563,-0.00884214,-1.04679
435.552,0.689903,-0.575615,-1.0498,-0.0080846,-1.04172
435.6,0.704408,-0.5209,-1.04442,-0.00850828,-1.03591
435.648,0.69541,-0.455231,-1.03743,-0.00817892,-1.02925
435.696,0.710423,-0.374156,-1.03005,-0.00860606,-1.02145
435.744,0.674906,-0.270277,-1.01936,-0.00745364,-1.0119
435.792,0.668399,-0.129706,-1.00666,-0.00719075,-0.99947
435.84,0.639897,0.0772264,-0.988429,-0.00634328,-0.982086
435.888,0.639389,0.422205,-0.960774,-0.00616301,-0.954611
435.936,0.628391,1.06169,-0.910654,-0.00561054,-0.905043
435.984,0.588367,1.66604,-0.849459,-0.00449767,-0.844961
436.032,0.597873,0.846188,-0.893147,-0.00491242,-0.888234
436.08,0.564356,-0.710579,-1.02917,-0.00498624,-1.02419
436.128,0.567864,-0.886329,-1.05341,-0.005182,-1.04823
436.176,0.521349,-0.877282,-1.05024,-0.00432796,-1.04591
436.224,0.537854,-0.862992,-1.04743,-0.00460809,-1.04282
436.272,0.505336,-0.847669,-1.04366,-0.00405857,-1.03961
436.32,0.49483,-0.831266,-1.04002,-0.00389178,-1.03613
436.368,0.495338,-0.813536,-1.03655,-0.00389407,-1.03265
436.416,0.473327,-0.794398,-1.03257,-0.00357031,-1.029
436.464,0.444316,-0.773629,-1.02831,-0.00318506,-1.02513
436.512,0.398294,-0.750944,-1.02367,-0.00265878,-1.02101
436.56,0.402801,-0.725968,-1.01942,-0.00270052,-1.01672
436.608,0.395802,-0.698343,-1.01474,-0.00262235,-1.01212
436.656,0.382297,-0.667471,-1.0098,-0.00248213,-1.00731
436.704,0.341781,-0.632693,-1.00424,-0.00211415,-1.00213
436.752,0.326768,-0.592982,-0.998639,-0.00198784,-0.996651
436.8,0.343781,-0.547147,-0.99264,-0.00211645,-0.990524
436.848,0.324277,-0.493235,-0.985758,-0.00195329,-0.983804
436.896,0.321277,-0.428448,-0.978244,-0.00192079,-0.976323
436.944,0.297758,-0.348399,-0.96947,-0.00174151,-0.967729
436.992,0.305265,-0.245631,-0.959246,-0.00177882,-0.957467
437.04,0.276254,-0.106315,-0.946099,-0.00157124,-0.944528
437.088,0.270256,0.0986286,-0.928481,-0.00151047,-0.92697
437.136,0.251243,0.438656,-0.901507,-0.00136566,-0.900141
437.184,0.214235,1.05734,-0.854655,-0.00112394,-0.853531
437.232,0.201221,1.62911,-0.799695,-0.00100251,-0.798692
437.28,0.18021,0.838454,-0.837809,-0.0009704,-0.836839
437.328,0.172211,-0.691696,-0.961807,-0.00108293,-0.960724
437.376,0.17621,-0.878477,-0.984269,-0.00112894,-0.98314
437.424,0.163213,-0.873806,-0.981196,-0.001073,-0.980123
437.472,0.124697,-0.863915,-0.977257,-0.000922282,-0.976335
437.52,0.0936873,-0.853394,-0.973183,-0.000816262,-0.972367
437.568,0.0696761,-0.842272,-0.969086,-0.000742425,-0.968343
437.616,0.0676765,-0.830485,-0.964996,-0.000735962,-0.96426
437.664,0.0151633,-0.817969,-0.960652,-0.000598642,-0.960054
437.712,0.0281605,-0.804626,-0.956377,-0.000629233,-0.955748
437.76,-0.00535688,-0.790342,-0.951956,-0.000551238,-0.951405
437.808,-0.0373664,-0.775012,-0.947374,-0.000485717,-0.946888
437.856,-0.0443648,-0.758462,-0.94282,-0.000471974,-0.942348
437.904,-0.073375,-0.740566,-0.937908,-0.000420691,-0.937487
437.952,-0.0573784,-0.72107,-0.933019,-0.00044721,-0.932572
438,-0.0663765,-0.69971,-0.928004,-0.000431002,-0.927573
438.048,-0.107384,-0.676181,-0.922707,-0.000366365,-0.92234
438.096,-0.132903,-0.65007,-0.917212,-0.000330829,-0.916881
438.144,-0.190923,-0.620865,-0.911382,-0.000262947,-0.911119
438.192,-0.165912,-0.587881,-0.905381,-0.000289274,-0.905092
438.24,-0.181417,-0.550195,-0.89905,-0.000271416,-0.898778
438.288,-0.220933,-0.506557,-0.892292,-0.000231679,-0.89206
438.336,-0.217934,-0.455197,-0.885039,-0.000233472,-0.884805
438.384,-0.253943,-0.393467,-0.87707,-0.000201757,-0.876868
438.432,-0.239946,-0.317239,-0.868278,-0.000211859,-0.868067
438.48,-0.241945,-0.219637,-0.858082,-0.000208594,-0.857873
438.528,-0.276462,-0.0880988,-0.845734,-0.00018032,-0.845553
438.576,-0.287968,0.10292,-0.82968,-0.0001698,-0.82951
438.624,-0.313471,0.411869,-0.80636,-0.000149962,-0.80621
438.672,-0.31747,0.958334,-0.768188,-0.000141235,-0.768047
438.72,-0.290459,1.55119,-0.719692,-0.000147695,-0.719544
438.768,-0.329467,1.00351,-0.737351,-0.000130399,-0.73722
438.816,-0.339481,-0.549832,-0.841503,-0.000143699,-0.841359
438.864,-0.372982,-0.858686,-0.872011,-0.000131129,-0.87188
438.912,-0.337482,-0.864149,-0.869391,-0.000150869,-0.86924
438.96,-0.339973,-0.860565,-0.865575,-0.000149363,-0.865426
439.008,-0.378489,-0.856719,-0.861691,-0.00012839,-0.861563
439.056,-0.393503,-0.852827,-0.857764,-0.000121013,-0.857643
439.104,-0.43251,-0.848889,-0.853792,-0.000103819,-0.853688
439.152,-0.442017,-0.84491,-0.849761,-9.99888e-05,-0.849661
439.2,-0.454014,-0.840877,-0.845743,-9.53638e-05,-0.845648
439.248,-0.449015,-0.836786,-0.841724,-9.72202e-05,-0.841627
439.296,-0.499545,-0.832633,-0.837664,-7.97194e-05,-0.837584
439.344,-0.518541,-0.828423,-0.833547,-7.39724e-05,-0.833473
439.392,-0.525556,-0.824134,-0.829508,-7.19411e-05,-0.829436
439.44,-0.499545,-0.819755,-0.825545,-7.96388e-05,-0.825466
439.488,-0.569071,-0.815291,-0.82144,-6.06129e-05,-0.821379
439.536,-0.513542,-0.810735,-0.817402,-7.5332e-05,-0.817327
439.584,-0.571071,-0.806071,-0.813309,-6.00959e-05,-0.813249
439.632,-0.569563,-0.80129,-0.80925,-6.04296e-05,-0.80919
439.68,-0.591066,-0.796383,-0.805171,-5.55212e-05,-0.805115
439.728,-0.622076,-0.79134,-0.80105,-4.91442e-05,-0.801001
439.776,-0.623076,-0.786143,-0.796971,-4.89318e-05,-0.796922
439.824,-0.617077,-0.780777,-0.792889,-5.00755e-05,-0.792839
439.872,-0.631582,-0.775218,-0.788839,-4.72858e-05,-0.788791
439.92,-0.654102,-0.769451,-0.784783,-4.32691e-05,-0.78474
439.968,-0.670607,-0.763452,-0.780757,-4.0538e-05,-0.780716
440.016,-0.629583,-0.7572,-0.776725,-4.75905e-05,-0.776677
440.064,-0.657101,-0.750645,-0.77281,-4.26999e-05,-0.772768
440.112,-0.651594,-0.743764,-0.768904,-4.36085e-05,-0.768861
440.16,-0.662592,-0.736516,-0.765031,-4.17438e-05,-0.764989
440.208,-0.697109,-0.728879,-0.761039,-3.64368e-05,-0.761002
440.256,-0.708123,-0.7208,-0.757054,-3.48743e-05,-0.757019
440.304,-0.689602,-0.712216,-0.753135,-3.74763e-05,-0.753098
440.352,-0.707123,-0.70306,-0.749228,-3.49624e-05,-0.749193
440.4,-0.713614,-0.693274,-0.745279,-3.40574e-05,-0.745245
440.448,-0.713614,-0.682758,-0.741399,-3.40293e-05,-0.741365
440.496,-0.670099,-0.671422,-0.737526,-4.03256e-05,-0.737486
440.544,-0.730626,-0.659148,-0.733576,-3.17737e-05,-0.733544
440.592,-0.732626,-0.645821,-0.729554,-3.14924e-05,-0.729522
440.64,-0.752638,-0.63127,-0.725474,-2.90818e-05,-0.725445
440.688,-0.788155,-0.615312,-0.7213,-2.52685e-05,-0.721275
440.736,-0.758129,-0.5977,-0.71716,-2.8387e-05,-0.717132
440.784,-0.777649,-0.578147,-0.712906,-2.62543e-05,-0.71288
440.832,-0.795645,-0.556316,-0.70846,-2.4423e-05,-0.708436
440.88,-0.800644,-0.531748,-0.703884,-2.39024e-05,-0.70386
440.928,-0.800644,-0.503862,-0.699135,-2.38498e-05,-0.699111
440.976,-0.819165,-0.471883,-0.694207,-2.21228e-05,-0.694185
441.024,-0.852666,-0.434784,-0.688987,-1.9342e-05,-0.688967
441.072,-0.859681,-0.391121,-0.68349,-1.87522e-05,-0.683471
441.12,-0.865679,-0.338838,-0.677489,-1.82404e-05,-0.677471
441.168,-0.858664,-0.274813,-0.670963,-1.86543e-05,-0.670944
441.216,-0.881676,-0.194086,-0.663601,-1.69357e-05,-0.663584
441.264,-0.906195,-0.088241,-0.654996,-1.52543e-05,-0.654981
441.312,-0.900196,0.0583674,-0.644436,-1.5437e-05,-0.64442
441.36,-0.887183,0.277558,-0.630428,-1.59656e-05,-0.630412
441.408,-0.89069,0.634927,-0.609879,-1.5303e-05,-0.609863
441.456,-0.897689,1.1773,-0.579134,-1.42018e-05,-0.579119
441.504,-0.89918,1.37486,-0.558874,-1.36859e-05,-0.55886
441.552,-0.904687,0.386824,-0.597836,-1.43916e-05,-0.597822
441.6,-0.906195,-0.704478,-0.662194,-1.59177e-05,-0.662178
441.648,-0.907687,-0.814751,-0.668952,-1.60563e-05,-0.668936
441.696,-0.916193,-0.823674,-0.666671,-1.55437e-05,-0.666655
441.744,-0.922192,-0.829702,-0.664149,-1.51894e-05,-0.664133
441.792,-0.935697,-0.836134,-0.661621,-1.4413e-05,-0.661607
441.84,-0.932698,-0.843081,-0.659159,-1.45914e-05,-0.659144
441.888,-0.936697,-0.850569,-0.656687,-1.43727e-05,-0.656673
441.936,-0.9227,-0.858593,-0.65435,-1.51933e-05,-0.654335
441.984,-0.941696,-0.867177,-0.652003,-1.41119e-05,-0.651989
442.032,-0.942712,-0.87633,-0.649703,-1.40658e-05,-0.649689
442.08,-0.930206,-0.886048,-0.647511,-1.4784e-05,-0.647496
442.128,-0.958708,-0.896335,-0.645368,-1.3231e-05,-0.645355
442.176,-0.939204,-0.907193,-0.643298,-1.42949e-05,-0.643283
442.224,-0.925699,-0.918618,-0.641301,-1.50859e-05,-0.641286
442.272,-0.957709,-0.930613,-0.639258,-1.33184e-05,-0.639244
442.32,-0.95171,-0.943166,-0.637279,-1.36487e-05,-0.637265
442.368,-0.947203,-0.95626,-0.635379,-1.39063e-05,-0.635365
442.416,-0.984719,-0.969873,-0.633566,-1.20161e-05,-0.633554
442.464,-0.992226,-0.984009,-0.631651,-1.16803e-05,-0.631639
442.512,-1.02173,-0.998641,-0.629728,-1.04158e-05,-0.629717
442.56,-0.993717,-1.01374,-0.627901,-1.16389e-05,-0.62789
442.608,-0.997225,-1.02926,-0.626153,-1.14937e-05,-0.626141
442.656,-1.02224,-1.04518,-0.624441,-1.04325e-05,-0.624431
442.704,-1.04374,-1.06149,-0.622678,-9.6008e-06,-0.622669
442.752,-0.998732,-1.07812,-0.621037,-1.14691e-05,-0.621026
442.8,-1.03123,-1.09504,-0.619393,-1.01096e-05,-0.619383
442.848,-1.04625,-1.11223,-0.617749,-9.54409e-06,-0.61774
442.896,-1.02523,-1.12964,-0.616057,-1.03778e-05,-0.616046
442.944,-1.05824,-1.14723,-0.614366,-9.12992e-06,-0.614357
442.992,-1.07275,-1.16497,-0.612683,-8.63675e-06,-0.612675
443.04,-1.03074,-1.1828,-0.61105,-1.01976e-05,-0.61104
443.088,-1.07175,-1.20068,-0.60946,-8.69446e-06,-0.609452
443.136,-1.05274,-1.21856,-0.607975,-9.38043e-06,-0.607966
443.184,-1.06224,-1.23642,-0.606479,-9.04947e-06,-0.60647
443.232,-1.06926,-1.25423,-0.604948,-8.81586e-06,-0.604939
443.28,-1.04374,-1.27193,-0.603465,-9.7571e-06,-0.603456
443.328,-1.03674,-1.28948,-0.60208,-1.00421e-05,-0.60207
443.376,-1.05274,-1.30688,-0.600658,-9.44387e-06,-0.600649
443.424,-1.06424,-1.32407,-0.59922,-9.03898e-06,-0.599211
443.472,-1.07426,-1.34104,-0.597794,-8.70205e-06,-0.597785
443.52,-1.04625,-1.35776,-0.596408,-9.72491e-06,-0.596399
443.568,-1.07175,-1.37421,-0.594981,-8.81021e-06,-0.594972
443.616,-1.06424,-1.39036,-0.593546,-9.08458e-06,-0.593537
443.664,-1.05375,-1.40619,-0.592167,-9.47749e-06,-0.592158
443.712,-1.01973,-1.42169,-0.590868,-1.08433e-05,-0.590857
443.76,-1.02274,-1.43683,-0.589637,-1.07281e-05,-0.589626
443.808,-0.991718,-1.45161,-0.588408,-1.21298e-05,-0.588396
443.856,-1.00173,-1.46603,-0.587165,-1.16753e-05,-0.587154
443.904,-1.04974,-1.48007,-0.585874,-9.6818e-06,-0.585864
443.952,-1.05025,-1.49372,-0.584556,-9.67247e-06,-0.584547
444,-1.07326,-1.50699,-0.583245,-8.84654e-06,-0.583236
444.048,-1.05675,-1.51988,-0.581882,-9.44731e-06,-0.581873
444.096,-1.08276,-1.53238,-0.580534,-8.53904e-06,-0.580525
444.144,-1.06875,-1.54449,-0.579123,-9.02972e-06,-0.579113
444.192,-1.09176,-1.55621,-0.577749,-8.25769e-06,-0.577741
444.24,-1.07226,-1.56755,-0.576353,-8.92176e-06,-0.576345
444.288,-1.10227,-1.5785,-0.57494,-7.93759e-06,-0.574932
444.336,-1.11077,-1.58909,-0.573521,-7.68321e-06,-0.573514
444.384,-1.11077,-1.5993,-0.572088,-7.68908e-06,-0.57208
444.432,-1.08625,-1.60915,-0.570724,-8.4715e-06,-0.570715
444.48,-1.12226,-1.61864,-0.56927,-7.36091e-06,-0.569263
444.528,-1.12377,-1.62778,-0.567829,-7.3225e-06,-0.567822
444.576,-1.13828,-1.63658,-0.566354,-6.92208e-06,-0.566347
444.624,-1.11426,-1.64505,-0.564941,-7.61047e-06,-0.564933
444.672,-1.09576,-1.65319,-0.563569,-8.18832e-06,-0.56356
444.72,-1.07575,-1.661,-0.562241,-8.8621e-06,-0.562232
444.768,-1.13028,-1.66851,-0.560854,-7.15969e-06,-0.560847
444.816,-1.10827,-1.67572,-0.55948,-7.80948e-06,-0.559472
444.864,-1.10327,-1.68264,-0.558164,-7.96821e-06,-0.558156
444.912,-1.08126,-1.68927,-0.556896,-8.69099e-06,-0.556888
444.96,-1.08776,-1.69563,-0.555595,-8.476e-06,-0.555587
445.008,-1.09727,-1.70172,-0.554329,-8.16949e-06,-0.554321
445.056,-1.11027,-1.70756,-0.553022,-7.76683e-06,-0.553014
445.104,-1.08976,-1.71315,-0.551826,-8.42074e-06,-0.551818
445.152,-1.08476,-1.71849,-0.550615,-8.59088e-06,-0.550607
445.2,-1.11227,-1.72361,-0.549396,-7.71534e-06,-0.549388
445.248,-1.12777,-1.72851,-0.548198,-7.26277e-06,-0.548191
445.296,-1.08026,-1.73319,-0.547024,-8.75364e-06,-0.547015
445.344,-1.09676,-1.73767,-0.545894,-8.20765e-06,-0.545886
445.392,-1.07876,-1.74195,-0.544697,-8.81072e-06,-0.544688
445.44,-1.10427,-1.74605,-0.543514,-7.97447e-06,-0.543506
445.488,-1.12877,-1.74996,-0.542276,-7.24585e-06,-0.542269
445.536,-1.08676,-1.7537,-0.541107,-8.54604e-06,-0.541099
445.584,-1.06775,-1.75728,-0.539932,-9.21012e-06,-0.539922
445.632,-1.11127,-1.7607,-0.538752,-7.76697e-06,-0.538744
445.68,-1.10677,-1.76396,-0.537535,-7.9069e-06,-0.537527
445.728,-1.13277,-1.76709,-0.536264,-7.14213e-06,-0.536257
445.776,-1.10476,-1.77007,-0.535086,-7.97327e-06,-0.535078
445.824,-1.10577,-1.77292,-0.533933,-7.94323e-06,-0.533925
445.872,-1.13379,-1.77565,-0.532718,-7.11823e-06,-0.532711
445.92,-1.13578,-1.77826,-0.531435,-7.06398e-06,-0.531428
445.968,-1.1803,-1.78076,-0.530082,-5.93339e-06,-0.530077
446.016,-1.23181,-1.78316,-0.528551,-4.84876e-06,-0.528546
446.064,-1.26082,-1.78546,-0.526916,-4.32801e-06,-0.526911
446.112,-1.29934,-1.78768,-0.525173,-3.72178e-06,-0.525169
446.16,-1.31735,-1.78982,-0.523377,-3.46845e-06,-0.523374
446.208,-1.34285,-1.79187,-0.521538,-3.13877e-06,-0.521535
446.256,-1.34585,-1.79385,-0.519663,-3.10252e-06,-0.51966
446.304,-1.38186,-1.79576,-0.51777,-2.69425e-06,-0.517768
446.352,-1.33435,-1.79759,-0.515954,-3.24663e-06,-0.515951
446.4,-1.32735,-1.79936,-0.51417,-3.33742e-06,-0.514166
446.448,-1.33935,-1.80105,-0.512407,-3.18441e-06,-0.512403
446.496,-1.33386,-1.80268,-0.510699,-3.25412e-06,-0.510696
446.544,-1.31384,-1.80425,-0.509025,-3.52024e-06,-0.509021
446.592,-1.30334,-1.80576,-0.507364,-3.66874e-06,-0.50736
446.64,-1.30885,-1.80721,-0.505761,-3.59073e-06,-0.505758
446.688,-1.27733,-1.80861,-0.504205,-4.06364e-06,-0.504201
446.736,-1.25933,-1.80994,-0.502783,-4.36127e-06,-0.502778
446.784,-1.25982,-1.81123,-0.501342,-4.35328e-06,-0.501338
446.832,-1.28683,-1.81246,-0.499965,-3.91602e-06,-0.499961
446.88,-1.28834,-1.81364,-0.498554,-3.89327e-06,-0.49855
446.928,-1.26982,-1.81478,-0.497212,-4.18697e-06,-0.497208
446.976,-1.26582,-1.81587,-0.495926,-4.2535e-06,-0.495922
447.024,-1.25432,-1.81691,-0.494662,-4.45019e-06,-0.494658
447.072,-1.23281,-1.81792,-0.493449,-4.84218e-06,-0.493445
447.12,-1.25183,-1.81888,-0.492283,-4.49454e-06,-0.492279
447.168,-1.27384,-1.8198,-0.491118,-4.12306e-06,-0.491114
447.216,-1.27633,-1.82069,-0.489903,-4.08324e-06,-0.489899
447.264,-1.27333,-1.82154,-0.488659,-4.13182e-06,-0.488655
447.312,-1.28983,-1.82236,-0.487432,-3.87305e-06,-0.487428
447.36,-1.25332,-1.82315,-0.486274,-4.46973e-06,-0.48627
447.408,-1.26933,-1.82391,-0.48521,-4.19787e-06,-0.485206
447.456,-1.24932,-1.82463,-0.48414,-4.54089e-06,-0.484135
447.504,-1.29634,-1.82533,-0.482984,-3.77628e-06,-0.48298
447.552,-1.26033,-1.826,-0.481852,-4.34934e-06,-0.481848
447.6,-1.25532,-1.82665,-0.480778,-4.43595e-06,-0.480774
447.648,-1.26833,-1.82727,-0.479733,-4.2154e-06,-0.479729
447.696,-1.33086,-1.82787,-0.47858,-3.29874e-06,-0.478577
447.744,-1.30083,-1.82845,-0.477401,-3.7112e-06,-0.477397
447.792,-1.33186,-1.82901,-0.476162,-3.28611e-06,-0.476158
447.84,-1.36937,-1.82957,-0.474829,-2.83656e-06,-0.474826
447.888,-1.42989,-1.83011,-0.473351,-2.23735e-06,-0.473349
447.936,-1.42589,-1.83065,-0.471793,-2.27281e-06,-0.471791
447.984,-1.47891,-1.83118,-0.470183,-1.84613e-06,-0.470181
448.032,-1.44239,-1.83171,-0.468617,-2.1305e-06,-0.468615
448.08,-1.46089,-1.83222,-0.467072,-1.98142e-06,-0.46707
448.128,-1.41689,-1.83272,-0.465583,-2.35481e-06,-0.46558
448.176,-1.42438,-1.83321,-0.464119,-2.28672e-06,-0.464117
448.224,-1.41738,-1.83369,-0.462671,-2.35044e-06,-0.462669
448.272,-1.41138,-1.83416,-0.461228,-2.40648e-06,-0.461226
448.32,-1.42389,-1.83461,-0.459851,-2.29137e-06,-0.459849
448.368,-1.41838,-1.83506,-0.45849,-2.34148e-06,-0.458487
448.416,-1.43439,-1.8355,-0.457168,-2.19901e-06,-0.457166
448.464,-1.41838,-1.83592,-0.455899,-2.34162e-06,-0.455896
448.512,-1.41538,-1.83633,-0.454675,-2.36941e-06,-0.454672
448.56,-1.36487,-1.83674,-0.45345,-2.88867e-06,-0.453447
448.608,-1.40487,-1.83713,-0.452265,-2.46923e-06,-0.452262
448.656,-1.38788,-1.83751,-0.451073,-2.63952e-06,-0.45107
448.704,-1.40088,-1.83788,-0.449941,-2.5084e-06,-0.449938
448.752,-1.37786,-1.83824,-0.448852,-2.74541e-06,-0.44885
448.8,-1.36587,-1.83858,-0.447824,-2.87776e-06,-0.447821
448.848,-1.38388,-1.83892,-0.446715,-2.68153e-06,-0.446712
448.896,-1.40287,-1.83925,-0.445662,-2.48906e-06,-0.445659
448.944,-1.36836,-1.83957,-0.444575,-2.84998e-06,-0.444573
448.992,-1.38937,-1.83988,-0.443562,-2.62458e-06,-0.443559
449.04,-1.36687,-1.84018,-0.442613,-2.86683e-06,-0.44261
449.088,-1.38337,-1.84047,-0.44164,-2.68718e-06,-0.441638
449.136,-1.35636,-1.84075,-0.440689,-2.98756e-06,-0.440686
449.184,-1.36736,-1.84102,-0.43977,-2.86148e-06,-0.439767
449.232,-1.33835,-1.84128,-0.438865,-3.20639e-06,-0.438862
449.28,-1.37786,-1.84153,-0.438008,-2.74607e-06,-0.438005
449.328,-1.40538,-1.84178,-0.437058,-2.46515e-06,-0.437055
449.376,-1.38337,-1.84201,-0.436157,-2.68749e-06,-0.436155
449.424,-1.34336,-1.84224,-0.435362,-3.14415e-06,-0.435359
449.472,-1.35887,-1.84246,-0.434549,-2.95869e-06,-0.434546
449.52,-1.33535,-1.84266,-0.433793,-3.24466e-06,-0.43379
449.568,-1.36387,-1.84286,-0.433039,-2.90133e-06,-0.433036
449.616,-1.31534,-1.84305,-0.432344,-3.50971e-06,-0.43234
449.664,-1.35136,-1.84323,-0.431661,-3.04727e-06,-0.431658
449.712,-1.30134,-1.84339,-0.431124,-3.70787e-06,-0.43112
449.76,-1.31085,-1.84355,-0.430569,-3.57221e-06,-0.430565
449.808,-1.33286,-1.84369,-0.430002,-3.27677e-06,-0.429999
449.856,-1.39637,-1.84384,-0.429201,-2.55426e-06,-0.429198
449.904,-1.40687,-1.84399,-0.428367,-2.45117e-06,-0.428365
449.952,-1.42989,-1.84414,-0.427404,-2.23965e-06,-0.427401
450,-1.44839,-1.8443,-0.426359,-2.08288e-06,-0.426357
450.048,-1.4734,-1.84445,-0.425308,-1.88827e-06,-0.425306
450.096,-1.4594,-1.84461,-0.424268,-1.99486e-06,-0.424266
450.144,-1.4579,-1.84476,-0.423239,-2.00672e-06,-0.423237
450.192,-1.48191,-1.84491,-0.422178,-1.82637e-06,-0.422177
450.24,-1.51542,-1.84507,-0.42105,-1.6014e-06,-0.421049
450.288,-1.51092,-1.84524,-0.41991,-1.62998e-06,-0.419908
450.336,-1.51192,-1.84539,-0.418841,-1.62362e-06,-0.41884
450.384,-1.49992,-1.84555,-0.417772,-1.70187e-06,-0.41777
450.432,-1.52042,-1.84571,-0.416762,-1.57038e-06,-0.416761
450.48,-1.4774,-1.84587,-0.415735,-1.85908e-06,-0.415733
450.528,-1.50741,-1.84603,-0.41469,-1.65266e-06,-0.414688
450.576,-1.4959,-1.84618,-0.413668,-1.72897e-06,-0.413666
450.624,-1.48441,-1.84634,-0.412691,-1.80869e-06,-0.412689
450.672,-1.49341,-1.84648,-0.411792,-1.74598e-06,-0.411791
450.72,-1.48191,-1.84664,-0.410787,-1.8266e-06,-0.410785
450.768,-1.48441,-1.84678,-0.409882,-1.80874e-06,-0.40988
450.816,-1.4449,-1.84692,-0.409087,-2.112e-06,-0.409085
450.864,-1.4654,-1.84705,-0.40827,-1.94882e-06,-0.408268
450.912,-1.48991,-1.84719,-0.407403,-1.77026e-06,-0.407401
450.96,-1.49141,-1.84732,-0.406561,-1.75984e-06,-0.406559
451.008,-1.4554,-1.84745,-0.405766,-2.02682e-06,-0.405764
451.056,-1.43888,-1.84757,-0.405035,-2.16253e-06,-0.405033
451.104,-1.40838,-1.84768,-0.40439,-2.43737e-06,-0.404388
451.152,-1.43339,-1.84778,-0.403774,-2.20964e-06,-0.403772
451.2,-1.41938,-1.84788,-0.403148,-2.33451e-06,-0.403146
451.248,-1.41289,-1.84798,-0.402542,-2.39472e-06,-0.40254
451.296,-1.38637,-1.84806,-0.402016,-2.65723e-06,-0.402013
451.344,-1.39637,-1.84814,-0.401528,-2.55506e-06,-0.401526
451.392,-1.37136,-1.84821,-0.401039,-2.81844e-06,-0.401036
451.44,-1.38537,-1.84827,-0.400575,-2.66771e-06,-0.400573
451.488,-1.38137,-1.84833,-0.400135,-2.7099e-06,-0.400132
451.536,-1.38037,-1.84837,-0.399733,-2.72056e-06,-0.399731
451.584,-1.37837,-1.84842,-0.399289,-2.74199e-06,-0.399286
451.632,-1.35485,-1.84845,-0.398954,-3.00698e-06,-0.398951
451.68,-1.34936,-1.84848,-0.398625,-3.07244e-06,-0.398622
451.728,-1.33586,-1.84849,-0.398349,-3.23959e-06,-0.398345
451.776,-1.33186,-1.8485,-0.398083,-3.29081e-06,-0.39808
451.824,-1.34385,-1.8485,-0.397832,-3.13954e-06,-0.397829
451.872,-1.34186,-1.8485,-0.397591,-3.16426e-06,-0.397587
451.92,-1.35136,-1.84849,-0.397295,-3.04845e-06,-0.397292
451.968,-1.32886,-1.84847,-0.397124,-3.32974e-06,-0.397121
452.016,-1.35936,-1.84844,-0.39683,-2.95429e-06,-0.396827
452.064,-1.39437,-1.84842,-0.396456,-2.57524e-06,-0.396453
452.112,-1.40838,-1.8484,-0.395993,-2.43751e-06,-0.395991
452.16,-1.42638,-1.84838,-0.395453,-2.27138e-06,-0.395451
452.208,-1.51842,-1.84837,-0.394781,-1.58306e-06,-0.39478
452.256,-1.50392,-1.84836,-0.394062,-1.67573e-06,-0.39406
452.304,-1.55594,-1.84837,-0.393192,-1.36644e-06,-0.39319
452.352,-1.54443,-1.84838,-0.3923,-1.42952e-06,-0.392299
452.4,-1.52042,-1.84839,-0.391457,-1.57069e-06,-0.391456
452.448,-1.55243,-1.84841,-0.390599,-1.38537e-06,-0.390597
452.496,-1.56094,-1.84843,-0.389716,-1.33991e-06,-0.389715
452.544,-1.57244,-1.84846,-0.388831,-1.28079e-06,-0.38883
452.592,-1.54943,-1.84849,-0.387962,-1.40177e-06,-0.387961
452.64,-1.54093,-1.84852,-0.38713,-1.44933e-06,-0.387129
452.688,-1.51842,-1.84855,-0.386379,-1.58308e-06,-0.386378
452.736,-1.51342,-1.84858,-0.385652,-1.61443e-06,-0.38565
452.784,-1.52293,-1.84861,-0.384953,-1.55534e-06,-0.384951
452.832,-1.49441,-1.84863,-0.384303,-1.73943e-06,-0.384301
452.88,-1.4704,-1.84865,-0.383753,-1.91121e-06,-0.383751
452.928,-1.48091,-1.84867,-0.383237,-1.83406e-06,-0.383235
452.976,-1.48791,-1.84868,-0.38275,-1.7844e-06,-0.382748
453.024,-1.47391,-1.84869,-0.382298,-1.8851e-06,-0.382296
453.072,-1.43188,-1.8487,-0.381869,-2.2229e-06,-0.381866
453.12,-1.42489,-1.84869,-0.38158,-2.28476e-06,-0.381578
453.168,-1.44539,-1.84868,-0.381225,-2.10821e-06,-0.381223
453.216,-1.43839,-1.84867,-0.3809,-2.16688e-06,-0.380897
453.264,-1.37986,-1.84864,-0.380651,-2.72604e-06,-0.380649
453.312,-1.39937,-1.84861,-0.380469,-2.52527e-06,-0.380467
453.36,-1.37237,-1.84858,-0.380219,-2.8073e-06,-0.380216
453.408,-1.41138,-1.84854,-0.379993,-2.40902e-06,-0.379991
453.456,-1.34186,-1.84849,-0.379877,-3.16426e-06,-0.379874
453.504,-1.39237,-1.84843,-0.379748,-2.59552e-06,-0.379745
453.552,-1.37786,-1.84837,-0.379591,-2.74745e-06,-0.379589
453.6,-1.38988,-1.8483,-0.379406,-2.62098e-06,-0.379403
453.648,-1.41138,-1.84824,-0.379212,-2.40897e-06,-0.379209
453.696,-1.39288,-1.84816,-0.379014,-2.5903e-06,-0.379011
453.744,-1.37286,-1.84809,-0.378852,-2.8018e-06,-0.378849
453.792,-1.37737,-1.848,-0.37873,-2.75268e-06,-0.378727
453.84,-1.36687,-1.84791,-0.378612,-2.86846e-06,-0.378609
453.888,-1.41138,-1.84782,-0.378477,-2.4089e-06,-0.378474
453.936,-1.37087,-1.84773,-0.378345,-2.82378e-06,-0.378342
453.984,-1.36336,-1.84762,-0.378275,-2.90814e-06,-0.378272
454.032,-1.37386,-1.84752,-0.378218,-2.79072e-06,-0.378215
454.08,-1.34285,-1.8474,-0.37815,-3.15163e-06,-0.378146
454.128,-1.37537,-1.84729,-0.378051,-2.77421e-06,-0.378049
454.176,-1.40587,-1.84717,-0.377901,-2.46138e-06,-0.377899
454.224,-1.40438,-1.84706,-0.377708,-2.4758e-06,-0.377706
454.272,-1.37036,-1.84694,-0.377618,-2.82925e-06,-0.377615
454.32,-1.37186,-1.84681,-0.377555,-2.81254e-06,-0.377552
454.368,-1.38637,-1.84669,-0.377441,-2.65697e-06,-0.377438
454.416,-1.32986,-1.84655,-0.377423,-3.31625e-06,-0.37742
454.464,-1.33786,-1.84641,-0.37752,-3.2138e-06,-0.377517
454.512,-1.32135,-1.84626,-0.377587,-3.42869e-06,-0.377584
454.56,-1.33935,-1.84611,-0.377609,-3.19498e-06,-0.377605
454.608,-1.32535,-1.84596,-0.377679,-3.37525e-06,-0.377676
454.656,-1.37686,-1.8458,-0.377581,-2.75773e-06,-0.377578
454.704,-1.35887,-1.84565,-0.377513,-2.95939e-06,-0.37751
454.752,-1.42438,-1.8455,-0.37735,-2.28879e-06,-0.377348
454.8,-1.46991,-1.84536,-0.377001,-1.91444e-06,-0.376999
454.848,-1.4584,-1.84522,-0.376639,-2.0028e-06,-0.376637
454.896,-1.51392,-1.84509,-0.376122,-1.61091e-06,-0.376121
454.944,-1.50392,-1.84497,-0.375579,-1.67532e-06,-0.375577
454.992,-1.55994,-1.84486,-0.374986,-1.34483e-06,-0.374985
455.04,-1.53993,-1.84475,-0.374412,-1.45463e-06,-0.374411
455.088,-1.52793,-1.84465,-0.373856,-1.52471e-06,-0.373854
455.136,-1.54243,-1.84456,-0.373297,-1.44037e-06,-0.373295
455.184,-1.56143,-1.84447,-0.372673,-1.33694e-06,-0.372672
455.232,-1.56194,-1.84438,-0.372069,-1.33427e-06,-0.372068
455.28,-1.56745,-1.8443,-0.37144,-1.30576e-06,-0.371439
455.328,-1.54193,-1.84423,-0.370825,-1.44321e-06,-0.370823
455.376,-1.54643,-1.84415,-0.370269,-1.41791e-06,-0.370267
455.424,-1.49441,-1.84408,-0.369813,-1.73885e-06,-0.369811
455.472,-1.53593,-1.84401,-0.369334,-1.47755e-06,-0.369332
455.52,-1.51692,-1.84394,-0.36885,-1.59193e-06,-0.368849
455.568,-1.4919,-1.84386,-0.368407,-1.75601e-06,-0.368406
455.616,-1.47291,-1.84379,-0.368,-1.89183e-06,-0.367998
455.664,-1.49541,-1.84372,-0.367596,-1.732e-06,-0.367594
455.712,-1.49841,-1.84365,-0.367184,-1.71173e-06,-0.367182
455.76,-1.45039,-1.84357,-0.366919,-2.06651e-06,-0.366917
455.808,-1.4469,-1.84349,-0.366628,-2.09498e-06,-0.366626
455.856,-1.4509,-1.84341,-0.366395,-2.06237e-06,-0.366393
455.904,-1.4459,-1.84332,-0.366158,-2.10319e-06,-0.366156
455.952,-1.47191,-1.84323,-0.365951,-1.89919e-06,-0.365949
456,-1.43588,-1.84314,-0.365777,-2.18742e-06,-0.365775
456.048,-1.41389,-1.84304,-0.365652,-2.38449e-06,-0.36565
456.096,-1.38888,-1.84293,-0.365658,-2.63025e-06,-0.365655
456.144,-1.40538,-1.84282,-0.365623,-2.46535e-06,-0.36562
456.192,-1.38988,-1.8427,-0.365607,-2.61991e-06,-0.365605
456.24,-1.40738,-1.84258,-0.365582,-2.44605e-06,-0.36558
456.288,-1.35685,-1.84244,-0.365674,-2.98219e-06,-0.365671
456.336,-1.38286,-1.84231,-0.365761,-2.69292e-06,-0.365759
456.384,-1.38186,-1.84216,-0.365873,-2.70347e-06,-0.36587
456.432,-1.36636,-1.84201,-0.36604,-2.87295e-06,-0.366037
456.48,-1.33386,-1.84185,-0.36622,-3.26352e-06,-0.366217
456.528,-1.33035,-1.84168,-0.366431,-3.30869e-06,-0.366428
456.576,-1.31935,-1.8415,-0.36666,-3.45449e-06,-0.366656
456.624,-1.32084,-1.84132,-0.36688,-3.43429e-06,-0.366876
456.672,-1.33386,-1.84113,-0.367105,-3.26335e-06,-0.367101
456.72,-1.33786,-1.84094,-0.367276,-3.21252e-06,-0.367273
456.768,-1.31034,-1.84075,-0.367514,-3.57862e-06,-0.367511
456.816,-1.32684,-1.84055,-0.367674,-3.35424e-06,-0.367671
456.864,-1.35585,-1.84034,-0.36786,-2.99345e-06,-0.367857
456.912,-1.35936,-1.84014,-0.367948,-2.9525e-06,-0.367945
456.96,-1.37886,-1.83994,-0.367996,-2.73502e-06,-0.367993
457.008,-1.37537,-1.83973,-0.368043,-2.77269e-06,-0.36804
457.056,-1.33335,-1.83952,-0.368281,-3.26948e-06,-0.368277
457.104,-1.35485,-1.83931,-0.368398,-3.00498e-06,-0.368395
457.152,-1.33935,-1.83909,-0.368534,-3.19335e-06,-0.368531
457.2,-1.34985,-1.83887,-0.368659,-3.06439e-06,-0.368656
457.248,-1.36036,-1.83865,-0.36875,-2.94063e-06,-0.368747
457.296,-1.36687,-1.83844,-0.368794,-2.86649e-06,-0.368791
457.344,-1.37886,-1.83822,-0.368853,-2.73468e-06,-0.36885
457.392,-1.30834,-1.838,-0.368943,-3.60607e-06,-0.368939
457.44,-1.32835,-1.83777,-0.369109,-3.33379e-06,-0.369105
457.488,-1.32284,-1.83755,-0.36926,-3.40653e-06,-0.369257
457.536,-1.33586,-1.83732,-0.369415,-3.23696e-06,-0.369412
457.584,-1.34736,-1.83709,-0.369533,-3.09407e-06,-0.36953
457.632,-1.37186,-1.83686,-0.369648,-2.8105e-06,-0.369645
457.68,-1.37087,-1.83663,-0.369681,-2.8215e-06,-0.369678
457.728,-1.40088,-1.83641,-0.369622,-2.50815e-06,-0.36962
457.776,-1.43039,-1.83619,-0.369439,-2.2339e-06,-0.369436
457.824,-1.48891,-1.83599,-0.36914,-1.77577e-06,-0.369138
457.872,-1.50692,-1.8358,-0.368744,-1.65462e-06,-0.368742
457.92,-1.50592,-1.83561,-0.368323,-1.6611e-06,-0.368321
457.968,-1.52142,-1.83543,-0.367845,-1.56307e-06,-0.367844
458.016,-1.50592,-1.83526,-0.367393,-1.66105e-06,-0.367392
458.064,-1.52042,-1.8351,-0.366967,-1.56917e-06,-0.366965
458.112,-1.4774,-1.83494,-0.366619,-1.8576e-06,-0.366617
458.16,-1.48991,-1.83478,-0.366282,-1.76866e-06,-0.36628
458.208,-1.4724,-1.83462,-0.36595,-1.89434e-06,-0.365948
458.256,-1.53693,-1.83447,-0.365532,-1.47074e-06,-0.365531
458.304,-1.48941,-1.83433,-0.365149,-1.77202e-06,-0.365147
458.352,-1.48941,-1.83418,-0.364799,-1.772e-06,-0.364797
458.4,-1.47791,-1.83404,-0.364488,-1.85378e-06,-0.364486
458.448,-1.4929,-1.8339,-0.364163,-1.74787e-06,-0.364162
458.496,-1.49692,-1.83377,-0.363799,-1.72054e-06,-0.363797
458.544,-1.4754,-1.83363,-0.36351,-1.87205e-06,-0.363508
458.592,-1.44839,-1.8335,-0.363246,-2.08125e-06,-0.363244
458.64,-1.48291,-1.83336,-0.363032,-1.8177e-06,-0.36303
458.688,-1.4664,-1.83323,-0.362764,-1.93924e-06,-0.362762
458.736,-1.44739,-1.83309,-0.362621,-2.08936e-06,-0.362618
458.784,-1.4684,-1.83295,-0.362452,-1.92405e-06,-0.36245
458.832,-1.4634,-1.83281,-0.362276,-1.96213e-06,-0.362274
458.88,-1.43488,-1.83267,-0.362161,-2.19433e-06,-0.362159
458.928,-1.44088,-1.83252,-0.362008,-2.14328e-06,-0.362005
458.976,-1.42589,-1.83238,-0.36192,-2.27311e-06,-0.361918
459.024,-1.43388,-1.83223,-0.361838,-2.20288e-06,-0.361836
459.072,-1.40838,-1.83208,-0.36182,-2.43461e-06,-0.361817
459.12,-1.42489,-1.83192,-0.36183,-2.28197e-06,-0.361827
459.168,-1.43239,-1.83176,-0.361809,-2.21573e-06,-0.361807
459.216,-1.37437,-1.83159,-0.361838,-2.78193e-06,-0.361836
459.264,-1.39738,-1.83143,-0.361855,-2.5418e-06,-0.361853
459.312,-1.40338,-1.83125,-0.361961,-2.48266e-06,-0.361958
459.36,-1.36636,-1.83108,-0.362069,-2.87066e-06,-0.362066
459.408,-1.37737,-1.8309,-0.362161,-2.74925e-06,-0.362158
459.456,-1.36036,-1.83071,-0.362322,-2.93892e-06,-0.362319
459.504,-1.32986,-1.83051,-0.362544,-3.31237e-06,-0.362541
459.552,-1.35236,-1.83031,-0.362761,-3.0325e-06,-0.362758
459.6,-1.33786,-1.83011,-0.362997,-3.20998e-06,-0.362994
459.648,-1.34985,-1.82989,-0.363265,-3.06238e-06,-0.363262
459.696,-1.31034,-1.82967,-0.363595,-3.57572e-06,-0.363592
459.744,-1.30485,-1.82944,-0.36398,-3.6535e-06,-0.363976
459.792,-1.30285,-1.82921,-0.364343,-3.68221e-06,-0.364339
459.84,-1.28883,-1.82897,-0.364673,-3.8902e-06,-0.364669
459.888,-1.33186,-1.82873,-0.364955,-3.28607e-06,-0.364951
459.936,-1.30634,-1.82848,-0.365265,-3.63194e-06,-0.365262
459.984,-1.34536,-1.82823,-0.36554,-3.11642e-06,-0.365537
460.032,-1.29783,-1.82798,-0.365805,-3.75502e-06,-0.365801
460.08,-1.28283,-1.82773,-0.36606,-3.98245e-06,-0.366056
460.128,-1.31835,-1.82747,-0.366333,-3.46451e-06,-0.36633
460.176,-1.32035,-1.82721,-0.366574,-3.43738e-06,-0.366571
460.224,-1.30083,-1.82695,-0.366888,-3.71083e-06,-0.366885
460.272,-1.33086,-1.82668,-0.367172,-3.29849e-06,-0.367169
460.32,-1.30734,-1.82641,-0.367404,-3.61718e-06,-0.367401
460.368,-1.33186,-1.82614,-0.367626,-3.28545e-06,-0.367623
460.416,-1.31984,-1.82588,-0.367856,-3.4439e-06,-0.367852
460.464,-1.32335,-1.8256,-0.368128,-3.39678e-06,-0.368124
460.512,-1.30485,-1.82533,-0.368369,-3.65241e-06,-0.368365
460.56,-1.32284,-1.82505,-0.368596,-3.40342e-06,-0.368592
460.608,-1.31484,-1.82478,-0.368832,-3.51181e-06,-0.368828
460.656,-1.30334,-1.8245,-0.369113,-3.67385e-06,-0.369109
460.704,-1.31185,-1.82422,-0.369395,-3.55322e-06,-0.369392
460.752,-1.29683,-1.82393,-0.369675,-3.76866e-06,-0.369671
460.8,-1.28633,-1.82365,-0.369992,-3.92712e-06,-0.369988
460.848,-1.26833,-1.82335,-0.370403,-4.21425e-06,-0.370399
460.896,-1.26482,-1.82305,-0.370829,-4.27253e-06,-0.370825
460.944,-1.25532,-1.82275,-0.371245,-4.43474e-06,-0.37124
460.992,-1.26233,-1.82245,-0.371663,-4.31429e-06,-0.371659
461.04,-1.28383,-1.82214,-0.372046,-3.96525e-06,-0.372042
461.088,-1.30334,-1.82183,-0.37235,-3.67314e-06,-0.372346
461.136,-1.35036,-1.82154,-0.37248,-3.05442e-06,-0.372477
461.184,-1.38237,-1.82125,-0.372493,-2.69397e-06,-0.372491
461.232,-1.43588,-1.82097,-0.3723,-2.18388e-06,-0.372298
461.28,-1.44639,-1.82071,-0.371956,-2.09568e-06,-0.371954
461.328,-1.49441,-1.82046,-0.371626,-1.73586e-06,-0.371624
461.376,-1.4714,-1.82022,-0.371244,-1.89978e-06,-0.371242
461.424,-1.50141,-1.81999,-0.370805,-1.6888e-06,-0.370804
461.472,-1.51592,-1.81977,-0.370385,-1.59537e-06,-0.370383
461.52,-1.49892,-1.81956,-0.36996,-1.70533e-06,-0.369958
461.568,-1.50092,-1.81936,-0.369529,-1.69198e-06,-0.369527
461.616,-1.49892,-1.81917,-0.369095,-1.70528e-06,-0.369093
461.664,-1.52493,-1.81898,-0.368615,-1.53986e-06,-0.368614
461.712,-1.52242,-1.8188,-0.368127,-1.55506e-06,-0.368126
461.76,-1.4744,-1.81863,-0.36772,-1.87735e-06,-0.367719
461.808,-1.50092,-1.81846,-0.367352,-1.69187e-06,-0.36735
461.856,-1.46691,-1.81829,-0.367065,-1.93327e-06,-0.367063
461.904,-1.4949,-1.81813,-0.366719,-1.73221e-06,-0.366718
461.952,-1.4574,-1.81797,-0.366447,-2.00667e-06,-0.366445
462,-1.4929,-1.81781,-0.366176,-1.74581e-06,-0.366174
462.048,-1.4959,-1.81765,-0.365902,-1.72537e-06,-0.365901
462.096,-1.46791,-1.8175,-0.365623,-1.92559e-06,-0.365621
462.144,-1.4459,-1.81734,-0.365397,-2.0992e-06,-0.365395
462.192,-1.46791,-1.81719,-0.365233,-1.92555e-06,-0.365231
462.24,-1.42038,-1.81703,-0.365055,-2.32014e-06,-0.365053
462.288,-1.43088,-1.81687,-0.364951,-2.22645e-06,-0.364949
462.336,-1.41538,-1.81671,-0.364855,-2.36603e-06,-0.364852
462.384,-1.42839,-1.81655,-0.364745,-2.24826e-06,-0.364743
462.432,-1.37286,-1.81638,-0.364769,-2.79532e-06,-0.364766
462.48,-1.37186,-1.81621,-0.364866,-2.80626e-06,-0.364863
462.528,-1.36187,-1.81603,-0.364997,-2.91846e-06,-0.364994
462.576,-1.37087,-1.81585,-0.365078,-2.81722e-06,-0.365076
462.624,-1.37136,-1.81566,-0.365183,-2.81175e-06,-0.36518
462.672,-1.37786,-1.81547,-0.36529,-2.74086e-06,-0.365287
462.72,-1.36387,-1.81527,-0.365473,-2.8955e-06,-0.36547
462.768,-1.32484,-1.81507,-0.365704,-3.37436e-06,-0.365701
462.816,-1.32084,-1.81486,-0.365981,-3.42766e-06,-0.365978
462.864,-1.31384,-1.81464,-0.366232,-3.523e-06,-0.366229
462.912,-1.28233,-1.81442,-0.366538,-3.98651e-06,-0.366534
462.96,-1.30234,-1.81419,-0.366866,-3.6855e-06,-0.366862
463.008,-1.29783,-1.81395,-0.36714,-3.75117e-06,-0.367136
463.056,-1.30885,-1.81372,-0.367435,-3.59251e-06,-0.367431
463.104,-1.28983,-1.81347,-0.367765,-3.87058e-06,-0.367762
463.152,-1.31835,-1.81323,-0.368012,-3.4609e-06,-0.368008
463.2,-1.30485,-1.81298,-0.368294,-3.64911e-06,-0.36829
463.248,-1.34186,-1.81273,-0.368493,-3.15601e-06,-0.36849
463.296,-1.31434,-1.81248,-0.368692,-3.51565e-06,-0.368689
463.344,-1.35285,-1.81223,-0.368864,-3.02265e-06,-0.368861
463.392,-1.32935,-1.81197,-0.369004,-3.31449e-06,-0.369
463.44,-1.30934,-1.81171,-0.369291,-3.58506e-06,-0.369287
463.488,-1.32735,-1.81146,-0.369451,-3.34046e-06,-0.369448
463.536,-1.31684,-1.8112,-0.369609,-3.48092e-06,-0.369606
463.584,-1.35736,-1.81094,-0.369738,-2.96941e-06,-0.369735
463.632,-1.32535,-1.81068,-0.36989,-3.36657e-06,-0.369887
463.68,-1.32584,-1.81042,-0.370088,-3.36002e-06,-0.370085
463.728,-1.32684,-1.81016,-0.370281,-3.3468e-06,-0.370278
463.776,-1.30034,-1.8099,-0.370491,-3.71336e-06,-0.370487
463.824,-1.31735,-1.80963,-0.370699,-3.47359e-06,-0.370695
463.872,-1.30385,-1.80936,-0.370907,-3.66248e-06,-0.370904
463.92,-1.30385,-1.80909,-0.37113,-3.66241e-06,-0.371126
463.968,-1.34436,-1.80882,-0.371319,-3.12423e-06,-0.371316
464.016,-1.27884,-1.80855,-0.371561,-4.03974e-06,-0.371557
464.064,-1.24932,-1.80827,-0.371864,-4.53551e-06,-0.371859
464.112,-1.24432,-1.80798,-0.372322,-4.62522e-06,-0.372317
464.16,-1.26733,-1.80769,-0.372712,-4.22596e-06,-0.372708
464.208,-1.27033,-1.80739,-0.373108,-4.17645e-06,-0.373104
464.256,-1.30285,-1.8071,-0.373445,-3.67626e-06,-0.373442
464.304,-1.23381,-1.80679,-0.373896,-4.81938e-06,-0.373892
464.352,-1.26633,-1.80648,-0.374347,-4.24219e-06,-0.374343
464.4,-1.24783,-1.80617,-0.374743,-4.56143e-06,-0.374738
464.448,-1.25432,-1.80586,-0.375187,-4.44667e-06,-0.375182
464.496,-1.24481,-1.80554,-0.375628,-4.61549e-06,-0.375624
464.544,-1.23681,-1.80522,-0.376041,-4.76247e-06,-0.376036
464.592,-1.25232,-1.80489,-0.376452,-4.48136e-06,-0.376448
464.64,-1.29434,-1.80457,-0.376765,-3.80028e-06,-0.376761
464.688,-1.26233,-1.80425,-0.377147,-4.30855e-06,-0.377143
464.736,-1.26533,-1.80392,-0.377473,-4.25806e-06,-0.377469
464.784,-1.25083,-1.8036,-0.377822,-4.50723e-06,-0.377818
464.832,-1.27384,-1.80327,-0.378119,-4.11814e-06,-0.378114
464.88,-1.30134,-1.80295,-0.378367,-3.69695e-06,-0.378363
464.928,-1.27333,-1.80262,-0.37864,-4.12616e-06,-0.378636
464.976,-1.28483,-1.8023,-0.378926,-3.944e-06,-0.378922
465.024,-1.28433,-1.80197,-0.379232,-3.95177e-06,-0.379228
465.072,-1.32684,-1.80165,-0.379445,-3.34472e-06,-0.379442
465.12,-1.33535,-1.80134,-0.379493,-3.2349e-06,-0.37949
465.168,-1.41689,-1.80104,-0.379387,-2.34938e-06,-0.379385
465.216,-1.42989,-1.80076,-0.379084,-2.23257e-06,-0.379081
465.264,-1.49441,-1.8005,-0.378605,-1.73332e-06,-0.378603
465.312,-1.51991,-1.80025,-0.378001,-1.5683e-06,-0.377999
465.36,-1.52442,-1.80002,-0.377384,-1.54079e-06,-0.377382
465.408,-1.55294,-1.79981,-0.376654,-1.37771e-06,-0.376653
465.456,-1.52542,-1.7996,-0.376058,-1.53472e-06,-0.376056
465.504,-1.52442,-1.79941,-0.375437,-1.54072e-06,-0.375436
465.552,-1.53242,-1.79923,-0.37484,-1.49312e-06,-0.374839
465.6,-1.53493,-1.79906,-0.374216,-1.47849e-06,-0.374215
465.648,-1.51142,-1.79889,-0.373685,-1.62124e-06,-0.373683
465.696,-1.48291,-1.79873,-0.373179,-1.8131e-06,-0.373177
465.744,-1.48691,-1.79858,-0.372719,-1.78486e-06,-0.372717
465.792,-1.4579,-1.79843,-0.37237,-1.99994e-06,-0.372368
465.84,-1.46589,-1.79828,-0.371981,-1.93815e-06,-0.371979
465.888,-1.43688,-1.79813,-0.371649,-2.1717e-06,-0.371647
465.936,-1.43139,-1.79798,-0.371369,-2.21895e-06,-0.371367
465.984,-1.42839,-1.79784,-0.371125,-2.24518e-06,-0.371123
466.032,-1.40387,-1.79769,-0.370923,-2.4718e-06,-0.37092
466.08,-1.39688,-1.79754,-0.370747,-2.54057e-06,-0.370744
466.128,-1.37786,-1.79738,-0.370727,-2.73723e-06,-0.370724
466.176,-1.39537,-1.79722,-0.370722,-2.55558e-06,-0.37072
466.224,-1.38037,-1.79706,-0.370686,-2.71038e-06,-0.370683
466.272,-1.38086,-1.7969,-0.370633,-2.70512e-06,-0.37063
466.32,-1.41038,-1.79674,-0.370553,-2.40935e-06,-0.37055
466.368,-1.38688,-1.79657,-0.370521,-2.64199e-06,-0.370519
466.416,-1.37186,-1.7964,-0.370503,-2.8022e-06,-0.3705
466.464,-1.36636,-1.79623,-0.370494,-2.86335e-06,-0.370491
466.512,-1.38788,-1.79606,-0.370494,-2.63155e-06,-0.370492
466.56,-1.39337,-1.79589,-0.370422,-2.57545e-06,-0.370419
466.608,-1.37737,-1.79571,-0.370413,-2.74218e-06,-0.37041
466.656,-1.35136,-1.79553,-0.37046,-3.03667e-06,-0.370457
466.704,-1.38788,-1.79535,-0.370425,-2.63141e-06,-0.370423
466.752,-1.32184,-1.79517,-0.370485,-3.40932e-06,-0.370482
466.8,-1.36287,-1.79498,-0.370565,-2.90256e-06,-0.370562
466.848,-1.39237,-1.79479,-0.37059,-2.58536e-06,-0.370587
466.896,-1.34135,-1.79459,-0.370662,-3.15811e-06,-0.370659
466.944,-1.33835,-1.7944,-0.370749,-3.19543e-06,-0.370746
466.992,-1.34585,-1.7942,-0.37083,-3.10268e-06,-0.370827
467.04,-1.33135,-1.79399,-0.37099,-3.28426e-06,-0.370987
467.088,-1.31034,-1.79378,-0.371131,-3.56635e-06,-0.371128
467.136,-1.30934,-1.79357,-0.371335,-3.5803e-06,-0.371332
467.184,-1.32435,-1.79335,-0.371444,-3.37551e-06,-0.37144
467.232,-1.26882,-1.79313,-0.371653,-4.19683e-06,-0.371649
467.28,-1.25732,-1.7929,-0.371968,-4.39049e-06,-0.371964
467.328,-1.27784,-1.79266,-0.372334,-4.0509e-06,-0.37233
467.376,-1.28583,-1.79242,-0.372661,-3.92572e-06,-0.372657
467.424,-1.26082,-1.79217,-0.373017,-4.33027e-06,-0.373013
467.472,-1.24032,-1.79191,-0.37341,-4.69282e-06,-0.373405
467.52,-1.24081,-1.79164,-0.373872,-4.68368e-06,-0.373867
467.568,-1.23981,-1.79137,-0.374325,-4.70199e-06,-0.37432
467.616,-1.22931,-1.79109,-0.374739,-4.8997e-06,-0.374734
467.664,-1.23332,-1.79081,-0.37515,-4.82303e-06,-0.375145
467.712,-1.23181,-1.79052,-0.375625,-4.85154e-06,-0.37562
467.76,-1.23581,-1.79022,-0.376073,-4.77593e-06,-0.376068
467.808,-1.25432,-1.78992,-0.376531,-4.44148e-06,-0.376527
467.856,-1.2168,-1.78962,-0.37702,-5.14546e-06,-0.377015
467.904,-1.24632,-1.7893,-0.377515,-4.58282e-06,-0.37751
467.952,-1.23181,-1.78899,-0.377937,-4.85099e-06,-0.377932
468,-1.22631,-1.78867,-0.37838,-4.9568e-06,-0.378375
468.048,-1.22381,-1.78835,-0.378717,-5.00535e-06,-0.378712
468.096,-1.23832,-1.78803,-0.379141,-4.72842e-06,-0.379136
468.144,-1.23732,-1.7877,-0.379558,-4.74689e-06,-0.379553
468.192,-1.21882,-1.78737,-0.380004,-5.1041e-06,-0.379999
468.24,-1.25532,-1.78703,-0.380426,-4.42316e-06,-0.380421
468.288,-1.25432,-1.7867,-0.380767,-4.44043e-06,-0.380763
468.336,-1.25083,-1.78637,-0.381104,-4.50155e-06,-0.381099
468.384,-1.21131,-1.78603,-0.381508,-5.25609e-06,-0.381503
468.432,-1.24032,-1.78569,-0.38192,-4.69068e-06,-0.381915
468.48,-1.27433,-1.78535,-0.382287,-4.10481e-06,-0.382283
468.528,-1.2158,-1.785,-0.382723,-5.16393e-06,-0.382718
468.576,-1.25332,-1.78466,-0.383147,-4.45721e-06,-0.383142
468.624,-1.20731,-1.78431,-0.383547,-5.33852e-06,-0.383541
468.672,-1.2128,-1.78396,-0.383957,-5.22464e-06,-0.383952
468.72,-1.1903,-1.7836,-0.384435,-5.7066e-06,-0.384429
468.768,-1.21931,-1.78325,-0.384853,-5.09272e-06,-0.384848
468.816,-1.18879,-1.78288,-0.385387,-5.74015e-06,-0.385382
468.864,-1.15678,-1.78251,-0.385966,-6.50784e-06,-0.385959
468.912,-1.17428,-1.78214,-0.386535,-6.07586e-06,-0.386529
468.96,-1.17879,-1.78176,-0.387085,-5.96923e-06,-0.387079
469.008,-1.16078,-1.78138,-0.387688,-6.40602e-06,-0.387681
469.056,-1.17479,-1.78099,-0.388223,-6.06326e-06,-0.388217
469.104,-1.13128,-1.7806,-0.388898,-7.19147e-06,-0.38889
469.152,-1.09876,-1.7802,-0.389626,-8.16949e-06,-0.389618
469.2,-1.14427,-1.77979,-0.390323,-6.83364e-06,-0.390316
469.248,-1.14028,-1.77938,-0.390997,-6.94147e-06,-0.39099
469.296,-1.11677,-1.77897,-0.391655,-7.61156e-06,-0.391648
469.344,-1.12428,-1.77855,-0.392337,-7.39049e-06,-0.39233
469.392,-1.09076,-1.77812,-0.39308,-8.42856e-06,-0.393072
469.44,-1.10376,-1.77769,-0.393799,-8.0094e-06,-0.393791
469.488,-1.11977,-1.77726,-0.394487,-7.52159e-06,-0.394479
469.536,-1.10176,-1.77682,-0.395191,-8.07195e-06,-0.395182
469.584,-1.11577,-1.77638,-0.395851,-7.64001e-06,-0.395843
469.632,-1.14228,-1.77594,-0.396464,-6.8855e-06,-0.396457
469.68,-1.12177,-1.7755,-0.397087,-7.46187e-06,-0.397079
469.728,-1.15229,-1.77506,-0.397607,-6.61987e-06,-0.397601
469.776,-1.09527,-1.77461,-0.398218,-8.27874e-06,-0.39821
469.824,-1.11777,-1.77417,-0.398833,-7.5791e-06,-0.398825
469.872,-1.16879,-1.77372,-0.399383,-6.2043e-06,-0.399377
469.92,-1.14929,-1.77329,-0.399802,-6.69734e-06,-0.399795
469.968,-1.14278,-1.77285,-0.400278,-6.87024e-06,-0.400271
470.016,-1.13379,-1.77241,-0.40084,-7.1168e-06,-0.400833
470.064,-1.13728,-1.77196,-0.401377,-7.01979e-06,-0.40137
470.112,-1.15929,-1.77152,-0.401835,-6.43896e-06,-0.401828
470.16,-1.16229,-1.77109,-0.402221,-6.36345e-06,-0.402214
470.208,-1.13928,-1.77065,-0.402749,-6.96428e-06,-0.402742
470.256,-1.13978,-1.77022,-0.403195,-6.9502e-06,-0.403188
470.304,-1.14228,-1.76978,-0.403693,-6.88239e-06,-0.403686
470.352,-1.12226,-1.76934,-0.404225,-7.44413e-06,-0.404218
470.4,-1.12026,-1.7689,-0.404739,-7.5025e-06,-0.404731
470.448,-1.06424,-1.76845,-0.405427,-9.34582e-06,-0.405418
470.496,-1.10577,-1.768,-0.406101,-7.94068e-06,-0.406093
470.544,-1.08276,-1.76755,-0.406717,-8.69042e-06,-0.406709
470.592,-1.09176,-1.7671,-0.407369,-8.38878e-06,-0.40736
470.64,-1.09576,-1.76664,-0.408005,-8.25795e-06,-0.407997
470.688,-1.09325,-1.76618,-0.408593,-8.3393e-06,-0.408585
470.736,-1.05074,-1.76572,-0.409351,-9.85224e-06,-0.409341
470.784,-1.06524,-1.76525,-0.410056,-9.30706e-06,-0.410046
470.832,-1.05724,-1.76478,-0.410764,-9.60332e-06,-0.410754
470.88,-1.04174,-1.7643,-0.411537,-1.02051e-05,-0.411527
470.928,-1.06175,-1.76382,-0.412347,-9.43438e-06,-0.412337
470.976,-1.06375,-1.76334,-0.413031,-9.36035e-06,-0.413021
471.024,-1.01524,-1.76285,-0.413823,-1.13218e-05,-0.413811
471.072,-1.04774,-1.76236,-0.414537,-9.96637e-06,-0.414527
471.12,-1.03123,-1.76186,-0.415359,-1.06325e-05,-0.415348
471.168,-1.04825,-1.76136,-0.416145,-9.94581e-06,-0.416135
471.216,-1.00924,-1.76086,-0.416941,-1.15896e-05,-0.41693
471.264,-1.08176,-1.76036,-0.417564,-8.71997e-06,-0.417555
471.312,-1.05425,-1.75987,-0.418194,-9.71346e-06,-0.418185
471.36,-1.02823,-1.75937,-0.418833,-1.07563e-05,-0.418822
471.408,-1.05175,-1.75887,-0.419468,-9.80812e-06,-0.419459
471.456,-1.03174,-1.75837,-0.4202,-1.06086e-05,-0.420189
471.504,-1.05775,-1.75787,-0.42078,-9.57934e-06,-0.420771
471.552,-1.06575,-1.75737,-0.42128,-9.28316e-06,-0.421271
471.6,-1.05624,-1.75688,-0.42181,-9.63547e-06,-0.421801
471.648,-1.07726,-1.75639,-0.422276,-8.8729e-06,-0.422268
471.696,-1.08525,-1.75591,-0.422723,-8.59857e-06,-0.422714
471.744,-1.06826,-1.75543,-0.423158,-9.19099e-06,-0.423149
471.792,-1.06926,-1.75495,-0.423682,-9.15469e-06,-0.423673
471.84,-1.02774,-1.75447,-0.424175,-1.07732e-05,-0.424164
471.888,-1.07326,-1.75398,-0.424706,-9.01158e-06,-0.424697
471.936,-1.09076,-1.75351,-0.425131,-8.41335e-06,-0.425123
471.984,-1.04274,-1.75304,-0.425577,-1.01567e-05,-0.425566
472.032,-1.04774,-1.75256,-0.426091,-9.9592e-06,-0.426081
472.08,-1.03223,-1.75208,-0.426686,-1.05833e-05,-0.426675
472.128,-1.02823,-1.7516,-0.427324,-1.07502e-05,-0.427313
472.176,-1.03725,-1.75112,-0.427923,-1.03764e-05,-0.427912
472.224,-1.00522,-1.75063,-0.428582,-1.17648e-05,-0.42857
472.272,-1.00773,-1.75015,-0.429208,-1.16492e-05,-0.429196
472.32,-0.989718,-1.74966,-0.429912,-1.25015e-05,-0.4299
472.368,-1.01424,-1.74917,-0.430531,-1.13548e-05,-0.43052
472.416,-1.00173,-1.74867,-0.431223,-1.19252e-05,-0.431211
472.464,-1.06224,-1.74818,-0.431875,-9.40539e-06,-0.431865
472.512,-1.00273,-1.74768,-0.432557,-1.18777e-05,-0.432546
472.56,-1.00022,-1.74718,-0.433247,-1.19947e-05,-0.433235
472.608,-0.995225,-1.74668,-0.433888,-1.22317e-05,-0.433876
472.656,-1.00773,-1.74618,-0.434549,-1.16458e-05,-0.434538
472.704,-1.00722,-1.74567,-0.435207,-1.16686e-05,-0.435195
472.752,-0.985227,-1.74517,-0.435915,-1.27195e-05,-0.435902
472.8,-0.989718,-1.74466,-0.436627,-1.24969e-05,-0.436614
472.848,-1.02173,-1.74415,-0.437224,-1.10221e-05,-0.437213
472.896,-1.00273,-1.74365,-0.43774,-1.18742e-05,-0.437728
472.944,-1.02073,-1.74315,-0.438258,-1.10645e-05,-0.438247
472.992,-1.02324,-1.74265,-0.43877,-1.09559e-05,-0.438759
473.04,-0.990226,-1.74215,-0.439376,-1.24697e-05,-0.439363
473.088,-1.00273,-1.74165,-0.439953,-1.18724e-05,-0.439942
473.136,-0.985719,-1.74115,-0.440466,-1.26912e-05,-0.440453
473.184,-0.986719,-1.74066,-0.441024,-1.26411e-05,-0.441011
473.232,-1.01524,-1.74016,-0.441587,-1.13029e-05,-0.441575
473.28,-1.00973,-1.73966,-0.442081,-1.15493e-05,-0.44207
473.328,-1.03374,-1.73917,-0.442517,-1.05109e-05,-0.442507
473.376,-1.02674,-1.73868,-0.44301,-1.0803e-05,-0.442999
473.424,-0.98172,-1.73819,-0.443508,-1.2889e-05,-0.443495
473.472,-0.992226,-1.7377,-0.444119,-1.23683e-05,-0.444107
473.52,-0.999732,-1.7372,-0.444651,-1.2009e-05,-0.444639
473.568,-0.975213,-1.73671,-0.445163,-1.32208e-05,-0.44515
473.616,-0.97872,-1.73622,-0.445693,-1.30397e-05,-0.44568
473.664,-0.973721,-1.73573,-0.44631,-1.32974e-05,-0.446297
473.712,-0.961216,-1.73523,-0.446954,-1.39653e-05,-0.44694
473.76,-0.959216,-1.73473,-0.447591,-1.40748e-05,-0.447577
473.808,-0.979212,-1.73423,-0.448165,-1.30126e-05,-0.448152
473.856,-0.960708,-1.73374,-0.448745,-1.39917e-05,-0.448731
473.904,-0.931698,-1.73323,-0.449439,-1.56772e-05,-0.449424
473.952,-0.966707,-1.73272,-0.450132,-1.36653e-05,-0.450118
474,-0.934697,-1.73221,-0.450798,-1.54927e-05,-0.450782
474.048,-0.936205,-1.7317,-0.451482,-1.54007e-05,-0.451467
474.096,-0.917193,-1.73118,-0.452275,-1.65924e-05,-0.452258
474.144,-0.911686,-1.73066,-0.453117,-1.6954e-05,-0.4531
474.192,-0.903687,-1.73012,-0.453934,-1.74936e-05,-0.453916
474.24,-0.922192,-1.7296,-0.454646,-1.62684e-05,-0.454629
474.288,-0.926191,-1.72906,-0.455385,-1.60146e-05,-0.455369
474.336,-0.960708,-1.72853,-0.45612,-1.39863e-05,-0.456106
474.384,-0.914701,-1.72799,-0.456836,-1.67514e-05,-0.456819
474.432,-0.975721,-1.72746,-0.457428,-1.31855e-05,-0.457415
474.48,-0.942712,-1.72692,-0.458099,-1.50074e-05,-0.458084
474.528,-0.933206,-1.72639,-0.458673,-1.55769e-05,-0.458658
474.576,-0.926191,-1.72586,-0.459238,-1.60108e-05,-0.459222
474.624,-0.988718,-1.72534,-0.459668,-1.25282e-05,-0.459656
474.672,-0.959216,-1.72482,-0.460209,-1.40645e-05,-0.460195
474.72,-0.964215,-1.7243,-0.460686,-1.37909e-05,-0.460672
474.768,-0.94871,-1.72378,-0.461149,-1.4655e-05,-0.461134
474.816,-0.895689,-1.72326,-0.461716,-1.8042e-05,-0.461698
474.864,-0.949202,-1.72274,-0.462235,-1.46257e-05,-0.46222
474.912,-0.921192,-1.72223,-0.462718,-1.63234e-05,-0.462702
474.96,-0.936205,-1.72172,-0.463189,-1.53894e-05,-0.463173
475.008,-0.960216,-1.72121,-0.463573,-1.40057e-05,-0.463559
475.056,-0.939696,-1.72071,-0.464037,-1.5179e-05,-0.464022
475.104,-0.943712,-1.7202,-0.464517,-1.49413e-05,-0.464503
475.152,-0.9207,-1.71969,-0.465114,-1.63519e-05,-0.465098
475.2,-0.960708,-1.71918,-0.465649,-1.39767e-05,-0.465635
475.248,-0.911194,-1.71867,-0.466261,-1.69718e-05,-0.466244
475.296,-0.931698,-1.71816,-0.466827,-1.56598e-05,-0.466812
475.344,-0.904687,-1.71764,-0.467461,-1.74092e-05,-0.467443
475.392,-0.889182,-1.71713,-0.468032,-1.85e-05,-0.468014
475.44,-0.908195,-1.71661,-0.468613,-1.717e-05,-0.468596
475.488,-0.873186,-1.71609,-0.469325,-1.96964e-05,-0.469305
475.536,-0.86268,-1.71557,-0.469993,-2.05241e-05,-0.469972
475.584,-0.881184,-1.71504,-0.470711,-1.90866e-05,-0.470692
475.632,-0.86168,-1.7145,-0.47152,-2.06031e-05,-0.4715
475.68,-0.852666,-1.71396,-0.472288,-2.13437e-05,-0.472267
475.728,-0.86268,-1.71342,-0.473053,-2.05209e-05,-0.473033
475.776,-0.855665,-1.71287,-0.473757,-2.10924e-05,-0.473736
475.824,-0.891182,-1.71233,-0.474499,-1.8349e-05,-0.474481
475.872,-0.887183,-1.71178,-0.475122,-1.86383e-05,-0.475104
475.92,-0.890182,-1.71124,-0.475741,-1.84196e-05,-0.475722
475.968,-0.892182,-1.71069,-0.476336,-1.8275e-05,-0.476318
476.016,-0.881184,-1.71015,-0.476959,-1.90797e-05,-0.47694
476.064,-0.908686,-1.70961,-0.477496,-1.71281e-05,-0.477479
476.112,-0.845175,-1.70907,-0.478079,-2.19721e-05,-0.478057
476.16,-0.884692,-1.70853,-0.478611,-1.88168e-05,-0.478592
476.208,-0.881676,-1.70799,-0.479208,-1.90399e-05,-0.479189
476.256,-0.881184,-1.70744,-0.479842,-1.90759e-05,-0.479823
476.304,-0.906687,-1.70691,-0.480184,-1.72595e-05,-0.480167
476.352,-0.887691,-1.70639,-0.48055,-1.85938e-05,-0.480531
476.4,-0.874677,-1.70586,-0.481014,-1.95667e-05,-0.480995
476.448,-0.89369,-1.70534,-0.481476,-1.816e-05,-0.481458
476.496,-0.888183,-1.70482,-0.48191,-1.85558e-05,-0.481892
476.544,-0.909686,-1.7043,-0.482259,-1.70544e-05,-0.482242
476.592,-0.903687,-1.70379,-0.482657,-1.74597e-05,-0.48264
476.64,-0.885691,-1.70327,-0.483104,-1.87359e-05,-0.483085
476.688,-0.869678,-1.70276,-0.483574,-1.99496e-05,-0.483554
476.736,-0.87217,-1.70224,-0.484108,-1.97548e-05,-0.484088
476.784,-0.874186,-1.70173,-0.484615,-1.95985e-05,-0.484595
476.832,-0.849666,-1.70121,-0.485237,-2.1576e-05,-0.485215
476.88,-0.842668,-1.70068,-0.485968,-2.21756e-05,-0.485946
476.928,-0.837161,-1.70015,-0.486578,-2.26589e-05,-0.486555
476.976,-0.834161,-1.69962,-0.487245,-2.29261e-05,-0.487223
477.024,-0.852666,-1.69909,-0.487885,-2.13203e-05,-0.487863
477.072,-0.845175,-1.69856,-0.488415,-2.19551e-05,-0.488393
477.12,-0.852666,-1.69802,-0.48908,-2.13187e-05,-0.489059
477.168,-0.824164,-1.69748,-0.489757,-2.38392e-05,-0.489733
477.216,-0.807659,-1.69694,-0.490454,-2.54323e-05,-0.490429
477.264,-0.805151,-1.69639,-0.49115,-2.56827e-05,-0.491125
477.312,-0.804152,-1.69584,-0.49187,-2.57825e-05,-0.491844
477.36,-0.828671,-1.69529,-0.492535,-2.34177e-05,-0.492512
477.408,-0.837161,-1.69474,-0.49309,-2.26498e-05,-0.493067
477.456,-0.86368,-1.69419,-0.493667,-2.04116e-05,-0.493646
477.504,-0.832162,-1.69364,-0.494293,-2.30964e-05,-0.494269
477.552,-0.812658,-1.69309,-0.49496,-2.49315e-05,-0.494935
477.6,-0.842668,-1.69254,-0.495536,-2.21623e-05,-0.495514
477.648,-0.83367,-1.69199,-0.495983,-2.29574e-05,-0.49596
477.696,-0.858173,-1.69145,-0.496393,-2.0853e-05,-0.496372
477.744,-0.840668,-1.69092,-0.496822,-2.23341e-05,-0.4968
477.792,-0.848175,-1.69038,-0.497242,-2.16853e-05,-0.49722
477.84,-0.834161,-1.68984,-0.497786,-2.29096e-05,-0.497763
477.888,-0.854665,-1.68931,-0.498216,-2.11385e-05,-0.498195
477.936,-0.854174,-1.68878,-0.498619,-2.11785e-05,-0.498597
477.984,-0.841668,-1.68825,-0.499057,-2.22423e-05,-0.499035
478.032,-0.87117,-1.68773,-0.499386,-1.98112e-05,-0.499366
478.08,-0.885691,-1.68721,-0.499661,-1.87137e-05,-0.499642
478.128,-0.880184,-1.6867,-0.499936,-1.91216e-05,-0.499917
478.176,-0.86817,-1.68619,-0.500248,-2.00434e-05,-0.500228
478.224,-0.911686,-1.68569,-0.500496,-1.68979e-05,-0.500479
478.272,-0.874186,-1.68519,-0.500812,-1.95746e-05,-0.500792
478.32,-0.86817,-1.6847,-0.501085,-2.00412e-05,-0.501065
478.368,-0.853174,-1.68421,-0.501388,-2.12545e-05,-0.501367
478.416,-0.852174,-1.68372,-0.501707,-2.13373e-05,-0.501686
478.464,-0.832162,-1.68322,-0.502123,-2.30786e-05,-0.5021
478.512,-0.839668,-1.68273,-0.502598,-2.24083e-05,-0.502575
478.56,-0.879676,-1.68223,-0.502948,-1.91534e-05,-0.502929
478.608,-0.863172,-1.68174,-0.503324,-2.04335e-05,-0.503304
478.656,-0.879184,-1.68126,-0.503628,-1.9189e-05,-0.503609
478.704,-0.855665,-1.68078,-0.503972,-2.10425e-05,-0.503951
478.752,-0.840668,-1.68029,-0.504288,-2.23166e-05,-0.504266
478.8,-0.842668,-1.67981,-0.504641,-2.21414e-05,-0.504618
478.848,-0.841668,-1.67933,-0.505067,-2.22276e-05,-0.505044
478.896,-0.801152,-1.67884,-0.505588,-2.60549e-05,-0.505562
478.944,-0.814657,-1.67835,-0.506101,-2.47098e-05,-0.506076
478.992,-0.802644,-1.67785,-0.506657,-2.5901e-05,-0.506631
479.04,-0.767635,-1.67736,-0.507179,-2.9712e-05,-0.507149
479.088,-0.801644,-1.67686,-0.507707,-2.60009e-05,-0.507681
479.136,-0.800644,-1.67636,-0.508175,-2.6102e-05,-0.508149
479.184,-0.806151,-1.67586,-0.508688,-2.55434e-05,-0.508662
479.232,-0.81115,-1.67536,-0.509165,-2.50465e-05,-0.50914
479.28,-0.827163,-1.67486,-0.50956,-2.3521e-05,-0.509536
479.328,-0.837161,-1.67437,-0.50983,-2.26158e-05,-0.509808
479.376,-0.811658,-1.67388,-0.510197,-2.49939e-05,-0.510172
479.424,-0.826655,-1.67339,-0.510604,-2.35654e-05,-0.51058
479.472,-0.815149,-1.67289,-0.511079,-2.46523e-05,-0.511054
479.52,-0.844176,-1.6724,-0.511418,-2.19988e-05,-0.511396
479.568,-0.808659,-1.67192,-0.511763,-2.5286e-05,-0.511738
479.616,-0.846175,-1.67143,-0.512088,-2.18254e-05,-0.512066
479.664,-0.836669,-1.67095,-0.51237,-2.26537e-05,-0.512347
479.712,-0.814149,-1.67047,-0.512626,-2.47447e-05,-0.512601
479.76,-0.828163,-1.67,-0.512863,-2.34206e-05,-0.51284
479.808,-0.824164,-1.66953,-0.513146,-2.379e-05,-0.513122
479.856,-0.830162,-1.66906,-0.513445,-2.3236e-05,-0.513422
479.904,-0.838161,-1.66859,-0.513622,-2.25176e-05,-0.5136
479.952,-0.86368,-1.66813,-0.513806,-2.03723e-05,-0.513786
480,-0.843176,-1.66768,-0.513954,-2.20775e-05,-0.513932
480.048,-0.84216,-1.66722,-0.514285,-2.2165e-05,-0.514263
480.096,-0.819165,-1.66676,-0.514659,-2.4256e-05,-0.514635
480.144,-0.806151,-1.6663,-0.515029,-2.55253e-05,-0.515004
480.192,-0.792154,-1.66583,-0.515493,-2.69648e-05,-0.515466
480.24,-0.813658,-1.66537,-0.515814,-2.47831e-05,-0.515789
480.288,-0.792154,-1.6649,-0.516194,-2.6963e-05,-0.516167
480.336,-0.78214,-1.66444,-0.516618,-2.80421e-05,-0.51659
480.384,-0.796645,-1.66397,-0.516939,-2.64904e-05,-0.516913
480.432,-0.777141,-1.6635,-0.517366,-2.85953e-05,-0.517337
480.48,-0.765635,-1.66303,-0.517886,-2.99142e-05,-0.517856
480.528,-0.756637,-1.66255,-0.518441,-3.09876e-05,-0.51841
480.576,-0.772142,-1.66207,-0.518903,-2.91584e-05,-0.518873
480.624,-0.824655,-1.66159,-0.519212,-2.37302e-05,-0.519188
480.672,-0.801644,-1.66112,-0.519553,-2.59706e-05,-0.519527
480.72,-0.771142,-1.66065,-0.519923,-2.92698e-05,-0.519894
480.768,-0.765144,-1.66017,-0.520366,-2.99656e-05,-0.520336
480.816,-0.801644,-1.65969,-0.520791,-2.59679e-05,-0.520766
480.864,-0.791646,-1.65922,-0.521112,-2.70054e-05,-0.521085
480.912,-0.799644,-1.65874,-0.521408,-2.61705e-05,-0.521381
480.96,-0.81015,-1.65828,-0.521681,-2.51132e-05,-0.521656
481.008,-0.829671,-1.65781,-0.521964,-2.32615e-05,-0.521941
481.056,-0.791154,-1.65734,-0.522265,-2.70538e-05,-0.522238
481.104,-0.831162,-1.65688,-0.522466,-2.31242e-05,-0.522442
481.152,-0.786139,-1.65642,-0.522734,-2.75893e-05,-0.522706
481.2,-0.811658,-1.65596,-0.523013,-2.49608e-05,-0.522988
481.248,-0.80915,-1.6555,-0.52322,-2.52067e-05,-0.523195
481.296,-0.821164,-1.65505,-0.523457,-2.40457e-05,-0.523433
481.344,-0.796153,-1.6546,-0.523712,-2.65231e-05,-0.523685
481.392,-0.820656,-1.65415,-0.52387,-2.40921e-05,-0.523846
481.44,-0.830162,-1.65371,-0.523979,-2.32096e-05,-0.523955
481.488,-0.801152,-1.65327,-0.524226,-2.60056e-05,-0.5242
481.536,-0.805151,-1.65282,-0.524476,-2.56001e-05,-0.52445
481.584,-0.827655,-1.65238,-0.524691,-2.34367e-05,-0.524668
481.632,-0.793646,-1.65194,-0.524984,-2.678e-05,-0.524957
481.68,-0.802644,-1.6515,-0.52525,-2.58506e-05,-0.525224
481.728,-0.784648,-1.65106,-0.525598,-2.77401e-05,-0.52557
481.776,-0.822656,-1.65061,-0.525898,-2.38976e-05,-0.525874
481.824,-0.791646,-1.65016,-0.526273,-2.69873e-05,-0.526246
481.872,-0.792154,-1.64972,-0.526513,-2.69327e-05,-0.526486
481.92,-0.765635,-1.64927,-0.526954,-2.98837e-05,-0.526924
481.968,-0.765144,-1.64882,-0.527287,-2.99404e-05,-0.527257
482.016,-0.777141,-1.64837,-0.527632,-2.85633e-05,-0.527604
482.064,-0.75413,-1.64792,-0.528035,-3.126e-05,-0.528003
482.112,-0.734626,-1.64746,-0.528504,-3.37438e-05,-0.528471
482.16,-0.742624,-1.64699,-0.529017,-3.27006e-05,-0.528985
482.208,-0.740133,-1.64652,-0.529514,-3.30206e-05,-0.529481
482.256,-0.75413,-1.64605,-0.529952,-3.12557e-05,-0.529921
482.304,-0.756637,-1.64558,-0.530375,-3.09487e-05,-0.530344
482.352,-0.778141,-1.64511,-0.530757,-2.84446e-05,-0.530729
482.4,-0.799153,-1.64464,-0.531003,-2.61936e-05,-0.530977
482.448,-0.779649,-1.64418,-0.531294,-2.8275e-05,-0.531266
482.496,-0.792154,-1.64371,-0.531555,-2.69207e-05,-0.531528
482.544,-0.806151,-1.64326,-0.531761,-2.54818e-05,-0.531735
482.592,-0.767143,-1.6428,-0.531963,-2.96933e-05,-0.531934
482.64,-0.746131,-1.64234,-0.532268,-3.22428e-05,-0.532236
482.688,-0.806151,-1.64189,-0.532483,-2.54792e-05,-0.532458
482.736,-0.798153,-1.64144,-0.532661,-2.62903e-05,-0.532635
482.784,-0.777649,-1.64099,-0.532862,-2.84908e-05,-0.532834
482.832,-0.767143,-1.64054,-0.533097,-2.96883e-05,-0.533067
482.88,-0.780648,-1.6401,-0.533257,-2.81558e-05,-0.533229
482.928,-0.791646,-1.63966,-0.533396,-2.69663e-05,-0.533369
482.976,-0.792646,-1.63923,-0.533417,-2.68599e-05,-0.53339
483.024,-0.796645,-1.63881,-0.533533,-2.64411e-05,-0.533506
483.072,-0.796153,-1.63838,-0.533657,-2.64913e-05,-0.53363
483.12,-0.768635,-1.63795,-0.533873,-2.95095e-05,-0.533844
483.168,-0.798645,-1.63752,-0.53405,-2.6232e-05,-0.534024
483.216,-0.764635,-1.6371,-0.534245,-2.99741e-05,-0.534215
483.264,-0.777649,-1.63667,-0.534512,-2.84817e-05,-0.534484
483.312,-0.772634,-1.63624,-0.534772,-2.90466e-05,-0.534743
483.36,-0.755129,-1.63582,-0.535029,-3.11097e-05,-0.534998
483.408,-0.760145,-1.63539,-0.535307,-3.05028e-05,-0.535276
483.456,-0.728119,-1.63495,-0.535641,-3.4584e-05,-0.535607
483.504,-0.740133,-1.63451,-0.536119,-3.29912e-05,-0.536086
483.552,-0.780648,-1.63406,-0.536496,-2.81432e-05,-0.536467
483.6,-0.787139,-1.63363,-0.536742,-2.7435e-05,-0.536715
483.648,-0.734134,-1.63319,-0.537077,-3.37732e-05,-0.537043
483.696,-0.772142,-1.63274,-0.537408,-2.90951e-05,-0.537379
483.744,-0.734134,-1.6323,-0.537779,-3.3771e-05,-0.537745
483.792,-0.760145,-1.63185,-0.538115,-3.04948e-05,-0.538084
483.84,-0.757129,-1.6314,-0.538422,-3.08566e-05,-0.538391
483.888,-0.734626,-1.63096,-0.538699,-3.37026e-05,-0.538665
483.936,-0.756637,-1.63051,-0.538987,-3.09141e-05,-0.538956
483.984,-0.776141,-1.63006,-0.539271,-2.86366e-05,-0.539243
484.032,-0.749131,-1.62961,-0.539594,-3.18357e-05,-0.539562
484.08,-0.825163,-1.62917,-0.539758,-2.36262e-05,-0.539734
484.128,-0.753638,-1.62873,-0.540007,-3.12758e-05,-0.539976
484.176,-0.755637,-1.62828,-0.540325,-3.10305e-05,-0.540294
484.224,-0.767143,-1.62783,-0.540586,-2.96603e-05,-0.540557
484.272,-0.78014,-1.62739,-0.540781,-2.81854e-05,-0.540752
484.32,-0.759128,-1.62696,-0.540869,-3.06055e-05,-0.540838
484.368,-0.771142,-1.62653,-0.540994,-2.91959e-05,-0.540965
484.416,-0.762144,-1.62609,-0.54118,-3.02437e-05,-0.54115
484.464,-0.722628,-1.62566,-0.541353,-3.53124e-05,-0.541318
484.512,-0.761636,-1.62524,-0.541491,-3.03021e-05,-0.541461
484.56,-0.749639,-1.62481,-0.541648,-3.1761e-05,-0.541616
484.608,-0.745131,-1.62438,-0.541872,-3.23264e-05,-0.541839
484.656,-0.745131,-1.62396,-0.542032,-3.23254e-05,-0.542
484.704,-0.763144,-1.62354,-0.542198,-3.01196e-05,-0.542168
484.752,-0.741132,-1.62312,-0.542363,-3.28343e-05,-0.54233
484.8,-0.752638,-1.6227,-0.542514,-3.13846e-05,-0.542483
484.848,-0.723628,-1.62227,-0.542842,-3.51654e-05,-0.542807
484.896,-0.746131,-1.62184,-0.543151,-3.21938e-05,-0.543119
484.944,-0.732626,-1.62141,-0.543462,-3.39439e-05,-0.543428
484.992,-0.754638,-1.62097,-0.543756,-3.11355e-05,-0.543725
485.04,-0.735625,-1.62054,-0.544,-3.35448e-05,-0.543967
485.088,-0.726627,-1.62011,-0.544287,-3.47486e-05,-0.544253
485.136,-0.72212,-1.61967,-0.54469,-3.53671e-05,-0.544655
485.184,-0.727627,-1.61922,-0.545051,-3.46103e-05,-0.545016
485.232,-0.69511,-1.61878,-0.545468,-3.93167e-05,-0.545428
485.28,-0.735625,-1.61833,-0.545835,-3.35393e-05,-0.545801
485.328,-0.721628,-1.61788,-0.546171,-3.54307e-05,-0.546136
485.376,-0.747623,-1.61743,-0.546433,-3.19956e-05,-0.546401
485.424,-0.728627,-1.61698,-0.546756,-3.44691e-05,-0.546721
485.472,-0.685112,-1.61652,-0.547117,-4.08821e-05,-0.547076
485.52,-0.69511,-1.61606,-0.54747,-3.93088e-05,-0.547431
485.568,-0.751638,-1.61561,-0.547713,-3.14914e-05,-0.547681
485.616,-0.759128,-1.61516,-0.547899,-3.05787e-05,-0.547868
485.664,-0.78314,-1.61472,-0.547946,-2.78296e-05,-0.547918
485.712,-0.779141,-1.61429,-0.547955,-2.82686e-05,-0.547927
485.76,-0.767635,-1.61387,-0.547934,-2.95725e-05,-0.547905
485.808,-0.763636,-1.61344,-0.548041,-3.00391e-05,-0.548011
485.856,-0.72112,-1.61301,-0.548316,-3.54885e-05,-0.548281
485.904,-0.747623,-1.61258,-0.548405,-3.1984e-05,-0.548373
485.952,-0.750638,-1.61215,-0.548552,-3.1607e-05,-0.54852
486,-0.747131,-1.61173,-0.548687,-3.20438e-05,-0.548655
486.048,-0.756129,-1.61132,-0.548738,-3.09317e-05,-0.548707
486.096,-0.757637,-1.6109,-0.548835,-3.07484e-05,-0.548804
486.144,-0.741132,-1.61049,-0.548869,-3.28035e-05,-0.548836
486.192,-0.785647,-1.61008,-0.548932,-2.75477e-05,-0.548905
486.24,-0.769634,-1.60968,-0.549019,-2.93324e-05,-0.54899
486.288,-0.742132,-1.60927,-0.549196,-3.26722e-05,-0.549164
486.336,-0.783648,-1.60887,-0.549234,-2.77621e-05,-0.549206
486.384,-0.782648,-1.60847,-0.549318,-2.78704e-05,-0.54929
486.432,-0.795153,-1.60806,-0.549439,-2.65356e-05,-0.549413
486.48,-0.724628,-1.60765,-0.549758,-3.49898e-05,-0.549723
486.528,-0.75113,-1.60724,-0.550042,-3.15346e-05,-0.550011
486.576,-0.729627,-1.60683,-0.550271,-3.43084e-05,-0.550237
486.624,-0.728119,-1.60641,-0.550558,-3.45108e-05,-0.550523
486.672,-0.75413,-1.606,-0.550728,-3.11629e-05,-0.550697
486.72,-0.72012,-1.60559,-0.550937,-3.56083e-05,-0.550901
486.768,-0.749639,-1.60518,-0.551108,-3.17147e-05,-0.551076
486.816,-0.712122,-1.60476,-0.551419,-3.67407e-05,-0.551382
486.864,-0.711122,-1.60434,-0.551674,-3.68839e-05,-0.551637
486.912,-0.681604,-1.60391,-0.55206,-4.14095e-05,-0.552019
486.96,-0.696617,-1.60348,-0.552449,-3.90405e-05,-0.55241
487.008,-0.679113,-1.60305,-0.552759,-4.18134e-05,-0.552717
487.056,-0.706107,-1.60262,-0.552978,-3.76118e-05,-0.55294
487.104,-0.703616,-1.60218,-0.55331,-3.79798e-05,-0.553272
487.152,-0.674098,-1.60174,-0.553644,-4.26398e-05,-0.553601
487.2,-0.715613,-1.60131,-0.553869,-3.62318e-05,-0.553833
487.248,-0.713122,-1.60088,-0.553979,-3.65864e-05,-0.553942
487.296,-0.728119,-1.60045,-0.554147,-3.44955e-05,-0.554113
487.344,-0.724628,-1.60003,-0.55425,-3.49699e-05,-0.554215
487.392,-0.715122,-1.5996,-0.554432,-3.62972e-05,-0.554395
487.44,-0.716121,-1.59917,-0.554583,-3.6154e-05,-0.554547
487.488,-0.725119,-1.59875,-0.554776,-3.48993e-05,-0.554741
487.536,-0.746623,-1.59833,-0.554856,-3.20757e-05,-0.554824
487.584,-0.706107,-1.59791,-0.555004,-3.75986e-05,-0.554966
487.632,-0.736133,-1.59749,-0.555145,-3.34207e-05,-0.555112
487.68,-0.75113,-1.59708,-0.555146,-3.15108e-05,-0.555115
487.728,-0.737133,-1.59667,-0.555207,-3.32879e-05,-0.555174
487.776,-0.759128,-1.59626,-0.55524,-3.05358e-05,-0.55521
487.824,-0.723628,-1.59586,-0.555375,-3.50964e-05,-0.55534
487.872,-0.757637,-1.59545,-0.555476,-3.07131e-05,-0.555445
487.92,-0.718121,-1.59504,-0.555644,-3.58605e-05,-0.555608
487.968,-0.753638,-1.59464,-0.555711,-3.11967e-05,-0.55568
488.016,-0.736133,-1.59424,-0.555836,-3.34126e-05,-0.555803
488.064,-0.732118,-1.59383,-0.556012,-3.3942e-05,-0.555978
488.112,-0.722628,-1.59342,-0.556201,-3.5228e-05,-0.556166
488.16,-0.719629,-1.59301,-0.556492,-3.56437e-05,-0.556456
488.208,-0.69411,-1.59259,-0.556832,-3.93944e-05,-0.556792
488.256,-0.756637,-1.59218,-0.556976,-3.08262e-05,-0.556945
488.304,-0.727119,-1.59176,-0.557188,-3.46087e-05,-0.557153
488.352,-0.729119,-1.59135,-0.557353,-3.43373e-05,-0.557319
488.4,-0.683112,-1.59092,-0.557718,-4.11256e-05,-0.557677
488.448,-0.700617,-1.5905,-0.557974,-3.83959e-05,-0.557936
488.496,-0.680113,-1.59007,-0.55829,-4.16096e-05,-0.558249
488.544,-0.673098,-1.58964,-0.558646,-4.27688e-05,-0.558603
488.592,-0.685112,-1.5892,-0.55897,-4.07991e-05,-0.558929
488.64,-0.69311,-1.58877,-0.559169,-3.9538e-05,-0.559129
488.688,-0.684604,-1.58833,-0.559461,-4.08779e-05,-0.55942
488.736,-0.666607,-1.5879,-0.559686,-4.38658e-05,-0.559643
488.784,-0.69511,-1.58746,-0.559952,-3.92253e-05,-0.559913
488.832,-0.733626,-1.58702,-0.560126,-3.37248e-05,-0.560092
488.88,-0.654594,-1.58659,-0.560261,-4.59775e-05,-0.560215
488.928,-0.69111,-1.58615,-0.560628,-3.98415e-05,-0.560588
488.976,-0.697109,-1.58571,-0.560854,-3.89138e-05,-0.560816
489.024,-0.717121,-1.58527,-0.560983,-3.59753e-05,-0.560947
489.072,-0.704616,-1.58484,-0.561145,-3.77825e-05,-0.561108
489.12,-0.709123,-1.58441,-0.561218,-3.71193e-05,-0.561181
489.168,-0.708123,-1.58397,-0.561431,-3.72639e-05,-0.561393
489.216,-0.681113,-1.58353,-0.561669,-4.14266e-05,-0.561628
489.264,-0.713614,-1.5831,-0.561819,-3.64677e-05,-0.561783
489.312,-0.733118,-1.58267,-0.561844,-3.37811e-05,-0.56181
489.36,-0.72112,-1.58225,-0.561904,-3.54075e-05,-0.561869
489.408,-0.688603,-1.58183,-0.562021,-4.02223e-05,-0.561981
489.456,-0.683112,-1.5814,-0.562176,-4.10965e-05,-0.562135
489.504,-0.702108,-1.58097,-0.562433,-3.81449e-05,-0.562394
489.552,-0.738625,-1.58055,-0.56251,-3.30541e-05,-0.562477
489.6,-0.706107,-1.58013,-0.562605,-3.75489e-05,-0.562567
489.648,-0.715122,-1.5797,-0.56277,-3.62435e-05,-0.562733
489.696,-0.693618,-1.57927,-0.563063,-3.94314e-05,-0.563023
489.744,-0.680113,-1.57884,-0.563314,-4.15748e-05,-0.563273
489.792,-0.658593,-1.57841,-0.56346,-4.52345e-05,-0.563415
489.84,-0.715613,-1.57798,-0.563725,-3.6169e-05,-0.563689
489.888,-0.674606,-1.57754,-0.563968,-4.24784e-05,-0.563925
489.936,-0.692602,-1.5771,-0.564275,-3.95824e-05,-0.564236
489.984,-0.69411,-1.57667,-0.564414,-3.93478e-05,-0.564375
490.032,-0.690111,-1.57623,-0.564567,-3.99685e-05,-0.564527
490.08,-0.647087,-1.57579,-0.564844,-4.73131e-05,-0.564796
490.128,-0.642088,-1.57534,-0.565206,-4.82482e-05,-0.565158
490.176,-0.639089,-1.57489,-0.565578,-4.88175e-05,-0.565529
490.224,-0.666607,-1.57444,-0.565821,-4.38219e-05,-0.565777
490.272,-0.649595,-1.57399,-0.566112,-4.68438e-05,-0.566065
490.32,-0.657101,-1.57354,-0.566318,-4.54834e-05,-0.566272
490.368,-0.670607,-1.57308,-0.566557,-4.31356e-05,-0.566514
490.416,-0.687603,-1.57264,-0.566694,-4.03527e-05,-0.566653
490.464,-0.689111,-1.57219,-0.566798,-4.01134e-05,-0.566758
490.512,-0.678097,-1.57175,-0.566945,-4.18827e-05,-0.566903
490.56,-0.688111,-1.57131,-0.567044,-4.02684e-05,-0.567004
490.608,-0.689602,-1.57086,-0.567166,-4.00322e-05,-0.567126
490.656,-0.689111,-1.57042,-0.567299,-4.01082e-05,-0.567258
490.704,-0.717121,-1.56999,-0.567338,-3.59344e-05,-0.567302
490.752,-0.714613,-1.56956,-0.567431,-3.62884e-05,-0.567394
490.8,-0.657593,-1.56912,-0.567554,-4.53808e-05,-0.567508
490.848,-0.697617,-1.56869,-0.567635,-3.87872e-05,-0.567597
490.896,-0.701616,-1.56827,-0.567623,-3.81824e-05,-0.567584
490.944,-0.72312,-1.56785,-0.567625,-3.50932e-05,-0.56759
490.992,-0.720629,-1.56744,-0.567535,-3.54367e-05,-0.5675
491.04,-0.697109,-1.56703,-0.567592,-3.88597e-05,-0.567553
491.088,-0.69511,-1.56661,-0.567718,-3.91644e-05,-0.567679
491.136,-0.69111,-1.56619,-0.567843,-3.97823e-05,-0.567803
491.184,-0.680604,-1.56578,-0.567942,-4.14544e-05,-0.5679
491.232,-0.688111,-1.56536,-0.568104,-4.02505e-05,-0.568063
491.28,-0.645596,-1.56494,-0.568349,-4.75522e-05,-0.568301
491.328,-0.695618,-1.56451,-0.568532,-3.90804e-05,-0.568493
491.376,-0.697109,-1.56409,-0.568742,-3.88512e-05,-0.568703
491.424,-0.69511,-1.56366,-0.568953,-3.91558e-05,-0.568914
491.472,-0.641596,-1.56324,-0.569157,-4.82978e-05,-0.569109
491.52,-0.647087,-1.5628,-0.569475,-4.72674e-05,-0.569428
491.568,-0.679605,-1.56236,-0.569772,-4.16067e-05,-0.569731
491.616,-0.635598,-1.56192,-0.570092,-4.94426e-05,-0.570043
491.664,-0.635598,-1.56147,-0.57045,-4.9441e-05,-0.5704
491.712,-0.607079,-1.56101,-0.570793,-5.52897e-05,-0.570738
491.76,-0.647087,-1.56055,-0.571211,-4.72595e-05,-0.571164
491.808,-0.631091,-1.56009,-0.571527,-5.03175e-05,-0.571477
491.856,-0.646595,-1.55962,-0.571833,-4.73474e-05,-0.571785
491.904,-0.615586,-1.55916,-0.57217,-5.34683e-05,-0.572116
491.952,-0.658101,-1.55868,-0.57253,-4.52553e-05,-0.572485
492,-0.63209,-1.5582,-0.572859,-5.01136e-05,-0.572809
492.048,-0.663592,-1.55773,-0.573049,-4.42881e-05,-0.573005
492.096,-0.69111,-1.55727,-0.573151,-3.97559e-05,-0.573111
492.144,-0.670607,-1.5568,-0.573307,-4.30833e-05,-0.573264
492.192,-0.647087,-1.55633,-0.573523,-4.72446e-05,-0.573476
492.24,-0.655102,-1.55586,-0.573768,-4.57811e-05,-0.573722
492.288,-0.737625,-1.5554,-0.573816,-3.31219e-05,-0.573783
492.336,-0.687111,-1.55494,-0.573856,-4.03773e-05,-0.573815
492.384,-0.689602,-1.55449,-0.573872,-3.99834e-05,-0.573832
492.432,-0.664608,-1.55403,-0.573982,-4.40998e-05,-0.573938
492.48,-0.698617,-1.55358,-0.574017,-3.85919e-05,-0.573978
492.528,-0.710123,-1.55314,-0.573986,-3.6888e-05,-0.57395
492.576,-0.694618,-1.55271,-0.573895,-3.91994e-05,-0.573855
492.624,-0.705124,-1.55227,-0.573881,-3.76159e-05,-0.573844
492.672,-0.667607,-1.55184,-0.573895,-4.35769e-05,-0.573851
492.72,-0.678097,-1.55141,-0.573983,-4.18193e-05,-0.573942
492.768,-0.691602,-1.55098,-0.574025,-3.96607e-05,-0.573986
492.816,-0.650103,-1.55055,-0.574104,-4.6669e-05,-0.574058
492.864,-0.663592,-1.55012,-0.574264,-4.42629e-05,-0.574219
492.912,-0.658101,-1.54968,-0.5745,-4.52249e-05,-0.574455
492.96,-0.653594,-1.54924,-0.574715,-4.60299e-05,-0.574669
493.008,-0.645088,-1.54881,-0.574869,-4.75898e-05,-0.574822
493.056,-0.653102,-1.54837,-0.575009,-4.61157e-05,-0.574963
493.104,-0.643088,-1.54792,-0.575302,-4.79613e-05,-0.575254
493.152,-0.653102,-1.54747,-0.575553,-4.61127e-05,-0.575507
493.2,-0.641596,-1.54703,-0.575785,-4.82394e-05,-0.575737
493.248,-0.622076,-1.54657,-0.576104,-5.20756e-05,-0.576052
493.296,-0.657101,-1.54611,-0.576345,-4.53905e-05,-0.5763
493.344,-0.63309,-1.54565,-0.576646,-4.98707e-05,-0.576596
493.392,-0.653594,-1.54519,-0.576828,-4.6016e-05,-0.576782
493.44,-0.612586,-1.54473,-0.577043,-5.40428e-05,-0.576989
493.488,-0.647595,-1.54427,-0.577276,-4.71082e-05,-0.577229
493.536,-0.632582,-1.5438,-0.577567,-4.99633e-05,-0.577517
493.584,-0.663592,-1.54334,-0.577744,-4.42405e-05,-0.577699
493.632,-0.673606,-1.54288,-0.577817,-4.25353e-05,-0.577774
493.68,-0.713122,-1.54243,-0.577759,-3.64275e-05,-0.577723
493.728,-0.685112,-1.54199,-0.577688,-4.06559e-05,-0.577647
493.776,-0.710614,-1.54155,-0.57768,-3.67851e-05,-0.577643
493.824,-0.648087,-1.54111,-0.577734,-4.70063e-05,-0.577687
493.872,-0.706107,-1.54067,-0.577759,-3.74387e-05,-0.577722
493.92,-0.675097,-1.54024,-0.577749,-4.22788e-05,-0.577706
493.968,-0.680113,-1.53981,-0.577706,-4.14541e-05,-0.577665
494.016,-0.703616,-1.53938,-0.577715,-3.78026e-05,-0.577677
494.064,-0.669607,-1.53897,-0.577618,-4.3195e-05,-0.577574
494.112,-0.707615,-1.53856,-0.57745,-3.7212e-05,-0.577413
494.16,-0.670099,-1.53815,-0.577384,-4.31092e-05,-0.577341
494.208,-0.677097,-1.53775,-0.577366,-4.19408e-05,-0.577324
494.256,-0.682604,-1.53734,-0.577371,-4.10434e-05,-0.57733
494.304,-0.674098,-1.53694,-0.577354,-4.24345e-05,-0.577312
494.352,-0.684604,-1.53654,-0.577315,-4.07204e-05,-0.577274
494.4,-0.673606,-1.53615,-0.577303,-4.25139e-05,-0.577261
494.448,-0.672606,-1.53575,-0.577326,-4.26796e-05,-0.577283
494.496,-0.652102,-1.53535,-0.577457,-4.62519e-05,-0.577411
494.544,-0.649103,-1.53495,-0.577599,-4.67978e-05,-0.577552
494.592,-0.657593,-1.53454,-0.577746,-4.52639e-05,-0.577701
494.64,-0.678097,-1.53414,-0.577784,-4.17654e-05,-0.577742
494.688,-0.643596,-1.53374,-0.577892,-4.78152e-05,-0.577844
494.736,-0.628583,-1.53333,-0.578067,-5.07134e-05,-0.578017
494.784,-0.657593,-1.53292,-0.578243,-4.52584e-05,-0.578198
494.832,-0.667099,-1.5325,-0.57849,-4.36009e-05,-0.578447
494.88,-0.630091,-1.53208,-0.578804,-5.04097e-05,-0.578754
494.928,-0.625584,-1.53166,-0.578994,-5.1307e-05,-0.578943
494.976,-0.670607,-1.53123,-0.579183,-4.30011e-05,-0.57914
495.024,-0.654102,-1.53081,-0.579304,-4.58751e-05,-0.579258
495.072,-0.655593,-1.53039,-0.579456,-4.56061e-05,-0.57941
495.12,-0.644596,-1.52996,-0.57959,-4.76146e-05,-0.579542
495.168,-0.653102,-1.52954,-0.579743,-4.60509e-05,-0.579697
495.216,-0.646087,-1.52911,-0.579919,-4.73339e-05,-0.579872
495.264,-0.687111,-1.52868,-0.579999,-4.02982e-05,-0.579959
495.312,-0.644596,-1.52826,-0.580108,-4.76086e-05,-0.58006
495.36,-0.679113,-1.52784,-0.580068,-4.15797e-05,-0.580026
495.408,-0.647595,-1.52742,-0.580123,-4.70489e-05,-0.580076
495.456,-0.687111,-1.52701,-0.580068,-4.02932e-05,-0.580028
495.504,-0.682112,-1.5266,-0.580076,-4.10897e-05,-0.580034
495.552,-0.696617,-1.52619,-0.580038,-3.88163e-05,-0.579999
495.6,-0.656102,-1.52579,-0.580067,-4.54997e-05,-0.580022
495.648,-0.672606,-1.52538,-0.580073,-4.26466e-05,-0.580031
495.696,-0.690111,-1.52498,-0.580039,-3.9816e-05,-0.579999
495.744,-0.711122,-1.52459,-0.579847,-3.66654e-05,-0.579811
495.792,-0.666099,-1.52421,-0.579808,-4.3745e-05,-0.579764
495.84,-0.683112,-1.52382,-0.579788,-4.09204e-05,-0.579747
495.888,-0.714122,-1.52343,-0.579728,-3.62335e-05,-0.579692
495.936,-0.686111,-1.52305,-0.579657,-4.04395e-05,-0.579617
495.984,-0.701616,-1.52268,-0.57951,-3.80527e-05,-0.579472
496.032,-0.675097,-1.5223,-0.57949,-4.22222e-05,-0.579447
496.08,-0.671606,-1.52192,-0.579543,-4.2803e-05,-0.579501
496.128,-0.634598,-1.52154,-0.579598,-4.94875e-05,-0.579549
496.176,-0.641596,-1.52116,-0.579773,-4.81463e-05,-0.579725
496.224,-0.618077,-1.52077,-0.579937,-5.27969e-05,-0.579884
496.272,-0.636089,-1.52038,-0.58009,-4.91946e-05,-0.58004
496.32,-0.609587,-1.51998,-0.580313,-5.45811e-05,-0.580259
496.368,-0.636598,-1.51958,-0.580486,-4.90937e-05,-0.580437
496.416,-0.636089,-1.51918,-0.580623,-4.91902e-05,-0.580574
496.464,-0.643088,-1.51878,-0.580808,-4.7857e-05,-0.58076
496.512,-0.611587,-1.51837,-0.581046,-5.41483e-05,-0.580992
496.56,-0.617077,-1.51795,-0.581367,-5.29931e-05,-0.581314
496.608,-0.639597,-1.51753,-0.581558,-4.85122e-05,-0.58151
496.656,-0.616585,-1.51711,-0.581687,-5.30921e-05,-0.581634
496.704,-0.619585,-1.51669,-0.581954,-5.24696e-05,-0.581901
496.752,-0.628583,-1.51626,-0.582165,-5.06487e-05,-0.582115
496.8,-0.633582,-1.51583,-0.582321,-4.96639e-05,-0.582271
496.848,-0.650595,-1.51541,-0.582457,-4.6457e-05,-0.58241
496.896,-0.659101,-1.51499,-0.582467,-4.49313e-05,-0.582422
496.944,-0.650103,-1.51457,-0.582471,-4.65437e-05,-0.582424
496.992,-0.658593,-1.51415,-0.582498,-4.50181e-05,-0.582453
497.04,-0.660101,-1.51374,-0.582465,-4.47513e-05,-0.58242
497.088,-0.674606,-1.51333,-0.582498,-4.22753e-05,-0.582456
497.136,-0.627091,-1.51292,-0.582487,-5.09331e-05,-0.582436
497.184,-0.654594,-1.51251,-0.582567,-4.57241e-05,-0.582522
497.232,-0.645088,-1.5121,-0.582538,-4.74595e-05,-0.582491
497.28,-0.669607,-1.5117,-0.58251,-4.31071e-05,-0.582467
497.328,-0.6621,-1.5113,-0.582451,-4.43936e-05,-0.582406
497.376,-0.708615,-1.5109,-0.582399,-3.69899e-05,-0.582362
497.424,-0.673606,-1.51051,-0.582296,-4.24325e-05,-0.582253
497.472,-0.672606,-1.51012,-0.58229,-4.25979e-05,-0.582248
497.52,-0.647595,-1.50972,-0.582376,-4.69867e-05,-0.582329
497.568,-0.6651,-1.50933,-0.582388,-4.3868e-05,-0.582344
497.616,-0.652102,-1.50893,-0.582436,-4.61607e-05,-0.582389
497.664,-0.647087,-1.50854,-0.582472,-4.70762e-05,-0.582425
497.712,-0.646595,-1.50814,-0.582539,-4.71657e-05,-0.582492
497.76,-0.640597,-1.50775,-0.582597,-4.8287e-05,-0.582549
497.808,-0.662592,-1.50735,-0.582659,-4.4295e-05,-0.582615
497.856,-0.652594,-1.50695,-0.582777,-4.60649e-05,-0.582731
497.904,-0.659101,-1.50655,-0.582864,-4.4903e-05,-0.58282
497.952,-0.633582,-1.50615,-0.582963,-4.96279e-05,-0.582913
498,-0.63309,-1.50575,-0.582988,-4.97222e-05,-0.582938
498.048,-0.635598,-1.50535,-0.583135,-4.92341e-05,-0.583086
498.096,-0.618077,-1.50494,-0.583302,-5.27344e-05,-0.583249
498.144,-0.633582,-1.50453,-0.58349,-4.96219e-05,-0.58344
498.192,-0.601572,-1.50412,-0.58367,-5.62571e-05,-0.583614
498.24,-0.615586,-1.5037,-0.583844,-5.32472e-05,-0.583791
498.288,-0.628091,-1.50328,-0.584011,-5.06972e-05,-0.58396
498.336,-0.608079,-1.50285,-0.584208,-5.48346e-05,-0.584153
498.384,-0.650595,-1.50243,-0.584298,-4.64119e-05,-0.584252
498.432,-0.643596,-1.50201,-0.584385,-4.77019e-05,-0.584337
498.48,-0.666099,-1.50159,-0.584398,-4.36711e-05,-0.584354
498.528,-0.642596,-1.50118,-0.584457,-4.78863e-05,-0.584409
498.576,-0.643596,-1.50076,-0.584467,-4.76974e-05,-0.584419
498.624,-0.659593,-1.50034,-0.584597,-4.47956e-05,-0.584553
498.672,-0.676097,-1.49993,-0.584543,-4.19867e-05,-0.584501
498.72,-0.678605,-1.49953,-0.584434,-4.15745e-05,-0.584392
498.768,-0.655102,-1.49912,-0.584382,-4.55874e-05,-0.584336
498.816,-0.674098,-1.49873,-0.584306,-4.23134e-05,-0.584264
498.864,-0.684604,-1.49832,-0.584308,-4.06042e-05,-0.584267
498.912,-0.679113,-1.49793,-0.584219,-4.14868e-05,-0.584178
498.96,-0.69511,-1.49754,-0.584053,-3.89629e-05,-0.584014
499.008,-0.677097,-1.49716,-0.583903,-4.18137e-05,-0.583861
499.056,-0.666099,-1.49678,-0.583839,-4.36553e-05,-0.583796
499.104,-0.643596,-1.4964,-0.583851,-4.76818e-05,-0.583803
499.152,-0.639597,-1.49601,-0.583842,-4.84341e-05,-0.583794
499.2,-0.636598,-1.49563,-0.583926,-4.90058e-05,-0.583877
499.248,-0.612078,-1.49523,-0.584091,-5.39505e-05,-0.584037
499.296,-0.63209,-1.49483,-0.584288,-4.98767e-05,-0.584238
499.344,-0.628583,-1.49443,-0.584409,-5.0566e-05,-0.584359
499.392,-0.622076,-1.49403,-0.584459,-5.18714e-05,-0.584408
499.44,-0.642596,-1.49363,-0.584528,-4.78592e-05,-0.584481
499.488,-0.60308,-1.49323,-0.584657,-5.58799e-05,-0.584601
499.536,-0.594082,-1.49282,-0.584909,-5.78851e-05,-0.584851
499.584,-0.596573,-1.4924,-0.585172,-5.73205e-05,-0.585115
499.632,-0.601081,-1.49197,-0.585411,-5.63145e-05,-0.585354
499.68,-0.599573,-1.49154,-0.585705,-5.66466e-05,-0.585648
499.728,-0.603572,-1.49111,-0.585955,-5.57634e-05,-0.585899
499.776,-0.597082,-1.49067,-0.586215,-5.7199e-05,-0.586158
499.824,-0.60308,-1.49022,-0.586422,-5.58673e-05,-0.586367
499.872,-0.597082,-1.48978,-0.586617,-5.71952e-05,-0.586559
499.92,-0.629583,-1.48933,-0.586798,-5.0349e-05,-0.586748
499.968,-0.619585,-1.48888,-0.586969,-5.23605e-05,-0.586917
500.016,-0.628583,-1.48844,-0.587097,-5.05434e-05,-0.587046
500.064,-0.647595,-1.48799,-0.587112,-4.69103e-05,-0.587065
500.112,-0.636089,-1.48755,-0.587122,-4.90739e-05,-0.587073
500.16,-0.618077,-1.48711,-0.587222,-5.26641e-05,-0.587169
500.208,-0.652102,-1.48667,-0.587236,-4.60838e-05,-0.58719
500.256,-0.647087,-1.48623,-0.587265,-4.69976e-05,-0.587218
500.304,-0.655593,-1.4858,-0.587108,-4.54542e-05,-0.587063
500.352,-0.645596,-1.48537,-0.58714,-4.72703e-05,-0.587093
500.4,-0.641088,-1.48494,-0.587145,-4.81117e-05,-0.587097
500.448,-0.638597,-1.48451,-0.58716,-4.85825e-05,-0.587112
500.496,-0.616077,-1.48407,-0.587216,-5.30666e-05,-0.587163
500.544,-0.650103,-1.48364,-0.587245,-4.64361e-05,-0.587198
500.592,-0.629091,-1.48321,-0.587246,-5.0423e-05,-0.587195
500.64,-0.651103,-1.48278,-0.58728,-4.62514e-05,-0.587234
500.688,-0.636598,-1.48236,-0.587278,-4.89571e-05,-0.587229
500.736,-0.617077,-1.48193,-0.587331,-5.28504e-05,-0.587278
500.784,-0.649595,-1.48151,-0.587294,-4.65212e-05,-0.587248
500.832,-0.626092,-1.48108,-0.587344,-5.10115e-05,-0.587293
500.88,-0.633582,-1.48065,-0.587415,-4.95332e-05,-0.587366
500.928,-0.631582,-1.48022,-0.58747,-4.99216e-05,-0.587421
500.976,-0.615586,-1.4798,-0.587534,-5.3152e-05,-0.587481
501.024,-0.625092,-1.47937,-0.587625,-5.12053e-05,-0.587574
501.072,-0.608079,-1.47894,-0.58768,-5.47364e-05,-0.587625
501.12,-0.592574,-1.4785,-0.587862,-5.8166e-05,-0.587803
501.168,-0.603572,-1.47805,-0.58809,-5.57088e-05,-0.588034
501.216,-0.583576,-1.4776,-0.588338,-6.02511e-05,-0.588278
501.264,-0.605571,-1.47715,-0.588554,-5.52699e-05,-0.588499
501.312,-0.588575,-1.47669,-0.588762,-5.90774e-05,-0.588703
501.36,-0.60408,-1.47623,-0.58892,-5.55903e-05,-0.588864
501.408,-0.595082,-1.47576,-0.589153,-5.7585e-05,-0.589095
501.456,-0.606571,-1.4753,-0.589343,-5.5046e-05,-0.589288
501.504,-0.590575,-1.47483,-0.589537,-5.86078e-05,-0.589478
501.552,-0.577561,-1.47435,-0.589768,-6.16742e-05,-0.589706
501.6,-0.615078,-1.47387,-0.589934,-5.32343e-05,-0.589881
501.648,-0.63509,-1.4734,-0.590019,-4.92144e-05,-0.58997
501.696,-0.666099,-1.47293,-0.590075,-4.35774e-05,-0.590032
501.744,-0.639597,-1.47246,-0.59006,-4.83487e-05,-0.590012
501.792,-0.598081,-1.47199,-0.590099,-5.68955e-05,-0.590042
501.84,-0.592574,-1.47151,-0.590298,-5.81355e-05,-0.590239
501.888,-0.642088,-1.47104,-0.590426,-4.78735e-05,-0.590379
501.936,-0.626583,-1.47057,-0.590404,-5.08731e-05,-0.590353
501.984,-0.659101,-1.4701,-0.590331,-4.47805e-05,-0.590286
502.032,-0.667099,-1.46964,-0.590256,-4.33962e-05,-0.590213
502.08,-0.642596,-1.46919,-0.590241,-4.77716e-05,-0.590193
502.128,-0.631091,-1.46873,-0.590168,-4.99748e-05,-0.590118
502.176,-0.653102,-1.46828,-0.590098,-4.58402e-05,-0.590052
502.224,-0.643596,-1.46783,-0.590064,-4.75798e-05,-0.590016
502.272,-0.629091,-1.46738,-0.590024,-5.03632e-05,-0.589974
502.32,-0.623076,-1.46693,-0.590024,-5.15636e-05,-0.589973
502.368,-0.667607,-1.46649,-0.589939,-4.32995e-05,-0.589896
502.416,-0.616077,-1.46605,-0.589952,-5.29949e-05,-0.589899
502.464,-0.584576,-1.46559,-0.590089,-5.99613e-05,-0.590029
502.512,-0.590067,-1.46513,-0.590314,-5.86819e-05,-0.590255
502.56,-0.60508,-1.46467,-0.590491,-5.53248e-05,-0.590436
502.608,-0.608571,-1.4642,-0.590633,-5.45706e-05,-0.590578
502.656,-0.627583,-1.46374,-0.590649,-5.0648e-05,-0.590598
502.704,-0.634598,-1.46328,-0.590801,-4.9272e-05,-0.590752
502.752,-0.615078,-1.46281,-0.590931,-5.31902e-05,-0.590878
502.8,-0.599573,-1.46233,-0.591135,-5.65227e-05,-0.591079
502.848,-0.555566,-1.46185,-0.591452,-6.7167e-05,-0.591385
502.896,-0.575562,-1.46136,-0.591742,-6.20991e-05,-0.59168
502.944,-0.560057,-1.46086,-0.592047,-6.59896e-05,-0.591981
502.992,-0.595574,-1.46035,-0.592327,-5.74076e-05,-0.592269
503.04,-0.591574,-1.45985,-0.592448,-5.83129e-05,-0.59239
503.088,-0.566055,-1.45934,-0.592769,-6.4448e-05,-0.592704
503.136,-0.597082,-1.45883,-0.592897,-5.70626e-05,-0.59284
503.184,-0.57507,-1.45831,-0.593198,-6.22048e-05,-0.593135
503.232,-0.573562,-1.45778,-0.59345,-6.25712e-05,-0.593387
503.28,-0.599573,-1.45726,-0.593608,-5.65012e-05,-0.593551
503.328,-0.646595,-1.45675,-0.593615,-4.69844e-05,-0.593569
503.376,-0.631091,-1.45623,-0.593678,-4.9928e-05,-0.593628
503.424,-0.578561,-1.45571,-0.593843,-6.1347e-05,-0.593781
503.472,-0.621093,-1.45518,-0.593956,-5.19204e-05,-0.593904
503.52,-0.593066,-1.45466,-0.594063,-5.79502e-05,-0.594005
503.568,-0.60208,-1.45414,-0.594149,-5.59352e-05,-0.594093
503.616,-0.601572,-1.45362,-0.594228,-5.60445e-05,-0.594172
503.664,-0.621093,-1.4531,-0.594251,-5.19123e-05,-0.594199
503.712,-0.618077,-1.45258,-0.594245,-5.25278e-05,-0.594192
503.76,-0.591066,-1.45207,-0.594294,-5.8395e-05,-0.594236
503.808,-0.597573,-1.45155,-0.594319,-5.69216e-05,-0.594262
503.856,-0.568563,-1.45103,-0.594426,-6.37776e-05,-0.594362
503.904,-0.597082,-1.4505,-0.594595,-5.7027e-05,-0.594538
503.952,-0.613586,-1.44998,-0.594575,-5.34507e-05,-0.594521
504,-0.605571,-1.44946,-0.594655,-5.51552e-05,-0.5946
504.048,-0.57407,-1.44894,-0.594764,-6.24052e-05,-0.594701
504.096,-0.576561,-1.44841,-0.59496,-6.1796e-05,-0.594899
504.144,-0.562564,-1.44788,-0.595128,-6.52802e-05,-0.595063
504.192,-0.561565,-1.44733,-0.595466,-6.5534e-05,-0.595401
504.24,-0.567563,-1.44677,-0.595789,-6.40076e-05,-0.595725
504.288,-0.560565,-1.44621,-0.596098,-6.57859e-05,-0.596032
504.336,-0.563056,-1.44564,-0.596448,-6.51435e-05,-0.596383
504.384,-0.559057,-1.44507,-0.59671,-6.61704e-05,-0.596644
504.432,-0.562564,-1.44449,-0.596971,-6.52636e-05,-0.596906
504.48,-0.54706,-1.44391,-0.597291,-6.93519e-05,-0.597222
504.528,-0.534554,-1.44331,-0.59771,-7.28344e-05,-0.597637
504.576,-0.542552,-1.4427,-0.598106,-7.05822e-05,-0.598035
504.624,-0.535554,-1.44209,-0.598502,-7.25428e-05,-0.59843
504.672,-0.563056,-1.44147,-0.598768,-6.51231e-05,-0.598703
504.72,-0.584576,-1.44086,-0.598927,-5.985e-05,-0.598867
504.768,-0.596082,-1.44024,-0.599114,-5.72069e-05,-0.599056
504.816,-0.568071,-1.43962,-0.599403,-6.38459e-05,-0.599339
504.864,-0.581069,-1.43899,-0.599605,-6.06704e-05,-0.599544
504.912,-0.583576,-1.43837,-0.599744,-6.00739e-05,-0.599684
504.96,-0.584576,-1.43774,-0.599891,-5.9836e-05,-0.599832
505.008,-0.557565,-1.43712,-0.600057,-6.65188e-05,-0.599991
505.056,-0.594082,-1.43649,-0.600199,-5.7641e-05,-0.600142
505.104,-0.60608,-1.43586,-0.600216,-5.49892e-05,-0.600161
505.152,-0.625584,-1.43525,-0.600201,-5.09377e-05,-0.60015
505.2,-0.57407,-1.43462,-0.60032,-6.23381e-05,-0.600258
505.248,-0.594082,-1.434,-0.600414,-5.76302e-05,-0.600356
505.296,-0.590575,-1.43338,-0.600468,-5.84256e-05,-0.60041
505.344,-0.588575,-1.43277,-0.600364,-5.88829e-05,-0.600305
505.392,-0.60308,-1.43216,-0.600338,-5.56243e-05,-0.600282
505.44,-0.609587,-1.43155,-0.600265,-5.42204e-05,-0.600211
505.488,-0.585576,-1.43095,-0.600274,-5.95714e-05,-0.600215
505.536,-0.586576,-1.43033,-0.600402,-5.93355e-05,-0.600343
505.584,-0.585576,-1.42972,-0.600504,-5.95659e-05,-0.600444
505.632,-0.580577,-1.42911,-0.600567,-6.07423e-05,-0.600506
505.68,-0.582576,-1.4285,-0.600628,-6.02651e-05,-0.600568
505.728,-0.567055,-1.42788,-0.600734,-6.40443e-05,-0.60067
505.776,-0.572562,-1.42726,-0.600849,-6.26731e-05,-0.600786
505.824,-0.547551,-1.42664,-0.601,-6.91285e-05,-0.600931
505.872,-0.565056,-1.42602,-0.601178,-6.45394e-05,-0.601114
505.92,-0.52354,-1.42538,-0.601499,-7.59466e-05,-0.601423
505.968,-0.57507,-1.42473,-0.601742,-6.2048e-05,-0.60168
506.016,-0.557057,-1.42409,-0.601949,-6.65861e-05,-0.601882
506.064,-0.566055,-1.42344,-0.602126,-6.42744e-05,-0.602061
506.112,-0.523048,-1.42279,-0.602457,-7.60784e-05,-0.602381
506.16,-0.533554,-1.42212,-0.602771,-7.30041e-05,-0.602698
506.208,-0.535554,-1.42144,-0.603191,-7.24302e-05,-0.603119
506.256,-0.528047,-1.42076,-0.603502,-7.45901e-05,-0.603427
506.304,-0.51305,-1.42007,-0.603826,-7.91041e-05,-0.603747
506.352,-0.546551,-1.41937,-0.6041,-6.93621e-05,-0.60403
506.4,-0.556566,-1.41868,-0.604288,-6.66875e-05,-0.604221
506.448,-0.580577,-1.41799,-0.604369,-6.06916e-05,-0.604308
506.496,-0.553058,-1.41731,-0.604419,-6.76041e-05,-0.604351
506.544,-0.556058,-1.41661,-0.604597,-6.68101e-05,-0.60453
506.592,-0.538553,-1.41592,-0.604739,-7.15535e-05,-0.604667
506.64,-0.54406,-1.41522,-0.604903,-7.00212e-05,-0.604833
506.688,-0.556058,-1.41452,-0.605028,-6.67996e-05,-0.604961
506.736,-0.592066,-1.41383,-0.605009,-5.79995e-05,-0.604951
506.784,-0.578069,-1.41313,-0.605075,-6.12689e-05,-0.605014
506.832,-0.579069,-1.41243,-0.605173,-6.1026e-05,-0.605112
506.88,-0.566564,-1.41174,-0.605256,-6.409e-05,-0.605192
506.928,-0.568563,-1.41105,-0.605211,-6.35861e-05,-0.605148
506.976,-0.570563,-1.41036,-0.605286,-6.30861e-05,-0.605223
507.024,-0.581577,-1.40967,-0.605281,-6.04162e-05,-0.605221
507.072,-0.558057,-1.40897,-0.605361,-6.62501e-05,-0.605295
507.12,-0.557565,-1.40828,-0.605466,-6.63745e-05,-0.605399
507.168,-0.562056,-1.40758,-0.605551,-6.52124e-05,-0.605486
507.216,-0.549059,-1.40688,-0.605703,-6.86187e-05,-0.605634
507.264,-0.510051,-1.40616,-0.606002,-7.99562e-05,-0.605922
507.312,-0.519541,-1.40543,-0.606305,-7.70312e-05,-0.606228
507.36,-0.573562,-1.40471,-0.606508,-6.23219e-05,-0.606445
507.408,-0.518049,-1.40398,-0.606716,-7.74746e-05,-0.606639
507.456,-0.54506,-1.40325,-0.606875,-6.96843e-05,-0.606806
507.504,-0.498037,-1.4025,-0.60719,-8.379e-05,-0.607106
507.552,-0.541553,-1.40175,-0.607478,-7.06414e-05,-0.607408
507.6,-0.538045,-1.401,-0.607696,-7.16157e-05,-0.607625
507.648,-0.536554,-1.40024,-0.607889,-7.20317e-05,-0.607817
507.696,-0.513542,-1.39948,-0.608189,-7.88294e-05,-0.60811
507.744,-0.510543,-1.3987,-0.608488,-7.97573e-05,-0.608408
507.792,-0.518541,-1.39792,-0.608783,-7.72901e-05,-0.608705
507.84,-0.509035,-1.39713,-0.609068,-8.02208e-05,-0.608987
507.888,-0.508543,-1.39633,-0.609412,-8.03708e-05,-0.609332
507.936,-0.512542,-1.39553,-0.609714,-7.91155e-05,-0.609635
507.984,-0.519049,-1.39472,-0.609979,-7.71176e-05,-0.609902
508.032,-0.572562,-1.39391,-0.610105,-6.25159e-05,-0.610043
508.08,-0.57307,-1.3931,-0.610206,-6.23876e-05,-0.610144
508.128,-0.562564,-1.3923,-0.610282,-6.50077e-05,-0.610217
508.176,-0.539045,-1.39149,-0.610434,-7.12843e-05,-0.610363
508.224,-0.553058,-1.39068,-0.610486,-6.74686e-05,-0.610418
508.272,-0.559057,-1.38987,-0.610567,-6.58959e-05,-0.610502
508.32,-0.561056,-1.38906,-0.61054,-6.53773e-05,-0.610474
508.368,-0.574562,-1.38825,-0.610583,-6.20011e-05,-0.610521
508.416,-0.540061,-1.38745,-0.610555,-7.09792e-05,-0.610484
508.464,-0.57507,-1.38665,-0.610545,-6.18702e-05,-0.610483
508.512,-0.525048,-1.38584,-0.61067,-7.52743e-05,-0.610595
508.56,-0.560057,-1.38503,-0.610688,-6.56141e-05,-0.610623
508.608,-0.566055,-1.38423,-0.610628,-6.40847e-05,-0.610564
508.656,-0.571071,-1.38342,-0.610691,-6.28328e-05,-0.610628
508.704,-0.596082,-1.38261,-0.610678,-5.69591e-05,-0.610621
508.752,-0.54306,-1.38181,-0.610706,-7.01193e-05,-0.610636
508.8,-0.586576,-1.381,-0.61071,-5.91154e-05,-0.610651
508.848,-0.555566,-1.38019,-0.610715,-6.67555e-05,-0.610649
508.896,-0.551567,-1.37937,-0.610885,-6.78065e-05,-0.610817
508.944,-0.526556,-1.37855,-0.61111,-7.47893e-05,-0.611035
508.992,-0.533554,-1.37772,-0.611286,-7.27601e-05,-0.611214
509.04,-0.540553,-1.37688,-0.611481,-7.07859e-05,-0.611411
509.088,-0.519049,-1.37603,-0.611742,-7.70089e-05,-0.611665
509.136,-0.527556,-1.37518,-0.611976,-7.44777e-05,-0.611901
509.184,-0.528047,-1.37432,-0.612181,-7.43294e-05,-0.612107
509.232,-0.496038,-1.37344,-0.612541,-8.42646e-05,-0.612457
509.28,-0.511051,-1.37256,-0.612821,-7.94417e-05,-0.612742
509.328,-0.484024,-1.37166,-0.613227,-8.83174e-05,-0.613139
509.376,-0.481025,-1.37076,-0.613542,-8.93561e-05,-0.613453
509.424,-0.513542,-1.36985,-0.613812,-7.86533e-05,-0.613733
509.472,-0.481025,-1.36893,-0.614095,-8.93438e-05,-0.614006
509.52,-0.491531,-1.36801,-0.614373,-8.57319e-05,-0.614287
509.568,-0.486532,-1.36707,-0.614653,-8.74229e-05,-0.614565
509.616,-0.511543,-1.36613,-0.614882,-7.92502e-05,-0.614803
509.664,-0.525048,-1.36518,-0.61511,-7.51569e-05,-0.615035
509.712,-0.533554,-1.36423,-0.615211,-7.26861e-05,-0.615138
509.76,-0.508035,-1.36329,-0.61532,-8.03305e-05,-0.61524
509.808,-0.525048,-1.36233,-0.615484,-7.51407e-05,-0.615409
509.856,-0.506036,-1.36136,-0.61571,-8.0951e-05,-0.615629
509.904,-0.538553,-1.36039,-0.615846,-7.12544e-05,-0.615774
509.952,-0.511543,-1.35942,-0.615974,-7.921e-05,-0.615895
510,-0.525048,-1.35845,-0.616031,-7.51187e-05,-0.615956
510.048,-0.54306,-1.35747,-0.616052,-6.99906e-05,-0.615982
510.096,-0.557057,-1.3565,-0.616072,-6.62475e-05,-0.616006
510.144,-0.547551,-1.35552,-0.616073,-6.87587e-05,-0.616005
510.192,-0.555058,-1.35454,-0.616106,-6.67592e-05,-0.61604
510.24,-0.537553,-1.35357,-0.616121,-7.14974e-05,-0.61605
510.288,-0.526556,-1.35258,-0.616202,-7.46427e-05,-0.616127
510.336,-0.547551,-1.35159,-0.616219,-6.87382e-05,-0.616151
510.384,-0.549059,-1.3506,-0.616223,-6.83278e-05,-0.616155
510.432,-0.512051,-1.34961,-0.616303,-7.89937e-05,-0.616224
510.48,-0.530555,-1.3486,-0.616421,-7.34592e-05,-0.616348
510.528,-0.497038,-1.34759,-0.616644,-8.3771e-05,-0.616561
510.576,-0.534554,-1.34656,-0.616815,-7.2305e-05,-0.616742
510.624,-0.512051,-1.34553,-0.617074,-7.89693e-05,-0.616995
510.672,-0.513542,-1.34449,-0.617166,-7.85026e-05,-0.617088
510.72,-0.48504,-1.34344,-0.617479,-8.77786e-05,-0.617391
510.768,-0.501037,-1.34237,-0.617723,-8.2435e-05,-0.61764
510.816,-0.49553,-1.34129,-0.618026,-8.42277e-05,-0.617941
510.864,-0.475534,-1.34021,-0.618282,-9.10901e-05,-0.618191
510.912,-0.479533,-1.33911,-0.618585,-8.96654e-05,-0.618496
510.96,-0.46252,-1.33799,-0.618888,-9.5843e-05,-0.618792
511.008,-0.482532,-1.33688,-0.619092,-8.8602e-05,-0.619003
511.056,-0.484532,-1.33575,-0.619269,-8.79026e-05,-0.619181
511.104,-0.497038,-1.33461,-0.619541,-8.36888e-05,-0.619457
511.152,-0.470027,-1.33346,-0.619828,-9.3031e-05,-0.619735
511.2,-0.491531,-1.33229,-0.620103,-8.55006e-05,-0.620017
511.248,-0.51305,-1.33112,-0.620269,-7.85746e-05,-0.620191
511.296,-0.525048,-1.32994,-0.620365,-7.49569e-05,-0.62029
511.344,-0.531047,-1.32877,-0.62041,-7.32077e-05,-0.620337
511.392,-0.501037,-1.32758,-0.620506,-8.23428e-05,-0.620424
511.44,-0.48604,-1.32638,-0.620695,-8.73223e-05,-0.620607
511.488,-0.51305,-1.32517,-0.620804,-7.85392e-05,-0.620725
511.536,-0.510543,-1.32397,-0.620836,-7.93081e-05,-0.620757
511.584,-0.509035,-1.32274,-0.620948,-7.9771e-05,-0.620868
511.632,-0.518541,-1.32151,-0.621073,-7.68449e-05,-0.620996
511.68,-0.534554,-1.32028,-0.621096,-7.21612e-05,-0.621024
511.728,-0.514542,-1.31905,-0.621105,-7.80449e-05,-0.621027
511.776,-0.532554,-1.31781,-0.621043,-7.27156e-05,-0.62097
511.824,-0.505036,-1.31656,-0.621034,-8.09939e-05,-0.620953
511.872,-0.476026,-1.3153,-0.621221,-9.07433e-05,-0.621131
511.92,-0.505544,-1.31402,-0.621304,-8.08171e-05,-0.621223
511.968,-0.51305,-1.31275,-0.621353,-7.84652e-05,-0.621274
512.016,-0.52354,-1.31147,-0.621288,-7.52958e-05,-0.621213
512.064,-0.498037,-1.31017,-0.621405,-8.3207e-05,-0.621322
512.112,-0.477025,-1.30885,-0.621738,-9.0344e-05,-0.621647
512.16,-0.477025,-1.30751,-0.621922,-9.03349e-05,-0.621832
512.208,-0.476026,-1.30617,-0.622133,-9.06805e-05,-0.622042
512.256,-0.491531,-1.30481,-0.622292,-8.53227e-05,-0.622207
512.304,-0.45803,-1.30342,-0.622646,-9.72904e-05,-0.622549
512.352,-0.477534,-1.30203,-0.622851,-9.01176e-05,-0.622761
512.4,-0.469519,-1.30061,-0.623103,-9.29847e-05,-0.62301
512.448,-0.449015,-1.29918,-0.623376,-0.000100758,-0.623275
512.496,-0.460521,-1.29773,-0.623661,-9.6303e-05,-0.623565
512.544,-0.451015,-1.29625,-0.624048,-9.99492e-05,-0.623948
512.592,-0.439509,-1.29475,-0.624398,-0.00010455,-0.624293
512.64,-0.471027,-1.29324,-0.624637,-9.23848e-05,-0.624545
512.688,-0.438018,-1.29171,-0.624901,-0.000105139,-0.624796
512.736,-0.474534,-1.29016,-0.625069,-9.11017e-05,-0.624978
512.784,-0.466028,-1.28859,-0.625313,-9.41804e-05,-0.625219
512.832,-0.464028,-1.28701,-0.625486,-9.49103e-05,-0.625391
512.88,-0.480025,-1.28541,-0.625681,-8.9129e-05,-0.625592
512.928,-0.49553,-1.28379,-0.625772,-8.38613e-05,-0.625688
512.976,-0.460029,-1.28215,-0.625979,-9.63748e-05,-0.625883
513.024,-0.443016,-1.28049,-0.626293,-0.00010301,-0.62619
513.072,-0.46252,-1.2788,-0.626493,-9.54137e-05,-0.626398
513.12,-0.477534,-1.2771,-0.6266,-8.99472e-05,-0.62651
513.168,-0.472535,-1.27539,-0.626682,-9.17158e-05,-0.62659
513.216,-0.45503,-1.27365,-0.626845,-9.82191e-05,-0.626747
513.264,-0.492039,-1.27189,-0.626947,-8.49403e-05,-0.626862
513.312,-0.482532,-1.27012,-0.626957,-8.81545e-05,-0.626868
513.36,-0.480533,-1.26834,-0.626961,-8.88363e-05,-0.626872
513.408,-0.483532,-1.26653,-0.626978,-8.77855e-05,-0.62689
513.456,-0.45803,-1.26469,-0.627099,-9.70046e-05,-0.627002
513.504,-0.426004,-1.26284,-0.627236,-0.000109968,-0.627126
513.552,-0.452014,-1.26095,-0.62743,-9.92914e-05,-0.62733
513.6,-0.480025,-1.25904,-0.62754,-8.89505e-05,-0.627451
513.648,-0.470027,-1.2571,-0.627664,-9.24934e-05,-0.627572
513.696,-0.446524,-1.25513,-0.627901,-0.000101407,-0.6278
513.744,-0.45603,-1.25312,-0.628123,-9.76822e-05,-0.628026
513.792,-0.449015,-1.25109,-0.628351,-0.000100391,-0.62825
513.84,-0.480533,-1.24903,-0.628527,-8.87059e-05,-0.628439
513.888,-0.445524,-1.24692,-0.628847,-0.000101742,-0.628746
513.936,-0.428511,-1.24477,-0.629202,-0.000108743,-0.629093
513.984,-0.421005,-1.24259,-0.629446,-0.000111972,-0.629334
514.032,-0.45503,-1.24039,-0.629565,-9.79708e-05,-0.629467
514.08,-0.431019,-1.23814,-0.629773,-0.000107625,-0.629665
514.128,-0.4045,-1.23585,-0.630063,-0.000119397,-0.629944
514.176,-0.457521,-1.23352,-0.630258,-9.69678e-05,-0.630162
514.224,-0.444016,-1.23115,-0.630528,-0.000102223,-0.630426
514.272,-0.414006,-1.22872,-0.630898,-0.000114966,-0.630783
514.32,-0.476534,-1.22626,-0.631092,-8.99518e-05,-0.631002
514.368,-0.443525,-1.22376,-0.631269,-0.000102362,-0.631166
514.416,-0.465028,-1.22121,-0.631374,-9.40669e-05,-0.631279
514.464,-0.458521,-1.21862,-0.631534,-9.64787e-05,-0.631438
514.512,-0.483024,-1.216,-0.631452,-8.76228e-05,-0.631364
514.56,-0.413007,-1.21332,-0.631578,-0.000115282,-0.631463
514.608,-0.466028,-1.21059,-0.631628,-9.36229e-05,-0.631535
514.656,-0.433019,-1.20781,-0.631823,-0.000106537,-0.631717
514.704,-0.446016,-1.20498,-0.631837,-0.000101222,-0.631735
514.752,-0.476026,-1.2021,-0.631799,-8.99653e-05,-0.631709
514.8,-0.425512,-1.19916,-0.631942,-0.000109647,-0.631832
514.848,-0.464028,-1.19616,-0.631944,-9.4256e-05,-0.63185
514.896,-0.481533,-1.19311,-0.631884,-8.79829e-05,-0.631796
514.944,-0.477025,-1.19,-0.631818,-8.95305e-05,-0.631728
514.992,-0.464028,-1.18682,-0.631821,-9.41888e-05,-0.631727
515.04,-0.475026,-1.18359,-0.631711,-9.01911e-05,-0.631621
515.088,-0.481533,-1.18029,-0.631656,-8.78968e-05,-0.631568
515.136,-0.470027,-1.17691,-0.631644,-9.19294e-05,-0.631552
515.184,-0.445016,-1.17346,-0.631613,-0.000101375,-0.631511
515.232,-0.433019,-1.16992,-0.631622,-0.000106229,-0.631516
515.28,-0.425512,-1.16629,-0.63179,-0.000109372,-0.63168
515.328,-0.451523,-1.16257,-0.631878,-9.87393e-05,-0.63178
515.376,-0.451523,-1.15875,-0.631953,-9.87104e-05,-0.631855
515.424,-0.45703,-1.15484,-0.631944,-9.65729e-05,-0.631848
515.472,-0.437018,-1.15084,-0.63194,-0.000104424,-0.631835
515.52,-0.425004,-1.14672,-0.631974,-0.000109426,-0.631865
515.568,-0.414498,-1.14248,-0.632126,-0.000113991,-0.632012
515.616,-0.4065,-1.13812,-0.632231,-0.000117583,-0.632113
515.664,-0.433019,-1.13362,-0.632343,-0.000105935,-0.632237
515.712,-0.407008,-1.129,-0.632433,-0.000117267,-0.632315
515.76,-0.428511,-1.12423,-0.632479,-0.000107746,-0.632371
515.808,-0.445016,-1.11932,-0.632519,-0.000100956,-0.632418
515.856,-0.4065,-1.11425,-0.632576,-0.000117368,-0.632459
515.904,-0.399501,-1.109,-0.632687,-0.000120585,-0.632566
515.952,-0.417514,-1.10358,-0.632713,-0.000112316,-0.6326
516,-0.453522,-1.09799,-0.632636,-9.74846e-05,-0.632538
516.048,-0.423512,-1.09219,-0.632639,-0.000109609,-0.632529
516.096,-0.434018,-1.08619,-0.632546,-0.000105137,-0.632441
516.144,-0.438018,-1.07998,-0.632367,-0.000103452,-0.632263
516.192,-0.435018,-1.07354,-0.632196,-0.000104624,-0.632092
516.24,-0.433019,-1.06685,-0.632001,-0.000105393,-0.631896
516.288,-0.454014,-1.05989,-0.631778,-9.70124e-05,-0.631681
516.336,-0.451523,-1.05266,-0.631499,-9.79102e-05,-0.631401
516.384,-0.443016,-1.04511,-0.631251,-0.000101172,-0.63115
516.432,-0.496038,-1.03725,-0.630881,-8.21308e-05,-0.630799
516.48,-0.467028,-1.02904,-0.630525,-9.19676e-05,-0.630433
516.528,-0.427512,-1.02045,-0.630168,-0.00010731,-0.630061
516.576,-0.443016,-1.01145,-0.629825,-0.00010091,-0.629724
516.624,-0.447524,-1.00199,-0.629476,-9.90703e-05,-0.629377
516.672,-0.464028,-0.992042,-0.629088,-9.27906e-05,-0.628996
516.72,-0.411007,-0.981561,-0.628718,-0.000114141,-0.628604
516.768,-0.443016,-0.970491,-0.628276,-0.000100592,-0.628175
516.816,-0.452523,-0.958776,-0.627804,-9.68238e-05,-0.627708
516.864,-0.420513,-0.946351,-0.627312,-0.000109666,-0.627202
516.912,-0.421513,-0.93311,-0.626964,-0.000109126,-0.626855
516.96,-0.419005,-0.918979,-0.626566,-0.000110083,-0.626456
517.008,-0.437509,-0.903857,-0.626048,-0.000102259,-0.625946
517.056,-0.447016,-0.887631,-0.625389,-9.83942e-05,-0.62529
517.104,-0.427512,-0.870149,-0.624675,-0.00010607,-0.624569
517.152,-0.426512,-0.851233,-0.623874,-0.000106331,-0.623768
517.2,-0.405008,-0.830652,-0.623151,-0.0001155,-0.623036
517.248,-0.411007,-0.80816,-0.622263,-0.000112618,-0.622151
517.296,-0.382997,-0.783429,-0.621358,-0.00012545,-0.621233
517.344,-0.387996,-0.756039,-0.620389,-0.000122753,-0.620266
517.392,-0.400501,-0.725494,-0.619181,-0.000116602,-0.619064
517.44,-0.4075,-0.691116,-0.617781,-0.000113142,-0.617667
517.488,-0.411499,-0.652017,-0.61604,-0.000111043,-0.615929
517.536,-0.421005,-0.606943,-0.614107,-0.000106604,-0.614
517.584,-0.4055,-0.554151,-0.611766,-0.000112819,-0.611653
517.632,-0.425512,-0.491056,-0.608812,-0.000103792,-0.608708
517.68,-0.420005,-0.413582,-0.605233,-0.000105416,-0.605128
517.728,-0.43351,-0.314926,-0.600604,-9.92103e-05,-0.600505
517.776,-0.417514,-0.182515,-0.594527,-0.000104545,-0.594422
517.824,-0.385504,0.00989133,-0.585912,-0.000116761,-0.585795
517.872,-0.428003,0.326347,-0.571868,-9.6443e-05,-0.571772
517.92,-0.441509,0.928743,-0.545391,-8.72179e-05,-0.545304
517.968,-0.428511,1.69828,-0.504886,-8.49472e-05,-0.504801
518.016,-0.450015,1.12099,-0.518853,-8.02311e-05,-0.518773
518.064,-0.484024,-0.621387,-0.605105,-8.18944e-05,-0.605023
518.112,-0.474534,-0.916135,-0.629836,-8.84785e-05,-0.629748
518.16,-0.470027,-0.90889,-0.629695,-9.00511e-05,-0.629605
518.208,-0.43551,-0.89396,-0.628966,-0.000102984,-0.628863
518.256,-0.449015,-0.877777,-0.628151,-9.75502e-05,-0.628053
518.304,-0.468519,-0.860308,-0.627343,-9.02456e-05,-0.627252
518.352,-0.45803,-0.841391,-0.626415,-9.38969e-05,-0.626321
518.4,-0.479533,-0.820809,-0.625375,-8.61663e-05,-0.625289
518.448,-0.447524,-0.798296,-0.624292,-9.75187e-05,-0.624194
518.496,-0.425512,-0.773503,-0.623213,-0.000106104,-0.623107
518.544,-0.408499,-0.746024,-0.622008,-0.000113181,-0.621894
518.592,-0.401501,-0.715318,-0.620725,-0.000116052,-0.620609
518.64,-0.43451,-0.680705,-0.619168,-0.000101688,-0.619066
518.688,-0.391995,-0.641246,-0.617495,-0.000119765,-0.617375
518.736,-0.415006,-0.59565,-0.615528,-0.000109043,-0.615419
518.784,-0.419005,-0.542107,-0.61314,-0.000106898,-0.613033
518.832,-0.410499,-0.477893,-0.610268,-0.00010997,-0.610158
518.88,-0.387996,-0.398708,-0.606752,-0.000119371,-0.606633
518.928,-0.386996,-0.297306,-0.602174,-0.000118893,-0.602055
518.976,-0.386996,-0.160134,-0.596084,-0.000117625,-0.595966
519.024,-0.399501,0.0414416,-0.586994,-0.000110251,-0.586884
519.072,-0.440509,0.378349,-0.57201,-9.14539e-05,-0.571918
519.12,-0.390503,1.02161,-0.543632,-0.000105698,-0.543526
519.168,-0.409007,1.71621,-0.504849,-9.12604e-05,-0.504758
519.216,-0.394502,0.947317,-0.528546,-0.000101101,-0.528445
519.264,-0.426004,-0.715533,-0.615504,-0.000104033,-0.6154
519.312,-0.409499,-0.915155,-0.633417,-0.000114189,-0.633303
519.36,-0.449523,-0.906055,-0.63328,-9.75681e-05,-0.633182
519.408,-0.415006,-0.891615,-0.632646,-0.000111584,-0.632534
519.456,-0.409007,-0.875992,-0.632053,-0.000114102,-0.631939
519.504,-0.435018,-0.859143,-0.631331,-0.000102904,-0.631228
519.552,-0.430511,-0.840909,-0.630487,-0.000104591,-0.630382
519.6,-0.418005,-0.821071,-0.629654,-0.000109678,-0.629544
519.648,-0.395502,-0.799395,-0.628654,-0.000119593,-0.628534
519.696,-0.418514,-0.775577,-0.627504,-0.000109073,-0.627395
519.744,-0.409007,-0.74923,-0.626243,-0.000112983,-0.62613
519.792,-0.430511,-0.719867,-0.624821,-0.00010361,-0.624717
519.84,-0.425512,-0.686853,-0.623268,-0.000105389,-0.623162
519.888,-0.417006,-0.64934,-0.621582,-0.000108645,-0.621474
519.936,-0.428003,-0.60619,-0.619568,-0.000103709,-0.619464
519.984,-0.417514,-0.555788,-0.617285,-0.000107639,-0.617177
520.032,-0.402009,-0.495775,-0.614533,-0.000113849,-0.614419
520.08,-0.401009,-0.422493,-0.611199,-0.000113642,-0.611085
520.128,-0.416006,-0.329952,-0.606884,-0.000106379,-0.606777
520.176,-0.417514,-0.207359,-0.601231,-0.000104742,-0.601126
520.224,-0.368983,-0.0329259,-0.593328,-0.000124982,-0.593203
520.272,-0.390503,0.244388,-0.580868,-0.000112421,-0.580756
520.32,-0.364492,0.756504,-0.55832,-0.0001196,-0.558201
520.368,-0.387504,1.57037,-0.518566,-0.000101457,-0.518465
520.416,-0.378997,1.40028,-0.513645,-0.000103863,-0.513541
520.464,-0.387504,-0.300836,-0.590922,-0.000115522,-0.590806
520.512,-0.361985,-0.904236,-0.635822,-0.000137322,-0.635685
520.56,-0.353478,-0.909019,-0.637261,-0.000142213,-0.637119
520.608,-0.342972,-0.895776,-0.637011,-0.000148045,-0.636863
520.656,-0.37649,-0.881208,-0.636573,-0.000129668,-0.636443
520.704,-0.362493,-0.865525,-0.636029,-0.000136817,-0.635892
520.752,-0.391503,-0.848568,-0.635468,-0.000121947,-0.635346
520.8,-0.381997,-0.830176,-0.6348,-0.000126397,-0.634674
520.848,-0.390995,-0.810132,-0.634033,-0.000121826,-0.633911
520.896,-0.417514,-0.788188,-0.633074,-0.000109608,-0.632964
520.944,-0.430511,-0.764028,-0.631922,-0.000103966,-0.631818
520.992,-0.431019,-0.737238,-0.630722,-0.000103543,-0.630619
521.04,-0.355478,-0.707285,-0.629549,-0.000138911,-0.62941
521.088,-0.414498,-0.673506,-0.628028,-0.000109924,-0.627918
521.136,-0.389995,-0.635032,-0.626233,-0.000120646,-0.626113
521.184,-0.385504,-0.590603,-0.62421,-0.000122363,-0.624088
521.232,-0.381997,-0.538465,-0.621892,-0.000123553,-0.621769
521.28,-0.390995,-0.476032,-0.61905,-0.000118688,-0.618932
521.328,-0.375998,-0.399286,-0.615412,-0.000125121,-0.615287
521.376,-0.393994,-0.301432,-0.610811,-0.000115707,-0.610696
521.424,-0.392994,-0.170023,-0.604662,-0.000114973,-0.604547
521.472,-0.393994,0.0208327,-0.595846,-0.000112831,-0.595733
521.52,-0.426004,0.333718,-0.581592,-9.71328e-05,-0.581495
521.568,-0.387504,0.923645,-0.555253,-0.000107804,-0.555146
521.616,-0.347988,1.67433,-0.515197,-0.000116753,-0.51508
521.664,-0.348988,1.12438,-0.528575,-0.000119261,-0.528456
521.712,-0.361493,-0.599392,-0.615263,-0.000132124,-0.615131
521.76,-0.366984,-0.909785,-0.641726,-0.000134814,-0.641591
521.808,-0.349987,-0.904909,-0.642149,-0.000144128,-0.642005
521.856,-0.348988,-0.891889,-0.641771,-0.00014455,-0.641626
521.904,-0.34548,-0.877752,-0.641407,-0.000146391,-0.641261
521.952,-0.331483,-0.862507,-0.641103,-0.000154466,-0.640948
522,-0.347988,-0.846027,-0.640694,-0.000144602,-0.64055
522.048,-0.384488,-0.828151,-0.640131,-0.000125148,-0.640006
522.096,-0.351987,-0.808667,-0.639569,-0.00014194,-0.639427
522.144,-0.336974,-0.787323,-0.638925,-0.000150295,-0.638775
522.192,-0.334974,-0.763816,-0.638151,-0.000151201,-0.638
522.24,-0.354986,-0.737758,-0.637208,-0.000139508,-0.637068
522.288,-0.302965,-0.708656,-0.636221,-0.000170682,-0.63605
522.336,-0.360985,-0.675885,-0.634868,-0.00013561,-0.634733
522.384,-0.335974,-0.6386,-0.633345,-0.000149146,-0.633196
522.432,-0.382997,-0.595651,-0.63143,-0.00012362,-0.631307
522.48,-0.389995,-0.545436,-0.629072,-0.000119802,-0.628952
522.528,-0.371491,-0.48556,-0.626307,-0.000128214,-0.626179
522.576,-0.365984,-0.412343,-0.622952,-0.000130263,-0.622822
522.624,-0.351479,-0.319742,-0.618597,-0.000136889,-0.61846
522.672,-0.384996,-0.196862,-0.612846,-0.000118883,-0.612727
522.72,-0.378997,-0.0217696,-0.604564,-0.000120059,-0.604444
522.768,-0.359477,0.256925,-0.591719,-0.000126829,-0.591592
522.816,-0.37349,0.770396,-0.568482,-0.000115311,-0.568366
522.864,-0.369491,1.56922,-0.52832,-0.000108842,-0.528211
522.912,-0.368983,1.37533,-0.524511,-0.000108258,-0.524403
522.96,-0.364492,-0.318273,-0.603192,-0.000126686,-0.603065
523.008,-0.363493,-0.900626,-0.647283,-0.000136479,-0.647147
523.056,-0.372491,-0.905948,-0.648469,-0.000131965,-0.648337
523.104,-0.356986,-0.893882,-0.64795,-0.000140108,-0.64781
523.152,-0.386996,-0.880612,-0.647289,-0.000124428,-0.647164
523.2,-0.360493,-0.866341,-0.646678,-0.0001379,-0.64654
523.248,-0.331975,-0.850943,-0.646141,-0.000154028,-0.645987
523.296,-0.342481,-0.83427,-0.645552,-0.000147622,-0.645404
523.344,-0.350479,-0.816151,-0.644873,-0.000142863,-0.64473
523.392,-0.329467,-0.796367,-0.64417,-0.000154892,-0.644015
523.44,-0.357494,-0.774663,-0.643279,-0.00013854,-0.64314
523.488,-0.336482,-0.750713,-0.642324,-0.000150155,-0.642174
523.536,-0.359985,-0.724092,-0.641268,-0.000136654,-0.641131
523.584,-0.306472,-0.69427,-0.640219,-0.00016816,-0.640051
523.632,-0.326468,-0.660569,-0.638903,-0.000155073,-0.638748
523.68,-0.320469,-0.622065,-0.637414,-0.000158286,-0.637255
523.728,-0.315962,-0.577494,-0.635658,-0.000160547,-0.635497
523.776,-0.293459,-0.525052,-0.633569,-0.000174635,-0.633394
523.824,-0.322469,-0.462085,-0.630832,-0.000155095,-0.630677
523.872,-0.300965,-0.384389,-0.627474,-0.000167712,-0.627306
523.92,-0.322977,-0.2849,-0.622999,-0.000152652,-0.622847
523.968,-0.292459,-0.150557,-0.616943,-0.000170252,-0.616773
524.016,-0.384488,0.0460331,-0.607797,-0.00011688,-0.60768
524.064,-0.327468,0.371401,-0.592872,-0.000142508,-0.59273
524.112,-0.372491,0.983889,-0.564738,-0.000113752,-0.564624
524.16,-0.361493,1.68141,-0.525296,-0.000110437,-0.525186
524.208,-0.320977,1.01021,-0.545234,-0.000134314,-0.545099
524.256,-0.295458,-0.663049,-0.634134,-0.000172529,-0.633961
524.304,-0.328467,-0.906846,-0.656133,-0.000156771,-0.655976
524.352,-0.318978,-0.901159,-0.656526,-0.00016271,-0.656363
524.4,-0.299965,-0.889063,-0.656222,-0.000175138,-0.656047
524.448,-0.330483,-0.875969,-0.65581,-0.000155232,-0.655655
524.496,-0.333483,-0.861895,-0.655301,-0.00015325,-0.655147
524.544,-0.325976,-0.846708,-0.654778,-0.000157641,-0.65462
524.592,-0.31847,-0.830264,-0.654201,-0.000162141,-0.654039
524.64,-0.307472,-0.812374,-0.653652,-0.000169049,-0.653483
524.688,-0.326468,-0.792841,-0.652929,-0.000156679,-0.652772
524.736,-0.305472,-0.771403,-0.652154,-0.000169837,-0.651984
524.784,-0.280953,-0.747737,-0.651269,-0.000186627,-0.651082
524.832,-0.315962,-0.721428,-0.65029,-0.000162361,-0.650128
524.88,-0.264957,-0.691944,-0.649374,-0.000197842,-0.649176
524.928,-0.300457,-0.658596,-0.648299,-0.000171692,-0.648127
524.976,-0.289951,-0.620511,-0.646926,-0.000178379,-0.646747
525.024,-0.28846,-0.576448,-0.645206,-0.000178807,-0.645027
525.072,-0.277462,-0.524658,-0.643051,-0.000185929,-0.642865
525.12,-0.272955,-0.462502,-0.640499,-0.000188323,-0.640311
525.168,-0.251451,-0.385921,-0.637181,-0.000203659,-0.636977
525.216,-0.234439,-0.288078,-0.632836,-0.000216039,-0.63262
525.264,-0.248436,-0.156374,-0.626886,-0.000202408,-0.626683
525.312,-0.249452,0.0353096,-0.61814,-0.000198609,-0.617941
525.36,-0.243945,0.349927,-0.603813,-0.000198036,-0.603615
525.408,-0.277462,0.939337,-0.576606,-0.000165706,-0.576441
525.456,-0.275446,1.6627,-0.536263,-0.000155235,-0.536108
525.504,-0.208936,1.09083,-0.551877,-0.000207123,-0.551669
525.552,-0.229931,-0.606935,-0.641727,-0.000221581,-0.641505
525.6,-0.225932,-0.904076,-0.668539,-0.00023425,-0.668305
525.648,-0.249943,-0.900147,-0.66927,-0.000213257,-0.669057
525.696,-0.265448,-0.888342,-0.669127,-0.000200501,-0.668927
525.744,-0.270447,-0.875521,-0.668954,-0.000196415,-0.668757
525.792,-0.239946,-0.861709,-0.668845,-0.000221122,-0.668624
525.84,-0.251451,-0.846803,-0.668587,-0.000211127,-0.668375
525.888,-0.277954,-0.830661,-0.66821,-0.000190057,-0.66802
525.936,-0.256942,-0.813119,-0.667734,-0.000206092,-0.667528
525.984,-0.25845,-0.793974,-0.667138,-0.000204572,-0.666933
526.032,-0.245944,-0.772966,-0.666477,-0.000214499,-0.666262
526.08,-0.274463,-0.749808,-0.665542,-0.000191467,-0.66535
526.128,-0.237946,-0.724105,-0.664549,-0.000220488,-0.664329
526.176,-0.295458,-0.695372,-0.663261,-0.000175592,-0.663086
526.224,-0.246944,-0.662969,-0.661909,-0.000211834,-0.661697
526.272,-0.25745,-0.626017,-0.66044,-0.000202701,-0.660238
526.32,-0.244944,-0.583365,-0.658752,-0.000212176,-0.65854
526.368,-0.253943,-0.533399,-0.656599,-0.000204023,-0.656395
526.416,-0.265448,-0.473721,-0.653952,-0.000194116,-0.653757
526.464,-0.232439,-0.400634,-0.650662,-0.000219667,-0.650442
526.512,-0.206936,-0.307977,-0.646631,-0.000241001,-0.64639
526.56,-0.207428,-0.184785,-0.641006,-0.000238227,-0.640767
526.608,-0.200429,-0.00883544,-0.632896,-0.000241507,-0.632655
526.656,-0.212427,0.271681,-0.619754,-0.000225437,-0.619529
526.704,-0.206936,0.786914,-0.595664,-0.000221195,-0.595443
526.752,-0.218426,1.56761,-0.554613,-0.000196699,-0.554416
526.8,-0.153915,1.34508,-0.552885,-0.000252186,-0.552633
526.848,-0.215934,-0.338064,-0.636131,-0.000227336,-0.635903
526.896,-0.168912,-0.895317,-0.681518,-0.000292512,-0.681226
526.944,-0.16642,-0.900799,-0.683374,-0.000295856,-0.683078
526.992,-0.155915,-0.889482,-0.683656,-0.000308028,-0.683348
527.04,-0.210935,-0.877001,-0.683614,-0.000248043,-0.683366
527.088,-0.169911,-0.863557,-0.683682,-0.000291002,-0.683391
527.136,-0.196922,-0.849057,-0.683521,-0.000261479,-0.68326
527.184,-0.172419,-0.833346,-0.683442,-0.000287481,-0.683155
527.232,-0.143901,-0.816264,-0.683322,-0.000321045,-0.683001
527.28,-0.173911,-0.797627,-0.682971,-0.000285013,-0.682686
527.328,-0.184925,-0.777203,-0.682467,-0.000272539,-0.682195
527.376,-0.164421,-0.754697,-0.681889,-0.000294824,-0.681594
527.424,-0.143901,-0.729736,-0.681226,-0.000318888,-0.680907
527.472,-0.168912,-0.701856,-0.680354,-0.00028849,-0.680065
527.52,-0.147408,-0.670487,-0.679237,-0.000313084,-0.678924
527.568,-0.163913,-0.634802,-0.677982,-0.00029266,-0.67769
527.616,-0.176418,-0.593753,-0.676401,-0.00027777,-0.676123
527.664,-0.168912,-0.54586,-0.674423,-0.000284992,-0.674138
527.712,-0.191415,-0.488953,-0.671917,-0.000259775,-0.671657
527.76,-0.17691,-0.419751,-0.668784,-0.000273481,-0.66851
527.808,-0.173911,-0.332911,-0.664757,-0.000274837,-0.664482
527.856,-0.189924,-0.21908,-0.659328,-0.000255827,-0.659072
527.904,-0.163405,-0.0599461,-0.651825,-0.000280333,-0.651545
527.952,-0.160405,0.185507,-0.64005,-0.000278273,-0.639772
528,-0.155915,0.621019,-0.619142,-0.000273742,-0.618869
528.048,-0.122397,1.38429,-0.580437,-0.000292348,-0.580145
528.096,-0.136902,1.56375,-0.559284,-0.000265786,-0.559018
528.144,-0.125905,0.130464,-0.625116,-0.000309773,-0.624806
528.192,-0.128904,-0.867793,-0.69652,-0.000340749,-0.696179
528.24,-0.114399,-0.901655,-0.701386,-0.000362756,-0.701023
528.288,-0.0688677,-0.891112,-0.701843,-0.000433262,-0.701409
528.336,-0.0968945,-0.878819,-0.702115,-0.000387844,-0.701727
528.384,-0.0893879,-0.865575,-0.702305,-0.000399008,-0.701906
528.432,-0.0578701,-0.851275,-0.702491,-0.000450937,-0.70204
528.48,-0.0658684,-0.83577,-0.702654,-0.000436504,-0.702217
528.528,-0.0693758,-0.818911,-0.70275,-0.000429984,-0.70232
528.576,-0.0388578,-0.800491,-0.702909,-0.000483883,-0.702425
528.624,-0.0883881,-0.780306,-0.702694,-0.000397928,-0.702296
528.672,-0.0388578,-0.758063,-0.702515,-0.000482287,-0.702033
528.72,-0.0513633,-0.733385,-0.702176,-0.000458353,-0.701717
528.768,-0.0488721,-0.705827,-0.70173,-0.000461853,-0.701268
528.816,-0.0723752,-0.674818,-0.700975,-0.000420217,-0.700555
528.864,-0.0673763,-0.639592,-0.699993,-0.000427348,-0.699566
528.912,-0.0378581,-0.599093,-0.698847,-0.000478206,-0.698368
528.96,-0.0328591,-0.551864,-0.69737,-0.000485861,-0.696884
529.008,-0.0353668,-0.495835,-0.695349,-0.000479005,-0.69487
529.056,-0.0258606,-0.427809,-0.692766,-0.000494529,-0.692272
529.104,-0.0348587,-0.342727,-0.68908,-0.000474233,-0.688606
529.152,-0.0218615,-0.231698,-0.684063,-0.000494671,-0.683568
529.2,-0.0178624,-0.0775151,-0.676873,-0.000496454,-0.676376
529.248,-0.0208617,0.157919,-0.665671,-0.000481735,-0.665189
529.296,-0.00335731,0.570582,-0.645655,-0.000499574,-0.645156
529.344,0.0171628,1.31468,-0.607534,-0.000508449,-0.607025
529.392,0.0306681,1.61354,-0.5802,-0.000511084,-0.579689
529.44,0.0161631,0.300794,-0.641121,-0.000532635,-0.640589
529.488,0.029652,-0.8505,-0.723468,-0.000632457,-0.722835
529.536,0.060678,-0.901165,-0.730934,-0.000719996,-0.730214
529.584,0.0776744,-0.890418,-0.731998,-0.000768941,-0.731229
529.632,0.157215,-0.877431,-0.733418,-0.00104848,-0.732369
529.68,0.270747,-0.863272,-0.735551,-0.00163183,-0.733919
529.728,0.649387,-0.847058,-0.744856,-0.00707151,-0.737784
529.776,0.875977,-0.827933,-0.760719,-0.0166382,-0.744081
529.824,0.921,-0.806611,-0.770747,-0.0196183,-0.751128
529.872,0.84146,-0.783991,-0.772073,-0.0145795,-0.757493
529.92,0.726419,-0.758991,-0.772189,-0.00942609,-0.762763
529.968,0.63539,-0.731155,-0.773403,-0.00664168,-0.766761
530.016,0.553358,-0.699865,-0.774281,-0.00483098,-0.76945
530.064,0.467328,-0.664359,-0.774491,-0.00345318,-0.771038
530.112,0.388804,-0.623656,-0.774097,-0.00253723,-0.77156
530.16,0.341781,-0.576359,-0.773246,-0.00210501,-0.771141
530.208,0.282253,-0.520493,-0.771374,-0.00166177,-0.769712
530.256,0.224741,-0.453046,-0.768486,-0.00132064,-0.767165
530.304,0.220725,-0.369109,-0.764803,-0.00129157,-0.763511
530.352,0.191715,-0.260337,-0.75938,-0.00114341,-0.758236
530.4,0.184225,-0.110729,-0.751521,-0.00109752,-0.750423
530.448,0.144709,0.114829,-0.739112,-0.000924057,-0.738188
530.496,0.152707,0.505076,-0.717718,-0.000924915,-0.716793
530.544,0.125205,1.23254,-0.676385,-0.000782232,-0.675603
530.592,0.169212,1.6739,-0.63853,-0.000876096,-0.637654
530.64,0.180718,0.503499,-0.695394,-0.00099682,-0.694397
530.688,0.156706,-0.827614,-0.794551,-0.00103597,-0.793515
530.736,0.1492,-0.903547,-0.804736,-0.00101809,-0.803718
530.784,0.167212,-0.890995,-0.804849,-0.00109145,-0.803757
530.832,0.126697,-0.875562,-0.804388,-0.000930442,-0.803458
530.88,0.162213,-0.858847,-0.804186,-0.00106767,-0.803119
530.928,0.172211,-0.840741,-0.80377,-0.00110866,-0.802661
530.976,0.157706,-0.821039,-0.803145,-0.00104595,-0.802099
531.024,0.190224,-0.799478,-0.802655,-0.00118571,-0.801469
531.072,0.174211,-0.77577,-0.801838,-0.00111173,-0.800726
531.12,0.175211,-0.749517,-0.800975,-0.0011138,-0.799861
531.168,0.189224,-0.72022,-0.800099,-0.00117382,-0.798925
531.216,0.270256,-0.687237,-0.799477,-0.00160659,-0.79787
531.264,0.269748,-0.649695,-0.798388,-0.00159871,-0.796789
531.312,0.273255,-0.606475,-0.797011,-0.00161528,-0.795396
531.36,0.270256,-0.555949,-0.795201,-0.00159019,-0.793611
531.408,0.285252,-0.495738,-0.792972,-0.00167808,-0.791294
531.456,0.302265,-0.422195,-0.789959,-0.00178291,-0.788176
531.504,0.346272,-0.329228,-0.786148,-0.00210112,-0.784047
531.552,0.331275,-0.206022,-0.780134,-0.00196287,-0.778172
531.6,0.405309,-0.030628,-0.771979,-0.00258285,-0.769396
531.648,0.422813,0.248111,-0.757447,-0.00270544,-0.754742
531.696,0.602381,0.762392,-0.73263,-0.00520589,-0.727424
531.744,0.937997,1.575,-0.696835,-0.0171482,-0.679687
531.792,1.09306,1.39651,-0.709125,-0.0295723,-0.679553
531.84,1.10306,-0.294538,-0.823402,-0.0351848,-0.788217
531.888,1.03004,-0.892458,-0.883744,-0.0292739,-0.85447
531.936,0.930998,-0.893965,-0.882408,-0.0204905,-0.861918
531.984,0.809959,-0.87661,-0.878827,-0.0130489,-0.865778
532.032,0.697917,-0.857391,-0.876931,-0.00852132,-0.868409
532.08,0.601873,-0.836456,-0.875727,-0.00588706,-0.86984
532.128,0.542361,-0.813449,-0.875174,-0.00467137,-0.870502
532.176,0.485324,-0.788124,-0.874308,-0.00373875,-0.870569
532.224,0.454822,-0.760085,-0.873444,-0.00331441,-0.87013
532.272,0.405309,-0.7289,-0.871776,-0.00272786,-0.869048
532.32,0.363793,-0.693833,-0.869706,-0.00231465,-0.867392
532.368,0.344781,-0.653949,-0.867405,-0.0021428,-0.865262
532.416,0.309264,-0.608071,-0.864318,-0.00185915,-0.862459
532.464,0.317262,-0.55438,-0.860918,-0.00191,-0.859008
532.512,0.323769,-0.490201,-0.856845,-0.00194925,-0.854896
532.56,0.323769,-0.411438,-0.851711,-0.00193727,-0.849774
532.608,0.312263,-0.311061,-0.8452,-0.00183781,-0.843362
532.656,0.344273,-0.176158,-0.836958,-0.00206013,-0.834898
532.704,0.329276,0.0201325,-0.824429,-0.0019137,-0.822515
532.752,0.359777,0.343744,-0.804584,-0.00210168,-0.802482
532.8,0.376298,0.957453,-0.766941,-0.00213478,-0.764806
532.848,0.398802,1.69726,-0.711588,-0.00215996,-0.709428
532.896,0.424304,1.06417,-0.73621,-0.00246465,-0.733746
532.944,0.400801,-0.640613,-0.857801,-0.00261912,-0.855182
532.992,0.441317,-0.903626,-0.890876,-0.00317887,-0.887697
533.04,0.412307,-0.89346,-0.891139,-0.00283912,-0.8883
533.088,0.428812,-0.87576,-0.891103,-0.00302305,-0.88808
533.136,0.475834,-0.856411,-0.891495,-0.00362288,-0.887872
533.184,0.508335,-0.835302,-0.891824,-0.00410231,-0.887722
533.232,0.504844,-0.812202,-0.891536,-0.00403998,-0.887496
533.28,0.511335,-0.786744,-0.891346,-0.00413458,-0.887211
533.328,0.554866,-0.758428,-0.891777,-0.00488162,-0.886895
533.376,0.535346,-0.726926,-0.890695,-0.00451593,-0.88618
533.424,0.567355,-0.691188,-0.890535,-0.00509593,-0.885439
533.472,0.649387,-0.650313,-0.891496,-0.00696444,-0.884532
533.52,0.958517,-0.600771,-0.906952,-0.0221492,-0.884802
533.568,1.23911,-0.536471,-0.944461,-0.0579186,-0.886542
533.616,1.31514,-0.45684,-0.96098,-0.0727921,-0.888188
533.664,1.2191,-0.361657,-0.941733,-0.0535774,-0.888156
533.712,1.07956,-0.240083,-0.918333,-0.033171,-0.885162
533.76,0.944503,-0.0706679,-0.897784,-0.020191,-0.877593
533.808,0.878485,0.195652,-0.878292,-0.0155071,-0.862784
533.856,0.785439,0.682682,-0.843583,-0.010537,-0.833046
533.904,0.69341,1.51429,-0.782523,-0.00690292,-0.77562
533.952,0.642388,1.50484,-0.76341,-0.00554061,-0.757869
534,0.601873,-0.128888,-0.870149,-0.00540471,-0.864745
534.048,0.533346,-0.891381,-0.949306,-0.00453029,-0.944776
534.096,0.523349,-0.89897,-0.951874,-0.00436913,-0.947505
534.144,0.476834,-0.880249,-0.949862,-0.00364375,-0.946218
534.192,0.443317,-0.859437,-0.947828,-0.00319427,-0.944634
534.24,0.500337,-0.836767,-0.9469,-0.00397775,-0.942922
534.288,0.459821,-0.812023,-0.944515,-0.00339308,-0.941122
534.336,0.472327,-0.784828,-0.942604,-0.00355421,-0.93905
534.384,0.508844,-0.754607,-0.941026,-0.00408478,-0.936942
534.432,0.536854,-0.720821,-0.939144,-0.00454027,-0.934603
534.48,0.566356,-0.682514,-0.93737,-0.005073,-0.932297
534.528,0.57737,-0.638745,-0.934936,-0.00527511,-0.929661
534.576,0.600873,-0.587775,-0.932461,-0.00575209,-0.926709
534.624,0.608871,-0.527444,-0.929109,-0.00590398,-0.923205
534.672,0.588367,-0.454372,-0.924132,-0.00542476,-0.918707
534.72,0.646896,-0.362454,-0.919921,-0.00674487,-0.913177
534.768,0.619377,-0.241964,-0.911641,-0.00601166,-0.905629
534.816,0.653386,-0.0725442,-0.901546,-0.00676007,-0.894786
534.864,0.672398,0.192577,-0.884787,-0.0071225,-0.877664
534.912,0.728927,0.676575,-0.855065,-0.00850995,-0.846555
534.96,0.721421,1.50733,-0.795845,-0.00768662,-0.788158
535.008,0.78344,1.51304,-0.778928,-0.00947624,-0.769451
535.056,1.11507,-0.105403,-0.914733,-0.036006,-0.878727
535.104,1.36217,-0.877968,-1.05215,-0.0861191,-0.966032
535.152,1.41168,-0.878708,-1.07361,-0.0989844,-0.974627
535.2,1.38818,-0.852414,-1.0718,-0.0926447,-0.979153
535.248,1.22061,-0.827107,-1.03839,-0.055828,-0.982559
535.296,1.11357,-0.799768,-1.02362,-0.0389842,-0.984637
535.344,0.940996,-0.76981,-1.0063,-0.0210523,-0.98525
535.392,0.871978,-0.735945,-1.00091,-0.0162773,-0.984628
535.44,0.802944,-0.697474,-0.995541,-0.012534,-0.983007
535.488,0.760937,-0.653594,-0.991227,-0.0106589,-0.980568
535.536,0.700917,-0.603057,-0.985526,-0.00845088,-0.977076
535.584,0.677905,-0.543259,-0.980484,-0.00770373,-0.97278
535.632,0.683904,-0.471211,-0.975194,-0.00783821,-0.967355
535.68,0.600873,-0.381606,-0.966092,-0.00566027,-0.960432
535.728,0.635882,-0.264758,-0.958002,-0.00641679,-0.951585
535.776,0.6644,-0.102263,-0.946637,-0.00706805,-0.939569
535.824,0.613886,0.147687,-0.927169,-0.00571058,-0.921458
535.872,0.651895,0.594926,-0.896375,-0.00638235,-0.889993
535.92,0.654894,1.40808,-0.836545,-0.00602408,-0.830521
535.968,0.703916,1.61261,-0.803121,-0.00696363,-0.796157
536.016,0.714422,0.130774,-0.901036,-0.00812603,-0.89291
536.064,0.740925,-0.875641,-1.00606,-0.0100206,-0.996044
536.112,0.757937,-0.899144,-1.01231,-0.0107408,-1.00157
536.16,0.763936,-0.879217,-1.01185,-0.0109713,-1.00088
536.208,0.806959,-0.856582,-1.01294,-0.0128832,-1.00006
536.256,0.83497,-0.831739,-1.01353,-0.0142838,-0.999243
536.304,0.845967,-0.804387,-1.01321,-0.014852,-0.998359
536.352,0.887483,-0.773727,-1.01483,-0.0172922,-0.99754
536.4,0.906987,-0.739396,-1.01516,-0.0185358,-0.996623
536.448,1.18809,-0.696808,-1.04601,-0.0497103,-0.996296
536.496,1.4922,-0.638324,-1.11641,-0.119358,-0.997054
536.544,1.60375,-0.567355,-1.14964,-0.151758,-0.997881
536.592,1.51972,-0.488945,-1.12361,-0.125877,-0.997735
536.64,1.40617,-0.397839,-1.08954,-0.093941,-0.995603
536.688,1.20859,-0.284402,-1.04184,-0.0514724,-0.990368
536.736,1.11656,-0.128209,-1.01826,-0.037378,-0.980878
536.784,0.973514,0.108627,-0.986565,-0.0221316,-0.964434
536.832,0.930507,0.526801,-0.952901,-0.0183157,-0.934586
536.88,0.881484,1.31379,-0.890096,-0.0143171,-0.875779
536.928,0.801452,1.68134,-0.838756,-0.0100432,-0.828713
536.976,0.795945,0.35139,-0.925804,-0.0108622,-0.914942
537.024,0.789947,-0.856208,-1.04814,-0.0120276,-1.03612
537.072,0.791946,-0.900453,-1.0564,-0.0122153,-1.04418
537.12,0.736434,-0.880252,-1.05213,-0.00988548,-1.04224
537.168,0.758937,-0.856773,-1.05074,-0.0107471,-1.03999
537.216,0.75243,-0.831244,-1.04805,-0.0104645,-1.03759
537.264,0.767935,-0.803148,-1.04609,-0.0110733,-1.03502
537.312,0.746432,-0.772184,-1.04246,-0.0101822,-1.03228
537.36,0.746923,-0.737678,-1.03936,-0.0101739,-1.02919
537.408,0.793946,-0.698556,-1.03804,-0.0121174,-1.02593
537.456,0.808959,-0.653914,-1.03516,-0.0127776,-1.02238
537.504,0.84246,-0.601932,-1.03291,-0.0144295,-1.01848
537.552,0.86298,-0.540594,-1.02945,-0.0155035,-1.01395
537.6,0.890482,-0.466075,-1.02563,-0.0170711,-1.00855
537.648,0.935997,-0.372101,-1.02204,-0.0200397,-1.002
537.696,0.960516,-0.248391,-1.01514,-0.0217058,-0.993436
537.744,1.00952,-0.0743057,-1.0067,-0.0255608,-0.981138
537.792,1.1936,0.205206,-1.00921,-0.0471887,-0.962022
537.84,1.51322,0.74939,-1.03865,-0.112652,-0.925998
537.888,1.69128,1.66625,-1.00397,-0.147808,-0.856163
537.936,1.66127,1.42571,-0.994729,-0.139463,-0.855266
537.984,1.4932,-0.393662,-1.11484,-0.114278,-1.00056
538.032,1.30915,-0.925525,-1.14755,-0.0740715,-1.07348
538.08,1.16559,-0.919889,-1.12328,-0.0469351,-1.07635
538.128,1.06705,-0.899404,-1.10936,-0.0334285,-1.07593
538.176,0.982512,-0.876997,-1.09923,-0.0246897,-1.07454
538.224,0.901988,-0.852487,-1.09084,-0.0183578,-1.07248
538.272,0.859964,-0.825798,-1.08549,-0.0156748,-1.06982
538.32,0.809451,-0.796569,-1.07958,-0.0129443,-1.06663
538.368,0.81145,-0.763918,-1.07622,-0.0130089,-1.06321
538.416,0.792454,-0.727626,-1.07145,-0.0120769,-1.05938
538.464,0.803452,-0.686529,-1.0677,-0.0125476,-1.05515
538.512,0.816449,-0.639453,-1.06363,-0.0131278,-1.0505
538.56,0.811958,-0.58456,-1.05814,-0.0128529,-1.04529
538.608,0.833462,-0.519207,-1.05326,-0.013862,-1.03939
538.656,0.850475,-0.439259,-1.04719,-0.0146805,-1.03251
538.704,0.865471,-0.338136,-1.03939,-0.0154025,-1.02399
538.752,0.857965,-0.202926,-1.02772,-0.0148203,-1.0129
538.8,0.90048,-0.00666686,-1.01455,-0.017091,-0.997462
538.848,0.909495,0.316003,-0.990151,-0.017233,-0.972918
538.896,0.936505,0.931759,-0.945013,-0.0181293,-0.926884
538.944,0.957009,1.71487,-0.874729,-0.0180539,-0.856675
538.992,0.973022,1.1153,-0.902061,-0.0197001,-0.882361
539.04,1.02254,-0.620331,-1.05741,-0.027462,-1.02995
539.088,1.08056,-0.900695,-1.10658,-0.0350314,-1.07155
539.136,1.31364,-0.88131,-1.14747,-0.0749053,-1.07257
539.184,1.57075,-0.844997,-1.21849,-0.144911,-1.07358
539.232,1.7168,-0.803943,-1.26416,-0.188922,-1.07524
539.28,1.60076,-0.764641,-1.22986,-0.153172,-1.07669
539.328,1.45369,-0.726564,-1.1864,-0.109214,-1.07718
539.376,1.27163,-0.685925,-1.14104,-0.0649018,-1.07613
539.424,1.10706,-0.640109,-1.11102,-0.0376511,-1.07337
539.472,0.978513,-0.586082,-1.09274,-0.0237902,-1.06895
539.52,0.912494,-0.520863,-1.08173,-0.0185967,-1.06314
539.568,0.880976,-0.440897,-1.07238,-0.0164476,-1.05593
539.616,0.888991,-0.340028,-1.0636,-0.0168109,-1.04679
539.664,0.889974,-0.204942,-1.05172,-0.0166952,-1.03502
539.712,0.856473,-0.0101115,-1.0331,-0.0145187,-1.01858
539.76,0.838969,0.308664,-1.00613,-0.0132679,-0.992862
539.808,0.865471,0.916637,-0.959734,-0.0139621,-0.945772
539.856,0.865979,1.70614,-0.886236,-0.0129262,-0.87331
539.904,0.859964,1.13999,-0.908618,-0.0129722,-0.895646
539.952,0.887483,-0.601107,-1.06045,-0.0167547,-1.0437
540,0.908495,-0.901077,-1.10564,-0.0188644,-1.08678
540.048,0.876485,-0.887574,-1.10237,-0.0167481,-1.08562
540.096,0.883484,-0.864894,-1.10031,-0.0171588,-1.08315
540.144,0.900988,-0.84002,-1.09888,-0.0182723,-1.0806
540.192,0.931506,-0.81256,-1.09842,-0.0204013,-1.07801
540.24,0.963516,-0.782255,-1.09825,-0.0228774,-1.07537
540.288,0.970006,-0.748284,-1.09601,-0.0233612,-1.07265
540.336,0.993018,-0.710367,-1.09488,-0.025314,-1.06957
540.384,1.00752,-0.666765,-1.09279,-0.0265785,-1.06621
540.432,1.02354,-0.616674,-1.09041,-0.0280357,-1.06237
540.48,1.04055,-0.557256,-1.08759,-0.029646,-1.05795
540.528,1.04255,-0.486485,-1.08223,-0.0296923,-1.05254
540.576,1.04804,-0.397921,-1.07589,-0.0300657,-1.04582
540.624,1.11556,-0.282335,-1.07494,-0.0377013,-1.03724
540.672,1.20961,-0.121192,-1.07642,-0.0509958,-1.02542
540.72,1.43669,0.14019,-1.10511,-0.0977302,-1.00738
540.768,1.64327,0.645753,-1.1218,-0.149019,-0.972783
540.816,1.70529,1.55955,-1.05515,-0.153082,-0.902068
540.864,1.58474,1.55662,-0.999801,-0.119351,-0.88045
540.912,1.40868,-0.173485,-1.10508,-0.0900763,-1.015
540.96,1.24211,-0.920352,-1.16999,-0.0601436,-1.10985
541.008,1.09406,-0.924019,-1.14925,-0.0367989,-1.11245
541.056,0.959517,-0.905138,-1.13321,-0.0227625,-1.11045
541.104,0.913986,-0.8838,-1.12705,-0.0192348,-1.10781
541.152,0.886975,-0.860628,-1.1222,-0.0173766,-1.10482
541.2,0.83597,-0.835788,-1.11569,-0.0143419,-1.10135
541.248,0.86398,-0.808239,-1.11358,-0.0158892,-1.09769
541.296,0.856965,-0.7779,-1.10933,-0.0154427,-1.09389
541.344,0.851966,-0.744296,-1.10495,-0.0151178,-1.08983
541.392,0.829463,-0.706715,-1.09924,-0.0138568,-1.08539
541.44,0.789439,-0.664412,-1.09222,-0.0118814,-1.08034
541.488,0.808959,-0.615489,-1.08755,-0.0127392,-1.07481
541.536,0.822956,-0.558043,-1.08208,-0.0133668,-1.06871
541.584,0.798453,-0.489572,-1.07381,-0.0121253,-1.06169
541.632,0.794946,-0.405197,-1.06528,-0.0118874,-1.05339
541.68,0.75443,-0.297377,-1.05318,-0.0101136,-1.04307
541.728,0.747923,-0.150887,-1.03944,-0.00975489,-1.02968
541.776,0.742924,0.0665826,-1.02032,-0.00941092,-1.01091
541.824,0.72542,0.436454,-0.989415,-0.00855615,-0.980859
541.872,0.725928,1.13992,-0.933278,-0.00809808,-0.92518
541.92,0.709423,1.71673,-0.869733,-0.00710206,-0.862631
541.968,0.712914,0.710793,-0.929858,-0.00770586,-0.922153
542.016,0.674906,-0.783911,-1.0702,-0.00769175,-1.06251
542.064,0.688903,-0.898242,-1.08776,-0.00825762,-1.0795
542.112,0.634882,-0.882092,-1.08326,-0.0067073,-1.07655
542.16,0.639897,-0.861737,-1.07982,-0.00682691,-1.07299
542.208,0.670399,-0.839611,-1.07705,-0.00766026,-1.06939
542.256,0.675906,-0.815611,-1.07348,-0.0078088,-1.06567
542.304,0.650387,-0.789383,-1.06888,-0.00706735,-1.06182
542.352,0.668399,-0.76046,-1.0653,-0.00755521,-1.05774
542.4,0.658401,-0.728428,-1.06067,-0.00725331,-1.05341
542.448,0.638389,-0.69252,-1.05546,-0.00669873,-1.04876
542.496,0.655402,-0.65172,-1.05096,-0.00712764,-1.04383
542.544,0.620885,-0.604926,-1.04462,-0.00622048,-1.0384
542.592,0.640897,-0.55014,-1.03914,-0.00668867,-1.03245
542.64,0.63739,-0.484772,-1.03228,-0.00656557,-1.02571
542.688,0.628391,-0.404681,-1.02405,-0.00630295,-1.01775
542.736,0.608379,-0.302765,-1.01385,-0.00578986,-1.00806
542.784,0.647387,-0.165639,-1.00248,-0.00665402,-0.995822
542.832,0.610379,0.0341704,-0.984647,-0.00568307,-0.978964
542.88,0.624884,0.364183,-0.958675,-0.00585685,-0.952818
542.928,0.632391,0.98602,-0.911293,-0.0057366,-0.905557
542.976,0.613378,1.68931,-0.845116,-0.00495424,-0.840162
543.024,0.604872,1.00465,-0.876575,-0.00498099,-0.871594
543.072,0.565356,-0.658854,-1.01607,-0.00496937,-1.0111
543.12,0.584368,-0.894882,-1.04873,-0.00552581,-1.0432
543.168,0.565864,-0.88438,-1.04633,-0.00514322,-1.04119
543.216,0.571863,-0.867007,-1.04346,-0.00525659,-1.0382
543.264,0.543361,-0.848253,-1.03974,-0.00470204,-1.03503
543.312,0.512335,-0.82803,-1.03581,-0.00416385,-1.03165
543.36,0.51835,-0.806062,-1.03236,-0.00425464,-1.0281
543.408,0.511335,-0.782096,-1.02848,-0.00413298,-1.02434
543.456,0.491339,-0.755796,-1.0242,-0.00381719,-1.02038
543.504,0.456822,-0.726753,-1.0194,-0.00333146,-1.01607
543.552,0.46482,-0.694265,-1.01501,-0.00342776,-1.01159
543.6,0.451315,-0.657699,-1.01,-0.00324348,-1.00676
543.648,0.410307,-0.616096,-1.00411,-0.00275689,-1.00136
543.696,0.428304,-0.56792,-0.998437,-0.00294547,-0.995492
543.744,0.37879,-0.511273,-0.991327,-0.00241889,-0.988908
543.792,0.382789,-0.443073,-0.983855,-0.00244372,-0.981411
543.84,0.352287,-0.358442,-0.97491,-0.00215578,-0.972754
543.888,0.363285,-0.249039,-0.964547,-0.00223088,-0.962316
543.936,0.353287,-0.098956,-0.951056,-0.00212064,-0.948935
543.984,0.359286,0.126494,-0.932404,-0.00213291,-0.930271
544.032,0.34578,0.513445,-0.902449,-0.00196349,-0.900485
544.08,0.303757,1.22116,-0.848783,-0.00157196,-0.847211
544.128,0.284253,1.64545,-0.800247,-0.00137701,-0.79887
544.176,0.225233,0.50978,-0.865445,-0.00118639,-0.864259
544.224,0.252243,-0.808042,-0.983688,-0.00150199,-0.982186
544.272,0.238738,-0.890189,-0.993444,-0.00144296,-0.992001
544.32,0.207728,-0.879058,-0.989923,-0.00127746,-0.988646
544.368,0.166704,-0.865116,-0.985854,-0.00108707,-0.984767
544.416,0.159214,-0.850224,-0.981766,-0.00105448,-0.980712
544.464,0.154199,-0.834291,-0.977656,-0.00103273,-0.976623
544.512,0.133203,-0.817207,-0.973327,-0.000950069,-0.972376
544.56,0.111683,-0.798802,-0.968826,-0.000872129,-0.967954
544.608,0.0931792,-0.778864,-0.964241,-0.00080997,-0.963431
544.656,0.0486642,-0.757175,-0.95934,-0.000679337,-0.958661
544.704,0.0331594,-0.733425,-0.954336,-0.000638151,-0.953698
544.752,0.0346673,-0.707253,-0.949113,-0.000640617,-0.948472
544.8,-0.00835623,-0.678184,-0.943525,-0.000540085,-0.942985
544.848,-0.0523631,-0.645626,-0.93756,-0.000453431,-0.937107
544.896,-0.0518714,-0.608741,-0.931422,-0.000452994,-0.930969
544.944,-0.0768824,-0.566451,-0.924795,-0.000409361,-0.924386
544.992,-0.0803898,-0.517199,-0.917756,-0.000402218,-0.917354
545.04,-0.0598697,-0.458729,-0.910187,-0.000433884,-0.909753
545.088,-0.125905,-0.387604,-0.901617,-0.00033312,-0.901284
545.136,-0.153407,-0.298286,-0.891724,-0.000296996,-0.891427
545.184,-0.17791,-0.18093,-0.879936,-0.000267329,-0.879669
545.232,-0.177418,-0.0162209,-0.865169,-0.000264408,-0.864905
545.28,-0.185416,0.238994,-0.844643,-0.000251186,-0.844392
545.328,-0.251943,0.689268,-0.811794,-0.000186792,-0.811607
545.376,-0.25645,1.417,-0.757969,-0.000172072,-0.757797
545.424,-0.238946,1.45392,-0.73618,-0.000179755,-0.736
545.472,-0.25545,-0.0156624,-0.822758,-0.000189106,-0.822569
545.52,-0.28546,-0.853111,-0.898587,-0.000184396,-0.898402
545.568,-0.316962,-0.880898,-0.898889,-0.000163725,-0.898725
545.616,-0.310963,-0.873588,-0.894609,-0.000167534,-0.894442
545.664,-0.327976,-0.865142,-0.890237,-0.000156622,-0.890081
545.712,-0.336482,-0.856295,-0.885852,-0.000151381,-0.885701
545.76,-0.350479,-0.847036,-0.881349,-0.000143194,-0.881205
545.808,-0.353986,-0.83731,-0.876853,-0.000141131,-0.876712
545.856,-0.422513,-0.827073,-0.872237,-0.000107793,-0.872129
545.904,-0.363984,-0.816255,-0.867743,-0.000135483,-0.867608
545.952,-0.387996,-0.804772,-0.863274,-0.0001232,-0.863151
546,-0.380489,-0.79257,-0.858693,-0.000126759,-0.858566
546.048,-0.414498,-0.779538,-0.854105,-0.000110822,-0.853995
546.096,-0.466028,-0.765596,-0.849331,-9.04485e-05,-0.849241
546.144,-0.447524,-0.750596,-0.844608,-9.7141e-05,-0.844511
546.192,-0.450523,-0.734384,-0.839827,-9.58835e-05,-0.839731
546.24,-0.477025,-0.716777,-0.834996,-8.63003e-05,-0.83491
546.288,-0.467028,-0.697562,-0.830067,-8.96157e-05,-0.829978
546.336,-0.477025,-0.676459,-0.825073,-8.60279e-05,-0.824987
546.384,-0.497038,-0.653133,-0.819937,-7.93897e-05,-0.819858
546.432,-0.527047,-0.627172,-0.814575,-7.04321e-05,-0.814505
546.48,-0.543552,-0.598041,-0.80897,-6.5867e-05,-0.808904
546.528,-0.538045,-0.565016,-0.803183,-6.71304e-05,-0.803115
546.576,-0.551567,-0.527138,-0.797134,-6.3474e-05,-0.797071
546.624,-0.607571,-0.483077,-0.790777,-5.07816e-05,-0.790726
546.672,-0.565056,-0.43095,-0.783999,-5.97492e-05,-0.783939
546.72,-0.612078,-0.367959,-0.776477,-4.94412e-05,-0.776428
546.768,-0.601081,-0.289667,-0.768118,-5.13023e-05,-0.768067
546.816,-0.648595,-0.188566,-0.758486,-4.22424e-05,-0.758444
546.864,-0.649103,-0.0508312,-0.746787,-4.17033e-05,-0.746745
546.912,-0.686111,0.152156,-0.731481,-3.5498e-05,-0.731445
546.96,-0.665608,0.485926,-0.709164,-3.74723e-05,-0.709126
547.008,-0.679605,1.06627,-0.672878,-3.38127e-05,-0.672845
547.056,-0.649595,1.54836,-0.634141,-3.60095e-05,-0.634105
547.104,-0.679605,0.77562,-0.663227,-3.36333e-05,-0.663193
547.152,-0.670607,-0.667163,-0.753919,-3.97872e-05,-0.753879
547.2,-0.69311,-0.859542,-0.77009,-3.73802e-05,-0.770053
547.248,-0.686603,-0.863331,-0.767046,-3.83716e-05,-0.767008
547.296,-0.660101,-0.861959,-0.763526,-4.25702e-05,-0.763483
547.344,-0.704124,-0.86055,-0.760024,-3.58159e-05,-0.759988
547.392,-0.686111,-0.859249,-0.756498,-3.84335e-05,-0.75646
547.44,-0.723628,-0.858058,-0.752979,-3.31718e-05,-0.752946
547.488,-0.702108,-0.856982,-0.74954,-3.60899e-05,-0.749504
547.536,-0.746623,-0.856018,-0.746164,-3.03062e-05,-0.746133
547.584,-0.744623,-0.85519,-0.74274,-3.05428e-05,-0.74271
547.632,-0.731626,-0.854489,-0.73944,-3.21382e-05,-0.739407
547.68,-0.738133,-0.853923,-0.73619,-3.1327e-05,-0.736159
547.728,-0.756637,-0.853506,-0.73293,-2.9133e-05,-0.732901
547.776,-0.770142,-0.853253,-0.729651,-2.76295e-05,-0.729623
547.824,-0.772142,-0.85316,-0.726444,-2.74134e-05,-0.726416
547.872,-0.787647,-0.853247,-0.723222,-2.57962e-05,-0.723196
547.92,-0.794645,-0.853522,-0.720024,-2.50982e-05,-0.719999
547.968,-0.81015,-0.853986,-0.716909,-2.36183e-05,-0.716885
548.016,-0.819656,-0.854664,-0.713759,-2.27551e-05,-0.713736
548.064,-0.818165,-0.855565,-0.710615,-2.28901e-05,-0.710592
548.112,-0.821656,-0.856702,-0.707476,-2.25808e-05,-0.707453
548.16,-0.865171,-0.858085,-0.704362,-1.90399e-05,-0.704343
548.208,-0.851666,-0.859731,-0.701267,-2.00781e-05,-0.701247
548.256,-0.825163,-0.861647,-0.698239,-2.22807e-05,-0.698217
548.304,-0.876677,-0.863848,-0.695194,-1.82078e-05,-0.695176
548.352,-0.890182,-0.866347,-0.692224,-1.72718e-05,-0.692207
548.4,-0.875185,-0.869162,-0.689262,-1.83222e-05,-0.689243
548.448,-0.889182,-0.872297,-0.686369,-1.73476e-05,-0.686352
548.496,-0.905687,-0.875782,-0.683418,-1.62646e-05,-0.683401
548.544,-0.938696,-0.879625,-0.680485,-1.42938e-05,-0.680471
548.592,-0.916701,-0.883831,-0.677675,-1.55867e-05,-0.67766
548.64,-0.925191,-0.888416,-0.674889,-1.50816e-05,-0.674874
548.688,-0.909194,-0.89339,-0.672186,-1.60643e-05,-0.67217
548.736,-0.915193,-0.898763,-0.669514,-1.56973e-05,-0.669498
548.784,-0.938696,-0.904551,-0.666865,-1.43214e-05,-0.666851
548.832,-0.938205,-0.910761,-0.66428,-1.43559e-05,-0.664265
548.88,-0.911194,-0.917396,-0.6618,-1.59685e-05,-0.661784
548.928,-0.896689,-0.924452,-0.659457,-1.69125e-05,-0.65944
548.976,-0.899688,-0.931945,-0.657157,-1.67244e-05,-0.65714
549.024,-0.937205,-0.939873,-0.654899,-1.44449e-05,-0.654884
549.072,-0.95271,-0.948266,-0.652529,-1.36015e-05,-0.652516
549.12,-0.925191,-0.957094,-0.650368,-1.5162e-05,-0.650352
549.168,-0.930206,-0.966365,-0.648223,-1.48773e-05,-0.648208
549.216,-0.943712,-0.976089,-0.646018,-1.41204e-05,-0.646004
549.264,-0.918192,-0.986244,-0.643962,-1.56191e-05,-0.643946
549.312,-0.924699,-0.996817,-0.642031,-1.5238e-05,-0.642016
549.36,-0.950202,-1.00781,-0.640083,-1.37993e-05,-0.64007
549.408,-0.948202,-1.01921,-0.638142,-1.39202e-05,-0.638128
549.456,-0.954709,-1.03101,-0.636256,-1.35818e-05,-0.636242
549.504,-0.981212,-1.04319,-0.634325,-1.22525e-05,-0.634312
549.552,-0.971722,-1.05574,-0.632477,-1.27294e-05,-0.632464
549.6,-0.980212,-1.06863,-0.630624,-1.23247e-05,-0.630612
549.648,-0.98272,-1.08184,-0.628803,-1.22165e-05,-0.628791
549.696,-0.999732,-1.09535,-0.626961,-1.14399e-05,-0.626949
549.744,-1.00422,-1.10914,-0.625147,-1.12521e-05,-0.625135
549.792,-1.01073,-1.12318,-0.623361,-1.09804e-05,-0.62335
549.84,-0.973213,-1.13745,-0.621639,-1.2735e-05,-0.621627
549.888,-1.01173,-1.1519,-0.61997,-1.09616e-05,-0.619959
549.936,-0.998224,-1.16652,-0.618263,-1.15708e-05,-0.618251
549.984,-1.02324,-1.18127,-0.616613,-1.05015e-05,-0.616603
550.032,-1.00322,-1.19613,-0.614981,-1.13719e-05,-0.61497
550.08,-1.03774,-1.21108,-0.613314,-9.94341e-06,-0.613304
550.128,-1.02823,-1.22607,-0.611651,-1.0333e-05,-0.611641
550.176,-1.05274,-1.24108,-0.60998,-9.39693e-06,-0.60997
550.224,-1.05125,-1.2561,-0.608298,-9.4629e-06,-0.608289
550.272,-1.05274,-1.27108,-0.606636,-9.41846e-06,-0.606626
550.32,-1.04225,-1.28599,-0.605067,-9.8252e-06,-0.605057
550.368,-1.05074,-1.30081,-0.603519,-9.51415e-06,-0.60351
550.416,-1.04974,-1.31552,-0.601968,-9.56223e-06,-0.601959
550.464,-1.03423,-1.3301,-0.600469,-1.0173e-05,-0.600458
550.512,-1.04425,-1.34451,-0.59901,-9.79193e-06,-0.599
550.56,-1.02974,-1.35875,-0.597577,-1.03764e-05,-0.597566
550.608,-0.992717,-1.37279,-0.59617,-1.20109e-05,-0.596158
550.656,-1.04874,-1.38661,-0.594718,-9.65173e-06,-0.594708
550.704,-1.02874,-1.40021,-0.593277,-1.04499e-05,-0.593266
550.752,-1.04125,-1.41357,-0.591881,-9.95978e-06,-0.591871
550.8,-1.04825,-1.42667,-0.590467,-9.69971e-06,-0.590458
550.848,-1.03423,-1.4395,-0.5891,-1.02577e-05,-0.58909
550.896,-1.05425,-1.45206,-0.587694,-9.49233e-06,-0.587684
550.944,-1.03623,-1.46433,-0.586397,-1.01966e-05,-0.586387
550.992,-1.03674,-1.4763,-0.585122,-1.01855e-05,-0.585111
551.04,-1.04325,-1.48798,-0.583808,-9.93761e-06,-0.583798
551.088,-1.07575,-1.49937,-0.582466,-8.75572e-06,-0.582457
551.136,-1.04874,-1.51045,-0.581105,-9.74234e-06,-0.581096
551.184,-1.07675,-1.52124,-0.579703,-8.7358e-06,-0.579694
551.232,-1.08026,-1.53172,-0.578257,-8.62323e-06,-0.578248
551.28,-1.04425,-1.5419,-0.576839,-9.93891e-06,-0.576829
551.328,-1.07775,-1.55178,-0.575445,-8.72158e-06,-0.575437
551.376,-1.05125,-1.56136,-0.574037,-9.68392e-06,-0.574027
551.424,-1.09476,-1.57064,-0.572629,-8.17014e-06,-0.572621
551.472,-1.09227,-1.57963,-0.571218,-8.25592e-06,-0.57121
551.52,-1.07726,-1.58833,-0.569809,-8.76237e-06,-0.5698
551.568,-1.14378,-1.59674,-0.56834,-6.75419e-06,-0.568334
551.616,-1.08476,-1.60487,-0.566977,-8.51867e-06,-0.566969
551.664,-1.11377,-1.61272,-0.565545,-7.60696e-06,-0.565538
551.712,-1.10877,-1.62031,-0.564097,-7.76197e-06,-0.564089
551.76,-1.12428,-1.62763,-0.562689,-7.308e-06,-0.562682
551.808,-1.11277,-1.63469,-0.561238,-7.64938e-06,-0.56123
551.856,-1.09927,-1.6415,-0.559815,-8.06959e-06,-0.559807
551.904,-1.11377,-1.64806,-0.558426,-7.62704e-06,-0.558419
551.952,-1.09676,-1.65438,-0.557086,-8.15718e-06,-0.557078
552,-1.08925,-1.66047,-0.555764,-8.40472e-06,-0.555755
552.048,-1.12777,-1.66632,-0.554388,-7.22943e-06,-0.554381
552.096,-1.09927,-1.67196,-0.553074,-8.08792e-06,-0.553066
552.144,-1.07726,-1.67737,-0.551858,-8.82076e-06,-0.551849
552.192,-1.08976,-1.68258,-0.550604,-8.4018e-06,-0.550595
552.24,-1.12277,-1.68758,-0.549359,-7.38424e-06,-0.549352
552.288,-1.08876,-1.69239,-0.548056,-8.44097e-06,-0.548047
552.336,-1.09676,-1.697,-0.546813,-8.18308e-06,-0.546805
552.384,-1.10527,-1.70144,-0.545564,-7.91718e-06,-0.545556
552.432,-1.08625,-1.7057,-0.544305,-8.53283e-06,-0.544297
552.48,-1.10877,-1.70979,-0.543077,-7.81385e-06,-0.543069
552.528,-1.11277,-1.71372,-0.541792,-7.69448e-06,-0.541785
552.576,-1.15429,-1.7175,-0.540401,-6.54008e-06,-0.540395
552.624,-1.1933,-1.72113,-0.538912,-5.61376e-06,-0.538906
552.672,-1.24081,-1.72463,-0.537257,-4.66047e-06,-0.537252
552.72,-1.29283,-1.72801,-0.535525,-3.80123e-06,-0.535522
552.768,-1.27182,-1.73126,-0.533749,-4.12877e-06,-0.533745
552.816,-1.31284,-1.73439,-0.531899,-3.51593e-06,-0.531896
552.864,-1.31935,-1.73741,-0.529969,-3.4281e-06,-0.529966
552.912,-1.33686,-1.74033,-0.528043,-3.20133e-06,-0.52804
552.96,-1.31935,-1.74313,-0.526128,-3.42956e-06,-0.526124
553.008,-1.32535,-1.74584,-0.524232,-3.35048e-06,-0.524229
553.056,-1.31584,-1.74845,-0.522359,-3.47843e-06,-0.522355
553.104,-1.34485,-1.75096,-0.520518,-3.1049e-06,-0.520515
553.152,-1.34685,-1.75339,-0.518636,-3.0812e-06,-0.518633
553.2,-1.31835,-1.75572,-0.51684,-3.44624e-06,-0.516837
553.248,-1.31835,-1.75797,-0.515058,-3.44681e-06,-0.515054
553.296,-1.29383,-1.76014,-0.513387,-3.79537e-06,-0.513384
553.344,-1.32835,-1.76223,-0.511655,-3.3153e-06,-0.511651
553.392,-1.34585,-1.76424,-0.509961,-3.09578e-06,-0.509958
553.44,-1.31484,-1.76617,-0.508298,-3.49668e-06,-0.508294
553.488,-1.31284,-1.76804,-0.50674,-3.52469e-06,-0.506736
553.536,-1.32184,-1.76983,-0.505186,-3.40292e-06,-0.505183
553.584,-1.30485,-1.77155,-0.503703,-3.63796e-06,-0.5037
553.632,-1.25882,-1.77321,-0.502335,-4.3582e-06,-0.502331
553.68,-1.28033,-1.7748,-0.500997,-4.00617e-06,-0.500993
553.728,-1.26233,-1.77632,-0.499695,-4.29965e-06,-0.499691
553.776,-1.26533,-1.77779,-0.498383,-4.24982e-06,-0.498378
553.824,-1.25332,-1.7792,-0.497098,-4.45534e-06,-0.497094
553.872,-1.26482,-1.78056,-0.495796,-4.25917e-06,-0.495792
553.92,-1.24332,-1.78186,-0.494639,-4.63443e-06,-0.494634
553.968,-1.23632,-1.78311,-0.493502,-4.76385e-06,-0.493497
554.016,-1.23981,-1.78431,-0.492407,-4.69948e-06,-0.492402
554.064,-1.2323,-1.78546,-0.491312,-4.84031e-06,-0.491307
554.112,-1.2323,-1.78656,-0.49026,-4.8407e-06,-0.490255
554.16,-1.24883,-1.78762,-0.489175,-4.53733e-06,-0.48917
554.208,-1.28433,-1.78864,-0.487999,-3.94785e-06,-0.487995
554.256,-1.30434,-1.78963,-0.486653,-3.65009e-06,-0.486649
554.304,-1.38388,-1.7906,-0.485176,-2.67205e-06,-0.485173
554.352,-1.39288,-1.79154,-0.483691,-2.57956e-06,-0.483688
554.4,-1.38888,-1.79246,-0.482166,-2.62052e-06,-0.482163
554.448,-1.4419,-1.79335,-0.48051,-2.12862e-06,-0.480508
554.496,-1.4419,-1.79423,-0.4788,-2.12876e-06,-0.478798
554.544,-1.4704,-1.79509,-0.477055,-1.90372e-06,-0.477054
554.592,-1.45139,-1.79592,-0.475355,-2.05124e-06,-0.475353
554.64,-1.43939,-1.79674,-0.473731,-2.1502e-06,-0.473729
554.688,-1.47991,-1.79753,-0.472105,-1.83437e-06,-0.472104
554.736,-1.4419,-1.7983,-0.4705,-2.1294e-06,-0.470498
554.784,-1.43588,-1.79906,-0.468902,-2.18035e-06,-0.4689
554.832,-1.4579,-1.7998,-0.467313,-2.00012e-06,-0.467311
554.88,-1.42338,-1.80051,-0.465803,-2.29021e-06,-0.465801
554.928,-1.42989,-1.80122,-0.464277,-2.23262e-06,-0.464275
554.976,-1.43688,-1.8019,-0.462841,-2.17227e-06,-0.462839
555.024,-1.43188,-1.80256,-0.461387,-2.21539e-06,-0.461385
555.072,-1.43788,-1.80321,-0.459983,-2.16398e-06,-0.45998
555.12,-1.42739,-1.80383,-0.458612,-2.25497e-06,-0.45861
555.168,-1.41589,-1.80444,-0.457305,-2.35918e-06,-0.457302
555.216,-1.37237,-1.80503,-0.45604,-2.79836e-06,-0.456037
555.264,-1.36236,-1.8056,-0.454862,-2.91059e-06,-0.45486
555.312,-1.34436,-1.80615,-0.453788,-3.12358e-06,-0.453785
555.36,-1.37337,-1.80668,-0.452681,-2.78775e-06,-0.452678
555.408,-1.34336,-1.8072,-0.451618,-3.1361e-06,-0.451614
555.456,-1.38437,-1.80769,-0.450532,-2.67025e-06,-0.45053
555.504,-1.32786,-1.80817,-0.449546,-3.33298e-06,-0.449542
555.552,-1.34436,-1.80863,-0.448645,-3.12415e-06,-0.448642
555.6,-1.32384,-1.80907,-0.447738,-3.38611e-06,-0.447735
555.648,-1.34385,-1.8095,-0.446855,-3.13059e-06,-0.446852
555.696,-1.31484,-1.8099,-0.446013,-3.50796e-06,-0.44601
555.744,-1.31085,-1.81029,-0.445236,-3.56353e-06,-0.445232
555.792,-1.32435,-1.81067,-0.444416,-3.37977e-06,-0.444412
555.84,-1.31234,-1.81103,-0.443561,-3.54293e-06,-0.443558
555.888,-1.29985,-1.81138,-0.442775,-3.7209e-06,-0.442772
555.936,-1.29934,-1.81171,-0.442032,-3.72842e-06,-0.442028
555.984,-1.32986,-1.81202,-0.441293,-3.30788e-06,-0.44129
556.032,-1.37886,-1.81234,-0.440426,-2.72949e-06,-0.440424
556.08,-1.4429,-1.81265,-0.439375,-2.1233e-06,-0.439373
556.128,-1.4644,-1.81296,-0.438211,-1.95161e-06,-0.438209
556.176,-1.48691,-1.81327,-0.436958,-1.78677e-06,-0.436956
556.224,-1.4949,-1.81358,-0.435649,-1.73163e-06,-0.435647
556.272,-1.4929,-1.81389,-0.434332,-1.7453e-06,-0.434331
556.32,-1.53593,-1.8142,-0.43299,-1.47432e-06,-0.432989
556.368,-1.53393,-1.81452,-0.431636,-1.48597e-06,-0.431635
556.416,-1.54493,-1.81483,-0.430234,-1.42326e-06,-0.430233
556.464,-1.55343,-1.81514,-0.428853,-1.37659e-06,-0.428852
556.512,-1.53142,-1.81545,-0.427507,-1.50076e-06,-0.427505
556.56,-1.54143,-1.81576,-0.426173,-1.44298e-06,-0.426171
556.608,-1.52742,-1.81607,-0.424862,-1.52455e-06,-0.42486
556.656,-1.50892,-1.81637,-0.42368,-1.63935e-06,-0.423679
556.704,-1.50292,-1.81666,-0.422509,-1.67842e-06,-0.422508
556.752,-1.52893,-1.81695,-0.421364,-1.51566e-06,-0.421362
556.8,-1.49341,-1.81724,-0.420257,-1.74225e-06,-0.420255
556.848,-1.50341,-1.81751,-0.419213,-1.67529e-06,-0.419211
556.896,-1.47491,-1.81778,-0.418227,-1.87348e-06,-0.418225
556.944,-1.43588,-1.81804,-0.417295,-2.1834e-06,-0.417292
556.992,-1.42189,-1.81829,-0.416481,-2.30666e-06,-0.416479
557.04,-1.4419,-1.81853,-0.415632,-2.13257e-06,-0.41563
557.088,-1.44439,-1.81876,-0.414786,-2.11186e-06,-0.414784
557.136,-1.43739,-1.81899,-0.414015,-2.17067e-06,-0.414013
557.184,-1.41038,-1.8192,-0.413297,-2.4133e-06,-0.413295
557.232,-1.39738,-1.8194,-0.412623,-2.53956e-06,-0.412621
557.28,-1.39637,-1.81959,-0.411982,-2.54974e-06,-0.41198
557.328,-1.36736,-1.81977,-0.411411,-2.85705e-06,-0.411408
557.376,-1.37286,-1.81994,-0.410878,-2.79603e-06,-0.410876
557.424,-1.39237,-1.8201,-0.410359,-2.59014e-06,-0.410356
557.472,-1.39237,-1.82025,-0.409775,-2.59017e-06,-0.409773
557.52,-1.37986,-1.8204,-0.409242,-2.72042e-06,-0.409239
557.568,-1.38488,-1.82053,-0.408733,-2.66745e-06,-0.408731
557.616,-1.35136,-1.82066,-0.408219,-3.04225e-06,-0.408216
557.664,-1.36787,-1.82077,-0.407744,-2.85157e-06,-0.407742
557.712,-1.38086,-1.82088,-0.407283,-2.70987e-06,-0.407281
557.76,-1.35987,-1.82098,-0.406818,-2.94249e-06,-0.406815
557.808,-1.36087,-1.82107,-0.406343,-2.931e-06,-0.40634
557.856,-1.32735,-1.82116,-0.40592,-3.34281e-06,-0.405917
557.904,-1.37986,-1.82123,-0.405455,-2.72059e-06,-0.405453
557.952,-1.38086,-1.82131,-0.404964,-2.70995e-06,-0.404962
558,-1.38137,-1.82138,-0.40441,-2.70457e-06,-0.404407
558.048,-1.43688,-1.82145,-0.403773,-2.1754e-06,-0.403771
558.096,-1.49041,-1.82153,-0.402976,-1.76343e-06,-0.402974
558.144,-1.50492,-1.82161,-0.402092,-1.66591e-06,-0.40209
558.192,-1.56945,-1.82171,-0.401111,-1.29341e-06,-0.40111
558.24,-1.53393,-1.8218,-0.400082,-1.48676e-06,-0.400081
558.288,-1.54293,-1.8219,-0.399078,-1.43522e-06,-0.399076
558.336,-1.53993,-1.822,-0.398118,-1.45221e-06,-0.398117
558.384,-1.55043,-1.8221,-0.397157,-1.3936e-06,-0.397155
558.432,-1.53193,-1.82221,-0.396179,-1.49851e-06,-0.396178
558.48,-1.53744,-1.82232,-0.395248,-1.4665e-06,-0.395247
558.528,-1.53193,-1.82242,-0.39438,-1.49854e-06,-0.394378
558.576,-1.51991,-1.82252,-0.393538,-1.57085e-06,-0.393537
558.624,-1.51892,-1.82263,-0.392696,-1.57704e-06,-0.392694
558.672,-1.50141,-1.82273,-0.391908,-1.68913e-06,-0.391906
558.72,-1.51192,-1.82282,-0.391193,-1.62095e-06,-0.391191
558.768,-1.52042,-1.82291,-0.390454,-1.56777e-06,-0.390452
558.816,-1.47991,-1.823,-0.389814,-1.83781e-06,-0.389812
558.864,-1.46389,-1.82308,-0.389207,-1.95695e-06,-0.389205
558.912,-1.47391,-1.82316,-0.388596,-1.88159e-06,-0.388594
558.96,-1.4644,-1.82324,-0.38803,-1.95308e-06,-0.388029
559.008,-1.4734,-1.8233,-0.387454,-1.88536e-06,-0.387452
559.056,-1.47391,-1.82337,-0.386881,-1.88162e-06,-0.386879
559.104,-1.44839,-1.82343,-0.386385,-2.07971e-06,-0.386383
559.152,-1.4704,-1.82348,-0.385909,-1.9077e-06,-0.385907
559.2,-1.41138,-1.82353,-0.385483,-2.40462e-06,-0.385481
559.248,-1.48241,-1.82357,-0.385026,-1.8199e-06,-0.385024
559.296,-1.44039,-1.82361,-0.384565,-2.14602e-06,-0.384563
559.344,-1.44139,-1.82364,-0.384123,-2.13762e-06,-0.384121
559.392,-1.47391,-1.82367,-0.383661,-1.88166e-06,-0.383659
559.44,-1.43388,-1.82369,-0.383284,-2.20151e-06,-0.383282
559.488,-1.4559,-1.82371,-0.382929,-2.01941e-06,-0.382927
559.536,-1.42739,-1.82372,-0.382515,-2.25827e-06,-0.382513
559.584,-1.4549,-1.82373,-0.382093,-2.02735e-06,-0.382091
559.632,-1.43288,-1.82374,-0.381734,-2.21016e-06,-0.381732
559.68,-1.43688,-1.82374,-0.381367,-2.17577e-06,-0.381365
559.728,-1.46791,-1.82373,-0.381015,-1.92647e-06,-0.381013
559.776,-1.41389,-1.82372,-0.380715,-2.38112e-06,-0.380713
559.824,-1.42538,-1.82371,-0.380397,-2.2762e-06,-0.380395
559.872,-1.43388,-1.82368,-0.380102,-2.20151e-06,-0.3801
559.92,-1.42739,-1.82366,-0.379768,-2.25827e-06,-0.379765
559.968,-1.41889,-1.82363,-0.379496,-2.33488e-06,-0.379493
