t,v_pre,v_post,i,i_fast,i_slow
0,-0.670099,-1.70186,0.404155,2.33665e-05,0.404132
0.048,-0.652594,-1.70181,0.404371,2.50402e-05,0.404346
0.096,-0.664608,-1.70175,0.404551,2.38793e-05,0.404527
0.144,-0.654594,-1.7017,0.404735,2.48433e-05,0.40471
0.192,-0.634598,-1.70164,0.404957,2.6886e-05,0.40493
0.24,-0.674098,-1.70158,0.405131,2.30007e-05,0.405108
0.288,-0.618077,-1.70153,0.405367,2.87001e-05,0.405338
0.336,-0.634598,-1.70147,0.40556,2.68864e-05,0.405533
0.384,-0.669607,-1.7014,0.405733,2.34128e-05,0.40571
0.432,-0.607079,-1.70134,0.405964,2.99752e-05,0.405934
0.48,-0.608571,-1.70128,0.406199,2.97992e-05,0.40617
0.528,-0.647087,-1.70122,0.406451,2.55922e-05,0.406426
0.576,-0.644596,-1.70116,0.406689,2.58455e-05,0.406663
0.624,-0.628091,-1.7011,0.406901,2.75874e-05,0.406874
0.672,-0.639597,-1.70104,0.407097,2.63614e-05,0.40707
0.72,-0.652594,-1.70097,0.407248,2.50418e-05,0.407223
0.768,-0.628583,-1.7009,0.40744,2.75343e-05,0.407412
0.816,-0.611078,-1.70083,0.407612,2.95064e-05,0.407582
0.864,-0.636089,-1.70076,0.407768,2.67298e-05,0.407741
0.912,-0.63509,-1.70069,0.407936,2.68358e-05,0.407909
0.96,-0.641596,-1.70061,0.408086,2.61547e-05,0.40806
1.008,-0.637089,-1.70054,0.408238,2.66249e-05,0.408212
1.056,-0.645596,-1.70046,0.408418,2.5745e-05,0.408392
1.104,-0.617585,-1.70039,0.408588,2.87584e-05,0.408559
1.152,-0.648087,-1.70031,0.408762,2.54931e-05,0.408737
1.2,-0.643596,-1.70023,0.408943,2.59497e-05,0.408917
1.248,-0.651103,-1.70015,0.409088,2.51914e-05,0.409063
1.296,-0.682112,-1.70006,0.409188,2.22862e-05,0.409165
1.344,-0.645088,-1.69998,0.409297,2.57977e-05,0.409271
1.392,-0.649595,-1.69989,0.409385,2.53424e-05,0.409359
1.44,-0.643596,-1.69979,0.409478,2.59505e-05,0.409452
1.488,-0.622076,-1.6997,0.409632,2.8254e-05,0.409603
1.536,-0.671606,-1.69961,0.409752,2.32317e-05,0.409728
1.584,-0.625584,-1.69951,0.409869,2.78655e-05,0.409841
1.632,-0.631091,-1.69942,0.410033,2.72659e-05,0.410005
1.68,-0.617585,-1.69933,0.410219,2.87607e-05,0.410191
1.728,-0.608079,-1.69923,0.410368,2.98618e-05,0.410339
1.776,-0.622076,-1.69914,0.410546,2.82553e-05,0.410518
1.824,-0.641088,-1.69904,0.410676,2.62105e-05,0.410649
1.872,-0.597082,-1.69894,0.410836,3.11888e-05,0.410805
1.92,-0.588067,-1.69885,0.411058,3.232e-05,0.411026
1.968,-0.633582,-1.69876,0.41126,2.70002e-05,0.411233
2.016,-0.577069,-1.69866,0.411457,3.3756e-05,0.411423
2.064,-0.595082,-1.69857,0.41167,3.14372e-05,0.411638
2.112,-0.588575,-1.69848,0.411894,3.22561e-05,0.411861
2.16,-0.598081,-1.69839,0.41213,3.10672e-05,0.412099
2.208,-0.591066,-1.6983,0.412342,3.19406e-05,0.41231
2.256,-0.596573,-1.69821,0.412549,3.12533e-05,0.412518
2.304,-0.624584,-1.69812,0.412701,2.79788e-05,0.412673
2.352,-0.612586,-1.69803,0.412874,2.93374e-05,0.412845
2.4,-0.600081,-1.69793,0.413057,3.08238e-05,0.413026
2.448,-0.608079,-1.69784,0.413232,2.9865e-05,0.413203
2.496,-0.622076,-1.69775,0.41338,2.82583e-05,0.413352
2.544,-0.627583,-1.69765,0.413493,2.76502e-05,0.413465
2.592,-0.612078,-1.69755,0.413623,2.93974e-05,0.413593
2.64,-0.609587,-1.69745,0.413758,2.96885e-05,0.413729
2.688,-0.630582,-1.69735,0.413846,2.7325e-05,0.413819
2.736,-0.645596,-1.69725,0.413927,2.57513e-05,0.413901
2.784,-0.649103,-1.69714,0.413981,2.53971e-05,0.413955
2.832,-0.624584,-1.69703,0.414064,2.79812e-05,0.414036
2.88,-0.652102,-1.69692,0.414157,2.50982e-05,0.414132
2.928,-0.631091,-1.69681,0.414232,2.72714e-05,0.414205
2.976,-0.660592,-1.6967,0.414284,2.42706e-05,0.41426
3.024,-0.669607,-1.69658,0.414338,2.34214e-05,0.414315
3.072,-0.647087,-1.69646,0.414403,2.56015e-05,0.414377
3.12,-0.644088,-1.69634,0.414473,2.5907e-05,0.414447
3.168,-0.63209,-1.69622,0.414587,2.7165e-05,0.41456
3.216,-0.608571,-1.69611,0.414759,2.9811e-05,0.414729
3.264,-0.608571,-1.69599,0.414936,2.98113e-05,0.414906
3.312,-0.60508,-1.69588,0.415105,3.02256e-05,0.415075
3.36,-0.596082,-1.69577,0.415268,3.13199e-05,0.415237
3.408,-0.573562,-1.69565,0.415437,3.4235e-05,0.415403
3.456,-0.585068,-1.69554,0.415612,3.27137e-05,0.415579
3.504,-0.584576,-1.69543,0.415808,3.27776e-05,0.415775
3.552,-0.593066,-1.69532,0.415964,3.16965e-05,0.415932
3.6,-0.585576,-1.69521,0.416153,3.26489e-05,0.41612
3.648,-0.596573,-1.6951,0.416314,3.12607e-05,0.416283
3.696,-0.594082,-1.69499,0.416498,3.15703e-05,0.416466
3.744,-0.607571,-1.69488,0.416683,2.99318e-05,0.416653
3.792,-0.561056,-1.69478,0.416899,3.59716e-05,0.416863
3.84,-0.569071,-1.69467,0.417106,3.48505e-05,0.417071
3.888,-0.570563,-1.69456,0.417295,3.4646e-05,0.41726
3.936,-0.615586,-1.69446,0.417451,2.89997e-05,0.417422
3.984,-0.582068,-1.69435,0.417628,3.31067e-05,0.417595
4.032,-0.600081,-1.69425,0.417775,3.08325e-05,0.417744
4.08,-0.587575,-1.69414,0.417908,3.23946e-05,0.417876
4.128,-0.623076,-1.69403,0.418003,2.81549e-05,0.417974
4.176,-0.608079,-1.69391,0.418099,2.9874e-05,0.418069
4.224,-0.614586,-1.6938,0.418215,2.91159e-05,0.418186
4.272,-0.607079,-1.69369,0.418308,2.99928e-05,0.418278
4.32,-0.60208,-1.69357,0.418389,3.05914e-05,0.418359
4.368,-0.610587,-1.69346,0.418485,2.95805e-05,0.418456
4.416,-0.611078,-1.69334,0.418593,2.95233e-05,0.418563
4.464,-0.63209,-1.69322,0.41865,2.71713e-05,0.418623
4.512,-0.637597,-1.6931,0.41869,2.65866e-05,0.418663
4.56,-0.621093,-1.69297,0.418752,2.83787e-05,0.418724
4.608,-0.627583,-1.69285,0.418841,2.76603e-05,0.418813
4.656,-0.617077,-1.69272,0.418876,2.88331e-05,0.418847
4.704,-0.630091,-1.69259,0.418936,2.73881e-05,0.418908
4.752,-0.609587,-1.69247,0.41905,2.96998e-05,0.41902
4.8,-0.648087,-1.69234,0.419116,2.55086e-05,0.419091
4.848,-0.564056,-1.69221,0.419257,3.55547e-05,0.419222
4.896,-0.567563,-1.69209,0.419442,3.50657e-05,0.419407
4.944,-0.585068,-1.69197,0.419599,3.27226e-05,0.419566
4.992,-0.616585,-1.69184,0.419713,2.88911e-05,0.419684
5.04,-0.609079,-1.69172,0.419835,2.97612e-05,0.419806
5.088,-0.576561,-1.6916,0.419984,3.38421e-05,0.419951
5.136,-0.581577,-1.69147,0.420132,3.31784e-05,0.420099
5.184,-0.559057,-1.69135,0.420309,3.62664e-05,0.420272
5.232,-0.567563,-1.69123,0.420473,3.5068e-05,0.420438
5.28,-0.529047,-1.69111,0.420671,4.08328e-05,0.42063
5.328,-0.564564,-1.691,0.420872,3.54867e-05,0.420836
5.376,-0.558565,-1.69088,0.421019,3.63382e-05,0.420983
5.424,-0.582068,-1.69076,0.421148,3.31158e-05,0.421115
5.472,-0.571071,-1.69064,0.421306,3.45869e-05,0.421271
5.52,-0.560565,-1.69053,0.421445,3.60532e-05,0.421409
5.568,-0.57407,-1.69041,0.421576,3.418e-05,0.421542
5.616,-0.623584,-1.69028,0.421626,2.81065e-05,0.421598
5.664,-0.583068,-1.69016,0.421703,3.29868e-05,0.42167
5.712,-0.588067,-1.69004,0.421795,3.23419e-05,0.421763
5.76,-0.598573,-1.68991,0.42187,3.1027e-05,0.421839
5.808,-0.589575,-1.68979,0.421991,3.21504e-05,0.421958
5.856,-0.599573,-1.68966,0.422114,3.09053e-05,0.422084
5.904,-0.595082,-1.68954,0.422196,3.14589e-05,0.422165
5.952,-0.559565,-1.68941,0.422336,3.6199e-05,0.422299
6,-0.587067,-1.68929,0.422436,3.24718e-05,0.422404
6.048,-0.592574,-1.68916,0.422486,3.17731e-05,0.422455
6.096,-0.608571,-1.68903,0.422514,2.98272e-05,0.422484
6.144,-0.608571,-1.6889,0.422551,2.98275e-05,0.422521
6.192,-0.57407,-1.68876,0.422625,3.41843e-05,0.422591
6.24,-0.577069,-1.68863,0.422756,3.37819e-05,0.422723
6.288,-0.599573,-1.6885,0.422842,3.0908e-05,0.422812
6.336,-0.562056,-1.68837,0.422949,3.58473e-05,0.422913
6.384,-0.570071,-1.68824,0.423044,3.47302e-05,0.423009
6.432,-0.580069,-1.68811,0.42316,3.33853e-05,0.423127
6.48,-0.552058,-1.68798,0.423303,3.72929e-05,0.423265
6.528,-0.550059,-1.68785,0.423483,3.75891e-05,0.423445
6.576,-0.556058,-1.68772,0.423642,3.6709e-05,0.423606
6.624,-0.573562,-1.6876,0.423788,3.42561e-05,0.423753
6.672,-0.541061,-1.68747,0.423902,3.89507e-05,0.423863
6.72,-0.54606,-1.68734,0.424045,3.81892e-05,0.424007
6.768,-0.580069,-1.68721,0.424159,3.33876e-05,0.424126
6.816,-0.566055,-1.68709,0.424282,3.52888e-05,0.424246
6.864,-0.548551,-1.68696,0.424446,3.78163e-05,0.424408
6.912,-0.527047,-1.68684,0.424622,4.11702e-05,0.424581
6.96,-0.551059,-1.68672,0.424805,3.74441e-05,0.424767
7.008,-0.561565,-1.68659,0.424941,3.59219e-05,0.424905
7.056,-0.532046,-1.68647,0.425086,4.03661e-05,0.425046
7.104,-0.556566,-1.68635,0.425207,3.66392e-05,0.425171
7.152,-0.560057,-1.68623,0.425334,3.61376e-05,0.425298
7.2,-0.57307,-1.6861,0.425447,3.43267e-05,0.425412
7.248,-0.562056,-1.68598,0.425529,3.58539e-05,0.425493
7.296,-0.586067,-1.68585,0.425603,3.26089e-05,0.425571
7.344,-0.572562,-1.68572,0.42566,3.43966e-05,0.425626
7.392,-0.581069,-1.68559,0.425723,3.32601e-05,0.42569
7.44,-0.580577,-1.68546,0.425787,3.33251e-05,0.425754
7.488,-0.607079,-1.68532,0.425789,3.0012e-05,0.425759
7.536,-0.570071,-1.68519,0.425856,3.47383e-05,0.425822
7.584,-0.590067,-1.68505,0.425924,3.20996e-05,0.425892
7.632,-0.589067,-1.68491,0.425954,3.2227e-05,0.425922
7.68,-0.60408,-1.68477,0.425967,3.03711e-05,0.425937
7.728,-0.591574,-1.68463,0.425971,3.19099e-05,0.42594
7.776,-0.587067,-1.68449,0.426023,3.24837e-05,0.42599
7.824,-0.578561,-1.68434,0.426042,3.35945e-05,0.426008
7.872,-0.584068,-1.6842,0.426126,3.28717e-05,0.426093
7.92,-0.579069,-1.68406,0.426225,3.35278e-05,0.426192
7.968,-0.586576,-1.68392,0.426285,3.25483e-05,0.426253
8.016,-0.542061,-1.68378,0.426392,3.88081e-05,0.426354
8.064,-0.557565,-1.68363,0.426484,3.65023e-05,0.426448
8.112,-0.596573,-1.68349,0.42654,3.12885e-05,0.426509
8.16,-0.551059,-1.68335,0.426646,3.74538e-05,0.426609
8.208,-0.55255,-1.68321,0.426747,3.72341e-05,0.42671
8.256,-0.579577,-1.68306,0.426801,3.34631e-05,0.426768
8.304,-0.565564,-1.68292,0.426934,3.53687e-05,0.426899
8.352,-0.57307,-1.68278,0.427024,3.43354e-05,0.42699
8.4,-0.550551,-1.68264,0.427164,3.75311e-05,0.427127
8.448,-0.559565,-1.6825,0.427273,3.62182e-05,0.427237
8.496,-0.547551,-1.68236,0.42739,3.79793e-05,0.427352
8.544,-0.558565,-1.68222,0.427505,3.63623e-05,0.427468
8.592,-0.558057,-1.68208,0.427652,3.64358e-05,0.427616
8.64,-0.550059,-1.68195,0.427779,3.76061e-05,0.427741
8.688,-0.55255,-1.68181,0.427881,3.72381e-05,0.427844
8.736,-0.559565,-1.68167,0.427993,3.62205e-05,0.427957
8.784,-0.554566,-1.68154,0.428096,3.69434e-05,0.428059
8.832,-0.565056,-1.68139,0.428136,3.54439e-05,0.4281
8.88,-0.57607,-1.68125,0.428196,3.39348e-05,0.428162
8.928,-0.571071,-1.68111,0.42824,3.46122e-05,0.428206
8.976,-0.564056,-1.68097,0.42831,3.55853e-05,0.428274
9.024,-0.543552,-1.68083,0.428395,3.85888e-05,0.428356
9.072,-0.571562,-1.68068,0.428442,3.45461e-05,0.428407
9.12,-0.565564,-1.68054,0.428488,3.53751e-05,0.428453
9.168,-0.582576,-1.68039,0.428542,3.30756e-05,0.428509
9.216,-0.549551,-1.68025,0.428594,3.76865e-05,0.428556
9.264,-0.551567,-1.6801,0.428642,3.7388e-05,0.428604
9.312,-0.581069,-1.67995,0.428663,3.32744e-05,0.42863
9.36,-0.601081,-1.6798,0.428671,3.07449e-05,0.42864
9.408,-0.562564,-1.67965,0.428717,3.57993e-05,0.428681
9.456,-0.563564,-1.6795,0.428766,3.56586e-05,0.428731
9.504,-0.560565,-1.67935,0.428836,3.60841e-05,0.4288
9.552,-0.582576,-1.67919,0.428882,3.30787e-05,0.428849
9.6,-0.57307,-1.67904,0.428957,3.43452e-05,0.428922
9.648,-0.571071,-1.67889,0.429011,3.4618e-05,0.428977
9.696,-0.538553,-1.67874,0.42912,3.93648e-05,0.42908
9.744,-0.534046,-1.67859,0.429228,4.00726e-05,0.429188
9.792,-0.51705,-1.67845,0.429387,4.28565e-05,0.429344
9.84,-0.542552,-1.6783,0.429495,3.8749e-05,0.429457
9.888,-0.526556,-1.67816,0.429647,4.12776e-05,0.429606
9.936,-0.521049,-1.67802,0.429796,4.21861e-05,0.429754
9.984,-0.533046,-1.67788,0.429932,4.02334e-05,0.429892
10.032,-0.507035,-1.67774,0.430068,4.45887e-05,0.430024
10.08,-0.527047,-1.6776,0.430205,4.11993e-05,0.430164
10.128,-0.49553,-1.67746,0.430366,4.66634e-05,0.43032
10.176,-0.515542,-1.67732,0.430538,4.31163e-05,0.430495
10.224,-0.502545,-1.67719,0.430696,4.53888e-05,0.430651
10.272,-0.561565,-1.67706,0.43081,3.59481e-05,0.430774
10.32,-0.509035,-1.67692,0.430935,4.42406e-05,0.43089
10.368,-0.54506,-1.67678,0.431038,3.83714e-05,0.431
10.416,-0.54506,-1.67665,0.431119,3.83718e-05,0.431081
10.464,-0.563564,-1.67651,0.431167,3.56667e-05,0.431131
10.512,-0.531047,-1.67637,0.431199,4.05572e-05,0.431158
10.56,-0.539553,-1.67623,0.431261,3.92172e-05,0.431222
10.608,-0.557565,-1.67609,0.431339,3.65234e-05,0.431303
10.656,-0.551059,-1.67594,0.43139,3.7475e-05,0.431352
10.704,-0.584068,-1.6758,0.431385,3.28928e-05,0.431352
10.752,-0.554058,-1.67565,0.431402,3.70343e-05,0.431365
10.8,-0.57507,-1.6755,0.431434,3.40841e-05,0.4314
10.848,-0.565056,-1.67535,0.431468,3.54603e-05,0.431432
10.896,-0.556058,-1.6752,0.431503,3.67441e-05,0.431466
10.944,-0.560057,-1.67505,0.431509,3.61685e-05,0.431473
10.992,-0.570071,-1.6749,0.431527,3.47657e-05,0.431493
11.04,-0.568071,-1.67475,0.431544,3.50419e-05,0.431509
11.088,-0.54306,-1.67459,0.431592,3.86822e-05,0.431553
11.136,-0.54606,-1.67444,0.43165,3.8227e-05,0.431611
11.184,-0.521049,-1.67428,0.431698,4.21981e-05,0.431656
11.232,-0.517541,-1.67413,0.431795,4.27875e-05,0.431752
11.28,-0.511051,-1.67398,0.431932,4.38994e-05,0.431888
11.328,-0.51305,-1.67384,0.432062,4.35545e-05,0.432018
11.376,-0.511051,-1.67369,0.43217,4.39004e-05,0.432126
11.424,-0.534046,-1.67354,0.432254,4.00881e-05,0.432214
11.472,-0.51405,-1.67339,0.432366,4.33842e-05,0.432322
11.52,-0.49553,-1.67325,0.432508,4.66784e-05,0.432461
11.568,-0.507543,-1.67311,0.432647,4.4515e-05,0.432603
11.616,-0.504036,-1.67296,0.432781,4.51367e-05,0.432736
11.664,-0.504544,-1.67282,0.432932,4.50467e-05,0.432887
11.712,-0.520049,-1.67268,0.433036,4.23704e-05,0.432994
11.76,-0.524556,-1.67254,0.433136,4.16229e-05,0.433094
11.808,-0.531555,-1.6724,0.433237,4.04882e-05,0.433196
11.856,-0.52354,-1.67226,0.433343,4.17913e-05,0.433301
11.904,-0.519541,-1.67212,0.433453,4.24573e-05,0.433411
11.952,-0.562564,-1.67198,0.433541,3.58203e-05,0.433505
12,-0.523048,-1.67183,0.433636,4.18739e-05,0.433594
12.048,-0.558057,-1.67169,0.433669,3.64648e-05,0.433632
12.096,-0.530555,-1.67155,0.433751,4.06511e-05,0.43371
12.144,-0.562056,-1.6714,0.433775,3.58939e-05,0.433739
12.192,-0.502545,-1.67126,0.433874,4.54094e-05,0.433829
12.24,-0.517541,-1.67111,0.433959,4.27974e-05,0.433916
12.288,-0.542552,-1.67097,0.434005,3.87707e-05,0.433966
12.336,-0.548059,-1.67082,0.434012,3.79366e-05,0.433974
12.384,-0.54506,-1.67067,0.434071,3.83893e-05,0.434033
12.432,-0.577561,-1.67052,0.43405,3.37631e-05,0.434017
12.48,-0.559057,-1.67037,0.434084,3.63247e-05,0.434048
12.528,-0.577069,-1.67021,0.434106,3.38296e-05,0.434072
12.576,-0.52354,-1.67006,0.434149,4.17983e-05,0.434107
12.624,-0.538553,-1.66991,0.434203,3.93914e-05,0.434163
12.672,-0.530555,-1.66976,0.434257,4.06566e-05,0.434216
12.72,-0.505544,-1.6696,0.434349,4.48801e-05,0.434305
12.768,-0.517541,-1.66946,0.434465,4.28028e-05,0.434422
12.816,-0.509035,-1.6693,0.434547,4.42663e-05,0.434503
12.864,-0.49253,-1.66916,0.434687,4.72497e-05,0.43464
12.912,-0.51605,-1.66901,0.434781,4.30573e-05,0.434738
12.96,-0.503036,-1.66886,0.434904,4.53296e-05,0.434858
13.008,-0.527047,-1.66872,0.434987,4.12273e-05,0.434946
13.056,-0.49453,-1.66857,0.435092,4.688e-05,0.435045
13.104,-0.457521,-1.66843,0.435263,5.42616e-05,0.435209
13.152,-0.503544,-1.66829,0.435412,4.52406e-05,0.435367
13.2,-0.475026,-1.66815,0.435584,5.06369e-05,0.435533
13.248,-0.487531,-1.66801,0.435749,4.81964e-05,0.4357
13.296,-0.494038,-1.66788,0.435909,4.69736e-05,0.435862
13.344,-0.484024,-1.66774,0.436086,4.88699e-05,0.436037
13.392,-0.488531,-1.66761,0.436236,4.80078e-05,0.436188
13.44,-0.480025,-1.66748,0.436411,4.96492e-05,0.436361
13.488,-0.478533,-1.66735,0.436555,4.99431e-05,0.436505
13.536,-0.497529,-1.66722,0.436686,4.63325e-05,0.43664
13.584,-0.504544,-1.66709,0.436799,4.50664e-05,0.436754
13.632,-0.516542,-1.66695,0.436869,4.29805e-05,0.436826
13.68,-0.499545,-1.66682,0.436925,4.59663e-05,0.436879
13.728,-0.520541,-1.66668,0.436951,4.23075e-05,0.436908
13.776,-0.510051,-1.66654,0.437011,4.40983e-05,0.436967
13.824,-0.507035,-1.6664,0.437095,4.46273e-05,0.43705
13.872,-0.549551,-1.66626,0.437129,3.77269e-05,0.437091
13.92,-0.54306,-1.66612,0.43714,3.87073e-05,0.437101
13.968,-0.499545,-1.66598,0.437226,4.59693e-05,0.43718
14.016,-0.553058,-1.66584,0.437285,3.72088e-05,0.437248
14.064,-0.503544,-1.6657,0.437382,4.52496e-05,0.437336
14.112,-0.499037,-1.66555,0.437414,4.60631e-05,0.437368
14.16,-0.514542,-1.66541,0.437427,4.33265e-05,0.437384
14.208,-0.489039,-1.66527,0.437542,4.79202e-05,0.437494
14.256,-0.489039,-1.66512,0.437656,4.79207e-05,0.437608
14.304,-0.533046,-1.66498,0.437716,4.02731e-05,0.437676
14.352,-0.507035,-1.66484,0.437779,4.46327e-05,0.437734
14.4,-0.501037,-1.66469,0.437844,4.57037e-05,0.437798
14.448,-0.482532,-1.66455,0.437965,4.91707e-05,0.437916
14.496,-0.493038,-1.66441,0.438062,4.7172e-05,0.438015
14.544,-0.472535,-1.66427,0.438183,5.1153e-05,0.438132
14.592,-0.500037,-1.66413,0.438292,4.58865e-05,0.438246
14.64,-0.482532,-1.66399,0.438378,4.91729e-05,0.438328
14.688,-0.470027,-1.66385,0.438499,5.16639e-05,0.438447
14.736,-0.496038,-1.66371,0.438606,4.66188e-05,0.43856
14.784,-0.474534,-1.66357,0.438751,5.07532e-05,0.4387
14.832,-0.467028,-1.66344,0.438892,5.22814e-05,0.43884
14.88,-0.45503,-1.6633,0.439048,5.48198e-05,0.438993
14.928,-0.472535,-1.66317,0.439206,5.11573e-05,0.439155
14.976,-0.477534,-1.66304,0.439373,5.01573e-05,0.439323
15.024,-0.46452,-1.66291,0.439524,5.28041e-05,0.439471
15.072,-0.468027,-1.66278,0.439635,5.2078e-05,0.439583
15.12,-0.512051,-1.66264,0.439717,4.37643e-05,0.439673
15.168,-0.472535,-1.66251,0.439856,5.11598e-05,0.439805
15.216,-0.498529,-1.66238,0.439959,4.61669e-05,0.439913
15.264,-0.475026,-1.66225,0.439999,5.06598e-05,0.439948
15.312,-0.461521,-1.66211,0.440057,5.34368e-05,0.440004
15.36,-0.495038,-1.66197,0.440081,4.68096e-05,0.440034
15.408,-0.46652,-1.66184,0.440192,5.23929e-05,0.440139
15.456,-0.482532,-1.6617,0.44031,4.91815e-05,0.440261
15.504,-0.500545,-1.66156,0.440324,4.58035e-05,0.440278
15.552,-0.510543,-1.66142,0.440371,4.40299e-05,0.440327
15.6,-0.474534,-1.66128,0.44045,5.0762e-05,0.440399
15.648,-0.49253,-1.66115,0.440538,4.72786e-05,0.440491
15.696,-0.503544,-1.661,0.440556,4.52658e-05,0.440511
15.744,-0.503036,-1.66086,0.440576,4.53573e-05,0.440531
15.792,-0.494038,-1.66071,0.440621,4.69993e-05,0.440574
15.84,-0.504036,-1.66057,0.4407,4.51795e-05,0.440655
15.888,-0.514542,-1.66043,0.440745,4.3343e-05,0.440702
15.936,-0.485532,-1.66028,0.440807,4.86074e-05,0.440758
15.984,-0.462029,-1.66014,0.440898,5.33377e-05,0.440845
16.032,-0.471535,-1.66,0.441012,5.13722e-05,0.440961
16.08,-0.470535,-1.65985,0.44111,5.15761e-05,0.441058
16.128,-0.452523,-1.65972,0.441261,5.53807e-05,0.441206
16.176,-0.46252,-1.65958,0.441429,5.32364e-05,0.441376
16.224,-0.473534,-1.65944,0.441572,5.09701e-05,0.441521
16.272,-0.443016,-1.65931,0.441729,5.75019e-05,0.441672
16.32,-0.43351,-1.65918,0.441938,5.97031e-05,0.441878
16.368,-0.439509,-1.65905,0.442047,5.83054e-05,0.441989
16.416,-0.447524,-1.65891,0.44219,5.64888e-05,0.442134
16.464,-0.446016,-1.65879,0.442352,5.68269e-05,0.442295
16.512,-0.446016,-1.65866,0.442535,5.68274e-05,0.442478
16.56,-0.414498,-1.65853,0.442724,6.43632e-05,0.44266
16.608,-0.468027,-1.65841,0.442868,5.20954e-05,0.442816
16.656,-0.431511,-1.65829,0.443045,6.01807e-05,0.442984
16.704,-0.441017,-1.65816,0.443181,5.79631e-05,0.443123
16.752,-0.445016,-1.65804,0.44332,5.7055e-05,0.443263
16.8,-0.462029,-1.65792,0.443448,5.33468e-05,0.443394
16.848,-0.448523,-1.65779,0.443536,5.6271e-05,0.44348
16.896,-0.449015,-1.65766,0.443647,5.61623e-05,0.443591
16.944,-0.416006,-1.65754,0.443796,6.39858e-05,0.443732
16.992,-0.447016,-1.65742,0.443955,5.66088e-05,0.443899
17.04,-0.438018,-1.6573,0.444078,5.86578e-05,0.44402
17.088,-0.504544,-1.65717,0.444141,4.51006e-05,0.444096
17.136,-0.462029,-1.65705,0.444247,5.33503e-05,0.444194
17.184,-0.48604,-1.65692,0.444313,4.85223e-05,0.444265
17.232,-0.447524,-1.6568,0.444428,5.64979e-05,0.444371
17.28,-0.484024,-1.65667,0.444494,4.89113e-05,0.444445
17.328,-0.491531,-1.65654,0.444557,4.74825e-05,0.44451
17.376,-0.475026,-1.65641,0.444615,5.06824e-05,0.444564
17.424,-0.46452,-1.65628,0.444702,5.28309e-05,0.444649
17.472,-0.462029,-1.65615,0.444787,5.33539e-05,0.444734
17.52,-0.43651,-1.65602,0.444902,5.90141e-05,0.444843
17.568,-0.454522,-1.65589,0.445006,5.4961e-05,0.444951
17.616,-0.442508,-1.65577,0.445128,5.76331e-05,0.445071
17.664,-0.425004,-1.65564,0.445261,6.17602e-05,0.445199
17.712,-0.438018,-1.65551,0.445395,5.86659e-05,0.445336
17.76,-0.439509,-1.65539,0.44553,5.83218e-05,0.445471
17.808,-0.453014,-1.65526,0.44565,5.52921e-05,0.445595
17.856,-0.401009,-1.65514,0.44579,6.79035e-05,0.445722
17.904,-0.416514,-1.65501,0.445977,6.38698e-05,0.445913
17.952,-0.436018,-1.65489,0.446066,5.91339e-05,0.446007
18,-0.448523,-1.65477,0.446191,5.6284e-05,0.446135
18.048,-0.43651,-1.65464,0.446313,5.90203e-05,0.446254
18.096,-0.43351,-1.65452,0.446453,5.97244e-05,0.446393
18.144,-0.407008,-1.6544,0.446623,6.6317e-05,0.446556
18.192,-0.426004,-1.65428,0.446724,6.15232e-05,0.446662
18.24,-0.425512,-1.65416,0.446861,6.16433e-05,0.446799
18.288,-0.427512,-1.65403,0.446998,6.11589e-05,0.446937
18.336,-0.426512,-1.65391,0.447126,6.14015e-05,0.447064
18.384,-0.446016,-1.65379,0.447222,5.68486e-05,0.447165
18.432,-0.450523,-1.65367,0.447291,5.58458e-05,0.447235
18.48,-0.461029,-1.65354,0.44736,5.35758e-05,0.447306
18.528,-0.459521,-1.65341,0.447418,5.38964e-05,0.447364
18.576,-0.443016,-1.65329,0.447526,5.75284e-05,0.447469
18.624,-0.437018,-1.65316,0.447606,5.89086e-05,0.447547
18.672,-0.46552,-1.65303,0.447675,5.26356e-05,0.447623
18.72,-0.468027,-1.6529,0.44771,5.21173e-05,0.447658
18.768,-0.447016,-1.65277,0.447797,5.66289e-05,0.44774
18.816,-0.441017,-1.65264,0.44788,5.79875e-05,0.447822
18.864,-0.446016,-1.65251,0.447979,5.68541e-05,0.447922
18.912,-0.442508,-1.65239,0.44809,5.7648e-05,0.448032
18.96,-0.454014,-1.65225,0.448148,5.50868e-05,0.448093
19.008,-0.446524,-1.65212,0.448227,5.67418e-05,0.44817
19.056,-0.420005,-1.65199,0.448319,6.30095e-05,0.448256
19.104,-0.438509,-1.65186,0.448395,5.85683e-05,0.448336
19.152,-0.4075,-1.65173,0.448517,6.62018e-05,0.448451
19.2,-0.412007,-1.6516,0.448647,6.50342e-05,0.448582
19.248,-0.417514,-1.65147,0.448813,6.36352e-05,0.448749
19.296,-0.383996,-1.65135,0.449022,7.26448e-05,0.448949
19.344,-0.425512,-1.65123,0.449174,6.16571e-05,0.449112
19.392,-0.388504,-1.65111,0.449387,7.13641e-05,0.449315
19.44,-0.407008,-1.65099,0.449509,6.63343e-05,0.449443
19.488,-0.412007,-1.65087,0.449683,6.50378e-05,0.449618
19.536,-0.391503,-1.65075,0.449848,7.05255e-05,0.449777
19.584,-0.341973,-1.65063,0.450065,8.57666e-05,0.44998
19.632,-0.392994,-1.65052,0.450244,7.01124e-05,0.450174
19.68,-0.388995,-1.65041,0.450434,7.12295e-05,0.450363
19.728,-0.396994,-1.6503,0.450606,6.90147e-05,0.450537
19.776,-0.4055,-1.65019,0.450799,6.67347e-05,0.450732
19.824,-0.39901,-1.65007,0.450923,6.84685e-05,0.450855
19.872,-0.375998,-1.64996,0.451104,7.49845e-05,0.451029
19.92,-0.381489,-1.64985,0.45128,7.33763e-05,0.451207
19.968,-0.383488,-1.64975,0.451458,7.27996e-05,0.451385
20.016,-0.4045,-1.64963,0.451545,6.70016e-05,0.451478
20.064,-0.431019,-1.64952,0.451638,6.03381e-05,0.451577
20.112,-0.427003,-1.64941,0.451703,6.13034e-05,0.451642
20.16,-0.413498,-1.64929,0.451818,6.46635e-05,0.451753
20.208,-0.39901,-1.64918,0.451956,6.84731e-05,0.451887
20.256,-0.420005,-1.64907,0.452101,6.30236e-05,0.452038
20.304,-0.404008,-1.64895,0.452194,6.71354e-05,0.452126
20.352,-0.427003,-1.64884,0.452289,6.13061e-05,0.452227
20.4,-0.428003,-1.64872,0.452374,6.1065e-05,0.452313
20.448,-0.4065,-1.6486,0.452485,6.64797e-05,0.452419
20.496,-0.418005,-1.64849,0.452561,6.35262e-05,0.452497
20.544,-0.378997,-1.64837,0.452685,7.41104e-05,0.452611
20.592,-0.391503,-1.64825,0.452806,7.0539e-05,0.452736
20.64,-0.439017,-1.64814,0.452895,5.84675e-05,0.452837
20.688,-0.392994,-1.64802,0.453062,7.01258e-05,0.452992
20.736,-0.387504,-1.64791,0.45322,7.1664e-05,0.453148
20.784,-0.37549,-1.6478,0.453392,7.51476e-05,0.453317
20.832,-0.362985,-1.64768,0.453562,7.89536e-05,0.453483
20.88,-0.342972,-1.64757,0.453749,8.54485e-05,0.453663
20.928,-0.369983,-1.64747,0.453935,7.68021e-05,0.453859
20.976,-0.37349,-1.64736,0.454129,7.5746e-05,0.454054
21.024,-0.379489,-1.64725,0.454299,7.39729e-05,0.454225
21.072,-0.337482,-1.64715,0.454516,8.73247e-05,0.454429
21.12,-0.360493,-1.64705,0.454716,7.97382e-05,0.454636
21.168,-0.362493,-1.64694,0.454895,7.91115e-05,0.454816
21.216,-0.346988,-1.64685,0.45511,8.41086e-05,0.455026
21.264,-0.332483,-1.64675,0.455316,8.90687e-05,0.455227
21.312,-0.337482,-1.64665,0.455542,8.7328e-05,0.455455
21.36,-0.34648,-1.64656,0.455763,8.42795e-05,0.455679
21.408,-0.353986,-1.64646,0.455934,8.18179e-05,0.455852
21.456,-0.359477,-1.64636,0.456099,8.00631e-05,0.456019
21.504,-0.379997,-1.64627,0.456218,7.38301e-05,0.456144
21.552,-0.350987,-1.64617,0.45643,8.27948e-05,0.456347
21.6,-0.356478,-1.64608,0.456592,8.10191e-05,0.456511
21.648,-0.370983,-1.64598,0.456718,7.65081e-05,0.456641
21.696,-0.397993,-1.64588,0.456788,6.87659e-05,0.45672
21.744,-0.37349,-1.64578,0.456896,7.57552e-05,0.456821
21.792,-0.37449,-1.64567,0.456995,7.54572e-05,0.456919
21.84,-0.356986,-1.64558,0.45716,8.08597e-05,0.457079
21.888,-0.349987,-1.64547,0.4573,8.31268e-05,0.457217
21.936,-0.362985,-1.64537,0.457423,7.89675e-05,0.457344
21.984,-0.341973,-1.64527,0.457556,8.58017e-05,0.45747
22.032,-0.385504,-1.64517,0.457682,7.22474e-05,0.457609
22.08,-0.379489,-1.64507,0.457822,7.39852e-05,0.457748
22.128,-0.368983,-1.64497,0.457933,7.71208e-05,0.457855
22.176,-0.398501,-1.64486,0.457975,6.86333e-05,0.457907
22.224,-0.359985,-1.64475,0.458094,7.99124e-05,0.458014
22.272,-0.357986,-1.64465,0.45823,8.05467e-05,0.458149
22.32,-0.366492,-1.64454,0.458346,7.7886e-05,0.458268
22.368,-0.352987,-1.64443,0.458437,8.21543e-05,0.458354
22.416,-0.340973,-1.64433,0.458609,8.61474e-05,0.458523
22.464,-0.342481,-1.64423,0.458774,8.56365e-05,0.458688
22.512,-0.322977,-1.64412,0.458969,9.2495e-05,0.458877
22.56,-0.311963,-1.64403,0.459187,9.6608e-05,0.45909
22.608,-0.353986,-1.64393,0.459358,8.18337e-05,0.459276
22.656,-0.337974,-1.64383,0.459525,8.71774e-05,0.459438
22.704,-0.332483,-1.64373,0.459726,8.90893e-05,0.459637
22.752,-0.31847,-1.64363,0.459933,9.41598e-05,0.459839
22.8,-0.335482,-1.64354,0.460115,8.80414e-05,0.460027
22.848,-0.317961,-1.64345,0.460356,9.43503e-05,0.460261
22.896,-0.294966,-1.64336,0.460596,0.000103321,0.460492
22.944,-0.288968,-1.64327,0.460864,0.000105798,0.460758
22.992,-0.305964,-1.64318,0.461073,9.89305e-05,0.460974
23.04,-0.314962,-1.6431,0.461299,9.54772e-05,0.461204
23.088,-0.327468,-1.64301,0.46148,9.08766e-05,0.461389
23.136,-0.353478,-1.64292,0.461615,8.20044e-05,0.461533
23.184,-0.316962,-1.64284,0.461792,9.4728e-05,0.461697
23.232,-0.316962,-1.64275,0.461967,9.47286e-05,0.461873
23.28,-0.322469,-1.64266,0.462122,9.26911e-05,0.46203
23.328,-0.34448,-1.64257,0.462272,8.49736e-05,0.462187
23.376,-0.312471,-1.64248,0.462426,9.64257e-05,0.462329
23.424,-0.323977,-1.6424,0.462582,9.21426e-05,0.46249
23.472,-0.330975,-1.6423,0.462708,8.96312e-05,0.462618
23.52,-0.34448,-1.64221,0.462797,8.49759e-05,0.462712
23.568,-0.315962,-1.64212,0.462969,9.5108e-05,0.462874
23.616,-0.332975,-1.64203,0.463144,8.89279e-05,0.463055
23.664,-0.34548,-1.64194,0.463277,8.46428e-05,0.463192
23.712,-0.310471,-1.64185,0.463406,9.7195e-05,0.463309
23.76,-0.328975,-1.64175,0.46352,9.03456e-05,0.46343
23.808,-0.342972,-1.64166,0.463645,8.54871e-05,0.463559
23.856,-0.300965,-1.64157,0.463837,0.000100915,0.463736
23.904,-0.323977,-1.64148,0.463998,9.21491e-05,0.463905
23.952,-0.321977,-1.64139,0.464144,9.28804e-05,0.464051
24,-0.325468,-1.64129,0.464277,9.16091e-05,0.464185
24.048,-0.300965,-1.6412,0.464452,0.000100918,0.464351
24.096,-0.302965,-1.64111,0.464647,0.000100125,0.464547
24.144,-0.301965,-1.64102,0.464841,0.000100522,0.46474
24.192,-0.302457,-1.64094,0.465044,0.000100328,0.464944
24.24,-0.304964,-1.64085,0.46525,9.93396e-05,0.465151
24.288,-0.293967,-1.64077,0.465477,0.00010375,0.465374
24.336,-0.277462,-1.64068,0.465734,0.000110738,0.465623
24.384,-0.256942,-1.6406,0.465977,0.000120086,0.465857
24.432,-0.270955,-1.64053,0.46623,0.000113622,0.466116
24.48,-0.274463,-1.64045,0.466458,0.00011206,0.466346
24.528,-0.261449,-1.64038,0.466719,0.00011797,0.466601
24.576,-0.249943,-1.6403,0.467005,0.000123454,0.466881
24.624,-0.295966,-1.64023,0.467232,0.000102938,0.467129
24.672,-0.272447,-1.64016,0.467455,0.000112958,0.467342
24.72,-0.25645,-1.64009,0.46769,0.000120324,0.46757
24.768,-0.258941,-1.64002,0.467921,0.000119147,0.467802
24.816,-0.25945,-1.63995,0.468151,0.000118909,0.468032
24.864,-0.300965,-1.63988,0.468286,0.000100929,0.468185
24.912,-0.265448,-1.63981,0.468483,0.000116126,0.468366
24.96,-0.291967,-1.63974,0.468653,0.000104581,0.468548
25.008,-0.264957,-1.63967,0.468864,0.000116353,0.468748
25.056,-0.282953,-1.6396,0.469051,0.000108372,0.468942
25.104,-0.276954,-1.63952,0.469209,0.00011097,0.469098
25.152,-0.273447,-1.63945,0.469388,0.000112519,0.469276
25.2,-0.256942,-1.63938,0.469581,0.000120097,0.469461
25.248,-0.243437,-1.63931,0.469782,0.000126676,0.469656
25.296,-0.265448,-1.63924,0.469979,0.000116131,0.469863
25.344,-0.25545,-1.63917,0.470166,0.000120808,0.470046
25.392,-0.272447,-1.6391,0.470335,0.000112967,0.470222
25.44,-0.241437,-1.63903,0.47053,0.000127683,0.470402
25.488,-0.277462,-1.63896,0.470711,0.000110753,0.470601
25.536,-0.244944,-1.63889,0.470952,0.000125928,0.470826
25.584,-0.245944,-1.63882,0.471172,0.000125433,0.471047
25.632,-0.244944,-1.63876,0.471401,0.000125929,0.471275
25.68,-0.25845,-1.63869,0.471636,0.00011939,0.471517
25.728,-0.251451,-1.63863,0.471867,0.000122736,0.471744
25.776,-0.235946,-1.63856,0.472098,0.000130486,0.471968
25.824,-0.20592,-1.6385,0.472384,0.00014691,0.472237
25.872,-0.190923,-1.63844,0.472665,0.000155871,0.472509
25.92,-0.19643,-1.63839,0.472965,0.000152519,0.472812
25.968,-0.162405,-1.63834,0.473285,0.000174445,0.47311
26.016,-0.199921,-1.63829,0.473554,0.000150433,0.473404
26.064,-0.170911,-1.63824,0.47387,0.000168686,0.473701
26.112,-0.204937,-1.63819,0.474151,0.000147485,0.474003
26.16,-0.221933,-1.63814,0.474391,0.000137914,0.474253
26.208,-0.201429,-1.63809,0.474666,0.000149542,0.474516
26.256,-0.16942,-1.63805,0.474989,0.000169685,0.474819
26.304,-0.173419,-1.63801,0.475286,0.000167028,0.475119
26.352,-0.174419,-1.63797,0.475556,0.00016637,0.475389
26.4,-0.194431,-1.63792,0.475811,0.000153734,0.475657
26.448,-0.209428,-1.63788,0.476001,0.000144896,0.475856
26.496,-0.182417,-1.63784,0.476293,0.000161201,0.476132
26.544,-0.183417,-1.6378,0.476564,0.000160567,0.476403
26.592,-0.197922,-1.63776,0.476795,0.000151631,0.476643
26.64,-0.19743,-1.63772,0.477052,0.000151926,0.4769
26.688,-0.190415,-1.63768,0.477303,0.000156193,0.477147
26.736,-0.183925,-1.63764,0.47756,0.000160247,0.477399
26.784,-0.136411,-1.63761,0.477882,0.000193303,0.477689
26.832,-0.181417,-1.63757,0.478092,0.000161842,0.47793
26.88,-0.173419,-1.63753,0.478374,0.000167034,0.478207
26.928,-0.179926,-1.6375,0.478606,0.000162799,0.478444
26.976,-0.186924,-1.63746,0.47883,0.000158363,0.478671
27.024,-0.187416,-1.63742,0.479059,0.000158056,0.478901
27.072,-0.161913,-1.63738,0.479315,0.000174796,0.47914
27.12,-0.160405,-1.63735,0.479612,0.00017584,0.479436
27.168,-0.165404,-1.63732,0.479898,0.000172405,0.479725
27.216,-0.154407,-1.63729,0.480198,0.000180054,0.480018
27.264,-0.115399,-1.63727,0.480582,0.00021002,0.480372
27.312,-0.136411,-1.63724,0.480887,0.000193308,0.480694
27.36,-0.144409,-1.63721,0.481179,0.000187302,0.480992
27.408,-0.1489,-1.63719,0.48147,0.000184012,0.481286
27.456,-0.11589,-1.63717,0.481822,0.000209615,0.481612
27.504,-0.0818813,-1.63715,0.48222,0.000239716,0.48198
27.552,-0.0898796,-1.63714,0.482561,0.000232271,0.482329
27.6,-0.0703756,-1.63713,0.482989,0.000250848,0.482738
27.648,-0.0803898,-1.63712,0.483375,0.000241132,0.483134
27.696,-0.0488721,-1.63712,0.483829,0.000273053,0.483556
27.744,-0.0688677,-1.63712,0.484258,0.000252345,0.484005
27.792,-0.0703756,-1.63713,0.484677,0.000250848,0.484426
27.84,-0.0583782,-1.63713,0.485116,0.000263005,0.484853
27.888,-0.0348587,-1.63715,0.485589,0.000288568,0.4853
27.936,-0.0388578,-1.63716,0.486053,0.000284052,0.485769
27.984,-0.0408738,-1.63718,0.486482,0.000281803,0.4862
28.032,-0.0823894,-1.6372,0.486833,0.000239236,0.486594
28.08,-0.0823894,-1.63721,0.4872,0.000239235,0.486961
28.128,-0.059378,-1.63724,0.487626,0.000261967,0.487364
28.176,-0.0973862,-1.63725,0.487951,0.00022549,0.487725
28.224,-0.0358585,-1.63728,0.488465,0.00028743,0.488177
28.272,-0.0728833,-1.63731,0.488833,0.000248375,0.488585
28.32,-0.0373664,-1.63734,0.489274,0.000285724,0.488989
28.368,-0.0573784,-1.63737,0.489659,0.000264039,0.489394
28.416,-0.0138632,-1.63741,0.490132,0.000313469,0.489819
28.464,-0.0358585,-1.63744,0.490549,0.000287426,0.490262
28.512,-0.0163545,-1.63748,0.491021,0.000310403,0.490711
28.56,0.000150131,-1.63753,0.4915,0.000331272,0.491169
28.608,-0.00584857,-1.63757,0.491954,0.000323529,0.491631
28.656,0.0536632,-1.63763,0.492546,0.000409049,0.492137
28.704,0.0536632,-1.63768,0.493091,0.000409048,0.492682
28.752,0.0741833,-1.63775,0.493688,0.000443485,0.493245
28.8,0.0851809,-1.63782,0.494303,0.000463114,0.49384
28.848,0.122189,-1.6379,0.495001,0.000535754,0.494465
28.896,0.240246,-1.63801,0.496084,0.000852195,0.495232
28.944,0.632391,-1.63831,0.500484,0.00391886,0.496565
28.992,0.83297,-1.63884,0.506784,0.00835229,0.498432
29.04,0.89399,-1.63935,0.510887,0.0104459,0.500441
29.088,0.827955,-1.63971,0.510627,0.00819816,0.502428
29.136,0.713914,-1.63994,0.509566,0.00534644,0.50422
29.184,0.609379,-1.6402,0.509404,0.00358708,0.505817
29.232,0.509335,-1.64045,0.509627,0.00243758,0.507189
29.28,0.495338,-1.64075,0.510722,0.00230869,0.508413
29.328,0.389787,-1.641,0.510976,0.00153049,0.509445
29.376,0.324277,-1.64127,0.511504,0.00118453,0.510319
29.424,0.278254,-1.64153,0.512064,0.00098901,0.511075
29.472,0.237738,-1.64179,0.512598,0.000843603,0.511754
29.52,0.22874,-1.64205,0.513183,0.000814298,0.512369
29.568,0.214235,-1.6423,0.513723,0.000769182,0.512953
29.616,0.171212,-1.64255,0.514147,0.000649494,0.513498
29.664,0.183717,-1.64279,0.514684,0.000682217,0.514002
29.712,0.127696,-1.64302,0.515013,0.00054728,0.514466
29.76,0.173211,-1.64326,0.5156,0.000654585,0.514945
29.808,0.17921,-1.6435,0.516122,0.000670197,0.515452
29.856,0.176719,-1.64372,0.5166,0.000663653,0.515936
29.904,0.17921,-1.64394,0.517046,0.000670174,0.516376
29.952,0.183717,-1.64416,0.517495,0.000682145,0.516813
30,0.192715,-1.64437,0.517928,0.000706695,0.517222
30.048,0.193715,-1.64458,0.518366,0.000709467,0.517656
30.096,0.190224,-1.64478,0.518799,0.000699786,0.518099
30.144,0.212727,-1.64498,0.519299,0.000764482,0.518534
30.192,0.214235,-1.64518,0.519736,0.000769013,0.518967
30.24,0.232231,-1.64538,0.520314,0.000825329,0.519488
30.288,0.25875,-1.64559,0.520943,0.00091587,0.520027
30.336,0.233739,-1.64578,0.521389,0.000830205,0.520559
30.384,0.274747,-1.64598,0.522048,0.000975165,0.521073
30.432,0.273747,-1.64618,0.522575,0.000971333,0.521604
30.48,0.317262,-1.64639,0.523337,0.00115198,0.522185
30.528,0.332767,-1.6466,0.524028,0.00122407,0.522804
30.576,0.31577,-1.6468,0.524577,0.00114523,0.523432
30.624,0.340781,-1.64701,0.525318,0.00126304,0.524055
30.672,0.366284,-1.64722,0.526066,0.00139552,0.52467
30.72,0.368792,-1.64743,0.526747,0.00140925,0.525338
30.768,0.318262,-1.64763,0.527103,0.00115639,0.525946
30.816,0.356286,-1.64785,0.527943,0.00134195,0.526601
30.864,0.453823,-1.6481,0.529304,0.00196351,0.527341
30.912,0.806451,-1.64867,0.536052,0.00756418,0.528487
30.96,1.06854,-1.64979,0.549356,0.0192618,0.530094
31.008,1.12707,-1.65079,0.555243,0.0233665,0.531876
31.056,1.06154,-1.6513,0.552429,0.0188104,0.533618
31.104,0.917001,-1.6515,0.546527,0.0113426,0.535184
31.152,0.859473,-1.65187,0.54579,0.00919978,0.53659
31.2,0.698917,-1.65208,0.542832,0.00504607,0.537786
31.248,0.617377,-1.65235,0.542494,0.00369556,0.538798
31.296,0.529855,-1.65261,0.542252,0.00263686,0.539615
31.344,0.501829,-1.65289,0.542685,0.00236538,0.540319
31.392,0.454314,-1.65315,0.542872,0.00196652,0.540905
31.44,0.432811,-1.65342,0.543274,0.00180849,0.541465
31.488,0.354778,-1.65364,0.543211,0.00133347,0.541878
31.536,0.337274,-1.65388,0.5435,0.00124517,0.542255
31.584,0.343273,-1.6541,0.543877,0.00127473,0.542602
31.632,0.350288,-1.65433,0.544257,0.00131018,0.542947
31.68,0.345272,-1.65454,0.544548,0.0012847,0.543263
31.728,0.345272,-1.65474,0.544837,0.00128468,0.543552
31.776,0.372283,-1.65494,0.545282,0.00142779,0.543855
31.824,0.381789,-1.65514,0.545693,0.00148181,0.544211
31.872,0.383297,-1.65533,0.546064,0.00149054,0.544574
31.92,0.401801,-1.65552,0.546553,0.00160221,0.544951
31.968,0.393803,-1.6557,0.546855,0.00155293,0.545302
32.016,0.439809,-1.6559,0.547568,0.00185813,0.54571
32.064,0.460313,-1.65609,0.548199,0.00201251,0.546187
32.112,0.462821,-1.65628,0.548698,0.00203221,0.546666
32.16,0.449315,-1.65646,0.54907,0.00192813,0.547142
32.208,0.448316,-1.65664,0.549556,0.00192061,0.547635
32.256,0.514334,-1.65685,0.550629,0.00248218,0.548147
32.304,0.495338,-1.65703,0.550987,0.00230581,0.548681
32.352,0.503845,-1.65722,0.551589,0.00238316,0.549205
32.4,0.548851,-1.65743,0.552589,0.0028369,0.549752
32.448,0.542361,-1.65762,0.553085,0.00276655,0.550318
32.496,0.55385,-1.65782,0.553796,0.00289215,0.550903
32.544,0.614886,-1.65806,0.555188,0.00365878,0.55153
32.592,0.621377,-1.6583,0.555973,0.00375102,0.552222
32.64,0.883976,-1.65887,0.563155,0.0100571,0.553098
32.688,1.1956,-1.66039,0.583388,0.0289826,0.554405
32.736,1.28813,-1.66182,0.593905,0.0380082,0.555897
32.784,1.24311,-1.66251,0.590806,0.0334142,0.557391
32.832,1.12256,-1.6627,0.581777,0.0230065,0.55877
32.88,0.968007,-1.66279,0.57355,0.0135973,0.559952
32.928,0.906495,-1.66302,0.571887,0.0109107,0.560977
32.976,0.78244,-1.66312,0.568729,0.00690829,0.561821
33.024,0.697917,-1.66329,0.567539,0.00502264,0.562516
33.072,0.63739,-1.66344,0.567062,0.00398696,0.563075
33.12,0.582877,-1.66359,0.566757,0.0032335,0.563523
33.168,0.55285,-1.66374,0.566784,0.0028797,0.563905
33.216,0.538345,-1.66388,0.566948,0.0027226,0.564225
33.264,0.519349,-1.66402,0.567071,0.00252951,0.564542
33.312,0.483324,-1.66413,0.566992,0.00219951,0.564793
33.36,0.476834,-1.66424,0.567131,0.00214471,0.564986
33.408,0.472327,-1.66436,0.567315,0.00210744,0.565207
33.456,0.498829,-1.66448,0.567769,0.00233594,0.565433
33.504,0.495338,-1.66458,0.567975,0.00230448,0.565671
33.552,0.57537,-1.66472,0.569086,0.00314101,0.565945
33.6,0.57737,-1.66484,0.569429,0.00316529,0.566264
33.648,0.587368,-1.66497,0.569921,0.00328958,0.566631
33.696,0.617886,-1.6651,0.570717,0.00369917,0.567018
33.744,0.613886,-1.66523,0.571049,0.00364276,0.567406
33.792,0.63739,-1.66536,0.571798,0.00398638,0.567811
33.84,0.631391,-1.66548,0.572133,0.00389575,0.568237
33.888,0.705408,-1.66568,0.573882,0.00516658,0.568716
33.936,0.716913,-1.66584,0.574618,0.00539684,0.569221
33.984,0.729927,-1.66599,0.575391,0.00566912,0.569721
34.032,0.754938,-1.6662,0.576514,0.00622962,0.570285
34.08,0.822464,-1.66645,0.578889,0.00801675,0.570872
34.128,1.13908,-1.66758,0.59601,0.0242584,0.571752
34.176,1.36717,-1.66959,0.61978,0.0468555,0.572925
34.224,1.4667,-1.67145,0.633336,0.0590869,0.574249
34.272,1.38467,-1.67209,0.624493,0.0489287,0.575564
34.32,1.22911,-1.67204,0.608791,0.032039,0.576752
34.368,1.11407,-1.67208,0.600129,0.0223628,0.577767
34.416,1.00352,-1.67206,0.594008,0.0153912,0.578617
34.464,0.886483,-1.67202,0.589424,0.0101391,0.579285
34.512,0.795945,-1.672,0.587059,0.00726081,0.579798
34.56,0.768443,-1.67208,0.586798,0.00655087,0.580247
34.608,0.714914,-1.6721,0.585973,0.00535354,0.580619
34.656,0.707915,-1.67215,0.586145,0.00521338,0.580932
34.704,0.651895,-1.67214,0.585397,0.00421172,0.581185
34.752,0.637881,-1.67217,0.585404,0.0039918,0.581412
34.8,0.678397,-1.67222,0.5863,0.00466,0.58164
34.848,0.658401,-1.67224,0.586193,0.00431773,0.581875
34.896,0.670399,-1.67227,0.586614,0.00452005,0.582093
34.944,0.680905,-1.6723,0.587017,0.00470469,0.582313
34.992,0.663892,-1.67232,0.586954,0.00440919,0.582545
35.04,0.698917,-1.67236,0.587823,0.00503826,0.582785
35.088,0.723928,-1.67242,0.5886,0.00553925,0.583061
35.136,0.739433,-1.67248,0.589248,0.00587335,0.583375
35.184,0.697917,-1.6725,0.588704,0.00501909,0.583685
35.232,0.791946,-1.67266,0.591215,0.00715289,0.584063
35.28,0.791455,-1.67273,0.591585,0.00713974,0.584446
35.328,0.804943,-1.67281,0.59232,0.00750792,0.584812
35.376,0.84346,-1.67296,0.593893,0.00865946,0.585234
35.424,0.864472,-1.67309,0.595031,0.00935484,0.585677
35.472,0.920001,-1.67332,0.597598,0.0114468,0.586151
35.52,1.15459,-1.67418,0.612261,0.0254759,0.586785
35.568,1.43818,-1.67653,0.643186,0.0554771,0.587709
35.616,1.57075,-1.67871,0.661089,0.0722575,0.588832
35.664,1.52572,-1.67984,0.656548,0.0665528,0.589995
35.712,1.43318,-1.68032,0.645934,0.0548367,0.591097
35.76,1.27363,-1.68017,0.628496,0.0364374,0.592058
35.808,1.13107,-1.67991,0.616451,0.0236176,0.592833
35.856,0.993018,-1.67964,0.608255,0.0148285,0.593427
35.904,0.936505,-1.67955,0.606024,0.0121399,0.593884
35.952,0.879976,-1.67944,0.604147,0.00989583,0.594251
36,0.851966,-1.67934,0.603466,0.00893068,0.594535
36.048,0.790455,-1.67919,0.601851,0.00710961,0.594741
36.096,0.746923,-1.67905,0.600935,0.00603851,0.594896
36.144,0.748939,-1.67898,0.601136,0.00608457,0.595051
36.192,0.798453,-1.67894,0.60255,0.00732512,0.595225
36.24,0.75243,-1.67883,0.60156,0.00616512,0.595395
36.288,0.765936,-1.67874,0.602037,0.0064862,0.59555
36.336,0.779441,-1.67867,0.602522,0.00682305,0.595699
36.384,0.777933,-1.67859,0.602645,0.00678469,0.59586
36.432,0.784948,-1.67852,0.602989,0.00696515,0.596024
36.48,0.836461,-1.67851,0.604642,0.00843509,0.596207
36.528,0.837461,-1.67847,0.604897,0.0084663,0.596431
36.576,0.882484,-1.67851,0.606682,0.00998748,0.596695
36.624,0.913986,-1.67856,0.608199,0.0111967,0.597002
36.672,0.938505,-1.67863,0.609565,0.0122279,0.597337
36.72,0.965515,-1.67875,0.611179,0.0134616,0.597717
36.768,0.989527,-1.67887,0.612759,0.0146493,0.59811
36.816,1.11307,-1.67933,0.620836,0.0222777,0.598559
36.864,1.40018,-1.68117,0.649996,0.0507693,0.599227
36.912,1.65978,-1.68402,0.683178,0.0830589,0.600119
36.96,1.67428,-1.68566,0.685862,0.084725,0.601137
37.008,1.55173,-1.68624,0.67195,0.0698197,0.60213
37.056,1.33065,-1.68566,0.645562,0.0425858,0.602976
37.104,1.1956,-1.68534,0.632579,0.0289265,0.603653
37.152,1.06454,-1.68491,0.623089,0.0189529,0.604136
37.2,0.958009,-1.68456,0.617554,0.0131022,0.604452
37.248,0.911494,-1.68432,0.615761,0.0110915,0.604669
37.296,0.873978,-1.68409,0.614502,0.00967791,0.604824
37.344,0.818957,-1.68382,0.612827,0.00790255,0.604925
37.392,0.807959,-1.68359,0.612577,0.00758634,0.604991
37.44,0.806959,-1.68336,0.612581,0.00755832,0.605023
37.488,0.825955,-1.68318,0.613179,0.00811067,0.605068
37.536,0.833462,-1.68299,0.613466,0.00833922,0.605127
37.584,0.837969,-1.68282,0.613685,0.00847936,0.605206
37.632,0.828955,-1.68262,0.613495,0.00820157,0.605293
37.68,0.847967,-1.68246,0.614162,0.00879806,0.605364
37.728,0.832462,-1.68227,0.613756,0.0083089,0.605447
37.776,0.878485,-1.68216,0.615394,0.00984005,0.605554
37.824,0.90148,-1.68208,0.616402,0.0106986,0.605703
37.872,0.909495,-1.68197,0.616896,0.0110136,0.605882
37.92,0.983511,-1.68204,0.62045,0.01434,0.60611
37.968,1.00803,-1.68209,0.622009,0.0156223,0.606387
38.016,1.03804,-1.68217,0.624019,0.0173251,0.606694
38.064,1.05555,-1.68223,0.6254,0.018389,0.607011
38.112,1.13058,-1.68254,0.630948,0.0235757,0.607373
38.16,1.44469,-1.68454,0.664167,0.0562575,0.60791
38.208,1.66977,-1.68709,0.692874,0.0841988,0.608675
38.256,1.7058,-1.6888,0.697807,0.0882443,0.609563
38.304,1.56773,-1.6892,0.682239,0.0718196,0.610419
38.352,1.35815,-1.68867,0.656875,0.0457292,0.611146
38.4,1.18109,-1.68798,0.639332,0.027655,0.611677
38.448,1.09706,-1.68758,0.633156,0.0211218,0.612034
38.496,0.980512,-1.68709,0.626429,0.014184,0.612245
38.544,0.887483,-1.68662,0.622488,0.0101647,0.612323
38.592,0.868979,-1.68629,0.621825,0.00950093,0.612324
38.64,0.867471,-1.68597,0.621755,0.00944886,0.612306
38.688,0.831954,-1.68561,0.620557,0.00829118,0.612265
38.736,0.81245,-1.68526,0.619909,0.00771308,0.612195
38.784,0.789439,-1.6849,0.619184,0.00707955,0.612104
38.832,0.820448,-1.68462,0.619984,0.00794592,0.612038
38.88,0.831462,-1.68433,0.620263,0.00827694,0.611986
38.928,0.848967,-1.68408,0.620803,0.00882939,0.611974
38.976,0.842968,-1.68379,0.620585,0.00863657,0.611949
39.024,0.854965,-1.68355,0.620979,0.00902675,0.611952
39.072,0.881976,-1.6833,0.621921,0.00996535,0.611956
39.12,0.877485,-1.68307,0.621782,0.00980348,0.611978
39.168,0.913986,-1.68287,0.623207,0.011193,0.612014
39.216,0.876485,-1.6826,0.621826,0.00976809,0.612058
39.264,0.866979,-1.68235,0.621522,0.00943444,0.612087
39.312,0.899989,-1.6822,0.622789,0.0106408,0.612148
39.36,0.947503,-1.6821,0.624873,0.0126239,0.612249
39.408,0.965007,-1.68195,0.625791,0.0134341,0.612357
39.456,0.937505,-1.68176,0.624664,0.0121813,0.612483
39.504,0.98002,-1.68169,0.626788,0.0141654,0.612622
39.552,1.01203,-1.68166,0.628624,0.0158411,0.612783
39.6,1.05155,-1.68167,0.63113,0.018142,0.612988
39.648,1.03653,-1.68157,0.630426,0.0172367,0.613189
39.696,1.03053,-1.6815,0.630287,0.0168858,0.613401
39.744,1.09255,-1.68165,0.634457,0.0208186,0.613638
39.792,1.37967,-1.68319,0.662318,0.0482901,0.614028
39.84,1.63476,-1.68577,0.694732,0.0800885,0.614643
39.888,1.67177,-1.68729,0.699825,0.0844265,0.615399
39.936,1.59625,-1.68792,0.691532,0.0753833,0.616149
39.984,1.40018,-1.68746,0.667521,0.0507428,0.616779
40.032,1.1976,-1.68667,0.646342,0.0291009,0.617242
40.08,1.09306,-1.6861,0.638349,0.0208464,0.617502
40.128,1.02554,-1.68561,0.634211,0.0165928,0.617618
40.176,0.899989,-1.68505,0.628269,0.0106384,0.617631
40.224,0.83597,-1.68456,0.625954,0.00841582,0.617538
40.272,0.854474,-1.68422,0.626452,0.00900999,0.617442
40.32,0.813958,-1.68379,0.625074,0.00775726,0.617317
40.368,0.819449,-1.6834,0.625076,0.00791724,0.617159
40.416,0.788947,-1.68295,0.624034,0.00706762,0.616967
40.464,0.777933,-1.68254,0.623556,0.0067826,0.616774
40.512,0.778949,-1.68215,0.623385,0.00680865,0.616577
40.56,0.814958,-1.68179,0.624179,0.00778734,0.616392
40.608,0.764444,-1.68135,0.622646,0.00644867,0.616197
40.656,0.759429,-1.68093,0.622303,0.00632853,0.615974
40.704,0.770934,-1.68056,0.62238,0.00660805,0.615772
40.752,0.721421,-1.68011,0.621025,0.00548367,0.615541
40.8,0.738925,-1.67972,0.621155,0.00585883,0.615296
40.848,0.713914,-1.67929,0.620361,0.00533034,0.615031
40.896,0.727419,-1.67888,0.620357,0.00561006,0.614747
40.944,0.69241,-1.67845,0.619394,0.00491289,0.614481
40.992,0.712914,-1.67807,0.619538,0.00531068,0.614228
41.04,0.697409,-1.67765,0.618969,0.00500743,0.613962
41.088,0.664892,-1.6772,0.618067,0.00442437,0.613642
41.136,0.680397,-1.6768,0.618022,0.00469396,0.613328
41.184,0.655402,-1.67636,0.617269,0.00426716,0.613002
41.232,0.649387,-1.67594,0.616843,0.00417029,0.612673
41.28,0.642388,-1.67552,0.616411,0.00406023,0.612351
41.328,0.630391,-1.67509,0.615882,0.00387797,0.612004
41.376,0.607871,-1.67465,0.615193,0.00355695,0.611636
41.424,0.618885,-1.67422,0.61497,0.00371078,0.611259
41.472,0.597873,-1.67378,0.614314,0.00342302,0.610891
41.52,0.626884,-1.67337,0.61436,0.00382668,0.610533
41.568,0.602872,-1.67292,0.613633,0.00348971,0.610143
41.616,0.595874,-1.67249,0.61315,0.00339712,0.609752
41.664,0.587876,-1.67205,0.612678,0.00329422,0.609384
41.712,0.559865,-1.67161,0.611957,0.00295699,0.609
41.76,0.547851,-1.67116,0.611407,0.00282297,0.608584
41.808,0.540853,-1.67071,0.610899,0.00274769,0.608151
41.856,0.542853,-1.67027,0.610488,0.00276912,0.607719
41.904,0.536854,-1.66983,0.610008,0.00270568,0.607302
41.952,0.456822,-1.66935,0.608843,0.00198332,0.60686
42,0.503337,-1.66891,0.608763,0.00237633,0.606387
42.048,0.474834,-1.66845,0.608048,0.00212741,0.60592
42.096,0.448824,-1.66798,0.607344,0.00192273,0.605421
42.144,0.438809,-1.6675,0.60674,0.00184925,0.604891
42.192,0.435318,-1.66704,0.606186,0.00182433,0.604362
42.24,0.430811,-1.66656,0.60561,0.00179264,0.603818
42.288,0.388804,-1.66608,0.604784,0.00152169,0.603262
42.336,0.364285,-1.66558,0.604052,0.0013827,0.602669
42.384,0.352287,-1.66509,0.603371,0.00131937,0.602052
42.432,0.311771,-1.66458,0.602503,0.00112589,0.601377
42.48,0.312771,-1.66407,0.601827,0.00113035,0.600696
42.528,0.294267,-1.66356,0.601034,0.00105132,0.599983
42.576,0.277746,-1.66304,0.600253,0.000985411,0.599267
42.624,0.280762,-1.66251,0.599537,0.000997176,0.59854
42.672,0.20622,-1.66197,0.59851,0.00074421,0.597765
42.72,0.218234,-1.66143,0.597717,0.000780214,0.596936
42.768,0.182717,-1.66088,0.596769,0.000678595,0.59609
42.816,0.164213,-1.66031,0.595839,0.000630998,0.595208
42.864,0.126697,-1.65974,0.594876,0.00054443,0.594331
42.912,0.120698,-1.65917,0.593944,0.000531749,0.593412
42.96,0.129696,-1.65859,0.593044,0.000550943,0.592493
43.008,0.127205,-1.65799,0.59209,0.000545593,0.591545
43.056,0.0761829,-1.65739,0.591016,0.000446318,0.59057
43.104,0.0811818,-1.65678,0.590039,0.000455214,0.589584
43.152,0.046173,-1.65616,0.588978,0.000396589,0.588581
43.2,0.0411577,-1.65553,0.587938,0.000388847,0.587549
43.248,0.055171,-1.6549,0.586988,0.000410941,0.586577
43.296,0.0581704,-1.65427,0.586051,0.000415846,0.585635
43.344,0.0231616,-1.65362,0.585001,0.000362277,0.584639
43.392,0.00565714,-1.65297,0.583959,0.000338141,0.583621
43.44,0.0126556,-1.65231,0.582928,0.000347617,0.58258
43.488,-0.0258606,-1.65164,0.58183,0.000298658,0.581532
43.536,-0.0773741,-1.65096,0.580691,0.000243758,0.580447
43.584,-0.0588699,-1.65027,0.579639,0.00026223,0.579377
43.632,-0.0968945,-1.64958,0.578527,0.000225714,0.578301
43.68,-0.0953866,-1.64888,0.577413,0.000227073,0.577186
43.728,-0.13841,-1.64817,0.576226,0.000191627,0.576034
43.776,-0.130395,-1.64745,0.575085,0.000197796,0.574887
43.824,-0.164421,-1.64672,0.573872,0.00017295,0.573699
43.872,-0.152915,-1.64598,0.572715,0.000180995,0.572534
43.92,-0.158406,-1.64524,0.571526,0.000177125,0.571349
43.968,-0.16942,-1.64449,0.570367,0.0001696,0.570198
44.016,-0.20592,-1.64372,0.56912,0.00014685,0.568973
44.064,-0.230931,-1.64295,0.567844,0.00013305,0.567711
44.112,-0.289459,-1.64216,0.566484,0.000105601,0.566379
44.16,-0.238946,-1.64137,0.565191,0.000128921,0.565062
44.208,-0.303473,-1.64056,0.563827,9.99278e-05,0.563727
44.256,-0.316962,-1.63975,0.562496,9.47495e-05,0.562402
44.304,-0.340481,-1.63891,0.561077,8.63497e-05,0.560991
44.352,-0.355986,-1.63808,0.559683,8.12254e-05,0.559602
44.4,-0.363493,-1.63723,0.558264,7.88575e-05,0.558185
44.448,-0.421513,-1.63636,0.556806,6.27095e-05,0.556743
44.496,-0.393503,-1.63549,0.555369,7.00515e-05,0.555299
44.544,-0.401009,-1.63461,0.553925,6.80093e-05,0.553857
44.592,-0.393994,-1.63371,0.552512,6.9925e-05,0.552442
44.64,-0.421513,-1.63281,0.551089,6.27264e-05,0.551026
44.688,-0.441017,-1.6319,0.549603,5.80788e-05,0.549545
44.736,-0.444016,-1.63097,0.548109,5.73987e-05,0.548052
44.784,-0.453522,-1.63004,0.54665,5.5287e-05,0.546595
44.832,-0.469027,-1.6291,0.54522,5.20056e-05,0.545168
44.88,-0.495038,-1.62815,0.543767,4.69301e-05,0.54372
44.928,-0.473534,-1.62719,0.542366,5.10952e-05,0.542315
44.976,-0.497529,-1.62623,0.540926,4.64772e-05,0.540879
45.024,-0.520541,-1.62525,0.539449,4.24411e-05,0.539406
45.072,-0.533046,-1.62427,0.537945,4.0398e-05,0.537905
45.12,-0.540553,-1.62327,0.536479,3.92204e-05,0.53644
45.168,-0.534554,-1.62227,0.535025,4.01642e-05,0.534985
45.216,-0.538045,-1.62126,0.533571,3.9617e-05,0.533531
45.264,-0.537045,-1.62025,0.532155,3.97769e-05,0.532115
45.312,-0.573562,-1.61923,0.530721,3.44351e-05,0.530687
45.36,-0.572562,-1.61819,0.52926,3.45741e-05,0.529226
45.408,-0.624092,-1.61716,0.527791,2.82069e-05,0.527763
45.456,-0.607571,-1.61611,0.5263,3.01121e-05,0.52627
45.504,-0.615586,-1.61505,0.524838,2.91758e-05,0.524809
45.552,-0.623584,-1.61399,0.523361,2.82704e-05,0.523333
45.6,-0.640597,-1.61292,0.521904,2.64345e-05,0.521878
45.648,-0.643088,-1.61184,0.520436,2.61776e-05,0.520409
45.696,-0.664608,-1.61076,0.518951,2.40455e-05,0.518927
45.744,-0.683112,-1.60966,0.517439,2.23519e-05,0.517417
45.792,-0.679605,-1.60856,0.515948,2.26657e-05,0.515925
45.84,-0.695618,-1.60746,0.514464,2.12777e-05,0.514442
45.888,-0.717121,-1.60634,0.512956,1.95459e-05,0.512937
45.936,-0.716121,-1.60521,0.511459,1.9625e-05,0.511439
45.984,-0.700617,-1.60409,0.509995,2.08668e-05,0.509974
46.032,-0.754638,-1.60295,0.508478,1.6857e-05,0.508461
46.08,-0.75213,-1.6018,0.506974,1.70263e-05,0.506957
46.128,-0.773142,-1.60065,0.505443,1.5671e-05,0.505427
46.176,-0.779649,-1.59949,0.503945,1.52745e-05,0.503929
46.224,-0.794154,-1.59832,0.502426,1.44248e-05,0.502411
46.272,-0.784139,-1.59714,0.500965,1.50085e-05,0.50095
46.32,-0.765144,-1.59596,0.499481,1.618e-05,0.499465
46.368,-0.796153,-1.59478,0.498013,1.43151e-05,0.497999
46.416,-0.81315,-1.59358,0.49651,1.33864e-05,0.496496
46.464,-0.793646,-1.59238,0.495093,1.44603e-05,0.495079
46.512,-0.80466,-1.59118,0.493675,1.38457e-05,0.493661
46.56,-0.829163,-1.58998,0.492242,1.2569e-05,0.492229
46.608,-0.827655,-1.58876,0.490842,1.26452e-05,0.490829
46.656,-0.817657,-1.58755,0.489427,1.31561e-05,0.489414
46.704,-0.83167,-1.58633,0.488073,1.24485e-05,0.488061
46.752,-0.854665,-1.5851,0.486688,1.13681e-05,0.486676
46.8,-0.822164,-1.58387,0.485261,1.29274e-05,0.485248
46.848,-0.83067,-1.58264,0.483904,1.25012e-05,0.483892
46.896,-0.84016,-1.5814,0.482543,1.20422e-05,0.482531
46.944,-0.851666,-1.58016,0.48121,1.1508e-05,0.481198
46.992,-0.848175,-1.57892,0.479889,1.1669e-05,0.479878
47.04,-0.87217,-1.57767,0.478556,1.06143e-05,0.478546
47.088,-0.860172,-1.57641,0.477163,1.11307e-05,0.477152
47.136,-0.886183,-1.57516,0.475832,1.00443e-05,0.475822
47.184,-0.895181,-1.57389,0.474465,9.69433e-06,0.474455
47.232,-0.910686,-1.57263,0.47309,9.119e-06,0.473081
47.28,-0.905687,-1.57135,0.471732,9.30185e-06,0.471723
47.328,-0.914193,-1.57008,0.470376,8.9952e-06,0.470367
47.376,-0.9207,-1.56879,0.469025,8.76769e-06,0.469016
47.424,-0.929206,-1.56751,0.467677,8.47866e-06,0.467669
47.472,-0.963707,-1.56621,0.466308,7.39865e-06,0.4663
47.52,-0.957217,-1.56492,0.464941,7.59164e-06,0.464933
47.568,-0.973213,-1.56361,0.463595,7.12724e-06,0.463588
47.616,-0.931698,-1.56231,0.462265,8.3989e-06,0.462256
47.664,-0.985227,-1.561,0.460931,6.79809e-06,0.460924
47.712,-1.02324,-1.55968,0.45958,5.85049e-06,0.459575
47.76,-1.00373,-1.55836,0.458237,6.31994e-06,0.458231
47.808,-0.971722,-1.55703,0.456914,7.17296e-06,0.456907
47.856,-0.993225,-1.5557,0.45559,6.5892e-06,0.455584
47.904,-0.993717,-1.55437,0.454303,6.57707e-06,0.454296
47.952,-0.972722,-1.55303,0.45304,7.14684e-06,0.453033
48,-0.990718,-1.55169,0.451763,6.65685e-06,0.451756
48.048,-1.00222,-1.55035,0.450541,6.36157e-06,0.450535
48.096,-0.977212,-1.54901,0.449319,7.02325e-06,0.449312
48.144,-0.990226,-1.54766,0.448113,6.67184e-06,0.448106
48.192,-0.998224,-1.54631,0.446933,6.4649e-06,0.446927
48.24,-0.997733,-1.54496,0.445757,6.47813e-06,0.44575
48.288,-0.968214,-1.54362,0.444668,7.28048e-06,0.444661
48.336,-0.997225,-1.54227,0.443531,6.49248e-06,0.443525
48.384,-0.999732,-1.54091,0.442394,6.42911e-06,0.442388
48.432,-1.01473,-1.53956,0.441261,6.05975e-06,0.441255
48.48,-1.00173,-1.5382,0.440137,6.37981e-06,0.44013
48.528,-0.967215,-1.53685,0.439048,7.31305e-06,0.43904
48.576,-1.00422,-1.53549,0.437951,6.3186e-06,0.437945
48.624,-1.02623,-1.53413,0.436891,5.79274e-06,0.436885
48.672,-1.02523,-1.53277,0.435796,5.81628e-06,0.43579
48.72,-1.03974,-1.53141,0.434712,5.49279e-06,0.434706
48.768,-1.03774,-1.53004,0.43362,5.53694e-06,0.433615
48.816,-1.05325,-1.52867,0.432547,5.20837e-06,0.432542
48.864,-1.06875,-1.5273,0.431422,4.89929e-06,0.431417
48.912,-1.08126,-1.52592,0.430273,4.66352e-06,0.430268
48.96,-1.04874,-1.52455,0.429188,5.30363e-06,0.429182
49.008,-1.05624,-1.52317,0.428151,5.14913e-06,0.428146
49.056,-1.09776,-1.52179,0.427098,4.37039e-06,0.427094
49.104,-1.07226,-1.5204,0.425989,4.83437e-06,0.425984
49.152,-1.09227,-1.51901,0.424888,4.4672e-06,0.424884
49.2,-1.07775,-1.51762,0.423824,4.73159e-06,0.423819
49.248,-1.04325,-1.51623,0.422802,5.42339e-06,0.422797
49.296,-1.08276,-1.51484,0.421794,4.6397e-06,0.42179
49.344,-1.08476,-1.51344,0.420759,4.60366e-06,0.420754
49.392,-1.11327,-1.51204,0.419713,4.11365e-06,0.419709
49.44,-1.12828,-1.51063,0.418688,3.87707e-06,0.418684
49.488,-1.10376,-1.50923,0.417672,4.27205e-06,0.417668
49.536,-1.10276,-1.50782,0.416696,4.28942e-06,0.416692
49.584,-1.09527,-1.50641,0.415728,4.41876e-06,0.415723
49.632,-1.08026,-1.50501,0.414809,4.68939e-06,0.414804
49.68,-1.06275,-1.5036,0.413901,5.02583e-06,0.413896
49.728,-1.07275,-1.50219,0.413068,4.83162e-06,0.413063
49.776,-1.10577,-1.50079,0.412152,4.24085e-06,0.412148
49.824,-1.11177,-1.49938,0.411229,4.14192e-06,0.411225
49.872,-1.09025,-1.49797,0.410352,4.5101e-06,0.410347
49.92,-1.09527,-1.49656,0.409507,4.42205e-06,0.409502
49.968,-1.08625,-1.49515,0.408678,4.58293e-06,0.408674
50.016,-1.07976,-1.49374,0.407891,4.70251e-06,0.407886
50.064,-1.07526,-1.49233,0.40708,4.78754e-06,0.407075
50.112,-1.12177,-1.49092,0.406231,3.98399e-06,0.406227
50.16,-1.14178,-1.48951,0.405342,3.68141e-06,0.405339
50.208,-1.1793,-1.48809,0.404396,3.17443e-06,0.404393
50.256,-1.22531,-1.48665,0.403346,2.64694e-06,0.403343
50.304,-1.24081,-1.48521,0.402273,2.48987e-06,0.40227
50.352,-1.30334,-1.48376,0.401137,1.9449e-06,0.401135
50.4,-1.31884,-1.48229,0.399959,1.8295e-06,0.399957
50.448,-1.33086,-1.48081,0.398714,1.74485e-06,0.398713
50.496,-1.35585,-1.47931,0.397468,1.5809e-06,0.397466
50.544,-1.33735,-1.4778,0.396213,1.70105e-06,0.396212
50.592,-1.34685,-1.47628,0.395001,1.63851e-06,0.394999
50.64,-1.34836,-1.47475,0.393813,1.62896e-06,0.393811
50.688,-1.34536,-1.47321,0.392588,1.64858e-06,0.392587
50.736,-1.34086,-1.47166,0.391413,1.6784e-06,0.391412
50.784,-1.34685,-1.4701,0.390269,1.63927e-06,0.390268
50.832,-1.36387,-1.46852,0.389113,1.53285e-06,0.389112
50.88,-1.33986,-1.46694,0.387943,1.68565e-06,0.387941
50.928,-1.32335,-1.46535,0.386839,1.79949e-06,0.386837
50.976,-1.33535,-1.46375,0.385747,1.71636e-06,0.385745
51.024,-1.34336,-1.46214,0.384678,1.66304e-06,0.384676
51.072,-1.32635,-1.46052,0.383625,1.77893e-06,0.383623
51.12,-1.32084,-1.45889,0.382588,1.81829e-06,0.382586
51.168,-1.31234,-1.45726,0.381586,1.88069e-06,0.381584
51.216,-1.30334,-1.45562,0.380622,1.94902e-06,0.38062
51.264,-1.26533,-1.45398,0.379737,2.26522e-06,0.379734
51.312,-1.30183,-1.45234,0.378859,1.96116e-06,0.378857
51.36,-1.27182,-1.45069,0.378001,2.2084e-06,0.377998
51.408,-1.29683,-1.44903,0.377146,2.00079e-06,0.377144
51.456,-1.26182,-1.44737,0.376318,2.29798e-06,0.376316
51.504,-1.27333,-1.44571,0.375522,2.1961e-06,0.37552
51.552,-1.28533,-1.44404,0.374725,2.09466e-06,0.374723
51.6,-1.27584,-1.44237,0.373971,2.17499e-06,0.373968
51.648,-1.25582,-1.4407,0.373263,2.3543e-06,0.373261
51.696,-1.24232,-1.43903,0.372575,2.48369e-06,0.372572
51.744,-1.26082,-1.43736,0.371901,2.30882e-06,0.371899
51.792,-1.27284,-1.43568,0.371186,2.20203e-06,0.371183
51.84,-1.31735,-1.43399,0.370416,1.84701e-06,0.370415
51.888,-1.36587,-1.43229,0.369563,1.52493e-06,0.369562
51.936,-1.37286,-1.43058,0.368652,1.48352e-06,0.36865
51.984,-1.41238,-1.42885,0.367682,1.26917e-06,0.367681
52.032,-1.4584,-1.42711,0.366643,1.05823e-06,0.366642
52.08,-1.4724,-1.42535,0.365564,1.00141e-06,0.365563
52.128,-1.48941,-1.42356,0.364451,9.36412e-07,0.36445
52.176,-1.4814,-1.42177,0.363392,9.66679e-07,0.363391
52.224,-1.48891,-1.41996,0.362313,9.38547e-07,0.362312
52.272,-1.46791,-1.41813,0.361258,1.01989e-06,0.361257
52.32,-1.48541,-1.41629,0.360204,9.51849e-07,0.360203
52.368,-1.4774,-1.41444,0.359164,9.8262e-07,0.359164
52.416,-1.48841,-1.41256,0.358124,9.40894e-07,0.358123
52.464,-1.50341,-1.41068,0.357086,8.86871e-07,0.357085
52.512,-1.4909,-1.40877,0.356094,9.3194e-07,0.356093
52.56,-1.4584,-1.40686,0.355152,1.05984e-06,0.355151
52.608,-1.4519,-1.40493,0.354263,1.0876e-06,0.354262
52.656,-1.46589,-1.40299,0.353362,1.02922e-06,0.353361
52.704,-1.4624,-1.40104,0.35247,1.04367e-06,0.352469
52.752,-1.4694,-1.39907,0.351612,1.01535e-06,0.351611
52.8,-1.4579,-1.3971,0.350785,1.06274e-06,0.350784
52.848,-1.42089,-1.39511,0.35003,1.23032e-06,0.350028
52.896,-1.40487,-1.39311,0.349285,1.3109e-06,0.349283
52.944,-1.41838,-1.39111,0.348557,1.24294e-06,0.348555
52.992,-1.39537,-1.38909,0.347856,1.3615e-06,0.347855
53.04,-1.41438,-1.38706,0.347171,1.26313e-06,0.347169
53.088,-1.38186,-1.38503,0.346555,1.43658e-06,0.346554
53.136,-1.37237,-1.38298,0.345971,1.49171e-06,0.34597
53.184,-1.35036,-1.38093,0.345401,1.62755e-06,0.3454
53.232,-1.35787,-1.37887,0.344842,1.58022e-06,0.34484
53.28,-1.34436,-1.37681,0.344322,1.66711e-06,0.34432
53.328,-1.36436,-1.37473,0.343801,1.54067e-06,0.343799
53.376,-1.35787,-1.37265,0.3433,1.58095e-06,0.343298
53.424,-1.35336,-1.37056,0.342838,1.60962e-06,0.342836
53.472,-1.34736,-1.36846,0.342374,1.6485e-06,0.342372
53.52,-1.36787,-1.36634,0.341879,1.52041e-06,0.341878
53.568,-1.40238,-1.36422,0.341333,1.32673e-06,0.341331
53.616,-1.42889,-1.36207,0.340703,1.19498e-06,0.340702
53.664,-1.4909,-1.3599,0.339983,9.35352e-07,0.339982
53.712,-1.50141,-1.35771,0.339219,8.97455e-07,0.339218
53.76,-1.55543,-1.35549,0.338365,7.25032e-07,0.338364
53.808,-1.53993,-1.35324,0.337519,7.70982e-07,0.337518
53.856,-1.58744,-1.35097,0.336619,6.39086e-07,0.336619
53.904,-1.58844,-1.34867,0.335714,6.36675e-07,0.335713
53.952,-1.56294,-1.34634,0.334851,7.04317e-07,0.334851
54,-1.58244,-1.34399,0.333984,6.52177e-07,0.333983
54.048,-1.58595,-1.34161,0.33314,6.43313e-07,0.333139
54.096,-1.59044,-1.3392,0.332321,6.32108e-07,0.33232
54.144,-1.56694,-1.33676,0.331495,6.93767e-07,0.331495
54.192,-1.57494,-1.3343,0.330685,6.72301e-07,0.330684
54.24,-1.56745,-1.33181,0.329914,6.9263e-07,0.329913
54.288,-1.52742,-1.32929,0.329167,8.11492e-07,0.329166
54.336,-1.53844,-1.32674,0.328429,7.77071e-07,0.328428
54.384,-1.53893,-1.32417,0.327728,7.75711e-07,0.327727
54.432,-1.53093,-1.32157,0.327074,8.0078e-07,0.327073
54.48,-1.51342,-1.31894,0.326442,8.5831e-07,0.326441
54.528,-1.50692,-1.31629,0.325848,8.80844e-07,0.325847
54.576,-1.50392,-1.31361,0.325305,8.91526e-07,0.325304
54.624,-1.49792,-1.3109,0.324771,9.13099e-07,0.32477
54.672,-1.46489,-1.30816,0.324293,1.04063e-06,0.324292
54.72,-1.4579,-1.3054,0.323827,1.07003e-06,0.323826
54.768,-1.45139,-1.30261,0.323404,1.09813e-06,0.323403
54.816,-1.47291,-1.29979,0.322955,1.00881e-06,0.322954
54.864,-1.4499,-1.29694,0.322546,1.10509e-06,0.322545
54.912,-1.41138,-1.29406,0.322191,1.28708e-06,0.322189
54.96,-1.4519,-1.29115,0.321869,1.09686e-06,0.321868
55.008,-1.43188,-1.28821,0.321526,1.1874e-06,0.321524
55.056,-1.43588,-1.28524,0.321196,1.16904e-06,0.321194
55.104,-1.4499,-1.28222,0.320844,1.1063e-06,0.320843
55.152,-1.42789,-1.27918,0.320508,1.20713e-06,0.320507
55.2,-1.40338,-1.2761,0.320229,1.33018e-06,0.320228
55.248,-1.43939,-1.27298,0.319908,1.15399e-06,0.319907
55.296,-1.42389,-1.26981,0.319612,1.22721e-06,0.319611
55.344,-1.4634,-1.26661,0.319274,1.05001e-06,0.319273
55.392,-1.49341,-1.26335,0.318889,9.32794e-07,0.318888
55.44,-1.52893,-1.26004,0.318413,8.10826e-07,0.318412
55.488,-1.56894,-1.25667,0.31784,6.92409e-07,0.317839
55.536,-1.60695,-1.25323,0.317239,5.9598e-07,0.317238
55.584,-1.62747,-1.24973,0.316591,5.49694e-07,0.316591
55.632,-1.61745,-1.24616,0.315946,5.72038e-07,0.315946
55.68,-1.62596,-1.24251,0.315296,5.53275e-07,0.315296
55.728,-1.62347,-1.2388,0.314639,5.58903e-07,0.314638
55.776,-1.62747,-1.23501,0.313978,5.50292e-07,0.313978
55.824,-1.65197,-1.23114,0.313333,4.9964e-07,0.313332
55.872,-1.62547,-1.22719,0.312733,5.54978e-07,0.312732
55.92,-1.62596,-1.22316,0.312158,5.54065e-07,0.312157
55.968,-1.58795,-1.21905,0.311618,6.44071e-07,0.311617
56.016,-1.61245,-1.21485,0.311106,5.84802e-07,0.311106
56.064,-1.56394,-1.21055,0.310644,7.08631e-07,0.310643
56.112,-1.59746,-1.20617,0.310205,6.20909e-07,0.310205
56.16,-1.56294,-1.20168,0.309757,7.11902e-07,0.309756
56.208,-1.56543,-1.1971,0.309339,7.05164e-07,0.309338
56.256,-1.51342,-1.1924,0.308963,8.66377e-07,0.308963
56.304,-1.54992,-1.1876,0.308649,7.50253e-07,0.308648
56.352,-1.52391,-1.18268,0.308357,8.31787e-07,0.308357
56.4,-1.46791,-1.17764,0.308111,1.03825e-06,0.30811
56.448,-1.51942,-1.17247,0.307859,8.47317e-07,0.307858
56.496,-1.4664,-1.16717,0.307625,1.04526e-06,0.307624
56.544,-1.50392,-1.16173,0.307386,9.01575e-07,0.307385
56.592,-1.4449,-1.15614,0.30722,1.13891e-06,0.307218
56.64,-1.4794,-1.15039,0.307101,9.94146e-07,0.3071
56.688,-1.4694,-1.14448,0.306972,1.03466e-06,0.306971
56.736,-1.4734,-1.13839,0.306838,1.01889e-06,0.306837
56.784,-1.4599,-1.13211,0.3067,1.07525e-06,0.306699
56.832,-1.49641,-1.12564,0.306572,9.3118e-07,0.306571
56.88,-1.48891,-1.11894,0.306406,9.5969e-07,0.306405
56.928,-1.4694,-1.11202,0.30626,1.03712e-06,0.306259
56.976,-1.4949,-1.10485,0.30614,9.38168e-07,0.306139
57.024,-1.47191,-1.09742,0.306074,1.02798e-06,0.306073
57.072,-1.50192,-1.08972,0.305982,9.1352e-07,0.305981
57.12,-1.45039,-1.08171,0.305918,1.12053e-06,0.305917
57.168,-1.47891,-1.07338,0.305878,1.00169e-06,0.305877
57.216,-1.49441,-1.0647,0.305836,9.42742e-07,0.305835
57.264,-1.48341,-1.05565,0.305793,9.85271e-07,0.305792
57.312,-1.49941,-1.04618,0.305734,9.25541e-07,0.305733
57.36,-1.52593,-1.03626,0.305635,8.34042e-07,0.305634
57.408,-1.54443,-1.02584,0.305496,7.75805e-07,0.305495
57.456,-1.60845,-1.01488,0.30531,6.02848e-07,0.30531
57.504,-1.59246,-1.00332,0.305048,6.42729e-07,0.305047
57.552,-1.64546,-0.991099,0.304756,5.21708e-07,0.304756
57.6,-1.64746,-0.978145,0.30445,5.18084e-07,0.30445
57.648,-1.63797,-0.964388,0.304221,5.38417e-07,0.304221
57.696,-1.59995,-0.949737,0.304031,6.2639e-07,0.30403
57.744,-1.65348,-0.934085,0.303866,5.07514e-07,0.303866
57.792,-1.66147,-0.9173,0.303686,4.92312e-07,0.303685
57.84,-1.61345,-0.899232,0.303537,5.95979e-07,0.303536
57.888,-1.61496,-0.879711,0.303475,5.93262e-07,0.303474
57.936,-1.57694,-0.858526,0.303523,6.9051e-07,0.303522
57.984,-1.56845,-0.835407,0.303591,7.15245e-07,0.303591
58.032,-1.55994,-0.810037,0.303788,7.41029e-07,0.303788
58.08,-1.58444,-0.781998,0.304031,6.7396e-07,0.304031
58.128,-1.57294,-0.750769,0.304388,7.06865e-07,0.304388
58.176,-1.54593,-0.715657,0.304808,7.88437e-07,0.304808
58.224,-1.56043,-0.675748,0.305358,7.4658e-07,0.305357
58.272,-1.54743,-0.629773,0.306045,7.8844e-07,0.306044
58.32,-1.54693,-0.575931,0.306917,7.92958e-07,0.306917
58.368,-1.52742,-0.511529,0.308007,8.60277e-07,0.308006
58.416,-1.55743,-0.432338,0.30942,7.68159e-07,0.309419
58.464,-1.54893,-0.331174,0.311229,7.99802e-07,0.311228
58.512,-1.53793,-0.194641,0.313757,8.42833e-07,0.313756
58.56,-1.52342,0.00585475,0.317535,9.04032e-07,0.317534
58.608,-1.51792,0.342601,0.323905,9.43091e-07,0.323904
58.656,-1.50392,1.00426,0.336446,1.03586e-06,0.336445
58.704,-1.52642,1.77492,0.354769,9.9984e-07,0.354768
58.752,-1.51692,0.998334,0.344555,1.0088e-06,0.344554
58.8,-1.50892,-0.742867,0.304978,9.22144e-07,0.304977
58.848,-1.51142,-0.941959,0.296954,8.89536e-07,0.296953
58.896,-1.51292,-0.930701,0.296956,8.84769e-07,0.296955
58.944,-1.52642,-0.914435,0.297171,8.39753e-07,0.29717
58.992,-1.46891,-0.896879,0.297462,1.0554e-06,0.297461
59.04,-1.50741,-0.877934,0.297779,9.07646e-07,0.297779
59.088,-1.48741,-0.85739,0.298112,9.83724e-07,0.298111
59.136,-1.49792,-0.835004,0.29851,9.45212e-07,0.298509
59.184,-1.50041,-0.810468,0.298947,9.37576e-07,0.298946
59.232,-1.44939,-0.783402,0.299492,1.14925e-06,0.299491
59.28,-1.44088,-0.753322,0.300135,1.19106e-06,0.300134
59.328,-1.42739,-0.719588,0.30083,1.25925e-06,0.300829
59.376,-1.42939,-0.681359,0.301637,1.25267e-06,0.301636
59.424,-1.4654,-0.637484,0.302543,1.08981e-06,0.302542
59.472,-1.42138,-0.586341,0.303642,1.30151e-06,0.303641
59.52,-1.49041,-0.52555,0.304896,9.94846e-07,0.304895
59.568,-1.48791,-0.451404,0.306355,1.00982e-06,0.306354
59.616,-1.52542,-0.357787,0.308116,8.76128e-07,0.308115
59.664,-1.55443,-0.233622,0.310393,7.87629e-07,0.310393
59.712,-1.56645,-0.0562849,0.313668,7.59709e-07,0.313667
59.76,-1.58595,0.228547,0.318891,7.15843e-07,0.31889
59.808,-1.59295,0.768376,0.328762,7.1874e-07,0.328761
59.856,-1.60345,1.644,0.346808,7.28302e-07,0.346808
59.904,-1.62896,1.40228,0.347574,6.60754e-07,0.347573
59.952,-1.57244,-0.401604,0.31167,7.41599e-07,0.311669
60,-1.59595,-0.935642,0.293746,6.37615e-07,0.293745
60.048,-1.63446,-0.934289,0.29315,5.4713e-07,0.29315
60.096,-1.62296,-0.919222,0.293118,5.73194e-07,0.293117
60.144,-1.59095,-0.902811,0.293145,6.51261e-07,0.293145
60.192,-1.57944,-0.885134,0.293264,6.8242e-07,0.293263
60.24,-1.55343,-0.866013,0.29343,7.57339e-07,0.29343
60.288,-1.57144,-0.845234,0.293619,7.06338e-07,0.293619
60.336,-1.58095,-0.822534,0.29387,6.81386e-07,0.29387
60.384,-1.57144,-0.797586,0.294155,7.08722e-07,0.294155
60.432,-1.54893,-0.769984,0.294519,7.76203e-07,0.294518
60.48,-1.59646,-0.739202,0.294915,6.44654e-07,0.294914
60.528,-1.55092,-0.704552,0.295401,7.73629e-07,0.2954
60.576,-1.55143,-0.665136,0.29607,7.74197e-07,0.296069
60.624,-1.51592,-0.619688,0.296866,8.93681e-07,0.296865
60.672,-1.51342,-0.566427,0.297873,9.05835e-07,0.297872
60.72,-1.52493,-0.502684,0.299085,8.69337e-07,0.299084
60.768,-1.49741,-0.424264,0.300597,9.74371e-07,0.300596
60.816,-1.49241,-0.324085,0.302548,1.00047e-06,0.302547
60.864,-1.4599,-0.188969,0.305243,1.14779e-06,0.305242
60.912,-1.4754,0.00907837,0.309137,1.09326e-06,0.309136
60.96,-1.47291,0.34028,0.315457,1.12663e-06,0.315456
61.008,-1.47091,0.986515,0.327578,1.17914e-06,0.327576
61.056,-1.45139,1.75784,0.345478,1.34317e-06,0.345477
61.104,-1.4499,1.02852,0.336737,1.31653e-06,0.336735
61.152,-1.4439,-0.720325,0.298618,1.19512e-06,0.298617
61.2,-1.4449,-0.939637,0.290411,1.15731e-06,0.29041
61.248,-1.42789,-0.930382,0.290617,1.23824e-06,0.290615
61.296,-1.39738,-0.915813,0.291087,1.39833e-06,0.291086
61.344,-1.38837,-0.900126,0.291624,1.45067e-06,0.291623
61.392,-1.42538,-0.883251,0.292131,1.25478e-06,0.292129
61.44,-1.39237,-0.865028,0.292669,1.4315e-06,0.292667
61.488,-1.41438,-0.845266,0.29324,1.31407e-06,0.293238
61.536,-1.39688,-0.823724,0.293846,1.41035e-06,0.293845
61.584,-1.41589,-0.800112,0.294492,1.31044e-06,0.294491
61.632,-1.41389,-0.774061,0.295168,1.32326e-06,0.295167
61.68,-1.43688,-0.745109,0.295893,1.21076e-06,0.295892
61.728,-1.40638,-0.712652,0.296679,1.36899e-06,0.296678
61.776,-1.38837,-0.675906,0.297587,1.47378e-06,0.297586
61.824,-1.39988,-0.633799,0.298623,1.41237e-06,0.298621
61.872,-1.4584,-0.584818,0.29973,1.12448e-06,0.299729
61.92,-1.42338,-0.52677,0.301045,1.29658e-06,0.301044
61.968,-1.40787,-0.456327,0.302667,1.38512e-06,0.302666
62.016,-1.42189,-0.368025,0.304585,1.31828e-06,0.304584
62.064,-1.4584,-0.252199,0.306955,1.14987e-06,0.306954
62.112,-1.51742,-0.0896918,0.31014,9.20233e-07,0.310139
62.16,-1.53644,0.163665,0.314962,8.67219e-07,0.314962
62.208,-1.54943,0.625854,0.323525,8.46709e-07,0.323524
62.256,-1.56645,1.46703,0.340027,8.32631e-07,0.340027
62.304,-1.57594,1.597,0.347913,8.21251e-07,0.347912
62.352,-1.60596,0.000515712,0.319014,6.69414e-07,0.319013
62.4,-1.60145,-0.915988,0.292542,6.25568e-07,0.292541
62.448,-1.59495,-0.934796,0.291249,6.39623e-07,0.291249
62.496,-1.59195,-0.922022,0.291211,6.47818e-07,0.291211
62.544,-1.63846,-0.907768,0.291214,5.39576e-07,0.291213
62.592,-1.60045,-0.892452,0.291247,6.27724e-07,0.291246
62.64,-1.59395,-0.875948,0.2913,6.44834e-07,0.291299
62.688,-1.55994,-0.858106,0.291481,7.38543e-07,0.291481
62.736,-1.56594,-0.838732,0.291702,7.22231e-07,0.291701
62.784,-1.56694,-0.817587,0.291962,7.2046e-07,0.291961
62.832,-1.56845,-0.794379,0.292249,7.17354e-07,0.292248
62.88,-1.53944,-0.768753,0.29263,8.0596e-07,0.29263
62.928,-1.51492,-0.740257,0.293106,8.89753e-07,0.293105
62.976,-1.51542,-0.708304,0.293694,8.89955e-07,0.293693
63.024,-1.51842,-0.672112,0.294364,8.81687e-07,0.294363
63.072,-1.52842,-0.630626,0.295128,8.49967e-07,0.295127
63.12,-1.52442,-0.582371,0.296018,8.66386e-07,0.296017
63.168,-1.50741,-0.525218,0.297129,9.30277e-07,0.297128
63.216,-1.50041,-0.455914,0.298511,9.60877e-07,0.29851
63.264,-1.53993,-0.369182,0.300198,8.26734e-07,0.300198
63.312,-1.50641,-0.255737,0.302457,9.50942e-07,0.302456
63.36,-1.50892,-0.0973507,0.305588,9.51256e-07,0.305587
63.408,-1.4704,0.14754,0.31031,1.12477e-06,0.310309
63.456,-1.51043,0.588886,0.31858,9.85777e-07,0.318579
63.504,-1.4929,1.40716,0.334488,1.10922e-06,0.334487
63.552,-1.46891,1.63657,0.344265,1.25515e-06,0.344263
63.6,-1.49892,0.134175,0.318335,1.03089e-06,0.318334
63.648,-1.47191,-0.90543,0.290147,1.0453e-06,0.290146
63.696,-1.46489,-0.934545,0.288791,1.0695e-06,0.28879
63.744,-1.46389,-0.922881,0.289066,1.07457e-06,0.289065
63.792,-1.4744,-0.909663,0.28936,1.03184e-06,0.289359
63.84,-1.4579,-0.895495,0.289697,1.10251e-06,0.289696
63.888,-1.44039,-0.880277,0.290084,1.18277e-06,0.290083
63.936,-1.45139,-0.863873,0.290508,1.13378e-06,0.290507
63.984,-1.42889,-0.846119,0.290971,1.24081e-06,0.29097
64.032,-1.40938,-0.826829,0.291543,1.34207e-06,0.291542
64.08,-1.39637,-0.805763,0.292164,1.41502e-06,0.292162
64.128,-1.41489,-0.782626,0.292818,1.31729e-06,0.292817
64.176,-1.39437,-0.757051,0.293528,1.43115e-06,0.293527
64.224,-1.40387,-0.72858,0.294323,1.38113e-06,0.294322
64.272,-1.35436,-0.696613,0.295224,1.68343e-06,0.295222
64.32,-1.38737,-0.660364,0.29622,1.48125e-06,0.296219
64.368,-1.38688,-0.618748,0.297303,1.48842e-06,0.297301
64.416,-1.37537,-0.570263,0.298526,1.56288e-06,0.298525
64.464,-1.38988,-0.512721,0.299935,1.48161e-06,0.299934
64.512,-1.37237,-0.442771,0.301602,1.59529e-06,0.3016
64.56,-1.36087,-0.354962,0.303616,1.67936e-06,0.303614
64.608,-1.36236,-0.239662,0.306215,1.68224e-06,0.306213
64.656,-1.38337,-0.0777779,0.309685,1.56443e-06,0.309683
64.704,-1.36937,0.174503,0.314851,1.67963e-06,0.314849
64.752,-1.36687,0.632782,0.32381,1.74317e-06,0.323808
64.8,-1.40687,1.45612,0.340521,1.56378e-06,0.340519
64.848,-1.39037,1.58173,0.348758,1.70821e-06,0.348756
64.896,-1.4559,0.00695278,0.320596,1.21158e-06,0.320594
64.944,-1.44539,-0.910226,0.294465,1.15976e-06,0.294463
64.992,-1.46289,-0.931835,0.293388,1.0782e-06,0.293387
65.04,-1.4949,-0.921078,0.293541,9.50759e-07,0.29354
65.088,-1.59246,-0.908975,0.293576,6.47138e-07,0.293575
65.136,-1.59646,-0.895998,0.293573,6.3758e-07,0.293573
65.184,-1.64097,-0.882061,0.293568,5.35249e-07,0.293568
65.232,-1.62045,-0.867042,0.293559,5.8109e-07,0.293558
65.28,-1.61996,-0.850802,0.293562,5.82893e-07,0.293561
65.328,-1.62847,-0.833175,0.29361,5.64327e-07,0.29361
65.376,-1.63346,-0.813956,0.293676,5.54039e-07,0.293676
65.424,-1.59746,-0.792905,0.293835,6.39728e-07,0.293834
65.472,-1.61845,-0.769714,0.294024,5.89748e-07,0.294023
65.52,-1.59195,-0.744003,0.294291,6.56058e-07,0.294291
65.568,-1.55943,-0.715286,0.294623,7.47536e-07,0.294623
65.616,-1.56143,-0.682936,0.295057,7.43327e-07,0.295057
65.664,-1.55143,-0.646122,0.295637,7.75268e-07,0.295636
65.712,-1.54093,-0.603708,0.296361,8.10511e-07,0.29636
65.76,-1.53844,-0.554088,0.297261,8.21327e-07,0.29726
65.808,-1.52091,-0.494904,0.298352,8.8378e-07,0.298351
65.856,-1.50992,-0.422518,0.299712,9.2757e-07,0.299711
65.904,-1.48841,-0.330944,0.301511,1.01605e-06,0.30151
65.952,-1.50741,-0.209389,0.30392,9.50115e-07,0.303919
66,-1.4714,-0.0359875,0.307332,1.10769e-06,0.307331
66.048,-1.48741,0.240826,0.312678,1.05771e-06,0.312677
66.096,-1.51792,0.756529,0.322354,9.66518e-07,0.322353
66.144,-1.4439,1.58801,0.339571,1.36384e-06,0.33957
66.192,-1.44839,1.41082,0.341817,1.34833e-06,0.341815
66.24,-1.47291,-0.327503,0.308761,1.10509e-06,0.30876
66.288,-1.41238,-0.923138,0.290163,1.31871e-06,0.290162
66.336,-1.4604,-0.929074,0.289817,1.08907e-06,0.289816
66.384,-1.43388,-0.918736,0.290157,1.21028e-06,0.290156
66.432,-1.4439,-0.907418,0.290494,1.16426e-06,0.290493
66.48,-1.44739,-0.895317,0.290808,1.1493e-06,0.290806
66.528,-1.4704,-0.882349,0.291111,1.05035e-06,0.29111
66.576,-1.4449,-0.868418,0.291476,1.1629e-06,0.291475
66.624,-1.42089,-0.853404,0.291908,1.28003e-06,0.291907
66.672,-1.43039,-0.837166,0.292369,1.23425e-06,0.292367
66.72,-1.43788,-0.819522,0.292816,1.19975e-06,0.292815
66.768,-1.43039,-0.800275,0.293344,1.23748e-06,0.293343
66.816,-1.47391,-0.779168,0.293888,1.0435e-06,0.293887
66.864,-1.44088,-0.755879,0.294441,1.19094e-06,0.29444
66.912,-1.46589,-0.730025,0.29505,1.08081e-06,0.295048
66.96,-1.40887,-0.701104,0.295779,1.35676e-06,0.295778
67.008,-1.40538,-0.668467,0.296584,1.37874e-06,0.296583
67.056,-1.40088,-0.631246,0.297515,1.40715e-06,0.297513
67.104,-1.41589,-0.588252,0.29856,1.33002e-06,0.298559
67.152,-1.42389,-0.537801,0.299764,1.2931e-06,0.299763
67.2,-1.40088,-0.477406,0.301179,1.42206e-06,0.301178
67.248,-1.37637,-0.403219,0.302953,1.57453e-06,0.302951
67.296,-1.37337,-0.308803,0.305137,1.60336e-06,0.305135
67.344,-1.33135,-0.182436,0.30798,1.90879e-06,0.307978
67.392,-1.37586,2.67676e-05,0.311858,1.61961e-06,0.311856
67.44,-1.39437,0.296525,0.31781,1.53308e-06,0.317808
67.488,-1.36987,0.855544,0.328671,1.74533e-06,0.32867
67.536,-1.36787,1.6522,0.346371,1.85227e-06,0.346369
67.584,-1.39388,1.24996,0.344232,1.65967e-06,0.344231
67.632,-1.34736,-0.516065,0.308402,1.78536e-06,0.3084
67.68,-1.32886,-0.925035,0.294699,1.83346e-06,0.294697
67.728,-1.33235,-0.92579,0.294791,1.80703e-06,0.294789
67.776,-1.37937,-0.916461,0.295206,1.50154e-06,0.295205
67.824,-1.42538,-0.906342,0.295555,1.2528e-06,0.295554
67.872,-1.4489,-0.895535,0.295826,1.14247e-06,0.295825
67.92,-1.50041,-0.883963,0.295989,9.32782e-07,0.295989
67.968,-1.52493,-0.871537,0.296102,8.47379e-07,0.296101
68.016,-1.57795,-0.858154,0.296152,6.87828e-07,0.296151
68.064,-1.56794,-0.843691,0.296179,7.16334e-07,0.296178
68.112,-1.62247,-0.828011,0.296186,5.78095e-07,0.296186
68.16,-1.58095,-0.810944,0.296238,6.82002e-07,0.296237
68.208,-1.58295,-0.792294,0.29632,6.77525e-07,0.296319
68.256,-1.63846,-0.771807,0.296407,5.44835e-07,0.296407
68.304,-1.61745,-0.749176,0.296533,5.92957e-07,0.296533
68.352,-1.60996,-0.724023,0.296721,6.11851e-07,0.296721
68.4,-1.58895,-0.695858,0.29698,6.66144e-07,0.29698
68.448,-1.60245,-0.66406,0.297357,6.32919e-07,0.297356
68.496,-1.61845,-0.62778,0.297801,5.95638e-07,0.297801
68.544,-1.60445,-0.585871,0.298356,6.31342e-07,0.298355
68.592,-1.55943,-0.536726,0.29913,7.56852e-07,0.299129
68.64,-1.55794,-0.477984,0.300137,7.64379e-07,0.300136
68.688,-1.54443,-0.405986,0.301451,8.10217e-07,0.301451
68.736,-1.53793,-0.314688,0.30315,8.36401e-07,0.30315
68.784,-1.54343,-0.193217,0.305451,8.24941e-07,0.30545
68.832,-1.48791,-0.0195638,0.308806,1.03889e-06,0.308805
68.88,-1.4794,0.257981,0.314087,1.093e-06,0.314086
68.928,-1.48941,0.772746,0.323737,1.08296e-06,0.323736
68.976,-1.51342,1.5807,0.34052,1.0361e-06,0.340519
69.024,-1.48391,1.38061,0.342071,1.16966e-06,0.34207
69.072,-1.44088,-0.341066,0.309031,1.25238e-06,0.309029
69.12,-1.4499,-0.917635,0.290905,1.13742e-06,0.290903
69.168,-1.47991,-0.925138,0.290476,1.00858e-06,0.290475
69.216,-1.47291,-0.916771,0.290678,1.03747e-06,0.290677
69.264,-1.4489,-0.907573,0.290925,1.1415e-06,0.290924
69.312,-1.43988,-0.897779,0.291255,1.18373e-06,0.291254
69.36,-1.42489,-0.88733,0.291611,1.25695e-06,0.29161
69.408,-1.43839,-0.87615,0.291958,1.19257e-06,0.291957
69.456,-1.43739,-0.864161,0.292337,1.19831e-06,0.292335
69.504,-1.46389,-0.85126,0.292677,1.08013e-06,0.292676
69.552,-1.41938,-0.837342,0.293096,1.28919e-06,0.293095
69.6,-1.42538,-0.822275,0.293511,1.26033e-06,0.29351
69.648,-1.40938,-0.805905,0.294011,1.34414e-06,0.29401
69.696,-1.39838,-0.788042,0.294523,1.40563e-06,0.294522
69.744,-1.45439,-0.768454,0.295034,1.12808e-06,0.295033
69.792,-1.42689,-0.746866,0.295634,1.25952e-06,0.295633
69.84,-1.42789,-0.722927,0.296289,1.25666e-06,0.296287
69.888,-1.40687,-0.696195,0.296997,1.36804e-06,0.296996
69.936,-1.42889,-0.666096,0.29775,1.25668e-06,0.297749
69.984,-1.42939,-0.631889,0.298635,1.25714e-06,0.298633
70.032,-1.38888,-0.592554,0.299603,1.47948e-06,0.299602
70.08,-1.41038,-0.546688,0.300716,1.36323e-06,0.300715
70.128,-1.43488,-0.492248,0.30195,1.242e-06,0.301949
70.176,-1.43639,-0.426153,0.303398,1.24016e-06,0.303397
70.224,-1.42839,-0.343468,0.305209,1.2871e-06,0.305208
70.272,-1.40587,-0.235627,0.307542,1.41697e-06,0.30754
70.32,-1.40338,-0.0861311,0.310717,1.44489e-06,0.310716
70.368,-1.36836,0.141438,0.315388,1.68328e-06,0.315386
70.416,-1.36336,0.539439,0.323216,1.75836e-06,0.323214
70.464,-1.33686,1.27531,0.337952,2.03956e-06,0.33795
70.512,-1.34985,1.65315,0.350271,2.00625e-06,0.350269
70.56,-1.36787,0.399681,0.329732,1.75744e-06,0.329731
70.608,-1.38737,-0.859116,0.297633,1.46764e-06,0.297631
70.656,-1.31835,-0.924114,0.295198,1.91025e-06,0.295196
70.704,-1.32735,-0.91825,0.295615,1.84411e-06,0.295614
70.752,-1.33735,-0.910599,0.296073,1.77363e-06,0.296071
70.8,-1.36287,-0.902454,0.296526,1.6044e-06,0.296524
70.848,-1.33335,-0.893794,0.296987,1.80405e-06,0.296985
70.896,-1.32684,-0.884571,0.29746,1.85227e-06,0.297458
70.944,-1.32484,-0.874733,0.297984,1.86828e-06,0.297982
70.992,-1.34885,-0.864211,0.298515,1.7004e-06,0.298513
71.04,-1.32335,-0.852925,0.299057,1.88224e-06,0.299055
71.088,-1.33586,-0.840789,0.299605,1.79302e-06,0.299603
71.136,-1.33386,-0.827698,0.300162,1.80893e-06,0.30016
71.184,-1.35185,-0.813524,0.300679,1.68642e-06,0.300677
71.232,-1.36336,-0.798122,0.301189,1.61321e-06,0.301187
71.28,-1.38237,-0.781321,0.301717,1.49821e-06,0.301715
71.328,-1.37986,-0.762913,0.30229,1.51509e-06,0.302289
71.376,-1.36436,-0.742647,0.302919,1.61314e-06,0.302917
71.424,-1.33386,-0.72021,0.303629,1.82268e-06,0.303627
71.472,-1.37437,-0.6952,0.304335,1.5557e-06,0.304333
71.52,-1.34936,-0.667105,0.305082,1.72071e-06,0.305081
71.568,-1.35085,-0.635276,0.305944,1.71438e-06,0.305942
71.616,-1.36736,-0.598833,0.306893,1.61017e-06,0.306891
71.664,-1.34636,-0.556567,0.307963,1.75458e-06,0.307961
71.712,-1.36536,-0.506772,0.309155,1.63323e-06,0.309153
71.76,-1.38888,-0.446913,0.310533,1.49431e-06,0.310531
71.808,-1.36536,-0.373057,0.312225,1.64805e-06,0.312223
71.856,-1.34485,-0.27866,0.314415,1.79841e-06,0.314413
71.904,-1.33135,-0.15172,0.317235,1.9128e-06,0.317233
71.952,-1.32786,0.0324356,0.321197,1.96226e-06,0.321195
72,-1.31584,0.332525,0.327442,2.09591e-06,0.32744
72.048,-1.30183,0.892017,0.338711,2.28938e-06,0.338709
72.096,-1.29383,1.63396,0.356014,2.4813e-06,0.356011
72.144,-1.31034,1.17691,0.352446,2.29926e-06,0.352444
72.192,-1.30834,-0.543994,0.316014,2.07619e-06,0.316012
72.24,-1.33386,-0.914753,0.303105,1.79889e-06,0.303103
72.288,-1.29634,-0.917987,0.303109,2.08466e-06,0.303107
72.336,-1.28433,-0.912037,0.303531,2.18694e-06,0.303529
72.384,-1.29834,-0.905563,0.303952,2.07007e-06,0.30395
72.432,-1.28333,-0.898705,0.304414,2.19769e-06,0.304412
72.48,-1.31884,-0.891428,0.304845,1.91086e-06,0.304843
72.528,-1.35085,-0.883686,0.305222,1.68471e-06,0.305221
72.576,-1.37286,-0.875429,0.305541,1.54525e-06,0.30554
72.624,-1.40838,-0.8666,0.305772,1.34371e-06,0.30577
72.672,-1.41889,-0.857139,0.305962,1.28993e-06,0.305961
72.72,-1.4734,-0.846974,0.306071,1.04066e-06,0.30607
72.768,-1.4959,-0.836022,0.306135,9.52839e-07,0.306135
72.816,-1.53993,-0.824187,0.306127,8.01343e-07,0.306126
72.864,-1.55543,-0.81136,0.306085,7.54395e-07,0.306085
72.912,-1.55494,-0.797416,0.306047,7.56609e-07,0.306046
72.96,-1.51542,-0.782215,0.306097,8.85456e-07,0.306096
73.008,-1.51642,-0.765583,0.306206,8.82998e-07,0.306205
73.056,-1.53993,-0.747297,0.306336,8.05704e-07,0.306335
73.104,-1.53793,-0.727086,0.306466,8.1325e-07,0.306465
73.152,-1.51642,-0.704623,0.306647,8.86784e-07,0.306646
73.2,-1.52293,-0.679503,0.306913,8.65786e-07,0.306913
73.248,-1.53593,-0.651194,0.307268,8.24056e-07,0.307267
73.296,-1.52193,-0.618995,0.307665,8.72875e-07,0.307664
73.344,-1.49241,-0.58199,0.308255,9.83399e-07,0.308254
73.392,-1.4959,-0.5389,0.308976,9.72799e-07,0.308975
73.44,-1.4774,-0.4879,0.309885,1.05026e-06,0.309884
73.488,-1.47291,-0.426274,0.311051,1.07354e-06,0.31105
73.536,-1.4614,-0.349733,0.312528,1.12927e-06,0.312527
73.584,-1.47791,-0.25104,0.314469,1.06489e-06,0.314468
73.632,-1.4479,-0.116718,0.31714,1.20952e-06,0.317139
73.68,-1.41138,0.0815581,0.32115,1.41496e-06,0.321149
73.728,-1.43839,0.412492,0.327682,1.29755e-06,0.32768
73.776,-1.42839,1.0305,0.339839,1.39981e-06,0.339837
73.824,-1.42389,1.66645,0.355613,1.49104e-06,0.355611
73.872,-1.37737,0.914727,0.34549,1.74059e-06,0.345489
73.92,-1.39937,-0.707556,0.308526,1.42448e-06,0.308524
73.968,-1.38186,-0.914963,0.300746,1.48755e-06,0.300745
74.016,-1.35936,-0.914666,0.300791,1.62544e-06,0.300789
74.064,-1.37386,-0.909548,0.301015,1.53543e-06,0.301014
74.112,-1.39637,-0.904045,0.301266,1.40531e-06,0.301265
74.16,-1.36887,-0.898221,0.301556,1.56733e-06,0.301555
74.208,-1.34385,-0.892047,0.301853,1.73095e-06,0.301852
74.256,-1.35936,-0.885497,0.302167,1.62882e-06,0.302165
74.304,-1.36536,-0.878532,0.302473,1.59145e-06,0.302472
74.352,-1.33835,-0.87112,0.302834,1.77168e-06,0.302832
74.4,-1.36036,-0.863218,0.303216,1.62498e-06,0.303214
74.448,-1.36436,-0.854773,0.303582,1.60046e-06,0.303581
74.496,-1.37036,-0.845724,0.30392,1.56397e-06,0.303919
74.544,-1.40487,-0.836011,0.304259,1.36546e-06,0.304258
74.592,-1.35236,-0.825561,0.304655,1.68166e-06,0.304653
74.64,-1.32235,-0.814299,0.30512,1.89495e-06,0.305118
74.688,-1.40238,-0.802113,0.305516,1.38229e-06,0.305515
74.736,-1.32886,-0.78889,0.305986,1.85016e-06,0.305984
74.784,-1.33435,-0.774504,0.306515,1.81228e-06,0.306514
74.832,-1.33886,-0.758786,0.307069,1.78226e-06,0.307068
74.88,-1.32584,-0.741538,0.307648,1.8786e-06,0.307646
74.928,-1.34336,-0.722521,0.308266,1.75526e-06,0.308265
74.976,-1.29583,-0.701444,0.308956,2.12113e-06,0.308954
75.024,-1.29534,-0.677942,0.309724,2.12875e-06,0.309722
75.072,-1.26033,-0.651552,0.310586,2.44915e-06,0.310584
75.12,-1.30183,-0.621668,0.311522,2.08297e-06,0.31152
75.168,-1.25933,-0.587483,0.312527,2.46978e-06,0.312525
75.216,-1.26582,-0.547928,0.313713,2.41379e-06,0.313711
75.264,-1.25382,-0.501479,0.315041,2.53906e-06,0.315039
75.312,-1.25833,-0.445935,0.316625,2.50366e-06,0.316622
75.36,-1.26782,-0.377904,0.318417,2.42257e-06,0.318414
75.408,-1.24581,-0.291887,0.320612,2.65796e-06,0.32061
75.456,-1.23981,-0.178176,0.323352,2.74211e-06,0.32335
75.504,-1.24181,-0.017726,0.327124,2.74869e-06,0.327121
75.552,-1.22331,0.232321,0.332673,3.00357e-06,0.33267
75.6,-1.21331,0.677894,0.342079,3.20863e-06,0.342076
75.648,-1.2038,1.42039,0.35846,3.4861e-06,0.358456
75.696,-1.19281,1.48873,0.365592,3.70779e-06,0.365589
75.744,-1.1913,-0.00499705,0.33766,3.43992e-06,0.337657
75.792,-1.20531,-0.880261,0.311957,3.00234e-06,0.311954
75.84,-1.1803,-0.911538,0.311047,3.29949e-06,0.311044
75.888,-1.1853,-0.908737,0.311572,3.23544e-06,0.311568
75.936,-1.1803,-0.905075,0.312084,3.30086e-06,0.31208
75.984,-1.16679,-0.90122,0.312641,3.4828e-06,0.312638
76.032,-1.17379,-0.897169,0.313186,3.38877e-06,0.313183
76.08,-1.1873,-0.892905,0.313722,3.21361e-06,0.313719
76.128,-1.19281,-0.888408,0.314226,3.14543e-06,0.314223
76.176,-1.16278,-0.883665,0.314776,3.54297e-06,0.314773
76.224,-1.16779,-0.878652,0.315303,3.47467e-06,0.3153
76.272,-1.19079,-0.87335,0.315843,3.17401e-06,0.31584
76.32,-1.17029,-0.867732,0.316408,3.44331e-06,0.316405
76.368,-1.17279,-0.861772,0.31696,3.4108e-06,0.316957
76.416,-1.1863,-0.855435,0.317511,3.23498e-06,0.317508
76.464,-1.16729,-0.848691,0.318104,3.48911e-06,0.318101
76.512,-1.1903,-0.841498,0.318677,3.18741e-06,0.318674
76.56,-1.1883,-0.833806,0.319225,3.21446e-06,0.319222
76.608,-1.15878,-0.825571,0.319812,3.61434e-06,0.319808
76.656,-1.13628,-0.81674,0.320454,3.953e-06,0.32045
76.704,-1.14727,-0.807247,0.321118,3.78741e-06,0.321115
76.752,-1.15978,-0.797017,0.321803,3.60738e-06,0.321799
76.8,-1.16329,-0.785961,0.322521,3.5605e-06,0.322517
76.848,-1.12277,-0.773985,0.323306,4.18237e-06,0.323302
76.896,-1.13978,-0.760966,0.324095,3.91399e-06,0.324091
76.944,-1.13678,-0.746761,0.324911,3.96463e-06,0.324907
76.992,-1.12277,-0.731206,0.325786,4.19499e-06,0.325782
77.04,-1.08976,-0.714098,0.326711,4.78532e-06,0.326707
77.088,-1.08976,-0.695199,0.327732,4.79166e-06,0.327727
77.136,-1.09776,-0.674195,0.328773,4.64938e-06,0.328769
77.184,-1.05375,-0.650701,0.329879,5.54168e-06,0.329873
77.232,-1.06324,-0.624241,0.331087,5.3475e-06,0.331081
77.28,-1.06524,-0.594177,0.33238,5.31646e-06,0.332375
77.328,-1.05524,-0.559671,0.333789,5.54391e-06,0.333784
77.376,-1.08126,-0.519576,0.33531,5.01609e-06,0.335305
77.424,-1.05175,-0.472276,0.337007,5.65464e-06,0.337001
77.472,-1.07075,-0.415398,0.338896,5.2659e-06,0.338891
77.52,-1.06024,-0.345288,0.341084,5.51506e-06,0.341078
77.568,-1.08425,-0.255926,0.343685,5.04559e-06,0.34368
77.616,-1.09476,-0.136538,0.346915,4.87826e-06,0.346911
77.664,-1.06424,0.0343947,0.351226,5.56399e-06,0.35122
77.712,-1.09627,0.305864,0.35769,4.98529e-06,0.357685
77.76,-1.07626,0.793867,0.36871,5.55402e-06,0.368704
77.808,-1.07826,1.50718,0.386336,5.7656e-06,0.386331
77.856,-1.10776,1.31553,0.388145,5.14794e-06,0.38814
77.904,-1.08026,-0.290811,0.353615,5.22144e-06,0.35361
77.952,-1.06024,-0.884866,0.333331,5.31969e-06,0.333325
78,-1.06775,-0.902475,0.332995,5.15133e-06,0.33299
78.048,-1.08876,-0.901364,0.333454,4.74107e-06,0.333449
78.096,-1.09227,-0.899808,0.333911,4.67632e-06,0.333906
78.144,-1.08276,-0.898185,0.334322,4.85592e-06,0.334318
78.192,-1.07826,-0.896502,0.334743,4.9438e-06,0.334738
78.24,-1.07375,-0.894758,0.335159,5.03328e-06,0.335154
78.288,-1.07026,-0.892951,0.335633,5.10387e-06,0.335628
78.336,-1.13028,-0.891075,0.336061,4.02659e-06,0.336057
78.384,-1.04125,-0.889121,0.336521,5.7255e-06,0.336515
78.432,-1.04074,-0.887097,0.337025,5.73784e-06,0.337019
78.48,-1.06524,-0.884993,0.337544,5.20902e-06,0.337538
78.528,-1.04574,-0.882805,0.338081,5.62732e-06,0.338076
78.576,-1.05274,-0.880525,0.338625,5.4747e-06,0.338619
78.624,-1.02424,-0.878144,0.339147,6.12853e-06,0.339141
78.672,-1.01224,-0.875664,0.339738,6.42726e-06,0.339731
78.72,-1.04674,-0.873071,0.340282,5.60904e-06,0.340277
78.768,-1.00924,-0.870359,0.340868,6.50638e-06,0.340861
78.816,-1.03323,-0.867519,0.341438,5.91891e-06,0.341432
78.864,-1.00573,-0.864544,0.34204,6.59994e-06,0.342034
78.912,-1.00373,-0.861422,0.342642,6.65379e-06,0.342635
78.96,-1.02124,-0.858138,0.343222,6.21049e-06,0.343216
79.008,-0.999732,-0.854684,0.343834,6.76304e-06,0.343827
79.056,-1.02774,-0.851043,0.344408,6.05588e-06,0.344402
79.104,-1.01573,-0.847196,0.344982,6.3521e-06,0.344976
79.152,-1.01724,-0.84313,0.345546,6.31618e-06,0.34554
79.2,-1.03925,-0.838821,0.346078,5.79171e-06,0.346073
79.248,-1.00473,-0.834254,0.346656,6.6404e-06,0.346649
79.296,-1.00822,-0.829403,0.347206,6.55167e-06,0.3472
79.344,-1.00973,-0.824245,0.347783,6.51513e-06,0.347777
79.392,-1.00122,-0.818752,0.348374,6.74051e-06,0.348367
79.44,-0.993225,-0.812899,0.349015,6.95988e-06,0.349009
79.488,-1.02224,-0.806639,0.349591,6.20871e-06,0.349585
79.536,-0.995717,-0.799932,0.350167,6.89803e-06,0.35016
79.584,-1.00573,-0.792743,0.35081,6.63373e-06,0.350804
79.632,-1.00673,-0.785019,0.351459,6.61119e-06,0.351452
79.68,-0.986719,-0.776699,0.352128,7.15952e-06,0.352121
79.728,-1.00924,-0.767714,0.352769,6.554e-06,0.352763
79.776,-1.02623,-0.757986,0.353418,6.13241e-06,0.353412
79.824,-0.989718,-0.747427,0.354111,7.08978e-06,0.354104
79.872,-0.995225,-0.735938,0.354836,6.94276e-06,0.354829
79.92,-0.988718,-0.723392,0.355591,7.1299e-06,0.355584
79.968,-0.987227,-0.709645,0.356378,7.17897e-06,0.356371
80.016,-0.991226,-0.694526,0.357222,7.07389e-06,0.357215
80.064,-0.961708,-0.677828,0.358139,7.9585e-06,0.358131
80.112,-0.976213,-0.65929,0.359075,7.52483e-06,0.359067
80.16,-0.951202,-0.638593,0.360077,8.31862e-06,0.360068
80.208,-0.965215,-0.615338,0.361136,7.88316e-06,0.361128
80.256,-0.933697,-0.58901,0.362256,8.94518e-06,0.362247
80.304,-0.914701,-0.558956,0.363549,9.66261e-06,0.36354
80.352,-0.948202,-0.524294,0.364971,8.48453e-06,0.364963
80.4,-0.942204,-0.483783,0.366456,8.71218e-06,0.366448
80.448,-0.937696,-0.435705,0.368154,8.8978e-06,0.368146
80.496,-0.933206,-0.377503,0.370078,9.09278e-06,0.370069
80.544,-0.94871,-0.305214,0.372375,8.59376e-06,0.372366
80.592,-0.948202,-0.212212,0.375143,8.66411e-06,0.375134
80.64,-0.933697,-0.0865181,0.378741,9.25054e-06,0.378732
80.688,-0.923699,0.0961683,0.383667,9.73552e-06,0.383658
80.736,-0.948202,0.391325,0.391141,8.99817e-06,0.391132
80.784,-0.951202,0.917606,0.40402,9.1742e-06,0.404011
80.832,-0.951202,1.54372,0.421884,9.56928e-06,0.421874
80.88,-0.929206,1.09019,0.417044,1.03068e-05,0.417034
80.928,-0.945203,-0.503928,0.376953,8.73566e-06,0.376945
80.976,-0.945203,-0.877481,0.3621,8.38203e-06,0.362091
81.024,-0.934205,-0.889222,0.362003,8.74103e-06,0.361994
81.072,-0.953709,-0.890482,0.362338,8.0917e-06,0.36233
81.12,-0.956217,-0.891598,0.362689,8.01127e-06,0.362681
81.168,-0.950202,-0.892801,0.362987,8.20329e-06,0.362979
81.216,-0.959216,-0.894101,0.363247,7.91545e-06,0.363239
81.264,-0.947711,-0.89551,0.363547,8.28286e-06,0.363539
81.312,-0.944711,-0.897031,0.363841,8.38072e-06,0.363832
81.36,-0.953709,-0.898675,0.364167,8.08698e-06,0.364159
81.408,-0.944711,-0.90044,0.364466,8.37868e-06,0.364457
81.456,-0.937205,-0.902335,0.364774,8.62981e-06,0.364765
81.504,-0.951202,-0.904366,0.365053,8.16421e-06,0.365045
81.552,-0.969214,-0.906534,0.365313,7.60203e-06,0.365305
81.6,-0.945203,-0.908854,0.365616,8.35739e-06,0.365608
81.648,-0.919192,-0.911342,0.366024,9.26059e-06,0.366015
81.696,-0.947203,-0.913993,0.366364,8.28856e-06,0.366356
81.744,-0.904195,-0.91681,0.366694,9.8222e-06,0.366684
81.792,-0.924191,-0.919808,0.367024,9.07393e-06,0.367015
81.84,-0.899688,-0.922988,0.367337,9.99431e-06,0.367327
81.888,-0.904687,-0.92636,0.367674,9.79643e-06,0.367664
81.936,-0.908195,-0.929936,0.368027,9.6591e-06,0.368018
81.984,-0.909686,-0.933714,0.368349,9.59972e-06,0.36834
82.032,-0.864679,-0.937708,0.368714,1.14652e-05,0.368703
82.08,-0.87017,-0.94192,0.369047,1.12157e-05,0.369035
82.128,-0.874677,-0.94636,0.369402,1.10142e-05,0.369391
82.176,-0.844176,-0.951029,0.369725,1.24211e-05,0.369712
82.224,-0.867171,-0.955937,0.37006,1.1338e-05,0.370049
82.272,-0.870678,-0.961081,0.370345,1.11778e-05,0.370333
82.32,-0.873677,-0.966472,0.370642,1.10418e-05,0.370631
82.368,-0.865171,-0.972114,0.370943,1.14147e-05,0.370932
82.416,-0.897689,-0.978007,0.3712,1.00338e-05,0.37119
82.464,-0.927191,-0.984146,0.371378,8.92562e-06,0.371369
82.512,-0.908686,-0.990539,0.371567,9.59839e-06,0.371558
82.56,-0.913685,-0.997186,0.371727,9.4061e-06,0.371718
82.608,-0.899688,-1.00409,0.371898,9.93613e-06,0.371889
82.656,-0.906195,-1.01125,0.37208,9.67885e-06,0.37207
82.704,-0.891182,-1.01867,0.372228,1.0265e-05,0.372218
82.752,-0.89069,-1.02634,0.37236,1.02793e-05,0.37235
82.8,-0.89918,-1.03426,0.372463,9.93437e-06,0.372453
82.848,-0.885691,-1.04242,0.372557,1.04721e-05,0.372547
82.896,-0.884692,-1.05082,0.37264,1.05072e-05,0.37263
82.944,-0.902688,-1.05945,0.372658,9.77969e-06,0.372648
82.992,-0.897689,-1.06832,0.372722,9.96839e-06,0.372712
83.04,-0.876677,-1.07741,0.372852,1.08244e-05,0.372841
83.088,-0.867679,-1.08671,0.372949,1.12086e-05,0.372938
83.136,-0.87217,-1.09623,0.373045,1.10038e-05,0.373034
83.184,-0.884183,-1.10593,0.373073,1.04861e-05,0.373062
83.232,-0.849666,-1.11581,0.373118,1.201e-05,0.373106
83.28,-0.84116,-1.12587,0.373236,1.24115e-05,0.373223
83.328,-0.867679,-1.1361,0.373348,1.11682e-05,0.373337
83.376,-0.859172,-1.14647,0.373386,1.15412e-05,0.373375
83.424,-0.861172,-1.15697,0.373427,1.14416e-05,0.373415
83.472,-0.828671,-1.1676,0.373528,1.29996e-05,0.373515
83.52,-0.848666,-1.17834,0.373648,1.20024e-05,0.373636
83.568,-0.850666,-1.18916,0.373706,1.18984e-05,0.373694
83.616,-0.873677,-1.20006,0.373727,1.08554e-05,0.373716
83.664,-0.835161,-1.21102,0.373762,1.26299e-05,0.373749
83.712,-0.83467,-1.22203,0.37385,1.26442e-05,0.373837
83.76,-0.84016,-1.23307,0.373906,1.23627e-05,0.373894
83.808,-0.86268,-1.24412,0.373962,1.13007e-05,0.373951
83.856,-0.856665,-1.25517,0.374005,1.15631e-05,0.373993
83.904,-0.876677,-1.26621,0.374033,1.06751e-05,0.374022
83.952,-0.860172,-1.27721,0.374029,1.13853e-05,0.374018
84,-0.884183,-1.28817,0.374029,1.03462e-05,0.374019
84.048,-0.874186,-1.29907,0.373958,1.07544e-05,0.373947
84.096,-0.882676,-1.3099,0.373919,1.03912e-05,0.373909
84.144,-0.853174,-1.32064,0.37389,1.16668e-05,0.373879
84.192,-0.856665,-1.33128,0.373904,1.14978e-05,0.373892
84.24,-0.821164,-1.34183,0.373961,1.32192e-05,0.373948
84.288,-0.886691,-1.35225,0.373931,1.01953e-05,0.373921
84.336,-0.852666,-1.36254,0.373932,1.16537e-05,0.37392
84.384,-0.86268,-1.3727,0.373925,1.1193e-05,0.373914
84.432,-0.851174,-1.38272,0.373959,1.17049e-05,0.373947
84.48,-0.877677,-1.39257,0.373933,1.05332e-05,0.373922
84.528,-0.856173,-1.40227,0.373876,1.14591e-05,0.373865
84.576,-0.830162,-1.41179,0.373861,1.26906e-05,0.373849
84.624,-0.854174,-1.42115,0.373844,1.15336e-05,0.373833
84.672,-0.842668,-1.43032,0.373856,1.20619e-05,0.373843
84.72,-0.821656,-1.43931,0.373865,1.30973e-05,0.373851
84.768,-0.851666,-1.44812,0.373873,1.16249e-05,0.373861
84.816,-0.835161,-1.45674,0.373883,1.24003e-05,0.37387
84.864,-0.828163,-1.46516,0.373947,1.274e-05,0.373935
84.912,-0.81115,-1.4734,0.37404,1.36175e-05,0.374026
84.96,-0.837161,-1.48143,0.374092,1.22798e-05,0.37408
85.008,-0.80366,-1.48928,0.374188,1.40098e-05,0.374174
85.056,-0.790155,-1.49692,0.374272,1.47693e-05,0.374257
85.104,-0.787139,-1.50438,0.374403,1.49379e-05,0.374388
85.152,-0.812658,-1.51163,0.374497,1.34974e-05,0.374483
85.2,-0.813658,-1.51869,0.374582,1.3437e-05,0.374568
85.248,-0.78214,-1.52556,0.374735,1.52114e-05,0.37472
85.296,-0.799153,-1.53223,0.374865,1.42151e-05,0.374851
85.344,-0.787139,-1.53872,0.375031,1.4899e-05,0.375017
85.392,-0.784648,-1.54502,0.375213,1.50392e-05,0.375198
85.44,-0.808659,-1.55113,0.375361,1.36713e-05,0.375347
85.488,-0.81015,-1.55705,0.375497,1.35849e-05,0.375484
85.536,-0.807151,-1.5628,0.375616,1.37408e-05,0.375602
85.584,-0.826655,-1.56836,0.375746,1.27161e-05,0.375733
85.632,-0.851174,-1.57375,0.375824,1.15369e-05,0.375812
85.68,-0.824164,-1.57896,0.375893,1.28315e-05,0.37588
85.728,-0.81215,-1.584,0.375993,1.34502e-05,0.375979
85.776,-0.808659,-1.58888,0.376136,1.3632e-05,0.376122
85.824,-0.798645,-1.59359,0.376278,1.41772e-05,0.376264
85.872,-0.81015,-1.59815,0.376424,1.35423e-05,0.37641
85.92,-0.796645,-1.60255,0.376534,1.42799e-05,0.37652
85.968,-0.802644,-1.6068,0.376655,1.39408e-05,0.376641
86.016,-0.831162,-1.61089,0.376717,1.2451e-05,0.376704
86.064,-0.817657,-1.61485,0.376801,1.31297e-05,0.376788
86.112,-0.815657,-1.61866,0.376904,1.32299e-05,0.376891
86.16,-0.844176,-1.62233,0.376969,1.18165e-05,0.376957
86.208,-0.783648,-1.62588,0.377075,1.50057e-05,0.37706
86.256,-0.801152,-1.62929,0.377185,1.39991e-05,0.377171
86.304,-0.837161,-1.63258,0.377295,1.21391e-05,0.377283
86.352,-0.782648,-1.63574,0.377418,1.50537e-05,0.377403
86.4,-0.800152,-1.63879,0.377604,1.40443e-05,0.37759
86.448,-0.78314,-1.64173,0.377763,1.50176e-05,0.377748
86.496,-0.793646,-1.64456,0.377935,1.44037e-05,0.377921
86.544,-0.81115,-1.64728,0.378115,1.34382e-05,0.378102
86.592,-0.792646,-1.64989,0.378283,1.44548e-05,0.378268
86.64,-0.807659,-1.65241,0.378428,1.36195e-05,0.378414
86.688,-0.756129,-1.65483,0.37868,1.66925e-05,0.378663
86.736,-0.736133,-1.65716,0.378945,1.80618e-05,0.378927
86.784,-0.779649,-1.65941,0.379176,1.52055e-05,0.379161
86.832,-0.763144,-1.66156,0.379412,1.62277e-05,0.379395
86.88,-0.776141,-1.66363,0.379594,1.54128e-05,0.379579
86.928,-0.775633,-1.66562,0.379785,1.54414e-05,0.379769
86.976,-0.760636,-1.66753,0.379978,1.63818e-05,0.379961
87.024,-0.770634,-1.66936,0.380194,1.57449e-05,0.380178
87.072,-0.785647,-1.67112,0.380384,1.48359e-05,0.380369
87.12,-0.769634,-1.67281,0.380595,1.58031e-05,0.380579
87.168,-0.784139,-1.67443,0.380781,1.49208e-05,0.380766
87.216,-0.797645,-1.67598,0.380956,1.41436e-05,0.380942
87.264,-0.770634,-1.67747,0.381137,1.57351e-05,0.381121
87.312,-0.789646,-1.6789,0.381305,1.45945e-05,0.38129
87.36,-0.796645,-1.68027,0.381464,1.41949e-05,0.38145
87.408,-0.780648,-1.68158,0.381641,1.51197e-05,0.381626
87.456,-0.789155,-1.68284,0.381812,1.46185e-05,0.381798
87.504,-0.794154,-1.68404,0.38193,1.43312e-05,0.381916
87.552,-0.778141,-1.68519,0.382048,1.52661e-05,0.382033
87.6,-0.790646,-1.68629,0.382205,1.45287e-05,0.38219
87.648,-0.780648,-1.68734,0.382383,1.5113e-05,0.382368
87.696,-0.784139,-1.68835,0.382564,1.49048e-05,0.382549
87.744,-0.764144,-1.68931,0.382749,1.61292e-05,0.382732
87.792,-0.755637,-1.69023,0.38293,1.66794e-05,0.382914
87.84,-0.777141,-1.69112,0.383107,1.53195e-05,0.383092
87.888,-0.771634,-1.69196,0.383293,1.56555e-05,0.383277
87.936,-0.793646,-1.69277,0.383472,1.43503e-05,0.383458
87.984,-0.777649,-1.69354,0.383677,1.52859e-05,0.383662
88.032,-0.759637,-1.69428,0.383911,1.64128e-05,0.383895
88.08,-0.765635,-1.69498,0.384136,1.60274e-05,0.38412
88.128,-0.768143,-1.69566,0.384372,1.58685e-05,0.384356
88.176,-0.775141,-1.69631,0.384582,1.54349e-05,0.384567
88.224,-0.762636,-1.69692,0.384803,1.62161e-05,0.384786
88.272,-0.733626,-1.69751,0.385053,1.81851e-05,0.385035
88.32,-0.743624,-1.69808,0.385302,1.74798e-05,0.385285
88.368,-0.738625,-1.69861,0.385546,1.78278e-05,0.385528
88.416,-0.678097,-1.69913,0.385851,2.26444e-05,0.385829
88.464,-0.771634,-1.69962,0.386085,1.56463e-05,0.38607
88.512,-0.708615,-1.7001,0.386369,2.00703e-05,0.386349
88.56,-0.715613,-1.70055,0.38663,1.95221e-05,0.386611
88.608,-0.701108,-1.70098,0.386889,2.06732e-05,0.386868
88.656,-0.715613,-1.70139,0.387138,1.95209e-05,0.387119
88.704,-0.72412,-1.70178,0.387379,1.8875e-05,0.38736
88.752,-0.734134,-1.70215,0.387622,1.81421e-05,0.387604
88.8,-0.718121,-1.7025,0.387849,1.93267e-05,0.387829
88.848,-0.745131,-1.70283,0.388021,1.73696e-05,0.388004
88.896,-0.747131,-1.70315,0.388191,1.72325e-05,0.388174
88.944,-0.727119,-1.70345,0.388421,1.86502e-05,0.388402
88.992,-0.775633,-1.70373,0.388545,1.53961e-05,0.388529
89.04,-0.702616,-1.704,0.388744,2.05456e-05,0.388723
89.088,-0.750638,-1.70425,0.388918,1.69938e-05,0.388901
89.136,-0.753638,-1.70448,0.389054,1.67933e-05,0.389038
89.184,-0.755637,-1.7047,0.389194,1.66608e-05,0.389177
89.232,-0.723628,-1.70491,0.389362,1.89071e-05,0.389343
89.28,-0.746623,-1.70511,0.389528,1.72645e-05,0.38951
89.328,-0.748131,-1.70529,0.389653,1.71617e-05,0.389636
89.376,-0.747623,-1.70546,0.389824,1.71959e-05,0.389807
89.424,-0.726627,-1.70562,0.389999,1.86833e-05,0.38998
89.472,-0.749639,-1.70577,0.390166,1.70591e-05,0.390149
89.52,-0.779649,-1.70591,0.390279,1.51511e-05,0.390264
89.568,-0.77365,-1.70603,0.390385,1.55144e-05,0.39037
89.616,-0.741132,-1.70615,0.39055,1.76417e-05,0.390533
89.664,-0.709615,-1.70626,0.390748,1.99816e-05,0.390728
89.712,-0.700108,-1.70636,0.390997,2.07464e-05,0.390976
89.76,-0.726119,-1.70646,0.391206,1.87196e-05,0.391187
89.808,-0.735134,-1.70655,0.391421,1.80644e-05,0.391403
89.856,-0.705615,-1.70663,0.391617,2.02993e-05,0.391596
89.904,-0.723628,-1.70671,0.391879,1.89045e-05,0.39186
89.952,-0.734626,-1.70677,0.392068,1.81004e-05,0.39205
90,-0.701108,-1.70684,0.392263,2.06638e-05,0.392243
90.048,-0.730626,-1.70689,0.392449,1.83886e-05,0.392431
90.096,-0.696109,-1.70694,0.392687,2.10759e-05,0.392666
90.144,-0.729627,-1.70699,0.392913,1.84612e-05,0.392894
90.192,-0.720629,-1.70703,0.393081,1.91294e-05,0.393062
90.24,-0.724628,-1.70706,0.393262,1.88294e-05,0.393243
90.288,-0.703616,-1.70709,0.393461,2.04596e-05,0.39344
90.336,-0.715613,-1.70711,0.393657,1.95122e-05,0.393637
90.384,-0.713122,-1.70713,0.393857,1.97052e-05,0.393837
90.432,-0.701108,-1.70714,0.394023,2.06633e-05,0.394002
90.48,-0.716121,-1.70715,0.394189,1.9473e-05,0.394169
90.528,-0.746623,-1.70715,0.394317,1.72617e-05,0.394299
90.576,-0.715613,-1.70715,0.394476,1.95121e-05,0.394457
90.624,-0.690111,-1.70714,0.394676,2.15811e-05,0.394655
90.672,-0.711122,-1.70714,0.394866,1.98615e-05,0.394847
90.72,-0.722628,-1.70712,0.395015,1.89787e-05,0.394996
90.768,-0.711614,-1.7071,0.395159,1.9823e-05,0.39514
90.816,-0.739133,-1.70708,0.395286,1.77804e-05,0.395268
90.864,-0.731118,-1.70705,0.395414,1.83526e-05,0.395396
90.912,-0.712122,-1.70702,0.39554,1.97834e-05,0.39552
90.96,-0.712122,-1.70699,0.395713,1.97834e-05,0.395693
91.008,-0.696109,-1.70695,0.395906,2.10758e-05,0.395884
91.056,-0.725628,-1.70691,0.396063,1.87554e-05,0.396044
91.104,-0.697617,-1.70687,0.39624,2.09508e-05,0.396219
91.152,-0.725628,-1.70682,0.396364,1.87555e-05,0.396345
91.2,-0.690111,-1.70678,0.396528,2.15817e-05,0.396506
91.248,-0.709615,-1.70673,0.396741,1.99809e-05,0.396721
91.296,-0.696109,-1.70668,0.396935,2.10763e-05,0.396914
91.344,-0.709615,-1.70663,0.3971,1.9981e-05,0.39708
91.392,-0.667607,-1.70658,0.397353,2.35892e-05,0.39733
91.44,-0.72212,-1.70652,0.39753,1.90177e-05,0.397511
91.488,-0.708123,-1.70647,0.397726,2.00994e-05,0.397706
91.536,-0.675097,-1.70641,0.397915,2.29015e-05,0.397892
91.584,-0.695618,-1.70635,0.398107,2.11178e-05,0.398086
91.632,-0.690602,-1.70629,0.398326,2.15406e-05,0.398305
91.68,-0.670099,-1.70623,0.398548,2.33587e-05,0.398524
91.728,-0.653594,-1.70617,0.398821,2.49331e-05,0.398796
91.776,-0.6611,-1.70611,0.399045,2.42044e-05,0.399021
91.824,-0.673098,-1.70606,0.399289,2.30838e-05,0.399265
91.872,-0.687603,-1.70599,0.399485,2.17979e-05,0.399463
91.92,-0.69111,-1.70593,0.399669,2.1498e-05,0.399647
91.968,-0.683112,-1.70586,0.399859,2.21885e-05,0.399837
92.016,-0.651594,-1.7058,0.40004,2.51316e-05,0.400015
92.064,-0.69111,-1.70573,0.400242,2.14983e-05,0.40022
92.112,-0.701616,-1.70566,0.400397,2.06242e-05,0.400376
92.16,-0.687111,-1.70559,0.400555,2.1841e-05,0.400533
92.208,-0.697109,-1.70551,0.400678,2.0995e-05,0.400657
92.256,-0.705124,-1.70544,0.400817,2.03406e-05,0.400797
92.304,-0.708123,-1.70536,0.400926,2.01011e-05,0.400906
92.352,-0.699617,-1.70527,0.401037,2.07884e-05,0.401016
92.4,-0.683604,-1.70519,0.401137,2.21465e-05,0.401115
92.448,-0.701108,-1.7051,0.401255,2.06665e-05,0.401234
92.496,-0.701108,-1.70501,0.401337,2.06666e-05,0.401317
92.544,-0.693618,-1.70492,0.401421,2.12877e-05,0.401399
92.592,-0.698617,-1.70482,0.401503,2.08714e-05,0.401482
92.64,-0.726119,-1.70473,0.401601,1.87221e-05,0.401583
92.688,-0.689602,-1.70463,0.401749,2.16286e-05,0.401728
92.736,-0.686603,-1.70454,0.401889,2.18867e-05,0.401867
92.784,-0.683112,-1.70444,0.402015,2.21909e-05,0.401993
92.832,-0.688603,-1.70434,0.402174,2.17147e-05,0.402152
92.88,-0.696617,-1.70424,0.402333,2.10379e-05,0.402312
92.928,-0.643088,-1.70415,0.402536,2.5994e-05,0.40251
92.976,-0.687111,-1.70405,0.402703,2.18436e-05,0.402681
93.024,-0.651103,-1.70395,0.402905,2.5184e-05,0.40288
93.072,-0.646087,-1.70386,0.403111,2.56883e-05,0.403085
93.12,-0.655593,-1.70376,0.403312,2.47414e-05,0.403288
93.168,-0.6631,-1.70367,0.403503,2.40184e-05,0.403479
93.216,-0.652594,-1.70357,0.403684,2.50368e-05,0.403659
93.264,-0.657593,-1.70348,0.403876,2.45472e-05,0.403851
93.312,-0.648595,-1.70338,0.404084,2.54359e-05,0.404059
93.36,-0.644088,-1.70329,0.404295,2.58932e-05,0.404269
93.408,-0.649103,-1.7032,0.404508,2.53853e-05,0.404482
93.456,-0.658101,-1.7031,0.40472,2.44987e-05,0.404696
93.504,-0.6621,-1.70301,0.404897,2.41147e-05,0.404873
93.552,-0.662592,-1.70292,0.405098,2.40681e-05,0.405073
93.6,-0.659593,-1.70282,0.405259,2.43552e-05,0.405235
93.648,-0.699109,-1.70272,0.405371,2.08342e-05,0.405351
93.696,-0.671606,-1.70263,0.405501,2.32263e-05,0.405478
93.744,-0.687111,-1.70252,0.405602,2.18461e-05,0.40558
93.792,-0.653102,-1.70242,0.405697,2.49887e-05,0.405672
93.84,-0.672606,-1.70232,0.405817,2.31353e-05,0.405794
93.888,-0.695618,-1.70221,0.4059,2.11245e-05,0.405879
93.936,-0.688111,-1.7021,0.405974,2.17607e-05,0.405952
93.984,-0.702616,-1.70199,0.406045,2.05486e-05,0.406024
94.032,-0.687603,-1.70188,0.406144,2.18048e-05,0.406122
94.08,-0.668099,-1.70177,0.406238,2.35521e-05,0.406214
94.128,-0.677605,-1.70165,0.406307,2.26839e-05,0.406285
94.176,-0.704616,-1.70153,0.406351,2.03876e-05,0.406331
94.224,-0.675097,-1.70141,0.406406,2.29103e-05,0.406383
94.272,-0.677097,-1.70129,0.406533,2.27301e-05,0.406511
94.32,-0.671098,-1.70118,0.406637,2.32756e-05,0.406614
94.368,-0.655593,-1.70106,0.406761,2.47465e-05,0.406736
94.416,-0.63309,-1.70094,0.406915,2.70482e-05,0.406888
94.464,-0.633582,-1.70083,0.40712,2.69959e-05,0.407093
94.512,-0.668607,-1.70071,0.407281,2.35067e-05,0.407257
94.56,-0.631582,-1.7006,0.407463,2.72105e-05,0.407436
94.608,-0.653102,-1.70048,0.407638,2.49925e-05,0.407613
94.656,-0.636089,-1.70037,0.40779,2.67306e-05,0.407764
94.704,-0.632582,-1.70026,0.407986,2.71039e-05,0.407959
94.752,-0.634598,-1.70014,0.408156,2.68891e-05,0.408129
94.8,-0.665608,-1.70003,0.408311,2.37882e-05,0.408288
94.848,-0.612078,-1.69993,0.408561,2.93921e-05,0.408532
94.896,-0.619585,-1.69982,0.408751,2.85333e-05,0.408722
94.944,-0.611587,-1.69971,0.408967,2.94497e-05,0.408938
94.992,-0.619585,-1.6996,0.409162,2.85338e-05,0.409133
95.04,-0.63509,-1.6995,0.409351,2.68382e-05,0.409324
95.088,-0.625584,-1.69939,0.409522,2.78658e-05,0.409494
95.136,-0.638597,-1.69928,0.409684,2.64693e-05,0.409658
95.184,-0.650595,-1.69918,0.409831,2.52439e-05,0.409805
95.232,-0.658101,-1.69906,0.409933,2.45063e-05,0.409908
95.28,-0.645596,-1.69895,0.410039,2.57479e-05,0.410013
95.328,-0.645088,-1.69884,0.410142,2.57999e-05,0.410116
95.376,-0.636598,-1.69873,0.410292,2.66804e-05,0.410265
95.424,-0.640089,-1.69861,0.410395,2.63151e-05,0.410368
95.472,-0.659593,-1.6985,0.410464,2.43633e-05,0.41044
95.52,-0.673606,-1.69838,0.410502,2.3051e-05,0.410479
95.568,-0.653102,-1.69826,0.410578,2.49967e-05,0.410553
95.616,-0.654102,-1.69813,0.410634,2.48984e-05,0.410609
95.664,-0.653102,-1.69801,0.410721,2.49972e-05,0.410696
95.712,-0.640597,-1.69789,0.410842,2.62637e-05,0.410816
95.76,-0.655593,-1.69777,0.410945,2.47528e-05,0.410921
95.808,-0.643088,-1.69764,0.411035,2.6007e-05,0.411009
95.856,-0.647595,-1.69752,0.41114,2.55481e-05,0.411114
95.904,-0.678097,-1.69739,0.411211,2.26473e-05,0.411188
95.952,-0.656102,-1.69727,0.411298,2.47041e-05,0.411273
96,-0.638089,-1.69714,0.411389,2.65268e-05,0.411362
96.048,-0.623076,-1.69701,0.411506,2.81484e-05,0.411478
96.096,-0.627583,-1.69689,0.411659,2.76518e-05,0.411631
96.144,-0.633582,-1.69676,0.411811,2.70043e-05,0.411784
96.192,-0.630091,-1.69664,0.411939,2.73797e-05,0.411911
96.24,-0.603572,-1.69651,0.412043,3.04048e-05,0.412013
96.288,-0.63409,-1.69639,0.412197,2.69509e-05,0.41217
96.336,-0.63509,-1.69627,0.412349,2.68449e-05,0.412322
96.384,-0.617077,-1.69614,0.412518,2.88256e-05,0.41249
96.432,-0.627091,-1.69602,0.41267,2.77074e-05,0.412642
96.48,-0.597082,-1.6959,0.412844,3.11961e-05,0.412812
96.528,-0.619077,-1.69578,0.413015,2.85995e-05,0.412986
96.576,-0.617077,-1.69566,0.413183,2.88266e-05,0.413155
96.624,-0.618585,-1.69554,0.413351,2.86556e-05,0.413322
96.672,-0.621584,-1.69543,0.413492,2.83183e-05,0.413464
96.72,-0.601572,-1.69531,0.413682,3.06488e-05,0.413651
96.768,-0.620077,-1.69519,0.413852,2.8488e-05,0.413824
96.816,-0.618077,-1.69507,0.413982,2.87142e-05,0.413953
96.864,-0.640597,-1.69495,0.414057,2.62697e-05,0.414031
96.912,-0.630582,-1.69483,0.414151,2.73303e-05,0.414123
96.96,-0.655102,-1.69471,0.414235,2.48067e-05,0.41421
97.008,-0.63409,-1.69458,0.414302,2.69546e-05,0.414275
97.056,-0.620585,-1.69446,0.414447,2.84325e-05,0.414418
97.104,-0.644088,-1.69434,0.414533,2.5911e-05,0.414507
97.152,-0.636089,-1.69421,0.414628,2.67433e-05,0.414601
97.2,-0.682604,-1.69408,0.414681,2.22531e-05,0.414658
97.248,-0.642088,-1.69395,0.41477,2.61173e-05,0.414744
97.296,-0.646087,-1.69382,0.414831,2.5708e-05,0.414806
97.344,-0.630582,-1.69369,0.414878,2.73327e-05,0.41485
97.392,-0.63409,-1.69356,0.414937,2.69567e-05,0.41491
97.44,-0.616585,-1.69343,0.415045,2.88876e-05,0.415017
97.488,-0.612078,-1.6933,0.415157,2.9407e-05,0.415127
97.536,-0.650595,-1.69317,0.415262,2.52555e-05,0.415237
97.584,-0.600573,-1.69303,0.415384,3.07755e-05,0.415353
97.632,-0.620585,-1.6929,0.415521,2.84358e-05,0.415492
97.68,-0.612586,-1.69277,0.415641,2.93492e-05,0.415612
97.728,-0.595574,-1.69265,0.415814,3.13904e-05,0.415783
97.776,-0.614078,-1.69252,0.415958,2.91773e-05,0.415929
97.824,-0.611078,-1.69239,0.416086,2.95255e-05,0.416057
97.872,-0.575562,-1.69226,0.416229,3.39744e-05,0.416195
97.92,-0.612078,-1.69214,0.416367,2.94096e-05,0.416337
97.968,-0.594082,-1.69201,0.416534,3.15774e-05,0.416503
98.016,-0.584068,-1.69189,0.4167,3.28523e-05,0.416667
98.064,-0.585576,-1.69177,0.41687,3.26575e-05,0.416838
98.112,-0.625092,-1.69164,0.41702,2.79366e-05,0.416992
98.16,-0.586067,-1.69153,0.417224,3.25947e-05,0.417191
98.208,-0.584068,-1.69141,0.417398,3.28536e-05,0.417366
98.256,-0.596082,-1.69129,0.41757,3.13307e-05,0.417539
98.304,-0.615586,-1.69117,0.417701,2.9007e-05,0.417672
98.352,-0.588575,-1.69105,0.417829,3.22745e-05,0.417796
98.4,-0.589575,-1.69092,0.417953,3.21476e-05,0.417921
98.448,-0.625584,-1.6908,0.418045,2.78841e-05,0.418017
98.496,-0.630091,-1.69068,0.418106,2.73922e-05,0.418079
98.544,-0.634598,-1.69055,0.418176,2.69089e-05,0.418149
98.592,-0.589067,-1.69042,0.418294,3.22134e-05,0.418262
98.64,-0.599081,-1.6903,0.418432,3.09639e-05,0.418401
98.688,-0.624092,-1.69017,0.4185,2.80503e-05,0.418472
98.736,-0.597573,-1.69004,0.41857,3.11495e-05,0.418539
98.784,-0.612078,-1.68991,0.418637,2.94146e-05,0.418608
98.832,-0.631582,-1.68979,0.418734,2.72331e-05,0.418707
98.88,-0.605571,-1.68965,0.418811,3.01813e-05,0.418781
98.928,-0.641596,-1.68952,0.418851,2.6177e-05,0.418825
98.976,-0.638597,-1.68938,0.418865,2.64893e-05,0.418838
99.024,-0.607079,-1.68925,0.418923,3.0003e-05,0.418893
99.072,-0.63209,-1.68911,0.419002,2.71798e-05,0.418974
99.12,-0.637597,-1.68897,0.41903,2.6595e-05,0.419004
99.168,-0.609079,-1.68884,0.419132,2.97678e-05,0.419102
99.216,-0.629583,-1.6887,0.419164,2.74514e-05,0.419137
99.264,-0.616077,-1.68856,0.419243,2.89565e-05,0.419214
99.312,-0.636089,-1.68842,0.419305,2.67551e-05,0.419278
99.36,-0.613586,-1.68828,0.419387,2.92436e-05,0.419358
99.408,-0.614078,-1.68814,0.419464,2.91871e-05,0.419435
99.456,-0.610587,-1.68799,0.41953,2.95929e-05,0.4195
99.504,-0.576561,-1.68785,0.419625,3.38518e-05,0.419591
99.552,-0.589067,-1.68771,0.419761,3.22201e-05,0.419729
99.6,-0.590067,-1.68758,0.419874,3.20934e-05,0.419842
99.648,-0.587575,-1.68744,0.420006,3.24112e-05,0.419974
99.696,-0.572071,-1.6873,0.420149,3.44594e-05,0.420115
99.744,-0.589067,-1.68717,0.420314,3.22214e-05,0.420282
99.792,-0.572071,-1.68704,0.420473,3.44601e-05,0.420438
99.84,-0.587575,-1.6869,0.420607,3.24125e-05,0.420574
99.888,-0.592066,-1.68677,0.420726,3.18428e-05,0.420695
99.936,-0.581069,-1.68664,0.420866,3.32574e-05,0.420832
99.984,-0.57507,-1.6865,0.420992,3.40555e-05,0.420957
100.032,-0.592066,-1.68637,0.421127,3.18437e-05,0.421095
100.08,-0.605571,-1.68624,0.421216,3.01892e-05,0.421186
100.128,-0.584068,-1.68611,0.42133,3.28669e-05,0.421298
100.176,-0.60408,-1.68597,0.421424,3.03683e-05,0.421394
100.224,-0.609587,-1.68584,0.421498,2.97149e-05,0.421468
100.272,-0.607079,-1.6857,0.421539,3.00111e-05,0.421509
100.32,-0.623584,-1.68556,0.421562,2.81166e-05,0.421534
100.368,-0.595082,-1.68542,0.421627,3.14688e-05,0.421596
100.416,-0.615078,-1.68528,0.421711,2.90784e-05,0.421682
100.464,-0.599573,-1.68514,0.421781,3.0916e-05,0.42175
100.512,-0.607079,-1.685,0.421803,3.00127e-05,0.421773
100.56,-0.63309,-1.68485,0.42182,2.70815e-05,0.421793
100.608,-0.602572,-1.68471,0.421854,3.05527e-05,0.421823
100.656,-0.588575,-1.68456,0.421923,3.22905e-05,0.421891
100.704,-0.645596,-1.68442,0.421977,2.57766e-05,0.421951
100.752,-0.623076,-1.68427,0.422052,2.81759e-05,0.422024
100.8,-0.627583,-1.68413,0.422108,2.76788e-05,0.42208
100.848,-0.610079,-1.68398,0.422187,2.96614e-05,0.422157
100.896,-0.584068,-1.68383,0.422266,3.28726e-05,0.422233
100.944,-0.594082,-1.68369,0.422333,3.15976e-05,0.422301
100.992,-0.583576,-1.68354,0.422416,3.29373e-05,0.422383
101.04,-0.601572,-1.68339,0.422493,3.06768e-05,0.422462
101.088,-0.577561,-1.68325,0.422605,3.37303e-05,0.422571
101.136,-0.588067,-1.68311,0.422727,3.2359e-05,0.422694
101.184,-0.57607,-1.68296,0.422813,3.39304e-05,0.422779
101.232,-0.563056,-1.68282,0.422947,3.57211e-05,0.422911
101.28,-0.548059,-1.68268,0.423097,3.79022e-05,0.423059
101.328,-0.549551,-1.68254,0.42325,3.76799e-05,0.423212
101.376,-0.526556,-1.6824,0.42344,4.12642e-05,0.423398
101.424,-0.570071,-1.68227,0.423588,3.47461e-05,0.423554
101.472,-0.530555,-1.68213,0.423738,4.06182e-05,0.423697
101.52,-0.564564,-1.682,0.423906,3.55112e-05,0.423871
101.568,-0.54706,-1.68187,0.42405,3.80546e-05,0.424012
101.616,-0.568071,-1.68173,0.424174,3.50231e-05,0.424139
101.664,-0.599081,-1.6816,0.424259,3.09845e-05,0.424228
101.712,-0.561565,-1.68147,0.424396,3.5936e-05,0.42436
101.76,-0.573562,-1.68133,0.424486,3.42725e-05,0.424452
101.808,-0.561565,-1.6812,0.424597,3.59367e-05,0.424561
101.856,-0.601081,-1.68106,0.424676,3.07419e-05,0.424646
101.904,-0.573562,-1.68092,0.424754,3.42736e-05,0.42472
101.952,-0.577561,-1.68079,0.424833,3.37366e-05,0.424799
102,-0.570563,-1.68065,0.424916,3.46829e-05,0.424881
102.048,-0.565056,-1.68052,0.425037,3.54463e-05,0.425002
102.096,-0.565056,-1.68038,0.425147,3.54466e-05,0.425111
102.144,-0.556566,-1.68024,0.425224,3.66563e-05,0.425188
102.192,-0.577561,-1.68011,0.425296,3.37384e-05,0.425262
102.24,-0.581577,-1.67997,0.42538,3.32076e-05,0.425347
102.288,-0.593574,-1.67983,0.425431,3.16704e-05,0.425399
102.336,-0.587575,-1.67969,0.425478,3.24305e-05,0.425445
102.384,-0.559057,-1.67955,0.425613,3.62992e-05,0.425576
102.432,-0.542061,-1.67941,0.425758,3.8821e-05,0.425719
102.48,-0.534554,-1.67928,0.425934,3.99901e-05,0.425894
102.528,-0.526556,-1.67915,0.426097,4.12745e-05,0.426056
102.576,-0.562564,-1.67902,0.426238,3.5801e-05,0.426203
102.624,-0.537553,-1.67889,0.42637,3.95202e-05,0.42633
102.672,-0.555058,-1.67875,0.42648,3.68796e-05,0.426444
102.72,-0.531047,-1.67862,0.426633,4.05502e-05,0.426592
102.768,-0.535554,-1.67849,0.426759,3.98349e-05,0.42672
102.816,-0.526048,-1.67836,0.426906,4.13599e-05,0.426864
102.864,-0.525556,-1.67824,0.427075,4.14408e-05,0.427033
102.912,-0.533046,-1.67811,0.427267,4.02327e-05,0.427226
102.96,-0.545552,-1.67799,0.427439,3.82934e-05,0.4274
103.008,-0.524048,-1.67786,0.427601,4.16896e-05,0.427559
103.056,-0.533046,-1.67774,0.427765,4.02338e-05,0.427725
103.104,-0.524048,-1.67762,0.427946,4.16904e-05,0.427904
103.152,-0.508035,-1.6775,0.428129,4.44137e-05,0.428085
103.2,-0.49553,-1.67738,0.428331,4.66637e-05,0.428284
103.248,-0.588067,-1.67726,0.42844,3.23735e-05,0.428408
103.296,-0.559565,-1.67714,0.428569,3.62331e-05,0.428533
103.344,-0.563056,-1.67702,0.428649,3.5737e-05,0.428613
103.392,-0.540061,-1.6769,0.428807,3.91365e-05,0.428768
103.44,-0.516542,-1.67678,0.428948,4.29482e-05,0.428905
103.488,-0.54406,-1.67666,0.429051,3.85237e-05,0.429012
103.536,-0.537045,-1.67653,0.429138,3.96067e-05,0.429098
103.584,-0.566564,-1.67641,0.42921,3.52468e-05,0.429174
103.632,-0.586576,-1.67628,0.42923,3.25673e-05,0.429197
103.68,-0.562564,-1.67615,0.429267,3.58089e-05,0.429231
103.728,-0.579577,-1.67602,0.429323,3.34812e-05,0.42929
103.776,-0.557565,-1.67589,0.429399,3.6524e-05,0.429362
103.824,-0.570563,-1.67576,0.429436,3.46959e-05,0.429401
103.872,-0.575562,-1.67562,0.429453,3.40177e-05,0.429419
103.92,-0.532554,-1.67548,0.42953,4.0319e-05,0.42949
103.968,-0.551059,-1.67535,0.429599,3.74767e-05,0.429562
104.016,-0.527556,-1.67521,0.429684,4.11242e-05,0.429642
104.064,-0.520541,-1.67508,0.429815,4.22804e-05,0.429773
104.112,-0.521049,-1.67495,0.42998,4.2196e-05,0.429937
104.16,-0.511543,-1.67482,0.43013,4.38114e-05,0.430087
104.208,-0.52354,-1.67469,0.430279,4.17835e-05,0.430238
104.256,-0.518541,-1.67456,0.430381,4.26174e-05,0.430338
104.304,-0.51605,-1.67443,0.430543,4.30394e-05,0.4305
104.352,-0.49253,-1.67431,0.430721,4.72311e-05,0.430674
104.4,-0.498529,-1.67418,0.430925,4.61253e-05,0.430879
104.448,-0.489531,-1.67407,0.43116,4.7795e-05,0.431112
104.496,-0.478533,-1.67395,0.431351,4.9918e-05,0.431301
104.544,-0.512542,-1.67383,0.431536,4.3642e-05,0.431492
104.592,-0.499037,-1.67371,0.431718,4.60344e-05,0.431672
104.64,-0.490531,-1.67359,0.431895,4.76083e-05,0.431847
104.688,-0.49253,-1.67348,0.432087,4.72341e-05,0.432039
104.736,-0.506036,-1.67337,0.432258,4.47801e-05,0.432213
104.784,-0.501037,-1.67325,0.432416,4.56738e-05,0.432371
104.832,-0.526048,-1.67314,0.432554,4.13765e-05,0.432512
104.88,-0.549059,-1.67301,0.432589,3.77807e-05,0.432551
104.928,-0.554058,-1.67289,0.432626,3.70422e-05,0.432589
104.976,-0.514542,-1.67277,0.432704,4.33021e-05,0.432661
105.024,-0.505036,-1.67265,0.43284,4.49598e-05,0.432795
105.072,-0.557057,-1.67253,0.43293,3.66068e-05,0.432893
105.12,-0.561565,-1.6724,0.432968,3.59609e-05,0.432932
105.168,-0.531555,-1.67227,0.433068,4.04886e-05,0.433027
105.216,-0.575562,-1.67215,0.433125,3.40267e-05,0.433091
105.264,-0.522049,-1.67202,0.433205,4.20391e-05,0.433163
105.312,-0.54406,-1.67189,0.433253,3.85377e-05,0.433215
105.36,-0.521049,-1.67176,0.433321,4.22063e-05,0.433279
105.408,-0.529047,-1.67163,0.433378,4.08937e-05,0.433337
105.456,-0.540061,-1.6715,0.433433,3.91527e-05,0.433394
105.504,-0.579577,-1.67136,0.433461,3.34931e-05,0.433427
105.552,-0.503544,-1.67123,0.433554,4.52305e-05,0.433509
105.6,-0.537553,-1.67109,0.433621,3.95438e-05,0.433581
105.648,-0.48704,-1.67096,0.433767,4.82792e-05,0.433719
105.696,-0.507035,-1.67083,0.43389,4.46122e-05,0.433845
105.744,-0.512542,-1.6707,0.434035,4.36525e-05,0.433992
105.792,-0.545552,-1.67057,0.434129,3.83151e-05,0.434091
105.84,-0.504036,-1.67044,0.434275,4.51454e-05,0.43423
105.888,-0.523048,-1.67031,0.434436,4.18788e-05,0.434394
105.936,-0.501545,-1.67019,0.434598,4.55929e-05,0.434553
105.984,-0.520541,-1.67006,0.434691,4.22966e-05,0.434649
106.032,-0.48504,-1.66993,0.434848,4.8666e-05,0.4348
106.08,-0.510543,-1.66981,0.435005,4.40017e-05,0.434961
106.128,-0.473534,-1.66968,0.435195,5.09302e-05,0.435144
106.176,-0.505036,-1.66956,0.435347,4.49705e-05,0.435302
106.224,-0.502036,-1.66944,0.435483,4.5507e-05,0.435438
106.272,-0.541553,-1.66931,0.435568,3.89291e-05,0.435529
106.32,-0.526556,-1.66919,0.435659,4.1306e-05,0.435618
106.368,-0.496529,-1.66906,0.435735,4.65093e-05,0.435688
106.416,-0.524048,-1.66893,0.435837,4.17181e-05,0.435795
106.464,-0.51705,-1.6688,0.4359,4.28882e-05,0.435857
106.512,-0.55255,-1.66867,0.435947,3.72755e-05,0.43591
106.56,-0.497038,-1.66854,0.43602,4.64179e-05,0.435974
106.608,-0.493038,-1.66841,0.43611,4.71576e-05,0.436063
106.656,-0.498529,-1.66828,0.436226,4.61461e-05,0.43618
106.704,-0.492039,-1.66815,0.436303,4.73452e-05,0.436256
106.752,-0.542552,-1.66801,0.43636,3.87795e-05,0.436321
106.8,-0.512051,-1.66788,0.4364,4.37468e-05,0.436357
106.848,-0.52154,-1.66774,0.436469,4.21373e-05,0.436427
106.896,-0.571071,-1.6676,0.436491,3.46479e-05,0.436457
106.944,-0.512542,-1.66747,0.436573,4.36633e-05,0.436529
106.992,-0.531555,-1.66733,0.436609,4.05039e-05,0.436568
107.04,-0.491039,-1.66719,0.436691,4.75361e-05,0.436643
107.088,-0.515542,-1.66705,0.436779,4.31502e-05,0.436736
107.136,-0.491531,-1.66691,0.436872,4.74448e-05,0.436825
107.184,-0.488039,-1.66678,0.436978,4.81043e-05,0.43693
107.232,-0.481025,-1.66664,0.437099,4.94566e-05,0.43705
107.28,-0.475534,-1.66651,0.437226,5.05417e-05,0.437175
107.328,-0.46452,-1.66637,0.437355,5.27901e-05,0.437302
107.376,-0.467519,-1.66624,0.437497,5.21688e-05,0.437445
107.424,-0.507035,-1.66611,0.437628,4.46284e-05,0.437583
107.472,-0.446016,-1.66598,0.437791,5.67957e-05,0.437734
107.52,-0.469519,-1.66585,0.437975,5.17598e-05,0.437923
107.568,-0.45703,-1.66572,0.438153,5.43783e-05,0.438099
107.616,-0.459029,-1.6656,0.438316,5.3951e-05,0.438262
107.664,-0.480025,-1.66547,0.438482,4.96568e-05,0.438432
107.712,-0.437018,-1.66535,0.438685,5.88538e-05,0.438626
107.76,-0.447524,-1.66523,0.438854,5.64615e-05,0.438798
107.808,-0.483532,-1.66511,0.438979,4.89748e-05,0.43893
107.856,-0.478025,-1.66498,0.439101,5.00525e-05,0.439051
107.904,-0.485532,-1.66486,0.439243,4.85904e-05,0.439194
107.952,-0.490531,-1.66474,0.439332,4.76405e-05,0.439284
108,-0.495038,-1.66461,0.439415,4.68001e-05,0.439368
108.048,-0.477534,-1.66449,0.439503,5.01518e-05,0.439453
108.096,-0.498037,-1.66436,0.43958,4.62497e-05,0.439533
108.144,-0.536046,-1.66423,0.439621,3.98009e-05,0.439581
108.192,-0.469027,-1.6641,0.439744,5.18674e-05,0.439692
108.24,-0.479025,-1.66398,0.439869,4.98591e-05,0.439819
108.288,-0.506036,-1.66385,0.439954,4.48127e-05,0.439909
108.336,-0.490531,-1.66372,0.440036,4.76442e-05,0.439988
108.384,-0.499545,-1.66359,0.440116,4.59777e-05,0.44007
108.432,-0.498037,-1.66346,0.440205,4.62529e-05,0.440159
108.48,-0.467519,-1.66333,0.440299,5.21804e-05,0.440247
108.528,-0.484532,-1.6632,0.440341,4.87889e-05,0.440293
108.576,-0.49353,-1.66306,0.440405,4.70853e-05,0.440358
108.624,-0.466028,-1.66293,0.440502,5.24904e-05,0.44045
108.672,-0.501545,-1.6628,0.440558,4.56186e-05,0.440512
108.72,-0.480025,-1.66267,0.44068,4.96675e-05,0.44063
108.768,-0.471535,-1.66254,0.440804,5.13622e-05,0.440752
108.816,-0.431019,-1.66241,0.440943,6.02787e-05,0.440883
108.864,-0.474026,-1.66228,0.441083,5.08602e-05,0.441033
108.912,-0.471535,-1.66215,0.441207,5.13638e-05,0.441155
108.96,-0.453014,-1.66202,0.441352,5.52635e-05,0.441297
109.008,-0.45503,-1.6619,0.441511,5.48257e-05,0.441456
109.056,-0.46552,-1.66177,0.441664,5.26005e-05,0.441612
109.104,-0.416514,-1.66165,0.441872,6.38374e-05,0.441808
109.152,-0.448015,-1.66153,0.44205,5.63679e-05,0.441994
109.2,-0.452523,-1.66141,0.442205,5.53736e-05,0.442149
109.248,-0.453522,-1.66129,0.442341,5.51558e-05,0.442286
109.296,-0.413007,-1.66117,0.442547,6.47305e-05,0.442483
109.344,-0.397993,-1.66106,0.442795,6.86862e-05,0.442727
109.392,-0.390503,-1.66095,0.443034,7.07495e-05,0.442963
109.44,-0.417006,-1.66084,0.443255,6.37175e-05,0.443191
109.488,-0.428511,-1.66073,0.443438,6.08867e-05,0.443377
109.536,-0.412007,-1.66062,0.443634,6.49894e-05,0.443569
109.584,-0.429003,-1.66051,0.443791,6.07695e-05,0.44373
109.632,-0.437018,-1.6604,0.443922,5.8876e-05,0.443863
109.68,-0.448015,-1.66029,0.444031,5.63733e-05,0.443975
109.728,-0.434018,-1.66018,0.444165,5.95788e-05,0.444105
109.776,-0.434018,-1.66007,0.444324,5.95793e-05,0.444264
109.824,-0.423004,-1.65996,0.444507,6.22295e-05,0.444444
109.872,-0.440017,-1.65985,0.444665,5.81849e-05,0.444607
109.92,-0.453014,-1.65975,0.444786,5.52732e-05,0.44473
109.968,-0.446524,-1.65964,0.44491,5.67093e-05,0.444854
110.016,-0.456522,-1.65952,0.445025,5.45134e-05,0.44497
110.064,-0.436018,-1.65942,0.445199,5.91135e-05,0.44514
110.112,-0.461521,-1.6593,0.445281,5.34483e-05,0.445228
110.16,-0.452523,-1.65919,0.445387,5.5383e-05,0.445332
110.208,-0.467028,-1.65908,0.445477,5.22989e-05,0.445425
110.256,-0.422513,-1.65897,0.445602,6.23552e-05,0.445539
110.304,-0.458521,-1.65885,0.445731,5.40873e-05,0.445677
110.352,-0.420005,-1.65874,0.445863,6.29771e-05,0.4458
110.4,-0.395994,-1.65863,0.446039,6.92437e-05,0.44597
110.448,-0.415514,-1.65852,0.446201,6.41054e-05,0.446137
110.496,-0.402501,-1.65842,0.446411,6.74877e-05,0.446344
110.544,-0.446016,-1.6583,0.446514,5.6829e-05,0.446458
110.592,-0.39901,-1.6582,0.446713,6.8426e-05,0.446645
110.64,-0.409499,-1.65809,0.446883,6.56491e-05,0.446817
110.688,-0.377998,-1.65799,0.447128,7.4349e-05,0.447054
110.736,-0.396502,-1.65789,0.447357,6.91088e-05,0.447288
110.784,-0.388504,-1.65779,0.447567,7.13277e-05,0.447495
110.832,-0.408008,-1.65769,0.447777,6.6039e-05,0.447711
110.88,-0.368983,-1.6576,0.448022,7.70464e-05,0.447945
110.928,-0.379997,-1.6575,0.448251,7.37668e-05,0.448177
110.976,-0.359477,-1.65741,0.448451,7.99956e-05,0.448371
111.024,-0.383488,-1.65732,0.448646,7.27576e-05,0.448574
111.072,-0.378997,-1.65722,0.448846,7.40603e-05,0.448772
111.12,-0.394502,-1.65713,0.449031,6.96609e-05,0.448961
111.168,-0.362985,-1.65704,0.449271,7.88972e-05,0.449192
111.216,-0.4045,-1.65695,0.449456,6.69642e-05,0.449389
111.264,-0.392503,-1.65686,0.449624,7.02148e-05,0.449554
111.312,-0.39901,-1.65677,0.449798,6.84335e-05,0.449729
111.36,-0.389503,-1.65668,0.44997,7.10526e-05,0.449899
111.408,-0.356478,-1.65659,0.450163,8.09541e-05,0.450082
111.456,-0.391503,-1.6565,0.450323,7.04946e-05,0.450252
111.504,-0.385504,-1.6564,0.450478,7.21855e-05,0.450405
111.552,-0.397993,-1.65631,0.450617,6.87111e-05,0.450549
111.6,-0.376998,-1.65622,0.450772,7.46533e-05,0.450698
111.648,-0.401501,-1.65612,0.450892,6.77666e-05,0.450825
111.696,-0.417006,-1.65603,0.451007,6.37409e-05,0.450944
111.744,-0.396994,-1.65593,0.451157,6.8985e-05,0.451088
111.792,-0.361493,-1.65584,0.451313,7.93707e-05,0.451233
111.84,-0.392994,-1.65574,0.451424,7.00845e-05,0.451354
111.888,-0.4045,-1.65565,0.451549,6.69709e-05,0.451482
111.936,-0.412007,-1.65555,0.451671,6.50146e-05,0.451606
111.984,-0.409499,-1.65545,0.451791,6.56623e-05,0.451725
112.032,-0.370983,-1.65535,0.451913,7.64534e-05,0.451836
112.08,-0.405008,-1.65525,0.452064,6.68386e-05,0.451997
112.128,-0.389995,-1.65515,0.45219,7.0923e-05,0.452119
112.176,-0.371983,-1.65505,0.452358,7.61538e-05,0.452282
112.224,-0.395502,-1.65495,0.452488,6.93979e-05,0.452418
112.272,-0.37549,-1.65485,0.452624,7.51071e-05,0.452548
112.32,-0.383996,-1.65475,0.452782,7.26259e-05,0.45271
112.368,-0.378489,-1.65465,0.452931,7.42237e-05,0.452857
112.416,-0.378489,-1.65456,0.453125,7.42242e-05,0.453051
112.464,-0.380489,-1.65446,0.453291,7.36408e-05,0.453217
112.512,-0.368492,-1.65437,0.453508,7.72153e-05,0.45343
112.56,-0.378489,-1.65427,0.453716,7.42258e-05,0.453642
112.608,-0.363984,-1.65418,0.453896,7.86034e-05,0.453817
112.656,-0.379997,-1.65408,0.454051,7.37861e-05,0.453978
112.704,-0.348988,-1.65399,0.454232,8.34015e-05,0.454148
112.752,-0.364984,-1.6539,0.454415,7.82953e-05,0.454336
112.8,-0.365984,-1.6538,0.454598,7.79873e-05,0.45452
112.848,-0.370983,-1.65371,0.454741,7.6463e-05,0.454665
112.896,-0.37649,-1.65362,0.454889,7.48182e-05,0.454814
112.944,-0.382489,-1.65352,0.455029,7.30667e-05,0.454956
112.992,-0.372491,-1.65343,0.455188,7.60106e-05,0.455112
113.04,-0.342972,-1.65333,0.455384,8.5411e-05,0.455299
113.088,-0.351987,-1.65324,0.455525,8.2424e-05,0.455442
113.136,-0.371983,-1.65314,0.455647,7.61649e-05,0.45557
113.184,-0.361493,-1.65305,0.455784,7.93876e-05,0.455705
113.232,-0.381489,-1.65295,0.455907,7.3359e-05,0.455834
113.28,-0.368492,-1.65285,0.456051,7.72242e-05,0.455974
113.328,-0.364984,-1.65276,0.456206,7.83021e-05,0.456128
113.376,-0.357986,-1.65266,0.456359,8.04975e-05,0.456278
113.424,-0.362493,-1.65256,0.456508,7.90776e-05,0.456429
113.472,-0.344972,-1.65246,0.456652,8.47447e-05,0.456567
113.52,-0.346988,-1.65237,0.456817,8.40732e-05,0.456733
113.568,-0.361493,-1.65227,0.456989,7.93923e-05,0.456909
113.616,-0.337482,-1.65218,0.457163,8.72912e-05,0.457076
113.664,-0.319469,-1.65208,0.457353,9.37282e-05,0.457259
113.712,-0.309472,-1.65199,0.45756,9.7504e-05,0.457462
113.76,-0.31647,-1.65191,0.457836,9.48464e-05,0.457741
113.808,-0.320977,-1.65182,0.458056,9.31736e-05,0.457963
113.856,-0.331483,-1.65173,0.458233,8.93871e-05,0.458144
113.904,-0.324468,-1.65164,0.458459,9.1899e-05,0.458367
113.952,-0.343989,-1.65156,0.458641,8.50804e-05,0.458556
114,-0.331975,-1.65147,0.458846,8.92155e-05,0.458756
114.048,-0.310471,-1.65139,0.4591,9.71242e-05,0.459003
114.096,-0.300965,-1.65131,0.459364,0.00010084,0.459263
114.144,-0.298966,-1.65123,0.459601,0.000101641,0.459499
114.192,-0.314962,-1.65115,0.459825,9.54185e-05,0.45973
114.24,-0.310963,-1.65107,0.460026,9.69381e-05,0.459929
114.288,-0.290967,-1.651,0.460277,0.000104904,0.460172
114.336,-0.304456,-1.65092,0.460522,9.94627e-05,0.460422
114.384,-0.299965,-1.65085,0.460747,0.000101243,0.460645
114.432,-0.307472,-1.65078,0.461024,9.82861e-05,0.460926
114.48,-0.337482,-1.6507,0.461196,8.7301e-05,0.461108
114.528,-0.330483,-1.65063,0.46137,8.97484e-05,0.46128
114.576,-0.341481,-1.65055,0.461554,8.59339e-05,0.461469
114.624,-0.312471,-1.65048,0.461763,9.63669e-05,0.461667
114.672,-0.357494,-1.6504,0.46189,8.06679e-05,0.461809
114.72,-0.285952,-1.65033,0.462116,0.000107008,0.462009
114.768,-0.320469,-1.65025,0.462303,9.33719e-05,0.46221
114.816,-0.312963,-1.65018,0.462467,9.61822e-05,0.46237
114.864,-0.309963,-1.6501,0.462626,9.73289e-05,0.462528
114.912,-0.329975,-1.65002,0.462797,8.99328e-05,0.462707
114.96,-0.316962,-1.64995,0.462948,9.46766e-05,0.462854
115.008,-0.298966,-1.64987,0.463138,0.000101651,0.463036
115.056,-0.299965,-1.64979,0.463336,0.000101251,0.463235
115.104,-0.304456,-1.64972,0.463557,9.94718e-05,0.463458
115.152,-0.319977,-1.64964,0.463733,9.35578e-05,0.463639
115.2,-0.283952,-1.64957,0.463986,0.000107863,0.463878
115.248,-0.260449,-1.6495,0.464209,0.000118354,0.464091
115.296,-0.265956,-1.64943,0.464437,0.000115808,0.464321
115.344,-0.277462,-1.64936,0.464662,0.000110665,0.464551
115.392,-0.271447,-1.64929,0.464914,0.000113326,0.464801
115.44,-0.271447,-1.64922,0.465141,0.000113326,0.465028
115.488,-0.266956,-1.64916,0.465414,0.000115355,0.465298
115.536,-0.254942,-1.64909,0.465694,0.000120959,0.465573
115.584,-0.25745,-1.64903,0.465941,0.000119768,0.465821
115.632,-0.25845,-1.64897,0.466191,0.000119297,0.466071
115.68,-0.252943,-1.64891,0.466478,0.00012192,0.466356
115.728,-0.238946,-1.64885,0.466764,0.000128849,0.466635
115.776,-0.248436,-1.6488,0.467067,0.00012411,0.466942
115.824,-0.237438,-1.64875,0.467366,0.000129619,0.467237
115.872,-0.249452,-1.64869,0.467616,0.000123614,0.467492
115.92,-0.248944,-1.64864,0.467902,0.000123863,0.467778
115.968,-0.234439,-1.64859,0.468201,0.000131165,0.46807
116.016,-0.251451,-1.64854,0.468454,0.000122644,0.468331
116.064,-0.239946,-1.64849,0.468705,0.000128344,0.468577
116.112,-0.241945,-1.64844,0.468949,0.000127336,0.468822
116.16,-0.242437,-1.64839,0.469195,0.000127089,0.469068
116.208,-0.244944,-1.64834,0.469426,0.000125837,0.4693
116.256,-0.269447,-1.6483,0.469658,0.000114233,0.469544
116.304,-0.246436,-1.64825,0.469901,0.000125099,0.469776
116.352,-0.22644,-1.6482,0.470171,0.000135377,0.470036
116.4,-0.219933,-1.64816,0.470455,0.0001389,0.470316
116.448,-0.221933,-1.64811,0.470711,0.000137809,0.470573
116.496,-0.211427,-1.64807,0.471044,0.000143645,0.4709
116.544,-0.247436,-1.64803,0.471277,0.000124609,0.471153
116.592,-0.206428,-1.64799,0.471581,0.000146509,0.471434
116.64,-0.236438,-1.64795,0.471811,0.00013014,0.471681
116.688,-0.247436,-1.6479,0.472023,0.00012461,0.471898
116.736,-0.250451,-1.64786,0.472228,0.000123135,0.472105
116.784,-0.221441,-1.64782,0.472509,0.00013808,0.472371
116.832,-0.205428,-1.64778,0.472824,0.000147091,0.472677
116.88,-0.187924,-1.64774,0.473138,0.000157615,0.472981
116.928,-0.187924,-1.64771,0.473433,0.000157616,0.473275
116.976,-0.193415,-1.64767,0.473728,0.000154237,0.473574
117.024,-0.184925,-1.64764,0.474036,0.000159494,0.473877
117.072,-0.150899,-1.64761,0.474402,0.00018242,0.474219
117.12,-0.170911,-1.64759,0.474749,0.000168566,0.474581
117.168,-0.181925,-1.64756,0.475086,0.000161395,0.474924
117.216,-0.16842,-1.64754,0.475411,0.000170232,0.475241
117.264,-0.165912,-1.64752,0.475755,0.000171926,0.475583
117.312,-0.131395,-1.6475,0.476155,0.000197018,0.475957
117.36,-0.151407,-1.64748,0.476477,0.000182057,0.476295
117.408,-0.111891,-1.64747,0.476879,0.000212781,0.476666
117.456,-0.11889,-1.64746,0.477268,0.000206986,0.477061
117.504,-0.133903,-1.64745,0.477662,0.000195079,0.477467
117.552,-0.141409,-1.64744,0.478028,0.000189385,0.477839
117.6,-0.161913,-1.64744,0.478379,0.000174662,0.478204
117.648,-0.105893,-1.64744,0.478803,0.000217878,0.478585
117.696,-0.163405,-1.64743,0.479095,0.000173637,0.478921
117.744,-0.146408,-1.64743,0.479425,0.000185685,0.47924
117.792,-0.120398,-1.64743,0.479813,0.000205758,0.479608
117.84,-0.126904,-1.64743,0.480175,0.000200542,0.479974
117.888,-0.11589,-1.64743,0.480492,0.000209451,0.480283
117.936,-0.121397,-1.64743,0.480829,0.000204948,0.480624
117.984,-0.0953866,-1.64744,0.481219,0.0002271,0.480992
118.032,-0.134903,-1.64744,0.481539,0.000194311,0.481345
118.08,-0.102893,-1.64745,0.481911,0.000220472,0.48169
118.128,-0.117398,-1.64745,0.482232,0.000208208,0.482023
118.176,-0.122397,-1.64746,0.482548,0.000204141,0.482344
118.224,-0.0793737,-1.64747,0.482955,0.000241909,0.482713
118.272,-0.0898796,-1.64747,0.483306,0.000232087,0.483073
118.32,-0.103385,-1.64749,0.483657,0.000220044,0.483437
118.368,-0.0703756,-1.6475,0.484063,0.00025065,0.483813
118.416,-0.0938787,-1.64751,0.484439,0.000228454,0.484211
118.464,-0.0518714,-1.64754,0.484942,0.000269628,0.484672
118.512,-0.0558706,-1.64756,0.485371,0.000265408,0.485106
118.56,-0.0523631,-1.64759,0.485811,0.000269104,0.485542
118.608,-0.0528712,-1.64761,0.486266,0.000268565,0.485998
118.656,-0.0113556,-1.64765,0.486777,0.000316337,0.486461
118.704,-0.0258606,-1.64768,0.487249,0.000298751,0.486951
118.752,0.0161631,-1.64773,0.487843,0.000352583,0.48749
118.8,-0.00935601,-1.64777,0.488315,0.000318837,0.487996
118.848,0.0141471,-1.64783,0.488894,0.000349789,0.488544
118.896,0.0421738,-1.64788,0.489511,0.000390639,0.489121
118.944,0.049664,-1.64795,0.490122,0.000402338,0.48972
118.992,0.035667,-1.64802,0.4907,0.000380746,0.49032
119.04,0.0956869,-1.64809,0.491436,0.000482297,0.490954
119.088,0.0881803,-1.64818,0.492075,0.000468246,0.491607
119.136,0.143201,-1.64827,0.492885,0.000581478,0.492304
119.184,0.181717,-1.64838,0.493758,0.000676585,0.493081
119.232,0.525348,-1.64862,0.496895,0.00259203,0.494303
119.28,0.803944,-1.64914,0.503602,0.00749361,0.496108
119.328,0.886483,-1.64967,0.508291,0.0101566,0.498135
119.376,0.849475,-1.65005,0.508993,0.00886905,0.500124
119.424,0.75443,-1.65032,0.508223,0.00622528,0.501997
119.472,0.615378,-1.65055,0.507289,0.0036678,0.503621
119.52,0.522349,-1.65082,0.507593,0.00256166,0.505032
119.568,0.426812,-1.65108,0.507984,0.00176701,0.506217
119.616,0.345272,-1.65134,0.508509,0.00128501,0.507224
119.664,0.278254,-1.6516,0.509047,0.00098825,0.508058
119.712,0.208728,-1.65185,0.509504,0.000752169,0.508752
119.76,0.20173,-1.65211,0.510099,0.00073175,0.509367
119.808,0.186225,-1.65235,0.51061,0.000688473,0.509921
119.856,0.167212,-1.6526,0.511087,0.000638869,0.510448
119.904,0.157706,-1.65283,0.511564,0.000615411,0.510948
119.952,0.135695,-1.65307,0.512026,0.000564348,0.511462
120,0.163213,-1.65329,0.512538,0.000628865,0.511909
120.048,0.17821,-1.65352,0.513049,0.000667057,0.512382
120.096,0.174719,-1.65374,0.513512,0.000657952,0.512854
120.144,0.175719,-1.65395,0.514003,0.000660532,0.513343
120.192,0.195223,-1.65417,0.514549,0.000713161,0.513835
120.24,0.164213,-1.65438,0.514944,0.00063129,0.514312
120.288,0.193715,-1.65458,0.515487,0.000708925,0.514778
120.336,0.193715,-1.65479,0.515966,0.000708914,0.515257
120.384,0.212235,-1.65499,0.516521,0.000762424,0.515758
120.432,0.228232,-1.6552,0.517113,0.000811859,0.516301
120.48,0.218234,-1.65539,0.517585,0.000780582,0.516805
120.528,0.245245,-1.6556,0.518221,0.00086792,0.517353
120.576,0.265748,-1.6558,0.51886,0.000940637,0.517919
120.624,0.258242,-1.65599,0.519379,0.00091332,0.518465
120.672,0.280762,-1.65619,0.52001,0.000997667,0.519013
120.72,0.273255,-1.65638,0.520538,0.000968707,0.51957
120.768,0.267748,-1.65658,0.521085,0.000947988,0.520137
120.816,0.278254,-1.65677,0.521682,0.000987859,0.520694
120.864,0.245736,-1.65696,0.522079,0.000869507,0.52121
120.912,0.241737,-1.65714,0.522557,0.000855949,0.521701
120.96,0.281761,-1.65733,0.523219,0.0010015,0.522218
121.008,0.300266,-1.65752,0.523835,0.00107684,0.522758
121.056,0.294267,-1.6577,0.524372,0.0010518,0.523321
121.104,0.299266,-1.65789,0.524975,0.0010726,0.523903
121.152,0.345272,-1.65809,0.525796,0.00128435,0.524512
121.2,0.37879,-1.6583,0.526641,0.00146419,0.525177
121.248,0.628391,-1.65863,0.529926,0.00385325,0.526073
121.296,0.961008,-1.65947,0.540794,0.0132681,0.527526
121.344,1.02554,-1.66029,0.545842,0.016625,0.529217
121.392,1.04153,-1.66096,0.548499,0.0175616,0.530937
121.44,0.954501,-1.66131,0.545513,0.0129631,0.53255
121.488,0.849475,-1.66158,0.542864,0.00886121,0.534002
121.536,0.745432,-1.66181,0.541253,0.00601263,0.53524
121.584,0.629883,-1.66205,0.540155,0.00387432,0.53628
121.632,0.55385,-1.66231,0.54003,0.00289116,0.537139
121.68,0.470819,-1.66256,0.539978,0.00209541,0.537883
121.728,0.459821,-1.66282,0.540544,0.00200763,0.538537
121.776,0.412799,-1.66306,0.540758,0.00167151,0.539086
121.824,0.361777,-1.66329,0.540918,0.00136946,0.539549
121.872,0.360285,-1.66352,0.541329,0.00136147,0.539968
121.92,0.353779,-1.66374,0.541713,0.00132724,0.540386
121.968,0.350288,-1.66396,0.5421,0.00130921,0.54079
122.016,0.37879,-1.66418,0.542662,0.00146353,0.541199
122.064,0.385788,-1.66439,0.543126,0.00150408,0.541622
122.112,0.417798,-1.66461,0.543808,0.00170422,0.542104
122.16,0.379789,-1.6648,0.544028,0.00146919,0.542559
122.208,0.423813,-1.66502,0.544752,0.00174461,0.543007
122.256,0.438809,-1.66522,0.545319,0.00184959,0.543469
122.304,0.431319,-1.66541,0.545718,0.00179636,0.543921
122.352,0.455314,-1.66561,0.54636,0.0019723,0.544388
122.4,0.452823,-1.6658,0.546803,0.00195324,0.54485
122.448,0.449823,-1.66598,0.547229,0.00193054,0.545299
122.496,0.43581,-1.66615,0.547567,0.00182797,0.545739
122.544,0.422813,-1.66633,0.547917,0.00173765,0.546179
122.592,0.441317,-1.66651,0.548497,0.00186756,0.546629
122.64,0.484324,-1.66669,0.549307,0.00220764,0.5471
122.688,0.453823,-1.66686,0.549526,0.0019607,0.547565
122.736,0.489831,-1.66704,0.550298,0.00225531,0.548042
122.784,0.500829,-1.66722,0.550911,0.00235364,0.548557
122.832,0.518841,-1.6674,0.5516,0.00252388,0.549076
122.88,0.533855,-1.66759,0.552304,0.00267494,0.549629
122.928,0.555358,-1.66777,0.553069,0.00290684,0.550162
122.976,0.817957,-1.66824,0.558843,0.00788279,0.55096
123.024,1.15057,-1.66956,0.577388,0.0251618,0.552226
123.072,1.26563,-1.67095,0.589347,0.0356425,0.553705
123.12,1.2336,-1.67168,0.587675,0.0324695,0.555206
123.168,1.09406,-1.67179,0.577523,0.0209386,0.556585
123.216,1.01152,-1.67205,0.573646,0.0158249,0.557821
123.264,0.901988,-1.67219,0.569604,0.0107265,0.558877
123.312,0.775933,-1.67229,0.566485,0.00673732,0.559747
123.36,0.701408,-1.67246,0.565555,0.00508611,0.560469
123.408,0.658401,-1.67262,0.565389,0.00431761,0.561071
123.456,0.597382,-1.67277,0.564986,0.00341684,0.561569
123.504,0.578861,-1.67293,0.565194,0.00318157,0.562013
123.552,0.560865,-1.67307,0.565364,0.00296813,0.562396
123.6,0.528347,-1.6732,0.565338,0.00261739,0.562721
123.648,0.526348,-1.67334,0.565631,0.00259717,0.563034
123.696,0.518841,-1.67346,0.565853,0.00252271,0.563331
123.744,0.539345,-1.67359,0.566355,0.00273113,0.563624
123.792,0.540345,-1.67372,0.566699,0.00274168,0.563957
123.84,0.547851,-1.67385,0.567104,0.00282241,0.564282
123.888,0.565356,-1.67397,0.567643,0.00301983,0.564623
123.936,0.54636,-1.67408,0.567763,0.00280613,0.564957
123.984,0.578369,-1.67422,0.568506,0.00317523,0.565331
124.032,0.58386,-1.67434,0.568939,0.00324311,0.565696
124.08,0.591367,-1.67447,0.569429,0.00333821,0.566091
124.128,0.63439,-1.67459,0.570406,0.00393806,0.566468
124.176,0.621885,-1.67472,0.570634,0.00375362,0.566881
124.224,0.650387,-1.67486,0.571499,0.00418664,0.567312
124.272,0.644896,-1.67498,0.571839,0.00409959,0.567739
124.32,0.6634,-1.67512,0.572584,0.00439999,0.568184
124.368,0.69341,-1.67528,0.573596,0.00493283,0.568663
124.416,0.704408,-1.67543,0.574312,0.00514318,0.569169
124.464,0.81245,-1.67571,0.577454,0.00771879,0.569736
124.512,1.14208,-1.67685,0.595099,0.0244753,0.570624
124.56,1.38316,-1.67885,0.620544,0.0487241,0.57182
124.608,1.41217,-1.68011,0.625353,0.0522393,0.573114
124.656,1.28763,-1.68048,0.612272,0.0378996,0.574372
124.704,1.1946,-1.68071,0.604372,0.0288483,0.575524
124.752,1.08456,-1.68076,0.596787,0.020274,0.576513
124.8,0.98002,-1.68073,0.591499,0.0141665,0.577332
124.848,0.847459,-1.68068,0.586769,0.0087828,0.577986
124.896,0.831954,-1.68079,0.586822,0.00829429,0.578528
124.944,0.777933,-1.68083,0.585791,0.00678353,0.579007
124.992,0.732418,-1.68086,0.585108,0.00571621,0.579392
125.04,0.706407,-1.68091,0.584921,0.00518017,0.579741
125.088,0.713422,-1.68097,0.585383,0.00531977,0.580063
125.136,0.684412,-1.68101,0.585129,0.00476476,0.580364
125.184,0.664892,-1.68104,0.585053,0.00442309,0.580629
125.232,0.698409,-1.68109,0.585916,0.00502519,0.580891
125.28,0.707915,-1.68114,0.586373,0.00520979,0.581163
125.328,0.699409,-1.68119,0.586501,0.00504426,0.581457
125.376,0.705408,-1.68124,0.586914,0.00516042,0.581754
125.424,0.750431,-1.68135,0.588206,0.00611774,0.582088
125.472,0.75443,-1.6814,0.588637,0.0062105,0.582426
125.52,0.727419,-1.68144,0.588358,0.00560898,0.582749
125.568,0.785948,-1.68155,0.590079,0.00698965,0.583089
125.616,0.753938,-1.68159,0.589646,0.00619891,0.583447
125.664,0.780949,-1.68169,0.590671,0.00686009,0.583811
125.712,0.785948,-1.68176,0.591159,0.00698953,0.584169
125.76,0.851966,-1.68192,0.593488,0.00892893,0.584559
125.808,0.841968,-1.68202,0.593589,0.00860599,0.584983
125.856,0.871978,-1.6822,0.595059,0.00960883,0.585451
125.904,1.10106,-1.68294,0.607466,0.0214104,0.586056
125.952,1.39218,-1.68498,0.636736,0.049785,0.58695
126,1.54873,-1.68712,0.657473,0.069438,0.588035
126.048,1.48821,-1.68803,0.650891,0.061738,0.589153
126.096,1.34265,-1.68813,0.634137,0.0439404,0.590196
126.144,1.21261,-1.68805,0.621553,0.0304565,0.591096
126.192,1.09155,-1.68781,0.612552,0.02074,0.591812
126.24,0.989527,-1.68766,0.606994,0.0146395,0.592354
126.288,0.89948,-1.68754,0.603416,0.0106169,0.592799
126.336,0.846459,-1.68742,0.60186,0.00874603,0.593114
126.384,0.805452,-1.68732,0.600853,0.00751377,0.593339
126.432,0.780949,-1.68724,0.600409,0.00685716,0.593552
126.48,0.795454,-1.68718,0.600968,0.00723909,0.593729
126.528,0.761936,-1.68707,0.600273,0.00638546,0.593887
126.576,0.769935,-1.687,0.600608,0.00658011,0.594028
126.624,0.766444,-1.68693,0.600674,0.00649452,0.59418
126.672,0.786439,-1.68688,0.601345,0.00699962,0.594345
126.72,0.768935,-1.68682,0.601097,0.00655555,0.594542
126.768,0.840968,-1.68686,0.603352,0.00857113,0.594781
126.816,0.885975,-1.68692,0.605178,0.0101089,0.595069
126.864,0.876485,-1.6869,0.605126,0.00976494,0.595361
126.912,0.902988,-1.68697,0.606443,0.0107532,0.595689
126.96,0.893482,-1.68697,0.606401,0.0103887,0.596012
127.008,0.923492,-1.68706,0.607936,0.0115793,0.596357
127.056,0.959517,-1.68719,0.609901,0.0131699,0.596731
127.104,0.979021,-1.68734,0.611261,0.0141096,0.597151
127.152,1.00652,-1.6875,0.613108,0.0155342,0.597574
127.2,1.15608,-1.68816,0.623647,0.0255689,0.598078
127.248,1.4607,-1.69034,0.65705,0.0582455,0.598804
127.296,1.63226,-1.69267,0.679468,0.0797459,0.599722
127.344,1.58074,-1.69378,0.674135,0.0734236,0.600711
127.392,1.4817,-1.69426,0.662537,0.0608818,0.601655
127.44,1.30664,-1.69387,0.642361,0.0399,0.602461
127.488,1.11756,-1.69325,0.625633,0.0225822,0.603051
127.536,0.975021,-1.69283,0.617347,0.0139062,0.60344
127.584,0.889974,-1.69251,0.613931,0.0102526,0.603678
127.632,0.830954,-1.69226,0.612074,0.00825637,0.603818
127.68,0.789439,-1.69198,0.610945,0.00707573,0.603869
127.728,0.776441,-1.69175,0.610619,0.00674009,0.603879
127.776,0.770934,-1.69152,0.610484,0.00660252,0.603882
127.824,0.785948,-1.69131,0.610863,0.00698439,0.603879
127.872,0.792946,-1.69109,0.611029,0.00716952,0.60386
127.92,0.787439,-1.69089,0.610899,0.00702365,0.603875
127.968,0.81045,-1.6907,0.611553,0.0076528,0.6039
128.016,0.865979,-1.69061,0.613382,0.00939405,0.603988
128.064,0.874978,-1.69048,0.613829,0.00970861,0.60412
128.112,0.931506,-1.69047,0.616224,0.0119144,0.60431
128.16,0.941996,-1.69041,0.616907,0.0123703,0.604537
128.208,0.962008,-1.69041,0.618077,0.0132835,0.604793
128.256,1.02704,-1.69049,0.621749,0.016673,0.605076
128.304,1.02953,-1.69053,0.622203,0.0168163,0.605387
128.352,1.06754,-1.69061,0.624851,0.0191372,0.605714
128.4,1.04104,-1.69066,0.623558,0.0174921,0.606066
128.448,1.10257,-1.69095,0.627963,0.0215034,0.60646
128.496,1.2061,-1.69147,0.636752,0.0298552,0.606897
128.544,1.50071,-1.69354,0.670801,0.0633041,0.607497
128.592,1.67728,-1.69598,0.693279,0.0850014,0.608278
128.64,1.71329,-1.69757,0.698185,0.0890034,0.609181
128.688,1.55924,-1.69797,0.680743,0.0707032,0.61004
128.736,1.38416,-1.69751,0.659548,0.0487725,0.610775
128.784,1.22161,-1.69693,0.642598,0.0312701,0.611328
128.832,1.08005,-1.69634,0.63164,0.0199476,0.611692
128.88,0.957009,-1.69582,0.624921,0.0130445,0.611876
128.928,0.924,-1.69545,0.623534,0.011593,0.611941
128.976,0.86298,-1.69505,0.62124,0.00928813,0.611952
129.024,0.841968,-1.69469,0.62052,0.00859761,0.611923
129.072,0.793454,-1.6943,0.61904,0.00718131,0.611859
129.12,0.797453,-1.69397,0.619069,0.00728944,0.611779
129.168,0.836461,-1.69371,0.620163,0.00842522,0.611738
129.216,0.84046,-1.6934,0.620235,0.00855075,0.611684
129.264,0.834462,-1.69308,0.620002,0.00836362,0.611639
129.312,0.830463,-1.69276,0.619819,0.00824106,0.611578
129.36,0.861472,-1.69252,0.620785,0.00923871,0.611547
129.408,0.907987,-1.69233,0.622514,0.0109451,0.611569
129.456,0.918493,-1.69213,0.623001,0.0113683,0.611633
129.504,0.922,-1.69194,0.623227,0.011513,0.611714
129.552,0.901988,-1.69168,0.622504,0.0107104,0.611793
129.6,0.946011,-1.69156,0.624436,0.0125478,0.611888
129.648,0.950502,-1.69141,0.624759,0.0127504,0.612008
129.696,0.964516,-1.69127,0.625545,0.0134011,0.612144
129.744,0.991018,-1.69117,0.627001,0.0147122,0.612289
129.792,1.00352,-1.69106,0.627815,0.0153688,0.612446
129.84,0.990018,-1.69091,0.627265,0.014661,0.612604
129.888,1.01452,-1.69088,0.628751,0.0159671,0.612784
129.936,1.02904,-1.6908,0.629761,0.0167875,0.612973
129.984,1.02753,-1.69069,0.62985,0.0167009,0.613149
130.032,1.04104,-1.69068,0.630839,0.0174921,0.613347
130.08,1.05954,-1.69066,0.632179,0.0186275,0.613551
130.128,1.07405,-1.69067,0.63335,0.0195597,0.61379
130.176,1.11257,-1.69077,0.636258,0.022221,0.614037
130.224,1.36517,-1.69209,0.660959,0.0465402,0.614419
130.272,1.61575,-1.69456,0.69274,0.0777387,0.615002
130.32,1.67628,-1.69615,0.700623,0.0848864,0.615737
130.368,1.59625,-1.69684,0.691796,0.0753312,0.616465
130.416,1.38416,-1.69633,0.665871,0.0487759,0.617095
130.464,1.24411,-1.69578,0.650994,0.0334264,0.617568
130.512,1.12507,-1.69522,0.641009,0.0231365,0.617873
130.56,0.987019,-1.69461,0.632516,0.0145035,0.618012
130.608,0.932506,-1.69414,0.629981,0.0119537,0.618027
130.656,0.845967,-1.69364,0.626688,0.00872595,0.617962
130.704,0.832462,-1.6932,0.626126,0.00830194,0.617824
130.752,0.800453,-1.69273,0.624998,0.00737209,0.617626
130.8,0.778441,-1.69229,0.624206,0.00679045,0.617416
130.848,0.761936,-1.69184,0.623565,0.0063831,0.617182
130.896,0.715422,-1.69135,0.622259,0.00535592,0.616903
130.944,0.700409,-1.69089,0.621641,0.00505966,0.616581
130.992,0.702408,-1.69044,0.621367,0.00509839,0.616268
131.04,0.667908,-1.68997,0.620418,0.0044712,0.615947
131.088,0.705408,-1.68955,0.620794,0.00515711,0.615637
131.136,0.669907,-1.68908,0.619821,0.00450575,0.615316
131.184,0.659401,-1.68863,0.619301,0.00432879,0.614972
131.232,0.657402,-1.68819,0.618949,0.004296,0.614653
131.28,0.668907,-1.68775,0.618812,0.00448906,0.614323
131.328,0.670399,-1.68732,0.618521,0.00451482,0.614006
131.376,0.6664,-1.68688,0.618144,0.00444661,0.613698
131.424,0.653386,-1.68644,0.617602,0.00423114,0.613371
131.472,0.6644,-1.68601,0.617448,0.0044131,0.613035
131.52,0.664892,-1.68559,0.617147,0.00442153,0.612726
131.568,0.658893,-1.68514,0.616712,0.00432156,0.612391
131.616,0.655402,-1.68471,0.616333,0.00426444,0.612069
131.664,0.665892,-1.68428,0.616179,0.00443889,0.611741
131.712,0.618377,-1.68382,0.615105,0.00370082,0.611404
131.76,0.631883,-1.68341,0.614987,0.00389772,0.611089
131.808,0.602381,-1.68297,0.614248,0.00348043,0.610767
131.856,0.622884,-1.68254,0.614183,0.00376577,0.610417
131.904,0.571355,-1.68208,0.61314,0.0030886,0.610052
131.952,0.588367,-1.68165,0.612976,0.00329804,0.609678
132,0.589367,-1.68122,0.612619,0.00331087,0.609309
132.048,0.599381,-1.6808,0.612389,0.00344109,0.608948
132.096,0.590367,-1.68036,0.611911,0.00332386,0.608587
132.144,0.562865,-1.67991,0.611183,0.00298954,0.608194
132.192,0.579861,-1.67948,0.610994,0.00319223,0.607802
132.24,0.567355,-1.67904,0.610481,0.00304202,0.607439
132.288,0.505844,-1.67857,0.609392,0.00239778,0.606994
132.336,0.52484,-1.67813,0.609139,0.00258108,0.606558
132.384,0.48834,-1.67766,0.608327,0.00224044,0.606087
132.432,0.511335,-1.67722,0.608093,0.00244964,0.605644
132.48,0.440809,-1.67675,0.607037,0.00186239,0.605175
132.528,0.469819,-1.6763,0.606795,0.00208507,0.604709
132.576,0.455314,-1.67582,0.606148,0.00197075,0.604177
132.624,0.425812,-1.67535,0.605394,0.00175686,0.603637
132.672,0.436318,-1.67488,0.604931,0.00183036,0.603101
132.72,0.395294,-1.67439,0.604086,0.00155976,0.602526
132.768,0.364793,-1.6739,0.603302,0.00138457,0.601918
132.816,0.385788,-1.67342,0.602818,0.00150302,0.601315
132.864,0.37779,-1.67293,0.602193,0.00145684,0.600736
132.912,0.338782,-1.67244,0.601394,0.00125075,0.600143
132.96,0.355778,-1.67194,0.600846,0.00133681,0.599509
133.008,0.308264,-1.67143,0.599968,0.00110994,0.598858
133.056,0.293251,-1.67092,0.599194,0.00104655,0.598147
133.104,0.280762,-1.6704,0.598475,0.000996574,0.597479
133.152,0.26075,-1.66988,0.597673,0.000921365,0.596752
133.2,0.194223,-1.66934,0.596687,0.000709534,0.595978
133.248,0.225233,-1.66881,0.596015,0.000801509,0.595214
133.296,0.217234,-1.66827,0.59519,0.00077675,0.594413
133.344,0.212235,-1.66772,0.594377,0.000761675,0.593616
133.392,0.163213,-1.66716,0.593413,0.000628193,0.592785
133.44,0.153707,-1.6666,0.592549,0.000605162,0.591944
133.488,0.144201,-1.66604,0.591676,0.000582973,0.591093
133.536,0.132695,-1.66546,0.590779,0.000557192,0.590222
133.584,0.125697,-1.66488,0.589892,0.000542079,0.58935
133.632,0.0956869,-1.66429,0.588891,0.000481697,0.58841
133.68,0.0891801,-1.66369,0.587898,0.000469533,0.587428
133.728,0.0471728,-1.66308,0.586839,0.000397944,0.586441
133.776,0.0286522,-1.66246,0.585798,0.000369953,0.585429
133.824,0.0311598,-1.66184,0.584775,0.000373645,0.584401
133.872,-0.0248609,-1.6612,0.58363,0.000299619,0.583331
133.92,-0.0433651,-1.66056,0.582491,0.000278548,0.582212
133.968,-0.034367,-1.6599,0.581387,0.000288624,0.581099
134.016,-0.0848807,-1.65924,0.580193,0.000236495,0.579956
134.064,-0.104893,-1.65856,0.579024,0.000218552,0.578805
134.112,-0.102385,-1.65788,0.577858,0.000220737,0.577637
134.16,-0.131395,-1.65718,0.576648,0.000196871,0.576451
134.208,-0.162405,-1.65648,0.575405,0.000174202,0.575231
134.256,-0.167912,-1.65576,0.574155,0.000170465,0.573985
134.304,-0.221933,-1.65504,0.572849,0.000137735,0.572711
134.352,-0.219933,-1.6543,0.571556,0.000138834,0.571417
134.4,-0.232439,-1.65355,0.570248,0.000132153,0.570116
134.448,-0.240945,-1.65279,0.568953,0.000127796,0.568825
134.496,-0.229931,-1.65203,0.567698,0.000133484,0.567564
134.544,-0.270955,-1.65126,0.566401,0.000113528,0.566287
134.592,-0.22544,-1.65048,0.565142,0.000135888,0.565007
134.64,-0.298457,-1.64968,0.563801,0.000101856,0.563699
134.688,-0.268956,-1.64889,0.562537,0.000114449,0.562422
134.736,-0.31447,-1.64808,0.561202,9.56255e-05,0.561106
134.784,-0.330483,-1.64726,0.559855,8.97706e-05,0.559765
134.832,-0.307964,-1.64643,0.558518,9.81271e-05,0.55842
134.88,-0.34548,-1.6456,0.557168,8.46183e-05,0.557083
134.928,-0.358494,-1.64475,0.555842,8.03838e-05,0.555762
134.976,-0.377998,-1.6439,0.554459,7.44283e-05,0.554385
135.024,-0.407008,-1.64304,0.55305,6.6374e-05,0.552984
135.072,-0.369491,-1.64216,0.551666,7.69819e-05,0.551589
135.12,-0.425512,-1.64128,0.550224,6.17034e-05,0.550162
135.168,-0.445016,-1.64039,0.54877,5.71314e-05,0.548713
135.216,-0.476534,-1.63948,0.547317,5.0446e-05,0.547267
135.264,-0.46452,-1.63857,0.545868,5.29018e-05,0.545816
135.312,-0.496038,-1.63765,0.544366,4.67112e-05,0.544319
135.36,-0.527556,-1.63672,0.542855,4.12449e-05,0.542814
135.408,-0.508035,-1.63577,0.541339,4.45551e-05,0.541294
135.456,-0.519049,-1.63482,0.539864,4.26608e-05,0.539821
135.504,-0.541553,-1.63386,0.538352,3.90343e-05,0.538313
135.552,-0.559565,-1.63289,0.536827,3.63554e-05,0.536791
135.6,-0.586576,-1.6319,0.535269,3.26775e-05,0.535236
135.648,-0.579069,-1.63091,0.533726,3.36639e-05,0.533692
135.696,-0.609587,-1.62991,0.532147,2.98418e-05,0.532117
135.744,-0.631582,-1.6289,0.530569,2.73598e-05,0.530542
135.792,-0.639597,-1.62787,0.528955,2.65089e-05,0.528929
135.84,-0.626583,-1.62684,0.527401,2.791e-05,0.527373
135.888,-0.652594,-1.6258,0.525826,2.51857e-05,0.525801
135.936,-0.671606,-1.62475,0.524233,2.33647e-05,0.524209
135.984,-0.683112,-1.62369,0.522641,2.2328e-05,0.522619
136.032,-0.671606,-1.62262,0.521059,2.33685e-05,0.521035
136.08,-0.683604,-1.62154,0.519501,2.22883e-05,0.519479
136.128,-0.682604,-1.62046,0.517979,2.23784e-05,0.517957
136.176,-0.687111,-1.61937,0.516415,2.19851e-05,0.516393
136.224,-0.725628,-1.61827,0.514853,1.88826e-05,0.514834
136.272,-0.712122,-1.61716,0.513328,1.99195e-05,0.513308
136.32,-0.776141,-1.61605,0.511779,1.54682e-05,0.511763
136.368,-0.722628,-1.61493,0.510264,1.91126e-05,0.510245
136.416,-0.739133,-1.6138,0.50875,1.79073e-05,0.508733
136.464,-0.737133,-1.61267,0.507272,1.8051e-05,0.507254
136.512,-0.739624,-1.61154,0.505793,1.78757e-05,0.505775
136.56,-0.759637,-1.61039,0.504285,1.65179e-05,0.504268
136.608,-0.795645,-1.60924,0.502734,1.43281e-05,0.50272
136.656,-0.783648,-1.60808,0.501219,1.50252e-05,0.501204
136.704,-0.800152,-1.60692,0.49968,1.40777e-05,0.499666
136.752,-0.820656,-1.60575,0.498163,1.29831e-05,0.49815
136.8,-0.847175,-1.60457,0.496634,1.16923e-05,0.496623
136.848,-0.862172,-1.60338,0.495063,1.10205e-05,0.495052
136.896,-0.841668,-1.60219,0.493513,1.19518e-05,0.493501
136.944,-0.880184,-1.60099,0.491933,1.02651e-05,0.491923
136.992,-0.863172,-1.59978,0.49037,1.098e-05,0.490359
137.04,-0.83467,-1.59856,0.488872,1.22903e-05,0.488859
137.088,-0.892182,-1.59734,0.487333,9.79247e-06,0.487323
137.136,-0.894689,-1.59612,0.485814,9.6968e-06,0.485804
137.184,-0.9197,-1.59488,0.484273,8.78498e-06,0.484264
137.232,-0.898688,-1.59364,0.482781,9.54654e-06,0.482772
137.28,-0.934697,-1.5924,0.481289,8.28099e-06,0.481281
137.328,-0.915701,-1.59115,0.479759,8.92746e-06,0.47975
137.376,-0.905687,-1.58989,0.478248,9.28876e-06,0.478239
137.424,-0.9207,-1.58863,0.476786,8.75449e-06,0.476777
137.472,-0.927699,-1.58737,0.475327,8.51648e-06,0.475318
137.52,-0.906687,-1.5861,0.473895,9.25479e-06,0.473886
137.568,-0.957217,-1.58482,0.472436,7.58017e-06,0.472428
137.616,-0.925699,-1.58354,0.470991,8.58654e-06,0.470982
137.664,-0.957217,-1.58226,0.469576,7.58165e-06,0.469569
137.712,-0.937696,-1.58098,0.468226,8.1905e-06,0.468217
137.76,-0.959708,-1.57969,0.466832,7.50883e-06,0.466824
137.808,-0.918192,-1.5784,0.465487,8.84855e-06,0.465478
137.856,-0.938205,-1.57711,0.464162,8.17647e-06,0.464153
137.904,-0.968706,-1.57582,0.462846,7.24862e-06,0.462839
137.952,-0.965215,-1.57452,0.461519,7.35005e-06,0.461512
138,-0.927699,-1.57323,0.460243,8.52563e-06,0.460234
138.048,-0.971722,-1.57193,0.458928,7.16486e-06,0.458921
138.096,-0.938205,-1.57063,0.457685,8.1805e-06,0.457677
138.144,-0.963216,-1.56933,0.456442,7.41129e-06,0.456434
138.192,-0.95071,-1.56802,0.455175,7.78756e-06,0.455167
138.24,-1.01624,-1.56672,0.453905,6.01136e-06,0.453899
138.288,-0.983719,-1.56541,0.452652,6.83644e-06,0.452645
138.336,-0.994225,-1.5641,0.451417,6.55904e-06,0.451411
138.384,-1.02523,-1.56279,0.450155,5.80307e-06,0.450149
138.432,-1.00122,-1.56147,0.448886,6.38138e-06,0.448879
138.48,-1.00973,-1.56015,0.447622,6.17103e-06,0.447616
138.528,-1.03823,-1.55883,0.446377,5.51415e-06,0.446372
138.576,-1.02373,-1.55751,0.445129,5.84009e-06,0.445123
138.624,-1.03323,-1.55618,0.443893,5.62531e-06,0.443888
138.672,-1.03623,-1.55485,0.442645,5.55958e-06,0.44264
138.72,-1.03774,-1.55352,0.441393,5.52711e-06,0.441387
138.768,-1.04825,-1.55219,0.440196,5.30285e-06,0.440191
138.816,-1.06175,-1.55085,0.438999,5.02773e-06,0.438994
138.864,-1.08276,-1.54951,0.437776,4.62754e-06,0.437772
138.912,-1.08876,-1.54817,0.43654,4.51958e-06,0.436536
138.96,-1.12328,-1.54682,0.435282,3.94362e-06,0.435278
139.008,-1.07175,-1.54547,0.434074,4.83491e-06,0.434069
139.056,-1.06926,-1.54411,0.432897,4.88325e-06,0.432892
139.104,-1.06275,-1.54276,0.431754,5.01097e-06,0.431749
139.152,-1.04974,-1.54141,0.430652,5.27598e-06,0.430646
139.2,-1.10727,-1.54006,0.429524,4.20342e-06,0.42952
139.248,-1.05924,-1.5387,0.428468,5.08248e-06,0.428463
139.296,-1.04525,-1.53735,0.427413,5.37211e-06,0.427408
139.344,-1.06475,-1.536,0.426359,4.97407e-06,0.426354
139.392,-1.06975,-1.53465,0.425338,4.87726e-06,0.425334
139.44,-1.08026,-1.53329,0.424272,4.67937e-06,0.424267
139.488,-1.06124,-1.53194,0.423266,5.04505e-06,0.423261
139.536,-1.03474,-1.53058,0.422251,5.60274e-06,0.422246
139.584,-1.06575,-1.52923,0.421257,4.95699e-06,0.421252
139.632,-1.06024,-1.52788,0.420263,5.06659e-06,0.420258
139.68,-1.04574,-1.52653,0.419335,5.36608e-06,0.41933
139.728,-1.05575,-1.52518,0.418421,5.15837e-06,0.418416
139.776,-1.07326,-1.52383,0.417492,4.81406e-06,0.417487
139.824,-1.09527,-1.52248,0.416514,4.4134e-06,0.41651
139.872,-1.10076,-1.52113,0.415548,4.3191e-06,0.415544
139.92,-1.10427,-1.51978,0.414595,4.26008e-06,0.41459
139.968,-1.07826,-1.51843,0.413673,4.72181e-06,0.413668
140.016,-1.11227,-1.51708,0.412745,4.12836e-06,0.412741
140.064,-1.10176,-1.51572,0.411796,4.30383e-06,0.411792
140.112,-1.10027,-1.51437,0.410843,4.32972e-06,0.410839
140.16,-1.12728,-1.51301,0.409896,3.89172e-06,0.409892
140.208,-1.12177,-1.51165,0.408938,3.97776e-06,0.408934
140.256,-1.14278,-1.51029,0.408014,3.66115e-06,0.408011
140.304,-1.16029,-1.50893,0.407049,3.41678e-06,0.407046
140.352,-1.12477,-1.50757,0.406094,3.9321e-06,0.40609
140.4,-1.16178,-1.5062,0.40519,3.39739e-06,0.405187
140.448,-1.12477,-1.50484,0.404291,3.93291e-06,0.404287
140.496,-1.12928,-1.50347,0.403392,3.86387e-06,0.403388
140.544,-1.14078,-1.5021,0.402489,3.69248e-06,0.402486
140.592,-1.14627,-1.50073,0.401594,3.61359e-06,0.401591
140.64,-1.12677,-1.49936,0.400708,3.90357e-06,0.400704
140.688,-1.13728,-1.49799,0.399835,3.74519e-06,0.399831
140.736,-1.17579,-1.49661,0.398943,3.21667e-06,0.39894
140.784,-1.12928,-1.49524,0.398097,3.86627e-06,0.398093
140.832,-1.12777,-1.49386,0.397319,3.88979e-06,0.397315
140.88,-1.12677,-1.49249,0.396548,3.90559e-06,0.396544
140.928,-1.11526,-1.49112,0.3958,4.08772e-06,0.395796
140.976,-1.13428,-1.48975,0.395047,3.7922e-06,0.395044
141.024,-1.17679,-1.48838,0.394265,3.20598e-06,0.394262
141.072,-1.10776,-1.48701,0.393534,4.21211e-06,0.39353
141.12,-1.11127,-1.48565,0.392839,4.15455e-06,0.392835
141.168,-1.09927,-1.48428,0.392164,4.35674e-06,0.39216
141.216,-1.11377,-1.48292,0.391493,4.11443e-06,0.391489
141.264,-1.14778,-1.48156,0.390784,3.59732e-06,0.39078
141.312,-1.11377,-1.48019,0.390101,4.11527e-06,0.390097
141.36,-1.14228,-1.47883,0.389446,3.67723e-06,0.389442
141.408,-1.17379,-1.47747,0.388731,3.24688e-06,0.388728
141.456,-1.14527,-1.47611,0.388099,3.63464e-06,0.388095
141.504,-1.16879,-1.47475,0.387368,3.31235e-06,0.387364
141.552,-1.22031,-1.47338,0.386581,2.70246e-06,0.386578
141.6,-1.26133,-1.47199,0.385702,2.2982e-06,0.385699
141.648,-1.33686,-1.4706,0.384704,1.70528e-06,0.384702
141.696,-1.31384,-1.46919,0.383665,1.86785e-06,0.383663
141.744,-1.38837,-1.46777,0.38258,1.39145e-06,0.382578
141.792,-1.33586,-1.46634,0.381538,1.71258e-06,0.381536
141.84,-1.36887,-1.4649,0.380475,1.50328e-06,0.380473
141.888,-1.35836,-1.46345,0.379408,1.56718e-06,0.379406
141.936,-1.38337,-1.46198,0.378305,1.41983e-06,0.378304
141.984,-1.35085,-1.46051,0.377244,1.61473e-06,0.377243
142.032,-1.36636,-1.45902,0.376188,1.51892e-06,0.376186
142.08,-1.37286,-1.45752,0.375179,1.48052e-06,0.375177
142.128,-1.33735,-1.45602,0.374197,1.70384e-06,0.374195
142.176,-1.37437,-1.45451,0.373216,1.47206e-06,0.373214
142.224,-1.32384,-1.45299,0.372269,1.79767e-06,0.372268
142.272,-1.34436,-1.45146,0.371356,1.65782e-06,0.371355
142.32,-1.34086,-1.44993,0.37044,1.68115e-06,0.370439
142.368,-1.32384,-1.44839,0.369584,1.79829e-06,0.369582
142.416,-1.32184,-1.44684,0.368735,1.81277e-06,0.368733
142.464,-1.29134,-1.4453,0.367977,2.04526e-06,0.367975
142.512,-1.32235,-1.44375,0.367235,1.80955e-06,0.367233
142.56,-1.28583,-1.44219,0.366526,2.09075e-06,0.366524
142.608,-1.30785,-1.44063,0.365784,1.91677e-06,0.365782
142.656,-1.35036,-1.43907,0.364977,1.62048e-06,0.364976
142.704,-1.28483,-1.4375,0.364275,2.09977e-06,0.364273
142.752,-1.29183,-1.43593,0.36363,2.04272e-06,0.363628
142.8,-1.27333,-1.43435,0.362985,2.19798e-06,0.362982
142.848,-1.26833,-1.43278,0.362356,2.2421e-06,0.362354
142.896,-1.27133,-1.4312,0.361725,2.21594e-06,0.361723
142.944,-1.27633,-1.42962,0.361115,2.17285e-06,0.361113
142.992,-1.30183,-1.42803,0.360484,1.96474e-06,0.360482
143.04,-1.33935,-1.42644,0.359842,1.69419e-06,0.35984
143.088,-1.26033,-1.42485,0.359264,2.31549e-06,0.359262
143.136,-1.22881,-1.42326,0.358757,2.62297e-06,0.358754
143.184,-1.28233,-1.42167,0.358213,2.1232e-06,0.358211
143.232,-1.31534,-1.42007,0.357589,1.86373e-06,0.357588
143.28,-1.37986,-1.41845,0.356848,1.44436e-06,0.356846
143.328,-1.41338,-1.41682,0.356065,1.26531e-06,0.356064
143.376,-1.42538,-1.41518,0.355214,1.20686e-06,0.355212
143.424,-1.44039,-1.41352,0.354342,1.13747e-06,0.35434
143.472,-1.50741,-1.41185,0.353385,8.72889e-07,0.353384
143.52,-1.49892,-1.41015,0.352381,9.02791e-07,0.35238
143.568,-1.49841,-1.40844,0.351413,9.04722e-07,0.351412
143.616,-1.50843,-1.40671,0.350448,8.69724e-07,0.350447
143.664,-1.50241,-1.40497,0.349475,8.90765e-07,0.349474
143.712,-1.48191,-1.40321,0.348547,9.66084e-07,0.348546
143.76,-1.51043,-1.40143,0.347615,8.63219e-07,0.347615
143.808,-1.49841,-1.39964,0.346728,9.05317e-07,0.346727
143.856,-1.51292,-1.39784,0.345855,8.54991e-07,0.345854
143.904,-1.50843,-1.39603,0.345006,8.7042e-07,0.345006
143.952,-1.49441,-1.3942,0.344158,9.20115e-07,0.344157
144,-1.46089,-1.39236,0.343387,1.05059e-06,0.343386
144.048,-1.4714,-1.39051,0.342656,1.008e-06,0.342655
144.096,-1.41938,-1.38865,0.341996,1.23827e-06,0.341995
144.144,-1.41938,-1.38678,0.341354,1.23845e-06,0.341353
144.192,-1.42739,-1.3849,0.340719,1.2e-06,0.340718
144.24,-1.39888,-1.38301,0.34011,1.34336e-06,0.340108
144.288,-1.39488,-1.38112,0.339546,1.36496e-06,0.339545
144.336,-1.41087,-1.37922,0.338992,1.28152e-06,0.33899
144.384,-1.40038,-1.3773,0.338444,1.33595e-06,0.338443
144.432,-1.39688,-1.37538,0.337885,1.3548e-06,0.337884
144.48,-1.38537,-1.37345,0.337388,1.41803e-06,0.337387
144.528,-1.36937,-1.37151,0.336926,1.5108e-06,0.336924
144.576,-1.36136,-1.36957,0.336502,1.55965e-06,0.3365
144.624,-1.33135,-1.36761,0.336061,1.75631e-06,0.33606
144.672,-1.35936,-1.36565,0.335657,1.57248e-06,0.335655
144.72,-1.37686,-1.36368,0.335213,1.46759e-06,0.335212
144.768,-1.33035,-1.3617,0.334815,1.76405e-06,0.334813
144.816,-1.36937,-1.35972,0.33442,1.51213e-06,0.334418
144.864,-1.37637,-1.35772,0.334005,1.4711e-06,0.334003
144.912,-1.35436,-1.35571,0.333611,1.60505e-06,0.33361
144.96,-1.40187,-1.35369,0.333192,1.33044e-06,0.33319
145.008,-1.36987,-1.35166,0.332785,1.5101e-06,0.332784
145.056,-1.4419,-1.34962,0.332348,1.13613e-06,0.332347
145.104,-1.43939,-1.34755,0.331796,1.14762e-06,0.331795
145.152,-1.48941,-1.34546,0.331205,9.41898e-07,0.331204
145.2,-1.53442,-1.34335,0.330515,7.8853e-07,0.330514
145.248,-1.51542,-1.34121,0.329807,8.50147e-07,0.329806
145.296,-1.54393,-1.33904,0.329077,7.59697e-07,0.329076
145.344,-1.56543,-1.33686,0.328343,6.97911e-07,0.328342
145.392,-1.55794,-1.33464,0.327602,7.18999e-07,0.327601
145.44,-1.57744,-1.3324,0.326844,6.65767e-07,0.326844
145.488,-1.55894,-1.33013,0.326116,7.16404e-07,0.326115
145.536,-1.55243,-1.32783,0.325416,7.35193e-07,0.325415
145.584,-1.54193,-1.32551,0.324711,7.66496e-07,0.32471
145.632,-1.55994,-1.32316,0.32406,7.13949e-07,0.324059
145.68,-1.52293,-1.32079,0.323443,8.26549e-07,0.323442
145.728,-1.50592,-1.3184,0.32288,8.84195e-07,0.322879
145.776,-1.50943,-1.31598,0.322334,8.72179e-07,0.322334
145.824,-1.49541,-1.31353,0.321821,9.22016e-07,0.32182
145.872,-1.43888,-1.31107,0.321348,1.15305e-06,0.321347
145.92,-1.4764,-1.30857,0.3209,9.94336e-07,0.320899
145.968,-1.4664,-1.30605,0.320424,1.03461e-06,0.320423
146.016,-1.48541,-1.30351,0.320018,9.59894e-07,0.320017
146.064,-1.4469,-1.30095,0.319655,1.11794e-06,0.319654
146.112,-1.42889,-1.29836,0.319331,1.20066e-06,0.31933
146.16,-1.41238,-1.29574,0.319032,1.28184e-06,0.31903
146.208,-1.4509,-1.2931,0.318719,1.10105e-06,0.318718
146.256,-1.43739,-1.29043,0.318404,1.16165e-06,0.318403
146.304,-1.41889,-1.28773,0.318141,1.25004e-06,0.31814
146.352,-1.40287,-1.28501,0.317877,1.33198e-06,0.317875
146.4,-1.41789,-1.28225,0.317601,1.2555e-06,0.3176
146.448,-1.42789,-1.27947,0.31732,1.20711e-06,0.317319
146.496,-1.43739,-1.27665,0.317058,1.16284e-06,0.317056
146.544,-1.43788,-1.27379,0.316795,1.16083e-06,0.316794
146.592,-1.39388,-1.2709,0.316546,1.38165e-06,0.316545
146.64,-1.39988,-1.26798,0.316333,1.34957e-06,0.316332
146.688,-1.42238,-1.26502,0.31609,1.23499e-06,0.316089
146.736,-1.41489,-1.26202,0.315843,1.27238e-06,0.315842
146.784,-1.39588,-1.25898,0.315632,1.37198e-06,0.31563
146.832,-1.4469,-1.2559,0.315401,1.12168e-06,0.315399
146.88,-1.48991,-1.25277,0.315089,9.4656e-07,0.315088
146.928,-1.52193,-1.24958,0.314717,8.34215e-07,0.314716
146.976,-1.53793,-1.24634,0.314254,7.83292e-07,0.314253
147.024,-1.55694,-1.24303,0.313767,7.26767e-07,0.313766
147.072,-1.59895,-1.23966,0.313224,6.15741e-07,0.313223
147.12,-1.58744,-1.23621,0.312672,6.44552e-07,0.312671
147.168,-1.58795,-1.2327,0.312081,6.43425e-07,0.31208
147.216,-1.56894,-1.22912,0.311545,6.93821e-07,0.311544
147.264,-1.57044,-1.22547,0.311034,6.89884e-07,0.311033
147.312,-1.54343,-1.22174,0.310554,7.67819e-07,0.310553
147.36,-1.54843,-1.21794,0.310059,7.53009e-07,0.310058
147.408,-1.58995,-1.21405,0.309582,6.39238e-07,0.309582
147.456,-1.52793,-1.21009,0.309156,8.17045e-07,0.309156
147.504,-1.57344,-1.20604,0.308765,6.8273e-07,0.308765
147.552,-1.55843,-1.2019,0.308384,7.24689e-07,0.308384
147.6,-1.52493,-1.19766,0.308056,8.27544e-07,0.308055
147.648,-1.51392,-1.19334,0.307746,8.64639e-07,0.307746
147.696,-1.52242,-1.18892,0.307481,8.36325e-07,0.30748
147.744,-1.48941,-1.18439,0.307249,9.5319e-07,0.307248
147.792,-1.4939,-1.17976,0.307028,9.3674e-07,0.307028
147.84,-1.51392,-1.17501,0.306827,8.65804e-07,0.306827
147.888,-1.47891,-1.17015,0.306671,9.94642e-07,0.30667
147.936,-1.4959,-1.16517,0.30648,9.30361e-07,0.306479
147.984,-1.46489,-1.16005,0.30632,1.05207e-06,0.306319
148.032,-1.48741,-1.15479,0.306174,9.62842e-07,0.306173
148.08,-1.48391,-1.14939,0.306043,9.76669e-07,0.306042
148.128,-1.48341,-1.14383,0.305891,9.78967e-07,0.30589
148.176,-1.4589,-1.1381,0.30577,1.07904e-06,0.305769
148.224,-1.4694,-1.13221,0.305665,1.0356e-06,0.305664
148.272,-1.47691,-1.12613,0.305574,1.00577e-06,0.305573
148.32,-1.4909,-1.11985,0.305431,9.52077e-07,0.30543
148.368,-1.4604,-1.11336,0.305328,1.07457e-06,0.305327
148.416,-1.49041,-1.10665,0.305257,9.54848e-07,0.305256
148.464,-1.46489,-1.0997,0.305224,1.05671e-06,0.305223
148.512,-1.47891,-1.0925,0.305183,1.0003e-06,0.305182
148.56,-1.43039,-1.08503,0.305173,1.21239e-06,0.305171
148.608,-1.4634,-1.07727,0.305174,1.0647e-06,0.305173
148.656,-1.43439,-1.0692,0.305174,1.19475e-06,0.305173
148.704,-1.46991,-1.06078,0.305162,1.03891e-06,0.305161
148.752,-1.42989,-1.052,0.305225,1.21774e-06,0.305224
148.8,-1.41389,-1.04283,0.305305,1.29808e-06,0.305304
148.848,-1.41889,-1.03324,0.305451,1.27357e-06,0.305449
148.896,-1.40438,-1.02319,0.305597,1.3497e-06,0.305596
148.944,-1.40138,-1.01264,0.305795,1.36684e-06,0.305794
148.992,-1.38537,-1.00153,0.306007,1.45731e-06,0.306005
149.04,-1.43088,-0.989816,0.306221,1.2184e-06,0.30622
149.088,-1.40687,-0.977426,0.306403,1.34089e-06,0.306402
149.136,-1.46389,-0.964293,0.306579,1.07134e-06,0.306578
149.184,-1.4959,-0.950321,0.306688,9.44974e-07,0.306687
149.232,-1.54293,-0.935409,0.30672,7.85543e-07,0.306719
149.28,-1.53693,-0.919442,0.306748,8.05309e-07,0.306748
149.328,-1.54293,-0.902289,0.306787,7.87404e-07,0.306786
149.376,-1.55643,-0.883783,0.306804,7.47462e-07,0.306804
149.424,-1.57444,-0.86373,0.306843,6.97091e-07,0.306842
149.472,-1.56243,-0.841897,0.306929,7.32123e-07,0.306929
149.52,-1.57494,-0.81799,0.307023,6.97997e-07,0.307023
149.568,-1.57294,-0.791648,0.307193,7.04844e-07,0.307193
149.616,-1.57044,-0.762418,0.307451,7.13283e-07,0.30745
149.664,-1.59446,-0.729693,0.307721,6.50194e-07,0.307721
149.712,-1.56994,-0.692695,0.308104,7.1821e-07,0.308103
149.76,-1.55394,-0.650372,0.30867,7.67337e-07,0.308669
149.808,-1.54743,-0.601237,0.309377,7.90002e-07,0.309376
149.856,-1.56143,-0.543129,0.310261,7.50468e-07,0.31026
149.904,-1.56745,-0.472758,0.311386,7.3635e-07,0.311386
149.952,-1.52391,-0.384785,0.312921,8.79778e-07,0.31292
150,-1.52193,-0.269785,0.315007,8.93473e-07,0.315006
150.048,-1.49941,-0.10913,0.317994,9.8685e-07,0.317993
150.096,-1.51742,0.139972,0.322727,9.33467e-07,0.322726
150.144,-1.51692,0.59269,0.331272,9.60866e-07,0.331271
150.192,-1.4909,1.43925,0.348191,1.11995e-06,0.348189
150.24,-1.4734,1.64182,0.357862,1.23416e-06,0.357861
150.288,-1.48791,0.0815112,0.32946,1.07346e-06,0.329459
150.336,-1.49792,-0.915732,0.300671,9.42183e-07,0.30067
150.384,-1.47991,-0.937595,0.299324,1.00762e-06,0.299323
150.432,-1.4534,-0.923108,0.299544,1.12e-06,0.299543
150.48,-1.4584,-0.906925,0.29983,1.09936e-06,0.299829
150.528,-1.43788,-0.889506,0.300165,1.19372e-06,0.300163
150.576,-1.42438,-0.870699,0.30057,1.26086e-06,0.300568
150.624,-1.43539,-0.850291,0.300978,1.2089e-06,0.300977
150.672,-1.42989,-0.828039,0.301454,1.23745e-06,0.301453
150.72,-1.42789,-0.803632,0.301975,1.24942e-06,0.301974
150.768,-1.43888,-0.776689,0.30257,1.19855e-06,0.302569
150.816,-1.41838,-0.746713,0.303226,1.30246e-06,0.303225
150.864,-1.41087,-0.713075,0.303994,1.34485e-06,0.303993
150.912,-1.39137,-0.674921,0.304854,1.45648e-06,0.304853
150.96,-1.40587,-0.631102,0.30586,1.37952e-06,0.305859
151.008,-1.38837,-0.57998,0.307024,1.48355e-06,0.307022
151.056,-1.40238,-0.519151,0.308378,1.40947e-06,0.308377
151.104,-1.41289,-0.444895,0.309998,1.35896e-06,0.309997
151.152,-1.40738,-0.35106,0.312078,1.39761e-06,0.312077
151.2,-1.40487,-0.226473,0.314749,1.42314e-06,0.314747
151.248,-1.4569,-0.0482564,0.318389,1.17198e-06,0.318388
151.296,-1.44939,0.238543,0.324044,1.22886e-06,0.324042
151.344,-1.39388,0.782063,0.33459,1.57996e-06,0.334588
151.392,-1.40887,1.64773,0.353371,1.57226e-06,0.35337
151.44,-1.39488,1.3793,0.354064,1.66463e-06,0.354062
151.488,-1.47491,-0.422448,0.317573,1.08834e-06,0.317572
151.536,-1.50843,-0.934291,0.300071,9.0119e-07,0.30007
151.584,-1.53793,-0.933066,0.299593,8.01379e-07,0.299593
151.632,-1.60045,-0.918791,0.299547,6.26537e-07,0.299547
151.68,-1.61745,-0.903246,0.299483,5.86482e-07,0.299483
151.728,-1.63297,-0.886505,0.299438,5.52244e-07,0.299437
151.776,-1.62147,-0.868407,0.29937,5.78682e-07,0.299369
151.824,-1.63297,-0.848766,0.299378,5.53727e-07,0.299377
151.872,-1.60945,-0.827338,0.2994,6.08592e-07,0.2994
151.92,-1.61896,-0.803839,0.299488,5.87125e-07,0.299487
151.968,-1.63497,-0.777901,0.299607,5.52126e-07,0.299606
152.016,-1.60645,-0.749069,0.299827,6.19256e-07,0.299827
152.064,-1.58244,-0.716752,0.300163,6.82445e-07,0.300162
152.112,-1.58244,-0.68017,0.300626,6.84187e-07,0.300625
152.16,-1.56094,-0.638264,0.301248,7.47048e-07,0.301247
152.208,-1.57795,-0.589543,0.301987,7.00818e-07,0.301986
152.256,-1.52442,-0.531849,0.30293,8.6937e-07,0.302929
152.304,-1.51942,-0.461909,0.304203,8.90937e-07,0.304202
152.352,-1.51592,-0.374377,0.305835,9.08697e-07,0.305835
152.4,-1.52893,-0.259835,0.30802,8.697e-07,0.30802
152.448,-1.49892,-0.0996981,0.311109,9.89414e-07,0.311108
152.496,-1.47091,0.148603,0.315929,1.12253e-06,0.315928
152.544,-1.49541,0.598662,0.324423,1.04657e-06,0.324422
152.592,-1.50992,1.43232,0.340885,1.03863e-06,0.340884
152.64,-1.4569,1.62981,0.350254,1.31628e-06,0.350252
152.688,-1.48941,0.0846059,0.322802,1.06709e-06,0.322801
152.736,-1.4564,-0.911727,0.294851,1.11056e-06,0.29485
152.784,-1.46389,-0.935759,0.293595,1.07362e-06,0.293594
152.832,-1.4764,-0.922884,0.293821,1.02274e-06,0.29382
152.88,-1.47991,-0.908432,0.294069,1.0097e-06,0.294068
152.928,-1.47191,-0.892913,0.294366,1.04328e-06,0.294365
152.976,-1.46389,-0.876201,0.294693,1.07814e-06,0.294692
153.024,-1.43939,-0.858138,0.295092,1.18931e-06,0.295091
153.072,-1.47591,-0.838524,0.295495,1.0309e-06,0.295494
153.12,-1.47091,-0.817116,0.295929,1.05307e-06,0.295927
153.168,-1.44839,-0.793627,0.296446,1.15301e-06,0.296445
153.216,-1.4534,-0.767688,0.297018,1.13244e-06,0.297017
153.264,-1.4479,-0.738834,0.297675,1.15971e-06,0.297674
153.312,-1.4554,-0.706457,0.298374,1.12836e-06,0.298373
153.36,-1.48341,-0.669754,0.299138,1.01269e-06,0.299137
153.408,-1.4599,-0.627649,0.300053,1.11459e-06,0.300052
153.456,-1.41038,-0.578621,0.301137,1.36011e-06,0.301136
153.504,-1.41889,-0.520461,0.302433,1.32038e-06,0.302431
153.552,-1.4704,-0.449774,0.30395,1.08233e-06,0.303948
153.6,-1.42489,-0.361029,0.305868,1.30337e-06,0.305866
153.648,-1.42038,-0.244425,0.308372,1.33704e-06,0.30837
153.696,-1.39788,-0.0804433,0.311814,1.47695e-06,0.311812
153.744,-1.40638,0.176016,0.317023,1.45113e-06,0.317022
153.792,-1.38186,0.645135,0.326165,1.64389e-06,0.326164
153.84,-1.38637,1.48536,0.343348,1.69879e-06,0.343346
153.888,-1.35736,1.57076,0.350986,1.94606e-06,0.350984
153.936,-1.40738,-0.0503373,0.321575,1.46218e-06,0.321573
153.984,-1.43039,-0.916933,0.296375,1.22967e-06,0.296374
154.032,-1.37837,-0.933629,0.295647,1.50562e-06,0.295645
154.08,-1.36536,-0.9216,0.296105,1.5864e-06,0.296103
154.128,-1.39688,-0.908225,0.296547,1.40193e-06,0.296546
154.176,-1.36436,-0.893896,0.297059,1.59583e-06,0.297057
154.224,-1.36787,-0.878503,0.297582,1.57559e-06,0.297581
154.272,-1.37737,-0.861908,0.29814,1.51929e-06,0.298139
154.32,-1.38937,-0.843941,0.298693,1.45078e-06,0.298692
154.368,-1.40038,-0.824397,0.299248,1.3909e-06,0.299246
154.416,-1.46791,-0.803015,0.299691,1.0667e-06,0.29969
154.464,-1.48991,-0.779487,0.300101,9.79512e-07,0.3001
154.512,-1.53793,-0.753427,0.300467,8.11662e-07,0.300466
154.56,-1.54493,-0.724342,0.300841,7.91129e-07,0.30084
154.608,-1.60845,-0.691597,0.301227,6.16873e-07,0.301227
154.656,-1.60945,-0.654349,0.301699,6.16033e-07,0.301698
154.704,-1.64197,-0.611437,0.30221,5.43346e-07,0.302209
154.752,-1.61145,-0.561237,0.30288,6.1512e-07,0.302879
154.8,-1.62247,-0.501361,0.303735,5.91329e-07,0.303735
154.848,-1.62096,-0.428112,0.304885,5.97818e-07,0.304884
154.896,-1.59546,-0.335367,0.306421,6.65327e-07,0.306421
154.944,-1.60745,-0.212065,0.308573,6.39676e-07,0.308572
154.992,-1.58595,-0.0356508,0.311769,7.04343e-07,0.311769
155.04,-1.58995,0.247591,0.316964,7.05536e-07,0.316963
155.088,-1.56394,0.779862,0.326752,8.06789e-07,0.326751
155.136,-1.56394,1.62136,0.34424,8.50577e-07,0.344239
155.184,-1.56694,1.3781,0.344952,8.42879e-07,0.344952
155.232,-1.54743,-0.393146,0.310072,8.18842e-07,0.310071
155.28,-1.53342,-0.928066,0.292479,8.16867e-07,0.292478
155.328,-1.55694,-0.930305,0.292004,7.43539e-07,0.292004
155.376,-1.50741,-0.918593,0.292153,9.05064e-07,0.292152
155.424,-1.51892,-0.905828,0.292313,8.65617e-07,0.292313
155.472,-1.4744,-0.892155,0.292574,1.03314e-06,0.292573
155.52,-1.48841,-0.877473,0.292893,9.78499e-07,0.292892
155.568,-1.4664,-0.861646,0.293243,1.06864e-06,0.293242
155.616,-1.48791,-0.844519,0.293591,9.82766e-07,0.29359
155.664,-1.4529,-0.825906,0.293985,1.1301e-06,0.293984
155.712,-1.44439,-0.80559,0.29446,1.17042e-06,0.294459
155.76,-1.43639,-0.783296,0.295001,1.20991e-06,0.295
155.808,-1.43839,-0.758685,0.295613,1.20247e-06,0.295612
155.856,-1.41989,-0.731322,0.2963,1.29619e-06,0.296299
155.904,-1.42989,-0.700655,0.297044,1.24865e-06,0.297043
155.952,-1.4469,-0.665945,0.29783,1.17027e-06,0.297829
156,-1.4734,-0.626218,0.298735,1.0568e-06,0.298734
156.048,-1.4524,-0.580109,0.29976,1.15189e-06,0.299759
156.096,-1.4449,-0.52566,0.30095,1.19101e-06,0.300949
156.144,-1.43639,-0.459928,0.302379,1.23724e-06,0.302378
156.192,-1.42489,-0.378217,0.304152,1.30193e-06,0.30415
156.24,-1.38788,-0.272444,0.306471,1.5176e-06,0.306469
156.288,-1.43888,-0.127144,0.309457,1.2523e-06,0.309456
156.336,-1.43388,0.0915138,0.313854,1.29502e-06,0.313853
156.384,-1.43039,0.470083,0.321202,1.34332e-06,0.321201
156.432,-1.43188,1.19609,0.335259,1.3935e-06,0.335258
156.48,-1.43388,1.72078,0.349938,1.44262e-06,0.349936
156.528,-1.40738,0.598187,0.332447,1.52132e-06,0.332445
156.576,-1.40038,-0.841806,0.297323,1.39818e-06,0.297321
156.624,-1.41838,-0.932466,0.293684,1.28567e-06,0.293683
156.672,-1.42489,-0.923795,0.293927,1.25365e-06,0.293926
156.72,-1.44039,-0.912597,0.294228,1.18007e-06,0.294227
156.768,-1.40887,-0.900613,0.294605,1.33777e-06,0.294604
156.816,-1.36587,-0.887793,0.295029,1.58708e-06,0.295028
156.864,-1.35787,-0.874049,0.295573,1.63966e-06,0.295571
156.912,-1.36687,-0.859261,0.296148,1.58404e-06,0.296147
156.96,-1.36087,-0.843281,0.296689,1.62388e-06,0.296687
157.008,-1.36187,-0.82595,0.297258,1.61947e-06,0.297256
157.056,-1.37737,-0.807066,0.297813,1.52524e-06,0.297811
157.104,-1.34736,-0.786399,0.298489,1.71983e-06,0.298488
157.152,-1.33535,-0.76366,0.299253,1.80635e-06,0.299251
157.2,-1.32886,-0.738479,0.300089,1.85657e-06,0.300087
157.248,-1.34086,-0.710384,0.30096,1.77407e-06,0.300959
157.296,-1.35485,-0.678764,0.301875,1.6823e-06,0.301874
157.344,-1.36387,-0.642814,0.302838,1.62748e-06,0.302837
157.392,-1.42889,-0.601425,0.303772,1.26227e-06,0.303771
157.44,-1.50992,-0.553056,0.304757,9.19404e-07,0.304756
157.488,-1.51292,-0.495461,0.30589,9.12147e-07,0.305889
157.536,-1.52342,-0.425188,0.307169,8.79217e-07,0.307168
157.584,-1.56294,-0.3366,0.308726,7.56552e-07,0.308725
157.632,-1.60545,-0.219675,0.310785,6.44471e-07,0.310785
157.68,-1.62247,-0.0544464,0.313729,6.09001e-07,0.313728
157.728,-1.62547,0.205182,0.318474,6.11616e-07,0.318473
157.776,-1.61196,0.679716,0.327184,6.63546e-07,0.327184
157.824,-1.57594,1.4975,0.34358,8.04153e-07,0.343579
157.872,-1.59895,1.51683,0.34913,7.46877e-07,0.349129
157.92,-1.59146,-0.112312,0.318706,7.02984e-07,0.318705
157.968,-1.57094,-0.911586,0.294727,7.05732e-07,0.294726
158.016,-1.60345,-0.928075,0.293581,6.18798e-07,0.29358
158.064,-1.57394,-0.918648,0.293477,6.95818e-07,0.293477
158.112,-1.55843,-0.908108,0.293462,7.4035e-07,0.293462
158.16,-1.56894,-0.896837,0.293453,7.1081e-07,0.293452
158.208,-1.53693,-0.88477,0.293526,8.07368e-07,0.293526
158.256,-1.55643,-0.871815,0.293632,7.48159e-07,0.293632
158.304,-1.51642,-0.857869,0.293814,8.77199e-07,0.293813
158.352,-1.51043,-0.842801,0.293995,8.99207e-07,0.293994
158.4,-1.53042,-0.826462,0.294215,8.31841e-07,0.294214
158.448,-1.46289,-0.808679,0.29453,1.08767e-06,0.294529
158.496,-1.4624,-0.789242,0.294945,1.09128e-06,0.294944
158.544,-1.4624,-0.767882,0.295393,1.09292e-06,0.295392
158.592,-1.47291,-0.744275,0.295935,1.05021e-06,0.295934
158.64,-1.47091,-0.718001,0.296501,1.0605e-06,0.2965
158.688,-1.4559,-0.688533,0.297152,1.12765e-06,0.29715
158.736,-1.44539,-0.655181,0.297907,1.17819e-06,0.297905
158.784,-1.44639,-0.617019,0.298765,1.17665e-06,0.298764
158.832,-1.41638,-0.572773,0.299812,1.32887e-06,0.29981
158.88,-1.39788,-0.520622,0.301031,1.43481e-06,0.30103
158.928,-1.40138,-0.457847,0.302475,1.42111e-06,0.302474
158.976,-1.41087,-0.380163,0.304224,1.37596e-06,0.304222
159.024,-1.42939,-0.280298,0.306361,1.28735e-06,0.30636
159.072,-1.39188,-0.144716,0.309252,1.50637e-06,0.309251
159.12,-1.38837,0.0553034,0.313384,1.54689e-06,0.313382
159.168,-1.38186,0.390755,0.320087,1.61992e-06,0.320086
159.216,-1.37237,1.03076,0.332502,1.74605e-06,0.3325
159.264,-1.40287,1.71073,0.349114,1.62423e-06,0.349112
159.312,-1.42338,0.929763,0.338899,1.45336e-06,0.338898
159.36,-1.37737,-0.731121,0.301718,1.55112e-06,0.301717
159.408,-1.39137,-0.927172,0.294417,1.43133e-06,0.294416
159.456,-1.39937,-0.922792,0.294557,1.38683e-06,0.294555
159.504,-1.39288,-0.913814,0.294899,1.42377e-06,0.294897
159.552,-1.38988,-0.904189,0.29528,1.44174e-06,0.295279
159.6,-1.39888,-0.893925,0.295641,1.39239e-06,0.295639
159.648,-1.39937,-0.882961,0.296028,1.39077e-06,0.296026
159.696,-1.41389,-0.871218,0.296422,1.3143e-06,0.296421
159.744,-1.40387,-0.8586,0.296795,1.36859e-06,0.296794
159.792,-1.36636,-0.845009,0.297228,1.58887e-06,0.297226
159.84,-1.35385,-0.830328,0.297735,1.67112e-06,0.297733
159.888,-1.36236,-0.814409,0.298291,1.61769e-06,0.298289
159.936,-1.39637,-0.79707,0.298826,1.41597e-06,0.298824
159.984,-1.36036,-0.778098,0.299398,1.63472e-06,0.299396
160.032,-1.34385,-0.757242,0.30004,1.74747e-06,0.300038
160.08,-1.34186,-0.734187,0.30079,1.76419e-06,0.300788
160.128,-1.35185,-0.708521,0.301556,1.69889e-06,0.301554
160.176,-1.33386,-0.679736,0.302433,1.8278e-06,0.302431
160.224,-1.36136,-0.647152,0.303329,1.64325e-06,0.303327
160.272,-1.34336,-0.609872,0.304359,1.76895e-06,0.304358
160.32,-1.33235,-0.566671,0.305534,1.85316e-06,0.305532
160.368,-1.35036,-0.515793,0.306868,1.73184e-06,0.306867
160.416,-1.29883,-0.454632,0.308425,2.13188e-06,0.308423
160.464,-1.29634,-0.379124,0.310301,2.16394e-06,0.310299
160.512,-1.26082,-0.282449,0.312682,2.5061e-06,0.31268
160.56,-1.31085,-0.152022,0.315709,2.07412e-06,0.315707
160.608,-1.27182,0.0384007,0.319911,2.44951e-06,0.319908
160.656,-1.29383,0.352282,0.326473,2.28893e-06,0.32647
160.704,-1.31234,0.944501,0.338366,2.20272e-06,0.338363
160.752,-1.29883,1.67443,0.355852,2.44093e-06,0.355849
160.8,-1.25833,1.08826,0.349692,2.81241e-06,0.349689
160.848,-1.30385,-0.631322,0.312269,2.09593e-06,0.312267
160.896,-1.30334,-0.921582,0.301837,2.02813e-06,0.301835
160.944,-1.30234,-0.920922,0.302002,2.03534e-06,0.301999
160.992,-1.31384,-0.913388,0.302383,1.94589e-06,0.302381
161.04,-1.31085,-0.905267,0.3028,1.97024e-06,0.302798
161.088,-1.33335,-0.896631,0.303176,1.80368e-06,0.303175
161.136,-1.34636,-0.887431,0.303563,1.71438e-06,0.303561
161.184,-1.33086,-0.877615,0.303987,1.82401e-06,0.303985
161.232,-1.34186,-0.867114,0.304413,1.74773e-06,0.304411
161.28,-1.35636,-0.855853,0.304855,1.65167e-06,0.304853
161.328,-1.36987,-0.843736,0.305248,1.56717e-06,0.305246
161.376,-1.35736,-0.830656,0.3056,1.64811e-06,0.305598
161.424,-1.40638,-0.816491,0.305931,1.35917e-06,0.30593
161.472,-1.41238,-0.801092,0.306235,1.32878e-06,0.306233
161.52,-1.44088,-0.784282,0.306496,1.18862e-06,0.306495
161.568,-1.4764,-0.765848,0.306748,1.03429e-06,0.306747
161.616,-1.46389,-0.745538,0.307037,1.08825e-06,0.307036
161.664,-1.48941,-0.723034,0.307357,9.85397e-07,0.307356
161.712,-1.47591,-0.697936,0.307731,1.04125e-06,0.30773
161.76,-1.48641,-0.669734,0.308147,1.00087e-06,0.308146
161.808,-1.46589,-0.637767,0.308677,1.08784e-06,0.308676
161.856,-1.46991,-0.601147,0.309296,1.07342e-06,0.309295
161.904,-1.42138,-0.558671,0.310123,1.3042e-06,0.310122
161.952,-1.4479,-0.508617,0.311123,1.17845e-06,0.311121
162,-1.42189,-0.448431,0.31234,1.31139e-06,0.312339
162.048,-1.43288,-0.374141,0.313881,1.2619e-06,0.313879
162.096,-1.42839,-0.279097,0.315848,1.29264e-06,0.315846
162.144,-1.38837,-0.151125,0.318503,1.52689e-06,0.318502
162.192,-1.43139,0.0349162,0.322318,1.30347e-06,0.322317
162.24,-1.39788,0.339182,0.328426,1.51611e-06,0.328425
162.288,-1.43788,0.908482,0.339599,1.33841e-06,0.339598
162.336,-1.39137,1.64669,0.356707,1.68934e-06,0.356706
162.384,-1.42489,1.14946,0.352054,1.46021e-06,0.352053
162.432,-1.38237,-0.572705,0.315002,1.54535e-06,0.315
162.48,-1.38688,-0.916688,0.302687,1.4585e-06,0.302685
162.528,-1.37737,-0.918639,0.302552,1.51329e-06,0.30255
162.576,-1.34736,-0.912198,0.302795,1.70463e-06,0.302794
162.624,-1.38537,-0.905212,0.303063,1.46759e-06,0.303061
162.672,-1.39088,-0.89779,0.303321,1.43676e-06,0.303319
162.72,-1.37737,-0.889895,0.30357,1.51639e-06,0.303568
162.768,-1.36787,-0.881487,0.303867,1.57539e-06,0.303866
162.816,-1.36387,-0.872516,0.304193,1.60151e-06,0.304191
162.864,-1.36736,-0.862925,0.304551,1.58065e-06,0.304549
162.912,-1.37136,-0.852645,0.304913,1.557e-06,0.304911
162.96,-1.37686,-0.841597,0.305274,1.52467e-06,0.305272
163.008,-1.36387,-0.829694,0.305654,1.6064e-06,0.305653
163.056,-1.34536,-0.816836,0.306088,1.72986e-06,0.306086
163.104,-1.34585,-0.802898,0.30653,1.72821e-06,0.306528
163.152,-1.33686,-0.787736,0.307,1.79269e-06,0.306998
163.2,-1.32635,-0.771182,0.30753,1.87088e-06,0.307528
163.248,-1.32135,-0.753033,0.308142,1.91066e-06,0.30814
163.296,-1.31835,-0.733032,0.308802,1.93616e-06,0.3088
163.344,-1.31334,-0.710867,0.309529,1.97799e-06,0.309527
163.392,-1.31085,-0.686144,0.310315,2.00102e-06,0.310313
163.44,-1.29783,-0.658358,0.311161,2.11071e-06,0.311159
163.488,-1.27833,-0.626856,0.312121,2.28485e-06,0.312119
163.536,-1.28283,-0.590774,0.313205,2.25011e-06,0.313203
163.584,-1.26433,-0.54891,0.314409,2.42782e-06,0.314406
163.632,-1.29034,-0.499581,0.315802,2.19803e-06,0.3158
163.68,-1.27584,-0.440275,0.317364,2.33711e-06,0.317362
163.728,-1.26433,-0.36712,0.319262,2.45791e-06,0.319259
163.776,-1.28583,-0.273646,0.321571,2.2717e-06,0.321569
163.824,-1.21931,-0.148085,0.32456,2.97923e-06,0.324557
163.872,-1.24532,0.0336295,0.328701,2.71948e-06,0.328698
163.92,-1.23732,0.328327,0.335073,2.85807e-06,0.33507
163.968,-1.25132,0.873945,0.346375,2.79258e-06,0.346373
164.016,-1.25933,1.61178,0.363865,2.83927e-06,0.363862
164.064,-1.25982,1.20419,0.361207,2.81043e-06,0.361204
164.112,-1.27733,-0.503701,0.324661,2.3552e-06,0.324658
164.16,-1.24632,-0.909782,0.310457,2.54367e-06,0.310455
164.208,-1.25982,-0.915225,0.310444,2.40884e-06,0.310442
164.256,-1.24883,-0.910276,0.3109,2.51671e-06,0.310898
164.304,-1.26082,-0.904841,0.311322,2.40109e-06,0.31132
164.352,-1.25982,-0.899092,0.31175,2.41159e-06,0.311748
164.4,-1.24181,-0.89301,0.312207,2.59066e-06,0.312205
164.448,-1.24932,-0.886558,0.312626,2.51609e-06,0.312623
164.496,-1.24681,-0.879712,0.313087,2.54239e-06,0.313085
164.544,-1.26233,-0.872427,0.313502,2.39236e-06,0.313499
164.592,-1.25782,-0.864661,0.313924,2.43671e-06,0.313921
164.64,-1.25083,-0.856374,0.314379,2.50653e-06,0.314376
164.688,-1.24281,-0.847505,0.314819,2.58883e-06,0.314816
164.736,-1.24232,-0.838006,0.31535,2.59562e-06,0.315347
164.784,-1.23881,-0.827799,0.315863,2.63376e-06,0.315861
164.832,-1.1803,-0.816814,0.316477,3.32161e-06,0.316474
164.88,-1.19381,-0.804953,0.3171,3.15161e-06,0.317097
164.928,-1.1988,-0.792113,0.317777,3.09276e-06,0.317774
164.976,-1.1913,-0.778163,0.318481,3.18903e-06,0.318478
165.024,-1.1973,-0.762946,0.319189,3.11766e-06,0.319185
165.072,-1.16829,-0.746277,0.319909,3.50052e-06,0.319906
165.12,-1.1953,-0.727949,0.320727,3.15014e-06,0.320724
165.168,-1.17979,-0.707688,0.321628,3.35398e-06,0.321625
165.216,-1.16129,-0.685154,0.322562,3.61415e-06,0.322558
165.264,-1.18879,-0.659915,0.323515,3.24761e-06,0.323512
165.312,-1.17079,-0.631429,0.324555,3.49392e-06,0.324552
165.36,-1.1883,-0.598978,0.325682,3.2677e-06,0.325678
165.408,-1.17379,-0.5616,0.326934,3.46944e-06,0.326931
165.456,-1.1873,-0.517961,0.328323,3.29896e-06,0.32832
165.504,-1.18779,-0.466145,0.329866,3.3042e-06,0.329863
165.552,-1.16529,-0.403284,0.331668,3.62692e-06,0.331664
165.6,-1.1638,-0.324838,0.333836,3.66756e-06,0.333832
165.648,-1.17029,-0.223031,0.336457,3.59878e-06,0.336454
165.696,-1.1973,-0.0832433,0.339821,3.26381e-06,0.339818
165.744,-1.2048,0.125658,0.344666,3.21038e-06,0.344662
165.792,-1.22431,0.479324,0.352446,3.03649e-06,0.352443
165.84,-1.15729,1.12807,0.366611,4.11207e-06,0.366607
165.888,-1.23381,1.64321,0.381938,3.16264e-06,0.381935
165.936,-1.1873,0.701094,0.366745,3.64641e-06,0.366741
165.984,-1.2068,-0.772101,0.328987,3.02536e-06,0.328984
166.032,-1.1933,-0.909048,0.323568,3.13534e-06,0.323565
166.08,-1.1983,-0.908673,0.32378,3.07346e-06,0.323777
166.128,-1.1853,-0.905149,0.324105,3.23627e-06,0.324102
166.176,-1.2018,-0.90138,0.324461,3.03272e-06,0.324458
166.224,-1.18479,-0.897414,0.324855,3.24458e-06,0.324852
166.272,-1.1948,-0.893234,0.325227,3.1196e-06,0.325224
166.32,-1.1933,-0.888821,0.32559,3.13924e-06,0.325587
166.368,-1.16529,-0.884161,0.325997,3.5079e-06,0.325994
166.416,-1.14929,-0.879234,0.326403,3.73816e-06,0.326399
166.464,-1.17328,-0.874025,0.326878,3.40121e-06,0.326874
166.512,-1.15029,-0.868503,0.327363,3.72627e-06,0.327359
166.56,-1.12026,-0.862643,0.327853,4.19754e-06,0.327849
166.608,-1.16729,-0.85641,0.328302,3.48719e-06,0.328299
166.656,-1.13628,-0.84977,0.328784,3.94374e-06,0.32878
166.704,-1.10776,-0.8427,0.32937,4.41649e-06,0.329366
166.752,-1.12977,-0.835149,0.329934,4.05068e-06,0.32993
166.8,-1.13028,-0.827061,0.33049,4.04488e-06,0.330486
166.848,-1.12977,-0.818389,0.33108,4.05551e-06,0.331076
166.896,-1.10977,-0.809062,0.331652,4.39192e-06,0.331647
166.944,-1.11127,-0.799013,0.332265,4.36921e-06,0.33226
166.992,-1.15229,-0.788148,0.332834,3.7181e-06,0.33283
167.04,-1.13077,-0.776374,0.333453,4.05154e-06,0.333449
167.088,-1.12377,-0.76358,0.334141,4.16894e-06,0.334136
167.136,-1.12377,-0.749624,0.334837,4.17304e-06,0.334833
167.184,-1.12777,-0.734343,0.335552,4.11201e-06,0.335548
167.232,-1.15778,-0.717535,0.336258,3.65642e-06,0.336254
167.28,-1.16029,-0.698958,0.336994,3.62508e-06,0.33699
167.328,-1.17979,-0.678314,0.337745,3.36098e-06,0.337742
167.376,-1.14878,-0.655238,0.338599,3.80532e-06,0.338595
167.424,-1.15029,-0.629257,0.339509,3.78955e-06,0.339505
167.472,-1.16729,-0.599761,0.340489,3.55059e-06,0.340485
167.52,-1.11426,-0.565936,0.341572,4.38857e-06,0.341568
167.568,-1.11777,-0.526705,0.342857,4.33983e-06,0.342852
167.616,-1.13479,-0.48051,0.344234,4.07044e-06,0.34423
167.664,-1.13328,-0.425109,0.34584,4.11018e-06,0.345836
167.712,-1.13578,-0.357073,0.34775,4.08831e-06,0.347746
167.76,-1.13077,-0.270795,0.350067,4.19415e-06,0.350063
167.808,-1.13778,-0.156378,0.352986,4.11014e-06,0.352982
167.856,-1.11577,0.00560925,0.357042,4.5305e-06,0.357037
167.904,-1.09125,0.258697,0.363043,5.07051e-06,0.363038
167.952,-1.09776,0.707817,0.373222,5.0757e-06,0.373217
168,-1.14727,1.42684,0.390468,4.36295e-06,0.390464
168.048,-1.09927,1.43738,0.396606,5.35161e-06,0.3966
168.096,-1.09627,-0.0592677,0.365571,4.9867e-06,0.365566
168.144,-1.07275,-0.872338,0.339146,5.07184e-06,0.339141
168.192,-1.05524,-0.902655,0.338111,5.41234e-06,0.338105
168.24,-1.09276,-0.901605,0.338502,4.66663e-06,0.338498
168.288,-1.05225,-0.899827,0.338926,5.47775e-06,0.33892
168.336,-1.05724,-0.897971,0.339385,5.3713e-06,0.33938
168.384,-1.08576,-0.89604,0.3398,4.79942e-06,0.339795
168.432,-1.05274,-0.894035,0.340278,5.46938e-06,0.340272
168.48,-1.05575,-0.891944,0.340701,5.40539e-06,0.340696
168.528,-1.06175,-0.889774,0.3412,5.27957e-06,0.341195
168.576,-1.04425,-0.887509,0.341677,5.65867e-06,0.341672
168.624,-1.03123,-0.885144,0.342145,5.95833e-06,0.342139
168.672,-1.03423,-0.882668,0.342571,5.88916e-06,0.342565
168.72,-1.06875,-0.880075,0.342986,5.1391e-06,0.342981
168.768,-1.07626,-0.877346,0.34334,4.98985e-06,0.343335
168.816,-1.05724,-0.874488,0.343772,5.38034e-06,0.343766
168.864,-1.06575,-0.871485,0.344196,5.20358e-06,0.344191
168.912,-1.07275,-0.868328,0.344638,5.06277e-06,0.344633
168.96,-1.04374,-0.865006,0.345099,5.67917e-06,0.345093
169.008,-1.03474,-0.861503,0.345552,5.88624e-06,0.345546
169.056,-1.04725,-0.857809,0.346019,5.60387e-06,0.346013
169.104,-1.07526,-0.853897,0.346404,5.018e-06,0.346399
169.152,-1.04474,-0.849759,0.346858,5.66293e-06,0.346852
169.2,-1.02574,-0.845381,0.347351,6.10636e-06,0.347345
169.248,-1.04974,-0.840733,0.347804,5.55572e-06,0.347798
169.296,-1.07375,-0.835798,0.348286,5.05451e-06,0.348281
169.344,-1.05125,-0.830537,0.34871,5.52672e-06,0.348704
169.392,-1.05675,-0.824931,0.349159,5.40988e-06,0.349153
169.44,-1.06324,-0.818946,0.349617,5.27512e-06,0.349611
169.488,-1.02874,-0.812548,0.350109,6.0485e-06,0.350103
169.536,-1.02173,-0.805697,0.350628,6.22156e-06,0.350622
169.584,-1.05675,-0.798341,0.351121,5.4201e-06,0.351115
169.632,-0.995717,-0.790438,0.351696,6.90263e-06,0.351689
169.68,-1.05125,-0.781928,0.352277,5.5458e-06,0.352272
169.728,-1.03023,-0.772736,0.352868,6.02992e-06,0.352862
169.776,-1.01073,-0.76279,0.353517,6.5177e-06,0.35351
169.824,-0.97972,-0.751998,0.354195,7.3731e-06,0.354188
169.872,-1.01473,-0.74025,0.35487,6.42569e-06,0.354863
169.92,-0.996225,-0.727428,0.355639,6.91946e-06,0.355632
169.968,-1.01673,-0.713375,0.356385,6.38716e-06,0.356379
170.016,-0.988718,-0.697909,0.357167,7.1426e-06,0.35716
170.064,-0.98072,-0.680821,0.358017,7.3808e-06,0.35801
170.112,-1.01024,-0.661845,0.358927,6.57678e-06,0.35892
170.16,-0.984227,-0.640652,0.359913,7.29961e-06,0.359906
170.208,-1.00773,-0.616817,0.360897,6.66311e-06,0.36089
170.256,-0.967215,-0.589814,0.362011,7.83486e-06,0.362003
170.304,-0.977721,-0.558951,0.363233,7.53223e-06,0.363225
170.352,-1.01773,-0.523273,0.364458,6.4464e-06,0.364452
170.4,-1.00773,-0.481499,0.365882,6.7254e-06,0.365876
170.448,-1.00222,-0.431782,0.367443,6.89664e-06,0.367436
170.496,-1.00122,-0.371378,0.36928,6.9522e-06,0.369273
170.544,-0.98172,-0.295977,0.371501,7.5472e-06,0.371494
170.592,-0.999732,-0.198305,0.374291,7.074e-06,0.374284
170.64,-0.990718,-0.0649181,0.377942,7.39417e-06,0.377935
170.688,-1.01873,0.132084,0.38297,6.7021e-06,0.382963
170.736,-0.998224,0.457654,0.390914,7.41318e-06,0.390906
170.784,-0.993717,1.03895,0.405002,7.81136e-06,0.404995
170.832,-1.01073,1.58294,0.421695,7.59823e-06,0.421687
170.88,-0.998732,0.858053,0.409987,7.73977e-06,0.40998
170.928,-0.983211,-0.669354,0.36876,7.39583e-06,0.368753
170.976,-1.00573,-0.886052,0.359569,6.59234e-06,0.359562
171.024,-0.997225,-0.891948,0.35957,6.81246e-06,0.359563
171.072,-0.983211,-0.892529,0.359854,7.20005e-06,0.359847
171.12,-0.969706,-0.893057,0.360187,7.59451e-06,0.360179
171.168,-0.978212,-0.893643,0.360475,7.34313e-06,0.360468
171.216,-0.948202,-0.894302,0.360835,8.26743e-06,0.360826
171.264,-0.960708,-0.895038,0.361201,7.86834e-06,0.361194
171.312,-0.963707,-0.895852,0.361553,7.77517e-06,0.361545
171.36,-0.977721,-0.896741,0.361864,7.3558e-06,0.361856
171.408,-0.977212,-0.897714,0.362168,7.37007e-06,0.362161
171.456,-0.992226,-0.898766,0.362404,6.94497e-06,0.362397
171.504,-0.993225,-0.899914,0.362707,6.91702e-06,0.362701
171.552,-0.934697,-0.901162,0.363045,8.71644e-06,0.363036
171.6,-0.950202,-0.902517,0.363378,8.19756e-06,0.36337
171.648,-0.923699,-0.903985,0.36376,9.10181e-06,0.363751
171.696,-0.943203,-0.905564,0.36408,8.42563e-06,0.364072
171.744,-0.929698,-0.907266,0.364435,8.88648e-06,0.364426
171.792,-0.966707,-0.90909,0.364729,7.6763e-06,0.364721
171.84,-0.942712,-0.911049,0.365093,8.43871e-06,0.365085
171.888,-0.941204,-0.913151,0.365464,8.48787e-06,0.365455
171.936,-0.918192,-0.91539,0.365776,9.2945e-06,0.365766
171.984,-0.915193,-0.917781,0.366108,9.40373e-06,0.366098
172.032,-0.940696,-0.920323,0.366382,8.50057e-06,0.366374
172.08,-0.938696,-0.923021,0.366628,8.56636e-06,0.36662
172.128,-0.946711,-0.925881,0.366851,8.29757e-06,0.366843
172.176,-0.933697,-0.928913,0.367096,8.7336e-06,0.367088
172.224,-0.951202,-0.932125,0.367345,8.14795e-06,0.367337
172.272,-0.953709,-0.935519,0.367569,8.06563e-06,0.367561
172.32,-0.944203,-0.939096,0.367748,8.37227e-06,0.36774
172.368,-0.952202,-0.942864,0.367914,8.10957e-06,0.367905
172.416,-0.936697,-0.946835,0.36811,8.61958e-06,0.368101
172.464,-0.968214,-0.951007,0.368262,7.60779e-06,0.368254
172.512,-0.956217,-0.955388,0.368411,7.9747e-06,0.368403
172.56,-0.929206,-0.959981,0.368541,8.87017e-06,0.368532
172.608,-0.949202,-0.964795,0.368676,8.19333e-06,0.368668
172.656,-0.928698,-0.96983,0.368795,8.8817e-06,0.368786
172.704,-0.938696,-0.975093,0.368927,8.53436e-06,0.368918
172.752,-0.940696,-0.980584,0.369013,8.46383e-06,0.369004
172.8,-0.931206,-0.986312,0.369148,8.78366e-06,0.36914
172.848,-0.924699,-0.992282,0.369306,9.00859e-06,0.369297
172.896,-0.94971,-0.998491,0.369439,8.15704e-06,0.369431
172.944,-0.908686,-1.00494,0.369591,9.58835e-06,0.369582
172.992,-0.915193,-1.01164,0.369791,9.34039e-06,0.369781
173.04,-0.935205,-1.01858,0.369877,8.62578e-06,0.369869
173.088,-0.878676,-1.02576,0.37001,1.07795e-05,0.369999
173.136,-0.89369,-1.03318,0.370154,1.0153e-05,0.370144
173.184,-0.914701,-1.04084,0.370304,9.33877e-06,0.370295
173.232,-0.883675,-1.04874,0.370438,1.0551e-05,0.370428
173.28,-0.894689,-1.05686,0.370549,1.00956e-05,0.370539
173.328,-0.89169,-1.06521,0.370652,1.02098e-05,0.370641
173.376,-0.878185,-1.07378,0.3708,1.07628e-05,0.37079
173.424,-0.895689,-1.08257,0.370879,1.0037e-05,0.370869
173.472,-0.900196,-1.09156,0.371005,9.85333e-06,0.370995
173.52,-0.886183,-1.10075,0.37112,1.04074e-05,0.37111
173.568,-0.877185,-1.11012,0.371244,1.07768e-05,0.371233
173.616,-0.886183,-1.11967,0.371318,1.03931e-05,0.371307
173.664,-0.903687,-1.12939,0.371379,9.69148e-06,0.37137
173.712,-0.924191,-1.13925,0.371335,8.93066e-06,0.371326
173.76,-0.882184,-1.14925,0.371323,1.05358e-05,0.371312
173.808,-0.906195,-1.15938,0.371311,9.57482e-06,0.371301
173.856,-0.920192,-1.16963,0.37127,9.05273e-06,0.371261
173.904,-0.895181,-1.17997,0.371224,9.98568e-06,0.371214
173.952,-0.905687,-1.1904,0.371178,9.5722e-06,0.371169
174,-0.939204,-1.2009,0.371168,8.37812e-06,0.37116
174.048,-0.901196,-1.21146,0.371151,9.72848e-06,0.371141
174.096,-0.912702,-1.22207,0.371122,9.28873e-06,0.371112
174.144,-0.929206,-1.23271,0.371045,8.69534e-06,0.371036
174.192,-0.897689,-1.24336,0.370981,9.84104e-06,0.370971
174.24,-0.872678,-1.25401,0.370939,1.08549e-05,0.370928
174.288,-0.902196,-1.26466,0.37093,9.65204e-06,0.370921
174.336,-0.904195,-1.27528,0.37083,9.56852e-06,0.37082
174.384,-0.888183,-1.28585,0.370767,1.01856e-05,0.370756
174.432,-0.873186,-1.29639,0.37074,1.07991e-05,0.37073
174.48,-0.894181,-1.30686,0.370725,9.93146e-06,0.370715
174.528,-0.929206,-1.31725,0.370668,8.64092e-06,0.370659
174.576,-0.878185,-1.32756,0.370667,1.05633e-05,0.370656
174.624,-0.879184,-1.33777,0.370641,1.05136e-05,0.370631
174.672,-0.894689,-1.34787,0.370563,9.88125e-06,0.370553
174.72,-0.867171,-1.35786,0.370574,1.10083e-05,0.370563
174.768,-0.867679,-1.36773,0.37065,1.09781e-05,0.370639
174.816,-0.859172,-1.37746,0.370682,1.13451e-05,0.37067
174.864,-0.855173,-1.38706,0.370748,1.15176e-05,0.370736
174.912,-0.80366,-1.39651,0.370825,1.41081e-05,0.370811
174.96,-0.833162,-1.40581,0.370901,1.25467e-05,0.370888
175.008,-0.850174,-1.41495,0.370976,1.17228e-05,0.370964
175.056,-0.854174,-1.42393,0.371022,1.15312e-05,0.37101
175.104,-0.830162,-1.43273,0.371092,1.26706e-05,0.37108
175.152,-0.833162,-1.44136,0.371147,1.25132e-05,0.371135
175.2,-0.822656,-1.44981,0.371244,1.30353e-05,0.371231
175.248,-0.868679,-1.45809,0.371288,1.08607e-05,0.371277
175.296,-0.874677,-1.46617,0.371294,1.05998e-05,0.371283
175.344,-0.851174,-1.47407,0.371265,1.16246e-05,0.371254
175.392,-0.854174,-1.48179,0.371313,1.14809e-05,0.371302
175.44,-0.83916,-1.48931,0.371373,1.21758e-05,0.371361
175.488,-0.907195,-1.49665,0.37135,9.30001e-06,0.37134
175.536,-0.853665,-1.5038,0.371372,1.14848e-05,0.371361
175.584,-0.853174,-1.51076,0.371412,1.15011e-05,0.371401
175.632,-0.833162,-1.51754,0.371464,1.24412e-05,0.371451
175.68,-0.874677,-1.52412,0.371478,1.05533e-05,0.371467
175.728,-0.86168,-1.53052,0.371464,1.11042e-05,0.371453
175.776,-0.881676,-1.53674,0.37148,1.02556e-05,0.37147
175.824,-0.866171,-1.54278,0.37149,1.08987e-05,0.371479
175.872,-0.850174,-1.54864,0.371532,1.16048e-05,0.37152
175.92,-0.84016,-1.55433,0.371634,1.2068e-05,0.371622
175.968,-0.873186,-1.55984,0.371719,1.05869e-05,0.371709
176.016,-0.834161,-1.56518,0.37181,1.23473e-05,0.371797
176.064,-0.858664,-1.57036,0.371907,1.12033e-05,0.371896
176.112,-0.812658,-1.57537,0.372031,1.34321e-05,0.372017
176.16,-0.875185,-1.58023,0.372149,1.04873e-05,0.372139
176.208,-0.83267,-1.58492,0.372286,1.24016e-05,0.372274
176.256,-0.827163,-1.58947,0.372424,1.26701e-05,0.372412
176.304,-0.787647,-1.59386,0.372584,1.48066e-05,0.372569
176.352,-0.830162,-1.59811,0.372737,1.25125e-05,0.372725
176.4,-0.814149,-1.60221,0.372888,1.33257e-05,0.372874
176.448,-0.829163,-1.60618,0.373045,1.25543e-05,0.373032
176.496,-0.789646,-1.61001,0.373228,1.46719e-05,0.373213
176.544,-0.790155,-1.61371,0.373469,1.46384e-05,0.373455
176.592,-0.782648,-1.61728,0.373693,1.5075e-05,0.373678
176.64,-0.796645,-1.62073,0.373899,1.426e-05,0.373885
176.688,-0.806659,-1.62405,0.374099,1.37032e-05,0.374085
176.736,-0.81115,-1.62726,0.374292,1.34588e-05,0.374279
176.784,-0.798153,-1.63035,0.374518,1.41648e-05,0.374504
176.832,-0.83267,-1.63333,0.374663,1.23557e-05,0.374651
176.88,-0.81215,-1.6362,0.374815,1.33965e-05,0.374802
176.928,-0.798645,-1.63896,0.374976,1.4128e-05,0.374962
176.976,-0.820656,-1.64161,0.375127,1.29483e-05,0.375114
177.024,-0.80366,-1.64417,0.375283,1.38452e-05,0.375269
177.072,-0.824164,-1.64663,0.375434,1.27651e-05,0.375421
177.12,-0.828163,-1.649,0.375577,1.25627e-05,0.375564
177.168,-0.805659,-1.65128,0.375739,1.37287e-05,0.375725
177.216,-0.83167,-1.65347,0.375889,1.23855e-05,0.375876
177.264,-0.817657,-1.65557,0.376025,1.30886e-05,0.376012
177.312,-0.86368,-1.65759,0.376109,1.09103e-05,0.376098
177.36,-0.817657,-1.65953,0.376171,1.30846e-05,0.376158
177.408,-0.822656,-1.66139,0.376292,1.28268e-05,0.376279
177.456,-0.815149,-1.66317,0.376397,1.32113e-05,0.376384
177.504,-0.818165,-1.66489,0.37652,1.3053e-05,0.376507
177.552,-0.820164,-1.66653,0.376658,1.29486e-05,0.376645
177.6,-0.797153,-1.66812,0.376831,1.41797e-05,0.376817
177.648,-0.787647,-1.66963,0.37702,1.47208e-05,0.377005
177.696,-0.78214,-1.67109,0.377261,1.5043e-05,0.377246
177.744,-0.790155,-1.6725,0.377464,1.45724e-05,0.377449
177.792,-0.796153,-1.67384,0.377636,1.42295e-05,0.377621
177.84,-0.806659,-1.67512,0.377751,1.36495e-05,0.377738
177.888,-0.774142,-1.67636,0.377969,1.55198e-05,0.377953
177.936,-0.782648,-1.67754,0.378232,1.50053e-05,0.378217
177.984,-0.784139,-1.67868,0.378449,1.49159e-05,0.378435
178.032,-0.793154,-1.67977,0.378644,1.43926e-05,0.37863
178.08,-0.774142,-1.68082,0.378881,1.55144e-05,0.378865
178.128,-0.787647,-1.68182,0.379082,1.4707e-05,0.379067
178.176,-0.760636,-1.68278,0.379339,1.63625e-05,0.379323
178.224,-0.768143,-1.6837,0.379585,1.58831e-05,0.379569
178.272,-0.78214,-1.68459,0.379796,1.50273e-05,0.379781
178.32,-0.788647,-1.68543,0.380008,1.46449e-05,0.379993
178.368,-0.773142,-1.68624,0.380224,1.55693e-05,0.380208
178.416,-0.84016,-1.68701,0.38039,1.19459e-05,0.380378
178.464,-0.78114,-1.68775,0.380567,1.50832e-05,0.380552
178.512,-0.78214,-1.68845,0.38074,1.50229e-05,0.380725
178.56,-0.792646,-1.68913,0.380951,1.44112e-05,0.380936
178.608,-0.805659,-1.68977,0.381104,1.36881e-05,0.38109
178.656,-0.813658,-1.69038,0.381267,1.32615e-05,0.381254
178.704,-0.812658,-1.69096,0.381354,1.33134e-05,0.381341
178.752,-0.800644,-1.69152,0.381496,1.39602e-05,0.381482
178.8,-0.819165,-1.69204,0.381582,1.29744e-05,0.381569
178.848,-0.807151,-1.69254,0.381716,1.36047e-05,0.381702
178.896,-0.853665,-1.69302,0.381817,1.13198e-05,0.381805
178.944,-0.81015,-1.69347,0.381934,1.34434e-05,0.381921
178.992,-0.80915,-1.69389,0.382011,1.34962e-05,0.381998
179.04,-0.803152,-1.6943,0.382125,1.38195e-05,0.382111
179.088,-0.780648,-1.69468,0.382256,1.51044e-05,0.382241
179.136,-0.788155,-1.69504,0.382369,1.46625e-05,0.382354
179.184,-0.801152,-1.69539,0.382481,1.3928e-05,0.382467
179.232,-0.785139,-1.69572,0.382649,1.48375e-05,0.382635
179.28,-0.767143,-1.69603,0.382803,1.59308e-05,0.382787
179.328,-0.801644,-1.69632,0.382973,1.39e-05,0.382959
179.376,-0.75413,-1.6966,0.383169,1.67708e-05,0.383152
179.424,-0.777141,-1.69686,0.38334,1.53126e-05,0.383325
179.472,-0.756129,-1.69711,0.383513,1.66381e-05,0.383496
179.52,-0.734626,-1.69735,0.383752,1.81135e-05,0.383734
179.568,-0.758129,-1.69758,0.383998,1.65066e-05,0.383982
179.616,-0.779649,-1.69779,0.384184,1.51606e-05,0.384168
179.664,-0.772634,-1.69799,0.384374,1.55865e-05,0.384358
179.712,-0.744623,-1.69818,0.384598,1.74107e-05,0.38458
179.76,-0.770142,-1.69836,0.384797,1.57402e-05,0.384782
179.808,-0.760145,-1.69853,0.385012,1.63744e-05,0.384995
179.856,-0.795153,-1.69869,0.385244,1.42585e-05,0.38523
179.904,-0.765144,-1.69884,0.385501,1.60537e-05,0.385485
179.952,-0.762636,-1.69899,0.385733,1.62134e-05,0.385717
180,-0.755129,-1.69912,0.385934,1.67014e-05,0.385918
180.048,-0.771142,-1.69924,0.386106,1.56771e-05,0.386091
180.096,-0.772142,-1.69935,0.386249,1.56152e-05,0.386233
180.144,-0.777649,-1.69945,0.386379,1.52789e-05,0.386363
180.192,-0.733626,-1.69955,0.386554,1.81821e-05,0.386536
180.24,-0.768143,-1.69964,0.386749,1.58636e-05,0.386733
180.288,-0.770142,-1.69971,0.386879,1.57386e-05,0.386864
180.336,-0.772634,-1.69978,0.387007,1.55843e-05,0.386992
180.384,-0.78014,-1.69984,0.387161,1.51287e-05,0.387146
180.432,-0.770142,-1.6999,0.387314,1.57384e-05,0.387298
180.48,-0.790646,-1.69995,0.387403,1.45133e-05,0.387388
180.528,-0.785139,-1.69999,0.387527,1.48326e-05,0.387512
180.576,-0.786139,-1.70002,0.387619,1.47741e-05,0.387604
180.624,-0.765635,-1.70004,0.387776,1.6021e-05,0.38776
180.672,-0.763144,-1.70006,0.387889,1.61795e-05,0.387873
180.72,-0.745623,-1.70008,0.388021,1.73395e-05,0.388004
180.768,-0.791154,-1.70009,0.388131,1.44841e-05,0.388117
180.816,-0.773142,-1.70009,0.388222,1.55527e-05,0.388206
180.864,-0.746623,-1.70009,0.38841,1.72711e-05,0.388393
180.912,-0.727627,-1.70009,0.388651,1.86175e-05,0.388633
180.96,-0.742132,-1.70008,0.388838,1.75803e-05,0.388821
181.008,-0.762636,-1.70007,0.389004,1.6212e-05,0.388987
181.056,-0.759128,-1.70006,0.389152,1.64383e-05,0.389136
181.104,-0.725119,-1.70004,0.389331,1.8803e-05,0.389312
181.152,-0.729119,-1.70002,0.389528,1.85082e-05,0.389509
181.2,-0.719121,-1.7,0.389715,1.92541e-05,0.389696
181.248,-0.717613,-1.69997,0.389934,1.93692e-05,0.389915
181.296,-0.697109,-1.69995,0.390169,2.1004e-05,0.390148
181.344,-0.72212,-1.69992,0.390419,1.90273e-05,0.3904
181.392,-0.726119,-1.69989,0.390641,1.8729e-05,0.390622
181.44,-0.711614,-1.69986,0.390865,1.9834e-05,0.390845
181.488,-0.726627,-1.69983,0.391051,1.86916e-05,0.391032
181.536,-0.725628,-1.69979,0.39126,1.87656e-05,0.391241
181.584,-0.729627,-1.69975,0.391439,1.84714e-05,0.391421
181.632,-0.75213,-1.69971,0.39159,1.68997e-05,0.391573
181.68,-0.732118,-1.69966,0.391735,1.82906e-05,0.391717
181.728,-0.725628,-1.69961,0.391878,1.87659e-05,0.391859
181.776,-0.733118,-1.69956,0.392052,1.82186e-05,0.392034
181.824,-0.720629,-1.69951,0.392229,1.91404e-05,0.39221
181.872,-0.730118,-1.69946,0.392402,1.8436e-05,0.392384
181.92,-0.732626,-1.6994,0.392559,1.82543e-05,0.392541
181.968,-0.716121,-1.69934,0.392728,1.94847e-05,0.392708
182.016,-0.726119,-1.69928,0.392868,1.87299e-05,0.392849
182.064,-0.737133,-1.69922,0.393002,1.79323e-05,0.392984
182.112,-0.754638,-1.69915,0.39309,1.67338e-05,0.393073
182.16,-0.746131,-1.69907,0.393192,1.7306e-05,0.393174
182.208,-0.732118,-1.699,0.393352,1.82915e-05,0.393334
182.256,-0.735134,-1.69893,0.393496,1.80749e-05,0.393478
182.304,-0.725119,-1.69885,0.393628,1.88047e-05,0.393609
182.352,-0.760145,-1.69878,0.393753,1.6374e-05,0.393737
182.4,-0.722628,-1.69869,0.393882,1.8991e-05,0.393863
182.448,-0.701108,-1.69862,0.394083,2.06768e-05,0.394062
182.496,-0.701108,-1.69854,0.394309,2.06769e-05,0.394288
182.544,-0.695618,-1.69846,0.394505,2.11306e-05,0.394484
182.592,-0.735134,-1.69839,0.394721,1.80757e-05,0.394703
182.64,-0.72312,-1.6983,0.39485,1.89547e-05,0.394831
182.688,-0.715613,-1.69822,0.395013,1.95255e-05,0.394993
182.736,-0.670099,-1.69814,0.395214,2.33732e-05,0.395191
182.784,-0.702108,-1.69806,0.395416,2.05961e-05,0.395396
182.832,-0.713614,-1.69798,0.39562,1.96808e-05,0.3956
182.88,-0.713122,-1.6979,0.395792,1.97192e-05,0.395772
182.928,-0.671098,-1.69782,0.396039,2.32816e-05,0.396016
182.976,-0.713614,-1.69774,0.396241,1.96811e-05,0.396222
183.024,-0.72012,-1.69765,0.396445,1.91816e-05,0.396426
183.072,-0.732118,-1.69757,0.396602,1.82935e-05,0.396584
183.12,-0.725119,-1.69748,0.396748,1.88066e-05,0.396729
183.168,-0.682604,-1.6974,0.396915,2.22475e-05,0.396893
183.216,-0.732626,-1.69731,0.397089,1.82572e-05,0.39707
183.264,-0.707615,-1.69722,0.397173,2.0154e-05,0.397153
183.312,-0.725119,-1.69713,0.397241,1.88072e-05,0.397222
183.36,-0.726627,-1.69703,0.397329,1.86956e-05,0.39731
183.408,-0.726119,-1.69693,0.397454,1.87333e-05,0.397436
183.456,-0.725628,-1.69684,0.397595,1.87699e-05,0.397576
183.504,-0.735134,-1.69674,0.397684,1.80779e-05,0.397666
183.552,-0.699617,-1.69664,0.397809,2.08022e-05,0.397788
183.6,-0.701108,-1.69653,0.397919,2.06801e-05,0.397899
183.648,-0.744132,-1.69643,0.397986,1.74468e-05,0.397968
183.696,-0.728119,-1.69632,0.398088,1.85867e-05,0.39807
183.744,-0.708123,-1.69621,0.39816,2.01152e-05,0.39814
183.792,-0.734134,-1.6961,0.398281,1.81504e-05,0.398263
183.84,-0.699109,-1.696,0.398401,2.0845e-05,0.39838
183.888,-0.715613,-1.69589,0.398552,1.9529e-05,0.398532
183.936,-0.712122,-1.69578,0.398677,1.98004e-05,0.398657
183.984,-0.709123,-1.69567,0.398806,2.00367e-05,0.398786
184.032,-0.686603,-1.69556,0.398968,2.19017e-05,0.398946
184.08,-0.708123,-1.69545,0.399151,2.01163e-05,0.399131
184.128,-0.677097,-1.69535,0.399338,2.27405e-05,0.399315
184.176,-0.692602,-1.69524,0.399533,2.13892e-05,0.399511
184.224,-0.672098,-1.69514,0.39975,2.31946e-05,0.399726
184.272,-0.685603,-1.69503,0.399927,2.19893e-05,0.399905
184.32,-0.678097,-1.69493,0.40011,2.26516e-05,0.400088
184.368,-0.696617,-1.69483,0.400295,2.10531e-05,0.400273
184.416,-0.670099,-1.69472,0.400472,2.33793e-05,0.400449
184.464,-0.679113,-1.69462,0.400672,2.25613e-05,0.40065
184.512,-0.659593,-1.69452,0.400894,2.43707e-05,0.400869
184.56,-0.676605,-1.69442,0.401111,2.27864e-05,0.401089
184.608,-0.659101,-1.69432,0.401322,2.44185e-05,0.401297
184.656,-0.688603,-1.69422,0.401457,2.17316e-05,0.401436
184.704,-0.673606,-1.69412,0.401644,2.30586e-05,0.401621
184.752,-0.704616,-1.69402,0.401817,2.03993e-05,0.401797
184.8,-0.643596,-1.69392,0.402019,2.59622e-05,0.401993
184.848,-0.712122,-1.69382,0.402144,1.98034e-05,0.402124
184.896,-0.696617,-1.69371,0.402278,2.10549e-05,0.402257
184.944,-0.672098,-1.69361,0.402392,2.31973e-05,0.402369
184.992,-0.669099,-1.6935,0.402517,2.34741e-05,0.402494
185.04,-0.684112,-1.6934,0.402682,2.21221e-05,0.40266
185.088,-0.708123,-1.69329,0.402817,2.01197e-05,0.402797
185.136,-0.741132,-1.69318,0.402886,1.76592e-05,0.402869
185.184,-0.69111,-1.69307,0.403001,2.15192e-05,0.402979
185.232,-0.689602,-1.69296,0.403114,2.1648e-05,0.403093
185.28,-0.697617,-1.69285,0.403232,2.09733e-05,0.403211
185.328,-0.719629,-1.69274,0.403295,1.92262e-05,0.403275
185.376,-0.718629,-1.69262,0.403376,1.93024e-05,0.403356
185.424,-0.69411,-1.6925,0.403438,2.12666e-05,0.403416
185.472,-0.722628,-1.69238,0.403468,1.90001e-05,0.403449
185.52,-0.718121,-1.69226,0.403502,1.93418e-05,0.403483
185.568,-0.69211,-1.69214,0.403579,2.14359e-05,0.403558
185.616,-0.696109,-1.69201,0.403615,2.11e-05,0.403594
185.664,-0.658593,-1.69188,0.403698,2.44721e-05,0.403674
185.712,-0.665608,-1.69176,0.403843,2.38033e-05,0.40382
185.76,-0.688603,-1.69164,0.403946,2.17359e-05,0.403925
185.808,-0.691602,-1.69151,0.404053,2.148e-05,0.404032
185.856,-0.659593,-1.69139,0.404168,2.43766e-05,0.404144
185.904,-0.643596,-1.69126,0.40435,2.59675e-05,0.404324
185.952,-0.656102,-1.69114,0.404528,2.47157e-05,0.404503
186,-0.673098,-1.69102,0.404673,2.31104e-05,0.40465
186.048,-0.6611,-1.6909,0.404838,2.42327e-05,0.404814
186.096,-0.650595,-1.69078,0.40501,2.52601e-05,0.404984
186.144,-0.639597,-1.69067,0.405206,2.63823e-05,0.40518
186.192,-0.651594,-1.69055,0.405369,2.5161e-05,0.405343
186.24,-0.653102,-1.69043,0.405548,2.50117e-05,0.405523
186.288,-0.652102,-1.69032,0.405741,2.51109e-05,0.405716
186.336,-0.659593,-1.6902,0.405891,2.43788e-05,0.405867
186.384,-0.657593,-1.69009,0.406042,2.45724e-05,0.406017
186.432,-0.681113,-1.68997,0.406163,2.23917e-05,0.40614
186.48,-0.674098,-1.68985,0.406228,2.30213e-05,0.406205
186.528,-0.687603,-1.68973,0.406317,2.18251e-05,0.406295
186.576,-0.697617,-1.6896,0.406359,2.09785e-05,0.406338
186.624,-0.670607,-1.68948,0.406474,2.33418e-05,0.406451
186.672,-0.686111,-1.68936,0.406562,2.19548e-05,0.40654
186.72,-0.673098,-1.68923,0.406639,2.31136e-05,0.406616
186.768,-0.680113,-1.6891,0.406739,2.24819e-05,0.406716
186.816,-0.700617,-1.68898,0.40681,2.07323e-05,0.406789
186.864,-0.682112,-1.68885,0.406888,2.23053e-05,0.406866
186.912,-0.678097,-1.68872,0.40701,2.26623e-05,0.406987
186.96,-0.716613,-1.68859,0.407062,1.94628e-05,0.407043
187.008,-0.698617,-1.68846,0.407129,2.08976e-05,0.407108
187.056,-0.686603,-1.68833,0.407184,2.19139e-05,0.407162
187.104,-0.707615,-1.68819,0.407244,2.0168e-05,0.407224
187.152,-0.677605,-1.68806,0.407332,2.27076e-05,0.407309
187.2,-0.6631,-1.68793,0.407423,2.40474e-05,0.407399
187.248,-0.649595,-1.6878,0.407546,2.53659e-05,0.407521
187.296,-0.651594,-1.68766,0.407689,2.51665e-05,0.407663
187.344,-0.636089,-1.68754,0.407874,2.67569e-05,0.407847
187.392,-0.656593,-1.68741,0.407989,2.46747e-05,0.407964
187.44,-0.646087,-1.68728,0.408128,2.57209e-05,0.408102
187.488,-0.637089,-1.68715,0.408259,2.66522e-05,0.408232
187.536,-0.636598,-1.68702,0.408402,2.67043e-05,0.408376
187.584,-0.645596,-1.6869,0.408554,2.57717e-05,0.408528
187.632,-0.630582,-1.68677,0.40873,2.73472e-05,0.408703
187.68,-0.661592,-1.68665,0.408872,2.41935e-05,0.408848
187.728,-0.627583,-1.68652,0.409047,2.76738e-05,0.409019
187.776,-0.628583,-1.6864,0.40923,2.75649e-05,0.409202
187.824,-0.654102,-1.68628,0.409363,2.4921e-05,0.409338
187.872,-0.632582,-1.68615,0.409472,2.71332e-05,0.409445
187.92,-0.644088,-1.68603,0.409602,2.59275e-05,0.409576
187.968,-0.640597,-1.68591,0.409733,2.62879e-05,0.409707
188.016,-0.671606,-1.68578,0.409872,2.32563e-05,0.409849
188.064,-0.648087,-1.68566,0.409985,2.55217e-05,0.40996
188.112,-0.688111,-1.68553,0.410053,2.17883e-05,0.410031
188.16,-0.637089,-1.68541,0.41019,2.66558e-05,0.410163
188.208,-0.660592,-1.68528,0.410319,2.42918e-05,0.410294
188.256,-0.636089,-1.68516,0.410441,2.67618e-05,0.410414
188.304,-0.683112,-1.68503,0.410523,2.22239e-05,0.410501
188.352,-0.641088,-1.6849,0.410604,2.62389e-05,0.410578
188.4,-0.680113,-1.68477,0.410684,2.24893e-05,0.410662
188.448,-0.666607,-1.68464,0.41073,2.37224e-05,0.410706
188.496,-0.660101,-1.68451,0.410794,2.43405e-05,0.41077
188.544,-0.643088,-1.68438,0.410881,2.60334e-05,0.410855
188.592,-0.646087,-1.68425,0.41101,2.57269e-05,0.410984
188.64,-0.647087,-1.68412,0.411146,2.56257e-05,0.41112
188.688,-0.654594,-1.68399,0.411237,2.4877e-05,0.411213
188.736,-0.6651,-1.68386,0.411356,2.38656e-05,0.411332
188.784,-0.613586,-1.68373,0.411453,2.92538e-05,0.411424
188.832,-0.623584,-1.6836,0.411604,2.81208e-05,0.411576
188.88,-0.602572,-1.68347,0.411789,3.05556e-05,0.411758
188.928,-0.595082,-1.68335,0.411981,3.14738e-05,0.41195
188.976,-0.585576,-1.68323,0.412182,3.26789e-05,0.412149
189.024,-0.646087,-1.6831,0.412316,2.57292e-05,0.41229
189.072,-0.613078,-1.68298,0.41247,2.93142e-05,0.412441
189.12,-0.601572,-1.68286,0.412669,3.0678e-05,0.412639
189.168,-0.619077,-1.68274,0.412842,2.86281e-05,0.412813
189.216,-0.600573,-1.68262,0.413024,3.08e-05,0.412993
189.264,-0.588067,-1.68251,0.413234,3.23605e-05,0.413201
189.312,-0.60308,-1.68239,0.413425,3.04969e-05,0.413394
189.36,-0.60608,-1.68228,0.413608,3.01378e-05,0.413578
189.408,-0.627091,-1.68216,0.413776,2.77368e-05,0.413748
189.456,-0.609079,-1.68205,0.413967,2.97833e-05,0.413937
189.504,-0.590067,-1.68194,0.414167,3.21072e-05,0.414135
189.552,-0.588067,-1.68183,0.414374,3.23622e-05,0.414342
189.6,-0.592066,-1.68172,0.41457,3.18551e-05,0.414538
189.648,-0.621093,-1.68161,0.414716,2.84034e-05,0.414688
189.696,-0.617077,-1.6815,0.414868,2.88579e-05,0.414839
189.744,-0.636598,-1.68139,0.414989,2.67158e-05,0.414962
189.792,-0.617077,-1.68128,0.415111,2.88584e-05,0.415082
189.84,-0.598573,-1.68116,0.415206,3.10478e-05,0.415175
189.888,-0.621584,-1.68105,0.415337,2.83495e-05,0.415308
189.936,-0.629091,-1.68093,0.41544,2.75211e-05,0.415413
189.984,-0.618077,-1.68082,0.415527,2.87456e-05,0.415498
190.032,-0.645088,-1.6807,0.415583,2.58358e-05,0.415557
190.08,-0.600081,-1.68058,0.41569,3.08648e-05,0.415659
190.128,-0.658593,-1.68046,0.415728,2.44936e-05,0.415703
190.176,-0.643088,-1.68033,0.415778,2.60415e-05,0.415752
190.224,-0.585576,-1.68021,0.415899,3.26864e-05,0.415866
190.272,-0.599573,-1.68009,0.416011,3.0928e-05,0.41598
190.32,-0.63309,-1.67996,0.416091,2.70916e-05,0.416064
190.368,-0.625584,-1.67984,0.416165,2.79076e-05,0.416137
190.416,-0.629583,-1.67971,0.416236,2.74703e-05,0.416208
190.464,-0.630091,-1.67958,0.416362,2.74154e-05,0.416335
190.512,-0.618077,-1.67946,0.416479,2.87486e-05,0.416451
190.56,-0.601081,-1.67933,0.416629,3.0746e-05,0.416599
190.608,-0.624092,-1.67921,0.416725,2.80739e-05,0.416697
190.656,-0.607571,-1.67908,0.416803,2.99681e-05,0.416773
190.704,-0.57407,-1.67896,0.416936,3.421e-05,0.416902
190.752,-0.600081,-1.67883,0.417069,3.08689e-05,0.417038
190.8,-0.620585,-1.67871,0.417234,2.84668e-05,0.417205
190.848,-0.615586,-1.67859,0.417372,2.9035e-05,0.417343
190.896,-0.586067,-1.67846,0.417542,3.26273e-05,0.417509
190.944,-0.57507,-1.67835,0.417739,3.40767e-05,0.417705
190.992,-0.587067,-1.67823,0.417917,3.24993e-05,0.417885
191.04,-0.592066,-1.67811,0.418063,3.18639e-05,0.418031
191.088,-0.604572,-1.67799,0.418206,3.03279e-05,0.418175
191.136,-0.588575,-1.67787,0.41832,3.23071e-05,0.418288
191.184,-0.600081,-1.67775,0.418424,3.08715e-05,0.418393
191.232,-0.604572,-1.67762,0.418502,3.03287e-05,0.418472
191.28,-0.585576,-1.6775,0.418598,3.26932e-05,0.418566
191.328,-0.626092,-1.67737,0.418645,2.78568e-05,0.418617
191.376,-0.591066,-1.67724,0.41871,3.19921e-05,0.418678
191.424,-0.624092,-1.67712,0.418766,2.80784e-05,0.418738
191.472,-0.632582,-1.67698,0.418798,2.71523e-05,0.418771
191.52,-0.613078,-1.67685,0.418851,2.9328e-05,0.418822
191.568,-0.60508,-1.67672,0.418967,3.027e-05,0.418937
191.616,-0.610079,-1.67659,0.419031,2.96782e-05,0.419001
191.664,-0.594574,-1.67646,0.41913,3.15537e-05,0.419098
191.712,-0.636598,-1.67632,0.419164,2.67262e-05,0.419137
191.76,-0.642596,-1.67619,0.419214,2.61004e-05,0.419188
191.808,-0.614078,-1.67605,0.41928,2.92141e-05,0.419251
191.856,-0.69111,-1.67591,0.419274,2.15475e-05,0.419252
191.904,-0.629583,-1.67577,0.419313,2.74786e-05,0.419285
191.952,-0.667607,-1.67563,0.419333,2.36451e-05,0.41931
192,-0.625092,-1.67548,0.419402,2.79711e-05,0.419374
192.048,-0.643596,-1.67534,0.419466,2.59991e-05,0.41944
192.096,-0.593574,-1.6752,0.419572,3.16816e-05,0.41954
192.144,-0.60308,-1.67506,0.419643,3.0514e-05,0.419613
192.192,-0.622584,-1.67492,0.419724,2.82509e-05,0.419696
192.24,-0.605571,-1.67478,0.419805,3.02157e-05,0.419775
192.288,-0.582576,-1.67463,0.419908,3.30902e-05,0.419875
192.336,-0.590067,-1.67449,0.420014,3.21255e-05,0.419981
192.384,-0.601081,-1.67435,0.420127,3.07577e-05,0.420096
192.432,-0.559565,-1.67421,0.420247,3.62412e-05,0.420211
192.48,-0.566564,-1.67408,0.42039,3.52531e-05,0.420355
192.528,-0.542552,-1.67394,0.420569,3.87619e-05,0.420531
192.576,-0.579577,-1.67381,0.420781,3.34868e-05,0.420748
192.624,-0.546551,-1.67368,0.420975,3.8155e-05,0.420937
192.672,-0.561565,-1.67355,0.421137,3.59578e-05,0.421101
192.72,-0.580577,-1.67342,0.42126,3.33558e-05,0.421226
192.768,-0.602572,-1.6733,0.421404,3.05794e-05,0.421374
192.816,-0.624584,-1.67316,0.421468,2.80323e-05,0.42144
192.864,-0.605571,-1.67303,0.421543,3.02198e-05,0.421512
192.912,-0.592066,-1.6729,0.421631,3.18766e-05,0.421599
192.96,-0.609587,-1.67276,0.421657,2.97447e-05,0.421627
193.008,-0.591574,-1.67262,0.421742,3.19393e-05,0.42171
193.056,-0.60608,-1.67249,0.421816,3.01604e-05,0.421786
193.104,-0.622076,-1.67235,0.421851,2.83133e-05,0.421822
193.152,-0.630091,-1.67221,0.421869,2.74309e-05,0.421841
193.2,-0.620585,-1.67206,0.421916,2.84812e-05,0.421888
193.248,-0.646087,-1.67192,0.421951,2.57512e-05,0.421925
193.296,-0.593066,-1.67178,0.422017,3.17536e-05,0.421985
193.344,-0.610587,-1.67164,0.422081,2.96299e-05,0.422051
193.392,-0.595574,-1.67149,0.422134,3.14412e-05,0.422103
193.44,-0.587575,-1.67135,0.422202,3.24512e-05,0.422169
193.488,-0.60408,-1.6712,0.422281,3.04026e-05,0.422251
193.536,-0.594082,-1.67106,0.42233,3.16281e-05,0.422298
193.584,-0.587575,-1.67091,0.422427,3.24522e-05,0.422395
193.632,-0.563056,-1.67077,0.422533,3.57541e-05,0.422497
193.68,-0.557057,-1.67063,0.422656,3.66121e-05,0.42262
193.728,-0.57407,-1.67049,0.422781,3.42322e-05,0.422747
193.776,-0.595574,-1.67035,0.422901,3.1444e-05,0.42287
193.824,-0.608571,-1.67021,0.422982,2.98702e-05,0.422952
193.872,-0.565564,-1.67007,0.423104,3.54035e-05,0.423068
193.92,-0.542061,-1.66993,0.423282,3.88492e-05,0.423243
193.968,-0.568563,-1.6698,0.423416,3.49871e-05,0.423381
194.016,-0.561565,-1.66966,0.423527,3.59685e-05,0.423491
194.064,-0.561056,-1.66952,0.423683,3.60411e-05,0.423647
194.112,-0.556058,-1.66939,0.423817,3.67605e-05,0.42378
194.16,-0.555566,-1.66926,0.423939,3.68324e-05,0.423902
194.208,-0.540553,-1.66912,0.424103,3.90838e-05,0.424064
194.256,-0.550551,-1.66899,0.424254,3.75703e-05,0.424217
194.304,-0.572562,-1.66886,0.424391,3.4441e-05,0.424356
194.352,-0.60408,-1.66873,0.424484,3.04084e-05,0.424454
194.4,-0.577069,-1.6686,0.424579,3.38338e-05,0.424545
194.448,-0.570563,-1.66846,0.42466,3.47153e-05,0.424625
194.496,-0.567563,-1.66833,0.424753,3.51295e-05,0.424717
194.544,-0.569563,-1.6682,0.424844,3.48534e-05,0.424809
194.592,-0.561056,-1.66806,0.42495,3.60452e-05,0.424914
194.64,-0.570071,-1.66793,0.42503,3.47842e-05,0.424995
194.688,-0.612078,-1.66779,0.425038,2.94645e-05,0.425009
194.736,-0.607571,-1.66765,0.425061,2.99943e-05,0.425031
194.784,-0.603572,-1.66751,0.425058,3.04724e-05,0.425028
194.832,-0.60308,-1.66736,0.425098,3.0532e-05,0.425067
194.88,-0.587067,-1.66722,0.425113,3.25266e-05,0.42508
194.928,-0.595574,-1.66707,0.425207,3.14519e-05,0.425175
194.976,-0.609587,-1.66693,0.425233,2.97579e-05,0.425203
195.024,-0.622076,-1.66678,0.425255,2.83253e-05,0.425227
195.072,-0.620077,-1.66663,0.425248,2.85503e-05,0.425219
195.12,-0.605571,-1.66648,0.425248,3.02349e-05,0.425218
195.168,-0.594082,-1.66633,0.425271,3.16396e-05,0.425239
195.216,-0.582068,-1.66617,0.425313,3.31782e-05,0.42528
195.264,-0.546551,-1.66603,0.425442,3.81773e-05,0.425404
195.312,-0.581069,-1.66588,0.425554,3.33102e-05,0.42552
195.36,-0.566564,-1.66573,0.425683,3.52756e-05,0.425647
195.408,-0.559565,-1.66559,0.425792,3.62651e-05,0.425756
195.456,-0.55355,-1.66544,0.425886,3.71377e-05,0.425849
195.504,-0.554566,-1.6653,0.425987,3.69893e-05,0.42595
195.552,-0.530047,-1.66515,0.426087,4.07527e-05,0.426046
195.6,-0.562564,-1.66501,0.426223,3.58394e-05,0.426187
195.648,-0.54406,-1.66487,0.426345,3.85584e-05,0.426306
195.696,-0.553058,-1.66472,0.426455,3.7212e-05,0.426418
195.744,-0.568563,-1.66458,0.426579,3.5001e-05,0.426544
195.792,-0.541553,-1.66444,0.426697,3.89436e-05,0.426658
195.84,-0.575562,-1.6643,0.426782,3.40471e-05,0.426748
195.888,-0.580577,-1.66416,0.426894,3.33794e-05,0.42686
195.936,-0.54306,-1.66402,0.427033,3.87135e-05,0.426995
195.984,-0.552058,-1.66389,0.427166,3.73617e-05,0.427129
196.032,-0.570071,-1.66375,0.427257,3.47953e-05,0.427222
196.08,-0.584576,-1.66361,0.427327,3.28575e-05,0.427295
196.128,-0.565056,-1.66347,0.427423,3.54925e-05,0.427387
196.176,-0.57307,-1.66333,0.427506,3.43865e-05,0.427471
196.224,-0.556566,-1.66319,0.427623,3.67042e-05,0.427586
196.272,-0.573562,-1.66305,0.427697,3.43205e-05,0.427663
196.32,-0.562056,-1.66291,0.427767,3.59172e-05,0.427731
196.368,-0.581069,-1.66276,0.427805,3.33182e-05,0.427772
196.416,-0.589575,-1.66262,0.427817,3.22173e-05,0.427785
196.464,-0.590575,-1.66247,0.427848,3.20906e-05,0.427815
196.512,-0.599573,-1.66232,0.427825,3.097e-05,0.427794
196.56,-0.561565,-1.66217,0.427867,3.59891e-05,0.427831
196.608,-0.590067,-1.66202,0.427911,3.21562e-05,0.427879
196.656,-0.571562,-1.66187,0.427966,3.45958e-05,0.427931
196.704,-0.568071,-1.66172,0.428011,3.50768e-05,0.427976
196.752,-0.580577,-1.66157,0.428084,3.3386e-05,0.428051
196.8,-0.54506,-1.66143,0.428175,3.84165e-05,0.428137
196.848,-0.554058,-1.66128,0.428287,3.70751e-05,0.42825
196.896,-0.567055,-1.66113,0.428389,3.52195e-05,0.428353
196.944,-0.532554,-1.66099,0.428511,4.03637e-05,0.42847
196.992,-0.555566,-1.66084,0.428599,3.6856e-05,0.428562
197.04,-0.554058,-1.6607,0.428672,3.70767e-05,0.428635
197.088,-0.548551,-1.66055,0.42876,3.78927e-05,0.428722
197.136,-0.55355,-1.6604,0.428826,3.7152e-05,0.428789
197.184,-0.550059,-1.66025,0.428892,3.76685e-05,0.428854
197.232,-0.529555,-1.66011,0.428964,4.08477e-05,0.428923
197.28,-0.546551,-1.65996,0.429061,3.8195e-05,0.429023
197.328,-0.536046,-1.65982,0.429169,3.98144e-05,0.429129
197.376,-0.538553,-1.65967,0.429258,3.94223e-05,0.429218
197.424,-0.534554,-1.65953,0.429375,4.00506e-05,0.429335
197.472,-0.55255,-1.65938,0.429474,3.7302e-05,0.429437
197.52,-0.551567,-1.65924,0.429555,3.74476e-05,0.429517
197.568,-0.537045,-1.6591,0.429678,3.96596e-05,0.429639
197.616,-0.550551,-1.65895,0.429787,3.75991e-05,0.42975
197.664,-0.522049,-1.65881,0.429908,4.20815e-05,0.429866
197.712,-0.571562,-1.65867,0.429961,3.46043e-05,0.429926
197.76,-0.563564,-1.65852,0.430003,3.57158e-05,0.429967
197.808,-0.574562,-1.65838,0.430034,3.41974e-05,0.43
197.856,-0.570563,-1.65823,0.430106,3.47424e-05,0.430072
197.904,-0.561565,-1.65808,0.430151,3.60003e-05,0.430115
197.952,-0.553058,-1.65794,0.430212,3.72313e-05,0.430175
198,-0.598573,-1.65779,0.430248,3.11034e-05,0.430217
198.048,-0.564564,-1.65764,0.430292,3.55774e-05,0.430257
198.096,-0.567055,-1.65749,0.430312,3.52293e-05,0.430277
198.144,-0.558565,-1.65734,0.430363,3.64316e-05,0.430326
198.192,-0.566564,-1.65718,0.430399,3.52986e-05,0.430363
198.24,-0.57607,-1.65703,0.430452,3.39977e-05,0.430418
198.288,-0.544552,-1.65688,0.430519,3.85071e-05,0.430481
198.336,-0.570563,-1.65673,0.430571,3.47464e-05,0.430536
198.384,-0.573562,-1.65657,0.430575,3.43375e-05,0.430541
198.432,-0.561056,-1.65642,0.430641,3.60773e-05,0.430605
198.48,-0.517541,-1.65627,0.43075,4.2846e-05,0.430707
198.528,-0.538553,-1.65612,0.430861,3.9433e-05,0.430822
198.576,-0.524048,-1.65597,0.430969,4.17594e-05,0.430927
198.624,-0.52354,-1.65582,0.431102,4.18438e-05,0.43106
198.672,-0.523048,-1.65567,0.431217,4.19257e-05,0.431175
198.72,-0.548551,-1.65553,0.431334,3.79073e-05,0.431296
198.768,-0.52154,-1.65538,0.431453,4.21771e-05,0.431411
198.816,-0.543552,-1.65524,0.431564,3.86643e-05,0.431525
198.864,-0.540061,-1.6551,0.431688,3.92018e-05,0.431648
198.912,-0.539045,-1.65496,0.431821,3.93599e-05,0.431782
198.96,-0.511543,-1.65481,0.431945,4.38785e-05,0.431901
199.008,-0.534554,-1.65467,0.432049,4.00654e-05,0.432009
199.056,-0.525556,-1.65453,0.432153,4.15159e-05,0.432112
199.104,-0.520541,-1.65439,0.432259,4.23473e-05,0.432216
199.152,-0.530555,-1.65425,0.432384,4.07048e-05,0.432344
199.2,-0.520541,-1.65412,0.432513,4.23482e-05,0.43247
199.248,-0.524556,-1.65398,0.432643,4.1682e-05,0.432601
199.296,-0.55355,-1.65384,0.43272,3.71707e-05,0.432683
199.344,-0.526556,-1.6537,0.432786,4.13549e-05,0.432744
199.392,-0.563564,-1.65356,0.432814,3.57294e-05,0.432779
199.44,-0.536046,-1.65341,0.432898,3.98338e-05,0.432858
199.488,-0.590575,-1.65327,0.432935,3.21132e-05,0.432902
199.536,-0.55355,-1.65313,0.43298,3.71727e-05,0.432943
199.584,-0.568563,-1.65298,0.433031,3.50321e-05,0.432996
199.632,-0.554058,-1.65284,0.433109,3.7099e-05,0.433072
199.68,-0.537045,-1.6527,0.433212,3.9679e-05,0.433173
199.728,-0.527556,-1.65255,0.433267,4.11955e-05,0.433226
199.776,-0.563056,-1.6524,0.433267,3.58043e-05,0.433232
199.824,-0.534554,-1.65225,0.433313,4.00728e-05,0.433273
199.872,-0.529047,-1.6521,0.433333,4.09548e-05,0.433292
199.92,-0.500545,-1.65196,0.433422,4.58371e-05,0.433376
199.968,-0.51505,-1.65181,0.433496,4.32845e-05,0.433453
200.016,-0.541061,-1.65166,0.433557,3.90575e-05,0.433518
200.064,-0.522049,-1.65151,0.433658,4.2105e-05,0.433615
200.112,-0.500037,-1.65137,0.433774,4.59313e-05,0.433728
200.16,-0.525556,-1.65123,0.433898,4.15264e-05,0.433856
200.208,-0.525048,-1.65108,0.433994,4.16103e-05,0.433952
200.256,-0.499545,-1.65094,0.434104,4.60221e-05,0.434058
200.304,-0.505036,-1.6508,0.434279,4.5035e-05,0.434234
200.352,-0.520049,-1.65066,0.434391,4.24417e-05,0.434349
200.4,-0.535046,-1.65052,0.434499,4.00003e-05,0.434459
200.448,-0.509035,-1.65038,0.434624,4.43304e-05,0.434579
200.496,-0.529555,-1.65024,0.434723,4.08785e-05,0.434682
200.544,-0.505544,-1.65011,0.434878,4.4947e-05,0.434833
200.592,-0.516542,-1.64997,0.434999,4.30363e-05,0.434956
200.64,-0.517541,-1.64984,0.435128,4.2867e-05,0.435085
200.688,-0.519541,-1.6497,0.435233,4.25301e-05,0.43519
200.736,-0.49553,-1.64956,0.435337,4.6763e-05,0.43529
200.784,-0.513542,-1.64943,0.435419,4.35511e-05,0.435375
200.832,-0.527047,-1.64929,0.435491,4.12885e-05,0.435449
200.88,-0.537045,-1.64915,0.435514,3.96897e-05,0.435474
200.928,-0.516542,-1.64901,0.435606,4.30394e-05,0.435563
200.976,-0.528047,-1.64887,0.435667,4.11271e-05,0.435626
201.024,-0.51305,-1.64873,0.435733,4.36381e-05,0.43569
201.072,-0.537045,-1.64859,0.435763,3.96914e-05,0.435723
201.12,-0.544552,-1.64844,0.435796,3.85319e-05,0.435757
201.168,-0.511051,-1.6483,0.435863,4.39857e-05,0.435819
201.216,-0.519049,-1.64816,0.435921,4.26179e-05,0.435879
201.264,-0.511051,-1.64801,0.435988,4.39867e-05,0.435944
201.312,-0.537045,-1.64787,0.436013,3.96936e-05,0.435973
201.36,-0.527047,-1.64772,0.43606,4.12935e-05,0.436018
201.408,-0.534554,-1.64757,0.436111,4.00872e-05,0.436071
201.456,-0.54406,-1.64742,0.436142,3.86098e-05,0.436103
201.504,-0.540553,-1.64727,0.43618,3.91491e-05,0.43614
201.552,-0.501545,-1.64713,0.436254,4.56733e-05,0.436209
201.6,-0.522049,-1.64698,0.436321,4.21196e-05,0.436279
201.648,-0.533046,-1.64683,0.436395,4.0329e-05,0.436355
201.696,-0.48704,-1.64669,0.436551,4.83688e-05,0.436502
201.744,-0.491039,-1.64654,0.436658,4.76111e-05,0.43661
201.792,-0.501037,-1.6464,0.436742,4.57676e-05,0.436696
201.84,-0.530555,-1.64625,0.436808,4.07297e-05,0.436767
201.888,-0.479533,-1.64611,0.436949,4.9827e-05,0.436899
201.936,-0.49353,-1.64597,0.437094,4.71468e-05,0.437047
201.984,-0.507543,-1.64583,0.437209,4.46079e-05,0.437164
202.032,-0.501037,-1.64569,0.437319,4.57701e-05,0.437273
202.08,-0.49553,-1.64555,0.437446,4.67773e-05,0.437399
202.128,-0.490531,-1.64541,0.437581,4.77109e-05,0.437533
202.176,-0.549059,-1.64528,0.437673,3.78609e-05,0.437635
202.224,-0.483532,-1.64514,0.437818,4.90496e-05,0.437769
202.272,-0.476026,-1.645,0.437926,5.05266e-05,0.437875
202.32,-0.489039,-1.64487,0.438055,4.79949e-05,0.438007
202.368,-0.51305,-1.64473,0.43815,4.36514e-05,0.438106
202.416,-0.512051,-1.6446,0.438208,4.38247e-05,0.438165
202.464,-0.509543,-1.64445,0.438218,4.42615e-05,0.438173
202.512,-0.518049,-1.64431,0.438244,4.27991e-05,0.438201
202.56,-0.472027,-1.64417,0.438334,5.13345e-05,0.438283
202.608,-0.506544,-1.64403,0.438411,4.47906e-05,0.438366
202.656,-0.520541,-1.64389,0.43849,4.23813e-05,0.438448
202.704,-0.568071,-1.64374,0.438478,3.5125e-05,0.438443
202.752,-0.536554,-1.6436,0.438497,3.97838e-05,0.438457
202.8,-0.519541,-1.64345,0.438535,4.25504e-05,0.438492
202.848,-0.522049,-1.6433,0.438584,4.21314e-05,0.438542
202.896,-0.504544,-1.64315,0.438585,4.51489e-05,0.438539
202.944,-0.528047,-1.643,0.438612,4.11455e-05,0.438571
202.992,-0.530047,-1.64285,0.43861,4.08222e-05,0.438569
203.04,-0.516542,-1.6427,0.438641,4.30602e-05,0.438598
203.088,-0.536554,-1.64254,0.438672,3.9787e-05,0.438632
203.136,-0.510543,-1.64239,0.438744,4.4094e-05,0.4387
203.184,-0.528555,-1.64224,0.438824,4.10654e-05,0.438783
203.232,-0.477534,-1.64209,0.438938,5.02376e-05,0.438887
203.28,-0.502545,-1.64195,0.439056,4.55112e-05,0.439011
203.328,-0.487531,-1.6418,0.439159,4.8293e-05,0.439111
203.376,-0.49353,-1.64165,0.439255,4.71624e-05,0.439208
203.424,-0.481533,-1.64151,0.439364,4.94523e-05,0.439315
203.472,-0.482532,-1.64136,0.439456,4.92579e-05,0.439406
203.52,-0.465028,-1.64122,0.439588,5.27856e-05,0.439535
203.568,-0.478533,-1.64107,0.439733,5.00435e-05,0.439683
203.616,-0.49453,-1.64094,0.43988,4.6979e-05,0.439833
203.664,-0.46452,-1.64079,0.439989,5.28934e-05,0.439937
203.712,-0.46352,-1.64066,0.440152,5.31033e-05,0.440099
203.76,-0.444524,-1.64052,0.440321,5.72425e-05,0.440264
203.808,-0.465028,-1.64039,0.440468,5.27889e-05,0.440415
203.856,-0.463028,-1.64025,0.440606,5.32082e-05,0.440553
203.904,-0.471027,-1.64012,0.440729,5.15536e-05,0.440678
203.952,-0.473534,-1.63999,0.44082,5.10459e-05,0.440769
204,-0.476534,-1.63985,0.440959,5.04451e-05,0.440908
204.048,-0.497038,-1.63972,0.441009,4.65202e-05,0.440962
204.096,-0.491531,-1.63958,0.441015,4.7544e-05,0.440968
204.144,-0.52354,-1.63944,0.441031,4.18962e-05,0.440989
204.192,-0.485532,-1.6393,0.441156,4.86853e-05,0.441108
204.24,-0.447016,-1.63917,0.441318,5.66877e-05,0.441262
204.288,-0.505036,-1.63903,0.441414,4.50754e-05,0.441369
204.336,-0.500545,-1.63889,0.441459,4.58829e-05,0.441413
204.384,-0.519541,-1.63875,0.441485,4.25657e-05,0.441443
204.432,-0.537045,-1.63861,0.441491,3.97217e-05,0.441452
204.48,-0.520541,-1.63846,0.441469,4.23988e-05,0.441427
204.528,-0.515542,-1.63832,0.441473,4.3245e-05,0.441429
204.576,-0.511051,-1.63817,0.441472,4.40197e-05,0.441428
204.624,-0.49253,-1.63802,0.441509,4.73622e-05,0.441461
204.672,-0.521049,-1.63787,0.441558,4.23157e-05,0.441515
204.72,-0.527556,-1.63772,0.44161,4.12421e-05,0.441569
204.768,-0.520049,-1.63757,0.441613,4.24841e-05,0.441571
204.816,-0.495038,-1.63742,0.441681,4.68974e-05,0.441634
204.864,-0.482532,-1.63727,0.441783,4.92733e-05,0.441734
204.912,-0.477025,-1.63713,0.441869,5.03576e-05,0.441819
204.96,-0.49353,-1.63698,0.441941,4.71792e-05,0.441894
205.008,-0.507543,-1.63683,0.44198,4.46385e-05,0.441936
205.056,-0.477534,-1.63668,0.442018,5.02584e-05,0.441967
205.104,-0.474026,-1.63653,0.442117,5.09603e-05,0.442066
205.152,-0.486532,-1.63638,0.442193,4.85042e-05,0.442144
205.2,-0.49253,-1.63623,0.442235,4.73686e-05,0.442188
205.248,-0.491531,-1.63608,0.442329,4.75567e-05,0.442281
205.296,-0.455522,-1.63593,0.442421,5.48278e-05,0.442367
205.344,-0.472027,-1.63578,0.442494,5.13674e-05,0.442443
205.392,-0.482532,-1.63563,0.442531,4.92794e-05,0.442481
205.44,-0.484532,-1.63548,0.44257,4.88922e-05,0.442522
205.488,-0.460521,-1.63533,0.442673,5.37581e-05,0.442619
205.536,-0.461029,-1.63519,0.442776,5.36509e-05,0.442723
205.584,-0.489531,-1.63504,0.44286,4.79377e-05,0.442812
205.632,-0.489039,-1.63489,0.442921,4.80314e-05,0.442873
205.68,-0.51705,-1.63474,0.442938,4.29999e-05,0.442895
205.728,-0.487531,-1.63459,0.442989,4.83195e-05,0.44294
205.776,-0.504544,-1.63444,0.442992,4.51789e-05,0.442947
205.824,-0.48704,-1.63428,0.443056,4.84146e-05,0.443007
205.872,-0.531047,-1.63413,0.443017,4.06883e-05,0.442976
205.92,-0.466028,-1.63397,0.443057,5.26066e-05,0.443004
205.968,-0.497529,-1.63381,0.443076,4.64508e-05,0.44303
206.016,-0.514542,-1.63365,0.443051,4.34316e-05,0.443007
206.064,-0.484024,-1.63349,0.443059,4.89979e-05,0.44301
206.112,-0.531047,-1.63333,0.443067,4.06908e-05,0.443026
206.16,-0.549551,-1.63317,0.443042,3.78223e-05,0.443004
206.208,-0.508543,-1.63301,0.443074,4.44755e-05,0.44303
206.256,-0.49253,-1.63284,0.443136,4.73809e-05,0.443089
206.304,-0.503036,-1.63268,0.443186,4.5455e-05,0.44314
206.352,-0.499545,-1.63252,0.443215,4.60868e-05,0.443169
206.4,-0.483024,-1.63236,0.443271,4.91961e-05,0.443222
206.448,-0.471535,-1.6322,0.443368,5.14813e-05,0.443317
206.496,-0.471535,-1.63204,0.443447,5.14819e-05,0.443395
206.544,-0.488039,-1.63188,0.443464,4.82326e-05,0.443416
206.592,-0.481533,-1.63172,0.44354,4.94892e-05,0.443491
206.64,-0.510051,-1.63156,0.44359,4.42162e-05,0.443546
206.688,-0.445524,-1.6314,0.443682,5.70565e-05,0.443625
206.736,-0.450523,-1.63124,0.443799,5.59414e-05,0.443743
206.784,-0.499545,-1.63109,0.443851,4.60919e-05,0.443805
206.832,-0.49253,-1.63093,0.443945,4.73878e-05,0.443897
206.88,-0.467028,-1.63078,0.444056,5.24119e-05,0.444003
206.928,-0.452014,-1.63063,0.444193,5.56154e-05,0.444137
206.976,-0.45503,-1.63048,0.44432,5.49573e-05,0.444265
207.024,-0.453522,-1.63033,0.444427,5.52863e-05,0.444371
207.072,-0.480533,-1.63017,0.444485,4.9691e-05,0.444435
207.12,-0.486532,-1.63002,0.444556,4.85277e-05,0.444507
207.168,-0.497038,-1.62987,0.444599,4.65551e-05,0.444553
207.216,-0.501545,-1.62972,0.444639,4.5734e-05,0.444593
207.264,-0.49253,-1.62956,0.444685,4.73927e-05,0.444638
207.312,-0.51705,-1.6294,0.444688,4.30174e-05,0.444645
207.36,-0.520049,-1.62925,0.444673,4.25111e-05,0.444631
207.408,-0.504036,-1.62908,0.444664,4.52882e-05,0.444619
207.456,-0.539553,-1.62892,0.444659,3.93591e-05,0.44462
207.504,-0.518541,-1.62876,0.444661,4.27667e-05,0.444618
207.552,-0.539045,-1.6286,0.444619,3.94392e-05,0.444579
207.6,-0.519541,-1.62843,0.444638,4.25992e-05,0.444595
207.648,-0.500545,-1.62826,0.444609,4.59201e-05,0.444563
207.696,-0.461029,-1.6281,0.444665,5.36799e-05,0.444612
207.744,-0.496529,-1.62793,0.444637,4.66556e-05,0.444591
207.792,-0.495038,-1.62776,0.444627,4.69319e-05,0.44458
207.84,-0.499037,-1.62759,0.444637,4.61968e-05,0.444591
207.888,-0.473026,-1.62742,0.444681,5.11975e-05,0.444629
207.936,-0.466028,-1.62725,0.444712,5.26335e-05,0.444659
207.984,-0.494038,-1.62708,0.444715,4.71201e-05,0.444667
208.032,-0.444016,-1.62691,0.444791,5.7417e-05,0.444733
208.08,-0.441017,-1.62675,0.444891,5.81022e-05,0.444832
208.128,-0.481025,-1.62658,0.444951,4.96081e-05,0.444901
208.176,-0.482041,-1.62642,0.444989,4.941e-05,0.444939
208.224,-0.454522,-1.62625,0.445058,5.50855e-05,0.445003
208.272,-0.473026,-1.62609,0.445119,5.12027e-05,0.445068
208.32,-0.462029,-1.62592,0.445199,5.34771e-05,0.445146
208.368,-0.470027,-1.62576,0.445252,5.18144e-05,0.4452
208.416,-0.461029,-1.62559,0.445303,5.36901e-05,0.445249
208.464,-0.469027,-1.62543,0.44538,5.20207e-05,0.445328
208.512,-0.450523,-1.62527,0.44548,5.59669e-05,0.445424
208.56,-0.448015,-1.62511,0.445612,5.65248e-05,0.445555
208.608,-0.448523,-1.62496,0.445736,5.64121e-05,0.44568
208.656,-0.46552,-1.6248,0.445836,5.27491e-05,0.445783
208.704,-0.492039,-1.62464,0.445905,4.75027e-05,0.445857
208.752,-0.484024,-1.62449,0.445975,4.90315e-05,0.445926
208.8,-0.48704,-1.62433,0.446016,4.84514e-05,0.445968
208.848,-0.477534,-1.62417,0.446027,5.03063e-05,0.445977
208.896,-0.491531,-1.62401,0.446034,4.76005e-05,0.445987
208.944,-0.489531,-1.62384,0.446052,4.79786e-05,0.446004
208.992,-0.473534,-1.62368,0.446093,5.11094e-05,0.446041
209.04,-0.478025,-1.62352,0.446129,5.02112e-05,0.446078
209.088,-0.506036,-1.62335,0.446099,4.49514e-05,0.446054
209.136,-0.500037,-1.62319,0.446081,4.60301e-05,0.446035
209.184,-0.474534,-1.62302,0.446095,5.09105e-05,0.446045
209.232,-0.508035,-1.62285,0.446046,4.45994e-05,0.446001
209.28,-0.484532,-1.62268,0.446067,4.89399e-05,0.446018
209.328,-0.497038,-1.62251,0.44608,4.65813e-05,0.446033
209.376,-0.542061,-1.62234,0.446011,3.89906e-05,0.445972
209.424,-0.49453,-1.62216,0.445975,4.70463e-05,0.445928
209.472,-0.482041,-1.62198,0.445971,4.94266e-05,0.445922
209.52,-0.522049,-1.62181,0.445944,4.22005e-05,0.445901
209.568,-0.472027,-1.62163,0.445966,5.14228e-05,0.445915
209.616,-0.458521,-1.62146,0.446038,5.42418e-05,0.445983
209.664,-0.46252,-1.62129,0.446164,5.33922e-05,0.44611
209.712,-0.468027,-1.62112,0.446284,5.22437e-05,0.446232
209.76,-0.450523,-1.62096,0.446398,5.59853e-05,0.446342
209.808,-0.477534,-1.62079,0.446447,5.03193e-05,0.446397
209.856,-0.45803,-1.62062,0.4465,5.43507e-05,0.446445
209.904,-0.475534,-1.62046,0.446579,5.07197e-05,0.446528
209.952,-0.417514,-1.6203,0.446727,6.37867e-05,0.446663
210,-0.466028,-1.62014,0.446831,5.26621e-05,0.446779
210.048,-0.441509,-1.61998,0.446962,5.80193e-05,0.446904
210.096,-0.448015,-1.61982,0.447047,5.65476e-05,0.446991
210.144,-0.451523,-1.61966,0.447145,5.57701e-05,0.447089
210.192,-0.422513,-1.61951,0.44723,6.25432e-05,0.447167
210.24,-0.411007,-1.61935,0.447358,6.54523e-05,0.447293
210.288,-0.443016,-1.6192,0.447491,5.76782e-05,0.447433
210.336,-0.434018,-1.61905,0.447622,5.97661e-05,0.447562
210.384,-0.441509,-1.6189,0.447751,5.80241e-05,0.447693
210.432,-0.441509,-1.61875,0.447828,5.80248e-05,0.44777
210.48,-0.48604,-1.6186,0.447891,4.86644e-05,0.447842
210.528,-0.437018,-1.61845,0.44796,5.90648e-05,0.447901
210.576,-0.420005,-1.6183,0.448074,6.31716e-05,0.44801
210.624,-0.43651,-1.61815,0.448189,5.91848e-05,0.44813
210.672,-0.452523,-1.618,0.448271,5.55573e-05,0.448216
210.72,-0.462029,-1.61785,0.448299,5.351e-05,0.448246
210.768,-0.474026,-1.6177,0.448301,5.10334e-05,0.44825
210.816,-0.441509,-1.61755,0.448393,5.80301e-05,0.448335
210.864,-0.461029,-1.6174,0.448443,5.37237e-05,0.448389
210.912,-0.45603,-1.61725,0.448478,5.47959e-05,0.448423
210.96,-0.477534,-1.61709,0.448503,5.03335e-05,0.448453
211.008,-0.46552,-1.61694,0.448509,5.27807e-05,0.448457
211.056,-0.446016,-1.61678,0.44855,5.70092e-05,0.448493
211.104,-0.459029,-1.61663,0.448572,5.41529e-05,0.448518
211.152,-0.502036,-1.61647,0.448562,4.56913e-05,0.448516
211.2,-0.45803,-1.61631,0.448612,5.43686e-05,0.448557
211.248,-0.437509,-1.61616,0.448716,5.89604e-05,0.448657
211.296,-0.421513,-1.616,0.448839,6.28074e-05,0.448776
211.344,-0.425004,-1.61585,0.4489,6.19479e-05,0.448838
211.392,-0.442508,-1.6157,0.449001,5.78095e-05,0.448943
211.44,-0.447016,-1.61555,0.449064,5.67899e-05,0.449007
211.488,-0.422513,-1.6154,0.449172,6.25628e-05,0.449109
211.536,-0.412498,-1.61525,0.449321,6.50881e-05,0.449256
211.584,-0.455522,-1.6151,0.449396,5.49149e-05,0.449341
211.632,-0.411007,-1.61495,0.449483,6.54742e-05,0.449418
211.68,-0.423512,-1.61481,0.449593,6.23189e-05,0.449531
211.728,-0.427512,-1.61466,0.449707,6.13428e-05,0.449646
211.776,-0.43351,-1.61452,0.449787,5.99068e-05,0.449727
211.824,-0.437018,-1.61437,0.449877,5.90831e-05,0.449817
211.872,-0.446016,-1.61422,0.44995,5.70204e-05,0.449893
211.92,-0.448015,-1.61408,0.450014,5.65723e-05,0.449957
211.968,-0.437018,-1.61393,0.450113,5.90851e-05,0.450054
212.016,-0.442508,-1.61379,0.450192,5.78179e-05,0.450135
212.064,-0.440017,-1.61364,0.450269,5.83904e-05,0.450211
212.112,-0.422513,-1.6135,0.450331,6.25718e-05,0.450269
212.16,-0.43551,-1.61336,0.450433,5.94407e-05,0.450374
212.208,-0.461521,-1.61321,0.450489,5.36365e-05,0.450435
212.256,-0.417514,-1.61307,0.450594,6.38219e-05,0.45053
212.304,-0.45603,-1.61292,0.450649,5.48139e-05,0.450594
212.352,-0.450523,-1.61278,0.450697,5.60202e-05,0.450641
212.4,-0.45803,-1.61263,0.450724,5.43838e-05,0.45067
212.448,-0.479533,-1.61248,0.450728,4.99549e-05,0.450678
212.496,-0.445016,-1.61233,0.450756,5.72543e-05,0.450699
212.544,-0.479025,-1.61218,0.450761,5.00565e-05,0.450711
212.592,-0.449015,-1.61202,0.450763,5.63581e-05,0.450707
212.64,-0.416514,-1.61187,0.450815,6.40803e-05,0.450751
212.688,-0.422513,-1.61172,0.450895,6.25803e-05,0.450833
212.736,-0.446016,-1.61157,0.450929,5.70319e-05,0.450872
212.784,-0.455522,-1.61141,0.450932,5.49304e-05,0.450877
212.832,-0.415006,-1.61126,0.451014,6.44661e-05,0.450949
212.88,-0.396994,-1.61111,0.451157,6.92212e-05,0.451088
212.928,-0.411499,-1.61097,0.451301,6.5367e-05,0.451236
212.976,-0.386996,-1.61082,0.451459,7.20113e-05,0.451387
213.024,-0.434018,-1.61068,0.451561,5.98042e-05,0.451501
213.072,-0.411007,-1.61053,0.451625,6.54963e-05,0.451559
213.12,-0.417006,-1.61039,0.45175,6.39631e-05,0.451686
213.168,-0.421513,-1.61025,0.45185,6.2835e-05,0.451787
213.216,-0.429003,-1.61011,0.451955,6.10036e-05,0.451894
213.264,-0.409007,-1.60997,0.452094,6.60185e-05,0.452028
213.312,-0.373999,-1.60983,0.452279,7.58107e-05,0.452203
213.36,-0.392503,-1.6097,0.452394,7.04677e-05,0.452323
213.408,-0.423512,-1.60956,0.452515,6.23438e-05,0.452452
213.456,-0.385504,-1.60943,0.452658,7.24445e-05,0.452586
213.504,-0.392503,-1.60929,0.452787,7.04699e-05,0.452716
213.552,-0.397993,-1.60916,0.45294,6.89586e-05,0.452871
213.6,-0.387504,-1.60903,0.453037,7.18767e-05,0.452965
213.648,-0.401501,-1.6089,0.453159,6.80111e-05,0.453091
213.696,-0.433019,-1.60877,0.453208,6.00496e-05,0.453148
213.744,-0.416006,-1.60864,0.453318,6.42248e-05,0.453253
213.792,-0.4035,-1.6085,0.453423,6.7478e-05,0.453355
213.84,-0.390503,-1.60837,0.453542,7.10337e-05,0.453471
213.888,-0.418514,-1.60824,0.453601,6.35937e-05,0.453537
213.936,-0.399993,-1.60811,0.453698,6.84215e-05,0.45363
213.984,-0.421005,-1.60798,0.453747,6.29721e-05,0.453684
214.032,-0.425512,-1.60784,0.453817,6.18614e-05,0.453755
214.08,-0.419513,-1.60771,0.453869,6.33455e-05,0.453806
214.128,-0.430019,-1.60757,0.453909,6.07709e-05,0.453848
214.176,-0.441509,-1.60743,0.453945,5.80748e-05,0.453887
214.224,-0.43251,-1.60729,0.453957,6.0177e-05,0.453896
214.272,-0.421513,-1.60715,0.454012,6.28498e-05,0.453949
214.32,-0.4055,-1.60702,0.454087,6.69547e-05,0.45402
214.368,-0.412007,-1.60688,0.454167,6.52563e-05,0.454102
214.416,-0.427512,-1.60674,0.454254,6.13798e-05,0.454193
214.464,-0.406008,-1.60661,0.454383,6.68225e-05,0.454316
214.512,-0.431019,-1.60647,0.454492,6.05364e-05,0.454431
214.56,-0.394994,-1.60634,0.454641,6.97955e-05,0.454571
214.608,-0.415006,-1.60621,0.454754,6.44909e-05,0.454689
214.656,-0.409007,-1.60608,0.454847,6.60381e-05,0.454781
214.704,-0.388995,-1.60595,0.454984,7.14713e-05,0.454913
214.752,-0.382997,-1.60582,0.45512,7.31858e-05,0.455047
214.8,-0.357494,-1.60569,0.455277,8.09433e-05,0.455196
214.848,-0.383996,-1.60556,0.455405,7.28988e-05,0.455332
214.896,-0.344972,-1.60544,0.455574,8.5049e-05,0.455489
214.944,-0.378489,-1.60532,0.455739,7.45033e-05,0.455665
214.992,-0.357494,-1.6052,0.455929,8.09463e-05,0.455848
215.04,-0.355478,-1.60508,0.456096,8.15942e-05,0.456014
215.088,-0.381489,-1.60496,0.456201,7.36279e-05,0.456127
215.136,-0.358494,-1.60484,0.456348,8.06295e-05,0.456267
215.184,-0.363984,-1.60472,0.456476,7.89003e-05,0.456398
215.232,-0.397993,-1.60461,0.456585,6.89825e-05,0.456516
215.28,-0.375998,-1.60449,0.456712,7.52449e-05,0.456637
215.328,-0.420513,-1.60437,0.456786,6.31119e-05,0.456723
215.376,-0.365492,-1.60425,0.456934,7.84346e-05,0.456856
215.424,-0.418514,-1.60413,0.457012,6.36135e-05,0.456949
215.472,-0.421005,-1.60401,0.457111,6.29911e-05,0.457048
215.52,-0.414006,-1.60389,0.457163,6.47576e-05,0.457098
215.568,-0.407008,-1.60377,0.457251,6.65735e-05,0.457184
215.616,-0.4045,-1.60365,0.457326,6.72369e-05,0.457259
215.664,-0.396994,-1.60353,0.457396,6.92612e-05,0.457326
215.712,-0.363984,-1.6034,0.457497,7.89082e-05,0.457418
215.76,-0.392994,-1.60328,0.457557,7.03654e-05,0.457487
215.808,-0.383996,-1.60316,0.457623,7.29121e-05,0.45755
215.856,-0.408499,-1.60303,0.457692,6.61861e-05,0.457626
215.904,-0.423004,-1.60291,0.457748,6.25008e-05,0.457685
215.952,-0.425004,-1.60278,0.45782,6.20096e-05,0.457758
216,-0.379997,-1.60265,0.457909,7.40759e-05,0.457835
216.048,-0.387996,-1.60253,0.458037,7.17728e-05,0.457965
216.096,-0.371491,-1.60241,0.458161,7.66087e-05,0.458085
216.144,-0.363493,-1.60229,0.458286,7.90684e-05,0.458207
216.192,-0.4075,-1.60216,0.45837,6.64524e-05,0.458303
216.24,-0.411007,-1.60204,0.458407,6.55387e-05,0.458341
216.288,-0.389995,-1.60191,0.458486,7.12114e-05,0.458415
216.336,-0.377998,-1.60179,0.458604,7.46682e-05,0.45853
216.384,-0.379997,-1.60166,0.458727,7.40815e-05,0.458653
216.432,-0.405008,-1.60154,0.458818,6.71128e-05,0.458751
216.48,-0.347988,-1.60142,0.458958,8.40677e-05,0.458873
216.528,-0.413498,-1.60129,0.459022,6.49005e-05,0.458957
216.576,-0.337482,-1.60117,0.459142,8.76312e-05,0.459054
216.624,-0.367492,-1.60105,0.459305,7.78365e-05,0.459227
216.672,-0.414498,-1.60093,0.459377,6.46464e-05,0.459312
216.72,-0.383996,-1.60081,0.459495,7.29251e-05,0.459422
216.768,-0.373999,-1.60069,0.459584,7.58635e-05,0.459508
216.816,-0.425004,-1.60056,0.459642,6.202e-05,0.45958
216.864,-0.395502,-1.60044,0.45972,6.96868e-05,0.459651
216.912,-0.4055,-1.60031,0.459739,6.69888e-05,0.459672
216.96,-0.387996,-1.60019,0.459827,7.17856e-05,0.459755
217.008,-0.37549,-1.60006,0.459937,7.54214e-05,0.459861
217.056,-0.379997,-1.59994,0.460032,7.40912e-05,0.459958
217.104,-0.4065,-1.59981,0.460056,6.67273e-05,0.459989
217.152,-0.383996,-1.59968,0.460113,7.29314e-05,0.46004
217.2,-0.364984,-1.59955,0.460174,7.86203e-05,0.460095
217.248,-0.425512,-1.59942,0.460199,6.1901e-05,0.460137
217.296,-0.369491,-1.59929,0.460222,7.72345e-05,0.460145
217.344,-0.427003,-1.59915,0.46021,6.15387e-05,0.460148
217.392,-0.394502,-1.59902,0.460274,6.99702e-05,0.460205
217.44,-0.411007,-1.59888,0.460303,6.55544e-05,0.460237
217.488,-0.369983,-1.59874,0.460351,7.70878e-05,0.460274
217.536,-0.382489,-1.59861,0.460389,7.33731e-05,0.460316
217.584,-0.358985,-1.59847,0.460459,8.0512e-05,0.460379
217.632,-0.355478,-1.59834,0.460579,8.16361e-05,0.460497
217.68,-0.330975,-1.5982,0.460707,8.99328e-05,0.460617
217.728,-0.362493,-1.59807,0.460798,7.94067e-05,0.460718
217.776,-0.370491,-1.59794,0.460885,7.6938e-05,0.460808
217.824,-0.34748,-1.5978,0.461005,8.42597e-05,0.46092
217.872,-0.34548,-1.59767,0.461119,8.49287e-05,0.461034
217.92,-0.340481,-1.59755,0.461293,8.66231e-05,0.461206
217.968,-0.34648,-1.59742,0.46144,8.45956e-05,0.461356
218.016,-0.332975,-1.5973,0.461576,8.92315e-05,0.461487
218.064,-0.364492,-1.59717,0.461692,7.87874e-05,0.461613
218.112,-0.324976,-1.59705,0.461839,9.20971e-05,0.461747
218.16,-0.371491,-1.59692,0.461927,7.66406e-05,0.46185
218.208,-0.352987,-1.5968,0.462062,8.2453e-05,0.46198
218.256,-0.298457,-1.59668,0.462223,0.000102269,0.462121
218.304,-0.357986,-1.59656,0.46237,8.08424e-05,0.462289
218.352,-0.353478,-1.59644,0.462487,8.22953e-05,0.462405
218.4,-0.37549,-1.59632,0.462557,7.54429e-05,0.462482
218.448,-0.361985,-1.59619,0.462643,7.95776e-05,0.462563
218.496,-0.393503,-1.59607,0.4627,7.02628e-05,0.462629
218.544,-0.413007,-1.59594,0.46274,6.50531e-05,0.462675
218.592,-0.372491,-1.59582,0.462841,7.6345e-05,0.462764
218.64,-0.344972,-1.5957,0.462955,8.51121e-05,0.46287
218.688,-0.401009,-1.59557,0.462971,6.82125e-05,0.462903
218.736,-0.37749,-1.59544,0.463034,7.48544e-05,0.46296
218.784,-0.399993,-1.59531,0.463087,6.84882e-05,0.463019
218.832,-0.383996,-1.59519,0.463139,7.29563e-05,0.463066
218.88,-0.371491,-1.59506,0.463239,7.66515e-05,0.463163
218.928,-0.328467,-1.59493,0.463355,9.08505e-05,0.463264
218.976,-0.37549,-1.5948,0.463385,7.54516e-05,0.46331
219.024,-0.371983,-1.59467,0.463448,7.6505e-05,0.463372
219.072,-0.405008,-1.59454,0.463464,6.71486e-05,0.463397
219.12,-0.333483,-1.59441,0.463553,8.90722e-05,0.463464
219.168,-0.34648,-1.59428,0.463656,8.46158e-05,0.463571
219.216,-0.352987,-1.59415,0.463729,8.24696e-05,0.463647
219.264,-0.330975,-1.59402,0.463857,8.99614e-05,0.463767
219.312,-0.322977,-1.5939,0.464013,9.28495e-05,0.463921
219.36,-0.331975,-1.59377,0.464121,8.96086e-05,0.464031
219.408,-0.346988,-1.59365,0.464271,8.44502e-05,0.464187
219.456,-0.314962,-1.59352,0.464371,9.58383e-05,0.464275
219.504,-0.341481,-1.59341,0.464543,8.63088e-05,0.464457
219.552,-0.332975,-1.59329,0.464726,8.92587e-05,0.464636
219.6,-0.305964,-1.59317,0.464915,9.93081e-05,0.464816
219.648,-0.31847,-1.59306,0.46506,9.45232e-05,0.464966
219.696,-0.302965,-1.59295,0.46527,0.000100493,0.465169
219.744,-0.309963,-1.59284,0.465533,9.77544e-05,0.465435
219.792,-0.292459,-1.59274,0.465767,0.000104752,0.465662
219.84,-0.294458,-1.59264,0.465954,0.000103929,0.46585
219.888,-0.315962,-1.59253,0.466134,9.54679e-05,0.466039
219.936,-0.328975,-1.59243,0.466311,9.06857e-05,0.46622
219.984,-0.271955,-1.59234,0.466515,0.00011359,0.466401
220.032,-0.328467,-1.59223,0.466617,9.08692e-05,0.466527
220.08,-0.351479,-1.59213,0.466729,8.2975e-05,0.466646
220.128,-0.343989,-1.59203,0.466838,8.54672e-05,0.466752
220.176,-0.323468,-1.59193,0.466957,9.26833e-05,0.466864
220.224,-0.297458,-1.59183,0.467143,0.000102711,0.46704
220.272,-0.312963,-1.59173,0.467311,9.66114e-05,0.467214
220.32,-0.327468,-1.59163,0.467436,9.12329e-05,0.467345
220.368,-0.304964,-1.59154,0.467574,9.97134e-05,0.467474
220.416,-0.281461,-1.59144,0.467776,0.000109413,0.467666
220.464,-0.302457,-1.59135,0.467924,0.000100707,0.467823
220.512,-0.31547,-1.59125,0.468022,9.56628e-05,0.467926
220.56,-0.348479,-1.59115,0.468078,8.39701e-05,0.467994
220.608,-0.307964,-1.59105,0.468222,9.85429e-05,0.468124
220.656,-0.334482,-1.59095,0.468346,8.87445e-05,0.468257
220.704,-0.289951,-1.59085,0.468499,0.00010581,0.468393
220.752,-0.310963,-1.59076,0.468605,9.73846e-05,0.468508
220.8,-0.304456,-1.59066,0.468781,9.99203e-05,0.468681
220.848,-0.275954,-1.59057,0.468991,0.000111826,0.46888
220.896,-0.270447,-1.59048,0.469205,0.000114285,0.469091
220.944,-0.266448,-1.5904,0.469412,0.000116105,0.469296
220.992,-0.278462,-1.59031,0.469618,0.000110726,0.469508
221.04,-0.308963,-1.59022,0.469747,9.81607e-05,0.469649
221.088,-0.269447,-1.59014,0.469982,0.00011474,0.469867
221.136,-0.25845,-1.59006,0.470181,0.000119833,0.470061
221.184,-0.256942,-1.58998,0.470416,0.00012055,0.470295
221.232,-0.243945,-1.5899,0.470641,0.000126899,0.470514
221.28,-0.237946,-1.58983,0.470926,0.000129941,0.470796
221.328,-0.25745,-1.58976,0.471148,0.00012031,0.471028
221.376,-0.242945,-1.58969,0.471372,0.000127403,0.471244
221.424,-0.251943,-1.58962,0.471599,0.000122956,0.471476
221.472,-0.240945,-1.58955,0.471863,0.000128414,0.471734
221.52,-0.230439,-1.58949,0.47214,0.000133854,0.472006
221.568,-0.230931,-1.58943,0.472398,0.000133595,0.472265
221.616,-0.214426,-1.58937,0.472688,0.000142591,0.472545
221.664,-0.244944,-1.58932,0.472929,0.000126404,0.472803
221.712,-0.237438,-1.58926,0.473124,0.000130208,0.472994
221.76,-0.244436,-1.5892,0.473342,0.000126659,0.473216
221.808,-0.238946,-1.58915,0.473558,0.000129436,0.473429
221.856,-0.223933,-1.5891,0.473853,0.000137341,0.473716
221.904,-0.242437,-1.58905,0.474053,0.000127665,0.473925
221.952,-0.228932,-1.589,0.474308,0.000134658,0.474173
222,-0.238438,-1.58895,0.474529,0.000129698,0.4744
222.048,-0.214935,-1.58891,0.474786,0.00014231,0.474644
222.096,-0.223933,-1.58886,0.474997,0.000137343,0.47486
222.144,-0.215426,-1.58881,0.47519,0.000142035,0.475048
222.192,-0.231439,-1.58877,0.475403,0.000133333,0.47527
222.24,-0.207936,-1.58873,0.475653,0.000146299,0.475507
222.288,-0.211935,-1.58868,0.475885,0.000144008,0.475741
222.336,-0.218426,-1.58864,0.476116,0.000140365,0.475975
222.384,-0.199921,-1.58861,0.476392,0.000151003,0.476241
222.432,-0.172419,-1.58857,0.476692,0.000168321,0.476524
222.48,-0.197922,-1.58854,0.476985,0.000152201,0.476833
222.528,-0.1479,-1.58852,0.477375,0.000185425,0.47719
222.576,-0.195431,-1.58849,0.477637,0.000153706,0.477484
222.624,-0.193415,-1.58847,0.47795,0.000154934,0.477796
222.672,-0.181925,-1.58845,0.478247,0.000162123,0.478085
222.72,-0.129904,-1.58843,0.47864,0.000199075,0.478441
222.768,-0.164421,-1.58842,0.478929,0.000173721,0.478755
222.816,-0.1459,-1.58841,0.47932,0.000186896,0.479133
222.864,-0.156406,-1.5884,0.479675,0.000179305,0.479496
222.912,-0.135394,-1.5884,0.480051,0.000194808,0.479856
222.96,-0.105384,-1.5884,0.480446,0.0002193,0.480226
223.008,-0.11889,-1.58841,0.480819,0.000207919,0.480611
223.056,-0.106892,-1.58841,0.481192,0.000217999,0.480974
223.104,-0.135394,-1.58842,0.481518,0.000194808,0.481323
223.152,-0.146408,-1.58843,0.481819,0.000186521,0.481633
223.2,-0.141901,-1.58844,0.482171,0.000189869,0.481981
223.248,-0.139902,-1.58846,0.482484,0.000191373,0.482293
223.296,-0.144409,-1.58847,0.482803,0.000187999,0.482615
223.344,-0.142901,-1.58848,0.483078,0.000189121,0.482889
223.392,-0.11789,-1.5885,0.483436,0.000208739,0.483227
223.44,-0.128396,-1.58852,0.483795,0.000200262,0.483595
223.488,-0.153915,-1.58854,0.484095,0.000181075,0.483914
223.536,-0.129396,-1.58856,0.484418,0.000199473,0.484218
223.584,-0.123889,-1.58858,0.484732,0.000203855,0.484528
223.632,-0.118398,-1.58861,0.485059,0.00020832,0.484851
223.68,-0.1479,-1.58863,0.485355,0.000185424,0.48517
223.728,-0.112399,-1.58866,0.485668,0.000213309,0.485455
223.776,-0.104385,-1.58868,0.485985,0.000220162,0.485765
223.824,-0.113891,-1.58871,0.486273,0.000212056,0.486061
223.872,-0.0938787,-1.58874,0.48662,0.000229479,0.48639
223.92,-0.107384,-1.58877,0.486948,0.00021757,0.486731
223.968,-0.073375,-1.58881,0.487361,0.000248811,0.487112
224.016,-0.0408738,-1.58885,0.487801,0.000282842,0.487518
224.064,-0.0773741,-1.58889,0.488195,0.000244915,0.48795
224.112,-0.0503635,-1.58894,0.488662,0.00027245,0.488389
224.16,-0.0453646,-1.589,0.489104,0.000277873,0.488826
224.208,-0.0523631,-1.58905,0.489506,0.000270307,0.489236
224.256,-0.0433651,-1.58911,0.489946,0.000280071,0.489666
224.304,-0.0218615,-1.58917,0.490433,0.000304855,0.490129
224.352,-0.0313677,-1.58924,0.490889,0.000293638,0.490595
224.4,-0.00735644,-1.58931,0.491377,0.000322795,0.491054
224.448,-0.00935601,-1.58938,0.491866,0.000320259,0.491546
224.496,0.00265779,-1.58946,0.492376,0.00033579,0.492041
224.544,0.00865649,-1.58955,0.492902,0.000343823,0.492558
224.592,0.0326677,-1.58964,0.493434,0.000377949,0.493056
224.64,0.0376666,-1.58973,0.493983,0.000385466,0.493597
224.688,0.0611697,-1.58983,0.49457,0.000422864,0.494147
224.736,0.0686763,-1.58994,0.495145,0.000435551,0.49471
224.784,0.0611697,-1.59005,0.495707,0.000422857,0.495285
224.832,0.0436653,-1.59016,0.496249,0.000394673,0.495855
224.88,0.0846892,-1.59029,0.496884,0.000463894,0.49642
224.928,0.182226,-1.59043,0.49779,0.000680937,0.497109
224.976,0.602872,-1.59078,0.50197,0.00351167,0.498458
225.024,0.841968,-1.59142,0.509008,0.00866575,0.500343
225.072,0.853474,-1.59194,0.511394,0.00904043,0.502353
225.12,0.811958,-1.59234,0.512036,0.00775383,0.504282
225.168,0.677397,-1.59262,0.510723,0.00467055,0.506052
225.216,0.583368,-1.59293,0.510848,0.00325714,0.507591
225.264,0.473818,-1.59325,0.511058,0.00213122,0.508927
225.312,0.428304,-1.59359,0.511855,0.00178512,0.51007
225.36,0.362777,-1.59392,0.512451,0.00138212,0.511069
225.408,0.308264,-1.59425,0.513035,0.0011165,0.511919
225.456,0.268748,-1.59457,0.513611,0.000956224,0.512655
225.504,0.212727,-1.59489,0.514068,0.000767406,0.5133
225.552,0.194731,-1.59521,0.514626,0.000714991,0.513911
225.6,0.222233,-1.59553,0.515288,0.000796569,0.514491
225.648,0.19873,-1.59585,0.515786,0.000726283,0.515059
225.696,0.228232,-1.59616,0.516423,0.000815521,0.515607
225.744,0.203221,-1.59647,0.516902,0.00073918,0.516163
225.792,0.212727,-1.59678,0.517467,0.000767296,0.516699
225.84,0.20822,-1.59708,0.51797,0.000753809,0.517217
225.888,0.213727,-1.59739,0.518508,0.00077028,0.517738
225.936,0.249736,-1.5977,0.519195,0.000887265,0.518308
225.984,0.237738,-1.598,0.519707,0.000846423,0.518861
226.032,0.254243,-1.5983,0.520322,0.00090306,0.519419
226.08,0.261241,-1.5986,0.5209,0.000928186,0.519972
226.128,0.254751,-1.5989,0.521419,0.000904822,0.520515
226.176,0.284761,-1.5992,0.522112,0.00101785,0.521094
226.224,0.273255,-1.5995,0.522643,0.000972918,0.52167
226.272,0.305773,-1.5998,0.523363,0.00110519,0.522258
226.32,0.305265,-1.6001,0.523966,0.00110296,0.522863
226.368,0.330276,-1.6004,0.524672,0.00121647,0.523456
226.416,0.283253,-1.60069,0.52506,0.00101173,0.524049
226.464,0.307772,-1.60098,0.525721,0.00111378,0.524608
226.512,0.298758,-1.60127,0.526221,0.0010751,0.525146
226.56,0.301265,-1.60156,0.526788,0.00108569,0.525702
226.608,0.328276,-1.60186,0.527492,0.00120684,0.526285
226.656,0.31777,-1.60215,0.528048,0.00115817,0.526889
226.704,0.338782,-1.60245,0.528749,0.00125746,0.527491
226.752,0.340273,-1.60275,0.529382,0.00126479,0.528117
226.8,0.395802,-1.60306,0.530326,0.0015714,0.528755
226.848,0.548851,-1.60343,0.532376,0.00284861,0.529528
226.896,0.89948,-1.60426,0.541525,0.0106848,0.53084
226.944,1.07805,-1.60546,0.552448,0.0199531,0.532495
226.992,1.06754,-1.60629,0.553505,0.0192607,0.534244
227.04,0.977021,-1.60678,0.549991,0.014097,0.535894
227.088,0.87147,-1.60716,0.547016,0.00964611,0.53737
227.136,0.757429,-1.60751,0.544955,0.00631648,0.538639
227.184,0.656893,-1.60786,0.544016,0.00431409,0.539702
227.232,0.584368,-1.60823,0.543879,0.0032659,0.540613
227.28,0.527856,-1.6086,0.544017,0.00262533,0.541392
227.328,0.488831,-1.60897,0.544317,0.00225655,0.54206
227.376,0.426304,-1.60931,0.544386,0.00176914,0.542617
227.424,0.351287,-1.60963,0.544367,0.0013198,0.543048
227.472,0.362285,-1.60997,0.544807,0.00137778,0.54343
227.52,0.316262,-1.61028,0.544932,0.00115064,0.543781
227.568,0.304265,-1.61058,0.545165,0.00109778,0.544067
227.616,0.362777,-1.6109,0.545789,0.00138033,0.544408
227.664,0.338782,-1.61119,0.545993,0.00125662,0.544737
227.712,0.366284,-1.61149,0.546467,0.00139933,0.545068
227.76,0.369284,-1.61177,0.546809,0.0014158,0.545394
227.808,0.394803,-1.61206,0.547327,0.00156421,0.545763
227.856,0.4078,-1.61233,0.547786,0.00164558,0.546141
227.904,0.392803,-1.6126,0.548056,0.00155198,0.546504
227.952,0.387788,-1.61286,0.548413,0.00152184,0.546891
228,0.423813,-1.61314,0.549064,0.00175153,0.547313
228.048,0.421813,-1.6134,0.549455,0.00173789,0.547717
228.096,0.404292,-1.61365,0.549761,0.00162304,0.548138
228.144,0.400801,-1.6139,0.550156,0.00160105,0.548555
228.192,0.435318,-1.61416,0.550787,0.00183173,0.548956
228.24,0.472327,-1.61442,0.551519,0.00211549,0.549404
228.288,0.450315,-1.61465,0.551773,0.00194183,0.549831
228.336,0.431319,-1.61489,0.55204,0.0018033,0.550237
228.384,0.448316,-1.61513,0.552583,0.0019267,0.550657
228.432,0.444316,-1.61535,0.552967,0.0018969,0.55107
228.48,0.46582,-1.6156,0.55357,0.00206245,0.551507
228.528,0.483324,-1.61584,0.554174,0.00220763,0.551967
228.576,0.498338,-1.61608,0.554786,0.00234011,0.552445
228.624,0.525348,-1.61633,0.555578,0.00259842,0.552979
228.672,0.680905,-1.6167,0.558381,0.00472472,0.553656
228.72,1.02403,-1.61772,0.571323,0.0165929,0.55473
228.768,1.22512,-1.61935,0.587918,0.031788,0.55613
228.816,1.26812,-1.62057,0.593667,0.0360354,0.557631
228.864,1.16308,-1.62103,0.585352,0.0262746,0.559077
228.912,1.02454,-1.62122,0.576987,0.0166173,0.56037
228.96,0.963516,-1.62157,0.574922,0.0134252,0.561496
229.008,0.837461,-1.62175,0.570952,0.00850308,0.562449
229.056,0.775933,-1.62201,0.570021,0.00676326,0.563257
229.104,0.674906,-1.62223,0.568535,0.00461601,0.563919
229.152,0.641389,-1.62247,0.568533,0.00406117,0.564472
229.2,0.566356,-1.62269,0.56799,0.00304339,0.564947
229.248,0.572862,-1.62293,0.568479,0.00312071,0.565358
229.296,0.572862,-1.62317,0.568845,0.00312066,0.565724
229.344,0.554358,-1.62338,0.568981,0.00290546,0.566076
229.392,0.561357,-1.62359,0.569373,0.00298503,0.566388
229.44,0.519841,-1.62377,0.569203,0.00254213,0.566661
229.488,0.545852,-1.62398,0.569763,0.00281136,0.566951
229.536,0.57537,-1.62419,0.570417,0.00315074,0.567267
229.584,0.593366,-1.62441,0.571007,0.00337689,0.56763
229.632,0.587368,-1.6246,0.571288,0.00329974,0.567988
229.68,0.566864,-1.62477,0.571364,0.00304889,0.568316
229.728,0.602381,-1.62498,0.572158,0.00349592,0.568662
229.776,0.579861,-1.62515,0.572206,0.00320553,0.569
229.824,0.626376,-1.62536,0.573195,0.00383328,0.569362
229.872,0.615886,-1.62554,0.573441,0.00368198,0.569759
229.92,0.646896,-1.62575,0.574297,0.00414664,0.57015
229.968,0.643896,-1.62594,0.574663,0.00409925,0.570563
230.016,0.6664,-1.62615,0.575471,0.00446733,0.571004
230.064,0.683412,-1.62637,0.576227,0.00476652,0.57146
230.112,0.690903,-1.62657,0.576818,0.00490425,0.571914
230.16,0.702408,-1.62679,0.577516,0.00512329,0.572392
230.208,0.937505,-1.62739,0.585269,0.0122322,0.573037
230.256,1.27863,-1.62928,0.611164,0.0371011,0.574063
230.304,1.40917,-1.63121,0.627376,0.0520654,0.575311
230.352,1.37366,-1.63223,0.624365,0.0477592,0.576606
230.4,1.28314,-1.63267,0.615385,0.0375639,0.577821
230.448,1.12256,-1.63268,0.601943,0.023059,0.578884
230.496,1.03004,-1.63282,0.596708,0.0169201,0.579788
230.544,0.95101,-1.63295,0.59338,0.0128308,0.58055
230.592,0.843968,-1.63301,0.589856,0.0087022,0.581154
230.64,0.816957,-1.63318,0.589556,0.00787459,0.581682
230.688,0.748431,-1.63329,0.588217,0.00609418,0.582122
230.736,0.738433,-1.63341,0.588366,0.00586873,0.582497
230.784,0.741433,-1.63357,0.588785,0.00593544,0.58285
230.832,0.717421,-1.63367,0.588583,0.00542053,0.583162
230.88,0.715914,-1.63377,0.588821,0.00538963,0.583432
230.928,0.702408,-1.63389,0.588846,0.00512051,0.583726
230.976,0.678905,-1.63397,0.588651,0.00468269,0.583969
231.024,0.734418,-1.63413,0.590004,0.00578014,0.584224
231.072,0.708407,-1.63424,0.589773,0.00523824,0.584534
231.12,0.741433,-1.63439,0.590804,0.00593506,0.584869
231.168,0.743924,-1.63451,0.591169,0.00599101,0.585178
231.216,0.734926,-1.63463,0.591304,0.00579101,0.585513
231.264,0.743432,-1.63475,0.591796,0.00597981,0.585816
231.312,0.772442,-1.63489,0.592817,0.0066688,0.586148
231.36,0.779949,-1.63503,0.59335,0.0068589,0.586491
231.408,0.806959,-1.6352,0.594451,0.00758622,0.586865
231.456,0.80596,-1.63535,0.594812,0.00755796,0.587254
231.504,0.83397,-1.63554,0.59603,0.00838529,0.587645
231.552,0.887991,-1.63578,0.598308,0.0102233,0.588085
231.6,0.898989,-1.63602,0.599199,0.0106399,0.588559
231.648,1.16359,-1.63706,0.615482,0.0262852,0.589197
231.696,1.46619,-1.63963,0.649296,0.0591679,0.590128
231.744,1.57024,-1.64181,0.663621,0.0723979,0.591223
231.792,1.50871,-1.64285,0.656925,0.0645693,0.592356
231.84,1.40517,-1.64326,0.644927,0.0515264,0.593401
231.888,1.23211,-1.64304,0.626694,0.0323969,0.594297
231.936,1.10406,-1.64286,0.616701,0.0216889,0.595012
231.984,1.02554,-1.64284,0.612235,0.0166471,0.595588
232.032,0.956501,-1.64283,0.609132,0.0130739,0.596058
232.08,0.876977,-1.64276,0.606251,0.00981552,0.596436
232.128,0.867471,-1.64278,0.606223,0.00948013,0.596743
232.176,0.853966,-1.64279,0.606037,0.00902176,0.597015
232.224,0.811958,-1.64276,0.604974,0.00772407,0.59725
232.272,0.84146,-1.64277,0.606063,0.00861572,0.597448
232.32,0.831954,-1.64277,0.60599,0.00831844,0.597672
232.368,0.797453,-1.64272,0.605174,0.0073181,0.597856
232.416,0.81445,-1.64274,0.605834,0.00779592,0.598038
232.464,0.847459,-1.64281,0.607069,0.00880827,0.598261
232.512,0.859473,-1.64286,0.607732,0.00920608,0.598526
232.56,0.896989,-1.64294,0.609352,0.0105574,0.598795
232.608,0.889483,-1.64301,0.609363,0.0102732,0.59909
232.656,0.913986,-1.6431,0.610635,0.0112271,0.599407
232.704,0.947011,-1.64324,0.612365,0.0126393,0.599726
232.752,0.960008,-1.64338,0.613316,0.0132372,0.600079
232.8,1.00203,-1.64356,0.615787,0.0153449,0.600442
232.848,1.01503,-1.64375,0.616888,0.0160531,0.600835
232.896,1.05854,-1.64406,0.619883,0.0186311,0.601252
232.944,1.38267,-1.64591,0.650639,0.0487883,0.60185
232.992,1.66077,-1.64907,0.686105,0.083398,0.602707
233.04,1.7098,-1.65096,0.692649,0.0889407,0.603708
233.088,1.53672,-1.65138,0.672783,0.0680989,0.604684
233.136,1.37267,-1.65128,0.653096,0.047572,0.605524
233.184,1.17259,-1.65066,0.633193,0.0270089,0.606184
233.232,1.02303,-1.6502,0.623109,0.0164946,0.606615
233.28,0.933506,-1.64992,0.618914,0.0120373,0.606877
233.328,0.852474,-1.64963,0.615967,0.00896769,0.606999
233.376,0.791455,-1.64936,0.614191,0.00715248,0.607039
233.424,0.806451,-1.64919,0.614612,0.00756378,0.607048
233.472,0.758937,-1.64893,0.613354,0.00633232,0.607022
233.52,0.762428,-1.64876,0.613414,0.00641601,0.606998
233.568,0.787439,-1.64857,0.614018,0.00704644,0.606971
233.616,0.808959,-1.64842,0.614607,0.00763512,0.606972
233.664,0.816957,-1.64825,0.614879,0.00786552,0.607014
233.712,0.797945,-1.64808,0.614379,0.00732849,0.60705
233.76,0.837969,-1.648,0.61565,0.00850193,0.607148
233.808,0.87147,-1.64791,0.616884,0.00961613,0.607268
233.856,0.911494,-1.64789,0.618552,0.0111224,0.60743
233.904,0.930998,-1.64785,0.619542,0.0119315,0.60761
233.952,0.972514,-1.64788,0.621661,0.0138314,0.607829
234,1.00102,-1.64792,0.623372,0.0152856,0.608086
234.048,1.03753,-1.64807,0.625721,0.0173402,0.608381
234.096,1.05505,-1.64821,0.627116,0.0184061,0.60871
234.144,1.07905,-1.64836,0.629012,0.0199543,0.609057
234.192,1.09506,-1.64858,0.630478,0.0210452,0.609433
234.24,1.27963,-1.64951,0.647018,0.0371483,0.60987
234.288,1.59125,-1.65221,0.685474,0.074971,0.610503
234.336,1.75231,-1.65467,0.704749,0.0934187,0.61133
234.384,1.7068,-1.65599,0.700794,0.0885765,0.612218
234.432,1.51872,-1.65606,0.678824,0.0657811,0.613042
234.48,1.32014,-1.65545,0.655206,0.0415062,0.6137
234.528,1.12658,-1.65469,0.637479,0.023322,0.614157
234.576,0.987527,-1.6541,0.62897,0.0145745,0.614395
234.624,0.932998,-1.65374,0.626508,0.0120119,0.614496
234.672,0.836461,-1.65329,0.622943,0.00845131,0.614492
234.72,0.807451,-1.65291,0.621993,0.0075898,0.614403
234.768,0.763936,-1.65252,0.620715,0.00645059,0.614264
234.816,0.777441,-1.65219,0.620906,0.00678587,0.61412
234.864,0.740433,-1.65181,0.619862,0.00590482,0.613957
234.912,0.783948,-1.65153,0.620806,0.00695348,0.613853
234.96,0.81345,-1.65124,0.621504,0.00776195,0.613742
235.008,0.814958,-1.65094,0.621466,0.00780572,0.61366
235.056,0.825955,-1.65067,0.621742,0.00813082,0.613611
235.104,0.853966,-1.65042,0.622593,0.00901646,0.613577
235.152,0.853474,-1.65017,0.622566,0.00900032,0.613566
235.2,0.894482,-1.64997,0.624037,0.010456,0.613581
235.248,0.918493,-1.64982,0.625048,0.0114051,0.613643
235.296,0.926999,-1.64965,0.625494,0.0117598,0.613734
235.344,0.960008,-1.64955,0.627096,0.0132309,0.613865
235.392,0.957517,-1.64941,0.627114,0.0131145,0.613999
235.44,0.953502,-1.64927,0.627078,0.0129288,0.61415
235.488,1.00102,-1.64923,0.629584,0.015284,0.6143
235.536,1.01203,-1.64913,0.630351,0.0158806,0.614471
235.584,0.987019,-1.64899,0.629191,0.0145543,0.614637
235.632,1.02454,-1.64899,0.631397,0.0165821,0.614815
235.68,1.03704,-1.64892,0.632318,0.0173099,0.615008
235.728,1.04755,-1.64893,0.633154,0.0179418,0.615213
235.776,1.05555,-1.64889,0.633856,0.0184359,0.61542
235.824,1.06605,-1.64887,0.634725,0.0191021,0.615623
235.872,1.08456,-1.64893,0.636182,0.0203234,0.615858
235.92,1.15057,-1.64914,0.641315,0.0252008,0.616115
235.968,1.4462,-1.65108,0.673121,0.0565911,0.61653
236.016,1.63976,-1.65339,0.698043,0.0808866,0.617157
236.064,1.63526,-1.65475,0.698214,0.0803363,0.617878
236.112,1.51022,-1.65492,0.683276,0.0647019,0.618574
236.16,1.35615,-1.65471,0.664762,0.0456146,0.619148
236.208,1.21461,-1.65415,0.650306,0.03072,0.619586
236.256,1.08156,-1.65358,0.63997,0.0201138,0.619856
236.304,0.970514,-1.653,0.633682,0.0137286,0.619954
236.352,0.916493,-1.65254,0.631263,0.0113209,0.619942
236.4,0.851966,-1.65209,0.628803,0.00894922,0.619854
236.448,0.816957,-1.65166,0.62759,0.00786343,0.619726
236.496,0.792454,-1.65122,0.626719,0.00717818,0.619541
236.544,0.749923,-1.65076,0.625432,0.0061203,0.619312
236.592,0.738433,-1.65032,0.62492,0.00586112,0.619059
236.64,0.759429,-1.64993,0.62516,0.00634354,0.618817
236.688,0.747923,-1.64949,0.624639,0.00607498,0.618564
236.736,0.713422,-1.64904,0.62364,0.00533272,0.618307
236.784,0.747431,-1.64863,0.624085,0.00606415,0.618021
236.832,0.772442,-1.64825,0.624444,0.00666196,0.617782
236.88,0.752938,-1.64783,0.623753,0.00619157,0.617561
236.928,0.736925,-1.64741,0.623161,0.00582916,0.617332
236.976,0.746923,-1.64701,0.623153,0.0060533,0.617099
237.024,0.688411,-1.64654,0.62169,0.00485055,0.616839
237.072,0.742432,-1.64617,0.622535,0.00595209,0.616583
237.12,0.674398,-1.64571,0.62093,0.00459878,0.616331
237.168,0.730927,-1.64533,0.621768,0.00569952,0.616069
237.216,0.750431,-1.64496,0.621967,0.00613475,0.615832
237.264,0.738433,-1.64455,0.621483,0.0058637,0.615619
237.312,0.784948,-1.64421,0.622418,0.00698345,0.615435
237.36,0.713422,-1.64377,0.620571,0.00533487,0.615236
237.408,0.727927,-1.64339,0.620665,0.0056361,0.615029
237.456,0.728927,-1.643,0.620491,0.00565761,0.614833
237.504,0.704408,-1.64258,0.619747,0.00515607,0.614591
237.552,0.713914,-1.64217,0.619673,0.00534549,0.614328
237.6,0.681396,-1.64175,0.6188,0.00472449,0.614076
237.648,0.663892,-1.64132,0.618209,0.00441962,0.613789
237.696,0.635882,-1.64089,0.617461,0.00397079,0.61349
237.744,0.646388,-1.64048,0.617312,0.0041339,0.613178
237.792,0.656893,-1.64008,0.6172,0.00430346,0.612897
237.84,0.63639,-1.63964,0.616568,0.00397892,0.612589
237.888,0.626376,-1.63921,0.616085,0.0038292,0.612256
237.936,0.595874,-1.63875,0.615299,0.00340589,0.611893
237.984,0.622884,-1.63834,0.615325,0.00377851,0.611547
238.032,0.534854,-1.63786,0.613833,0.00269139,0.611142
238.08,0.52384,-1.63741,0.613315,0.00257912,0.610736
238.128,0.537346,-1.63695,0.613025,0.00271765,0.610307
238.176,0.514334,-1.63649,0.612335,0.00248602,0.609849
238.224,0.51535,-1.63602,0.611857,0.00249592,0.609361
238.272,0.471327,-1.63553,0.610964,0.00210388,0.60886
238.32,0.473327,-1.63505,0.610467,0.00212037,0.608347
238.368,0.439809,-1.63456,0.609671,0.00186114,0.60781
238.416,0.425304,-1.63407,0.609021,0.00175892,0.607262
238.464,0.432811,-1.63358,0.608518,0.00181121,0.606707
238.512,0.400293,-1.63307,0.607722,0.00159553,0.606127
238.56,0.378298,-1.63255,0.606959,0.00146424,0.605495
238.608,0.363285,-1.63204,0.606255,0.00138084,0.604874
238.656,0.353287,-1.63151,0.605548,0.00132794,0.60422
238.704,0.351287,-1.63098,0.604867,0.00131764,0.603549
238.752,0.313771,-1.63044,0.603996,0.0011377,0.602858
238.8,0.31677,-1.6299,0.603294,0.0011512,0.602143
238.848,0.287252,-1.62935,0.602455,0.00102547,0.60143
238.896,0.252243,-1.62878,0.601545,0.000893913,0.600651
238.944,0.247244,-1.62822,0.600768,0.000876581,0.599891
238.992,0.213235,-1.62764,0.599857,0.000767016,0.59909
239.04,0.188716,-1.62705,0.598964,0.000696584,0.598267
239.088,0.17172,-1.62646,0.598075,0.000651585,0.597423
239.136,0.190224,-1.62586,0.59727,0.000700789,0.596569
239.184,0.125205,-1.62525,0.59622,0.00054267,0.595677
239.232,0.123697,-1.62463,0.595264,0.000539484,0.594725
239.28,0.0636774,-1.62399,0.594182,0.000425949,0.593756
239.328,0.0841812,-1.62335,0.593212,0.000461799,0.59275
239.376,0.0291603,-1.6227,0.592079,0.000371821,0.591707
239.424,0.0431572,-1.62203,0.591055,0.000392926,0.590662
239.472,-0.0128635,-1.62135,0.589871,0.00031509,0.589556
239.52,-0.0248609,-1.62066,0.588719,0.000300547,0.588418
239.568,-0.0423653,-1.61996,0.587547,0.000280515,0.587266
239.616,-0.0753745,-1.61925,0.586328,0.000246283,0.586082
239.664,-0.0698839,-1.61852,0.585155,0.000251689,0.584903
239.712,-0.1459,-1.61778,0.583867,0.000186477,0.583681
239.76,-0.121889,-1.61703,0.582665,0.000205023,0.58246
239.808,-0.158914,-1.61627,0.581371,0.000177161,0.581194
239.856,-0.127396,-1.6155,0.580154,0.000200639,0.579953
239.904,-0.16842,-1.61471,0.578848,0.000170657,0.578677
239.952,-0.156406,-1.61391,0.577603,0.000178956,0.577424
240,-0.172419,-1.6131,0.576312,0.000168005,0.576144
240.048,-0.189924,-1.61229,0.575049,0.000156798,0.574892
240.096,-0.193415,-1.61146,0.573786,0.000154662,0.573631
240.144,-0.200921,-1.61062,0.572514,0.000150155,0.572363
240.192,-0.215426,-1.60977,0.571229,0.000141807,0.571087
240.24,-0.261449,-1.60891,0.569918,0.000118252,0.5698
240.288,-0.265448,-1.60804,0.568607,0.000116406,0.56849
240.336,-0.273447,-1.60717,0.567307,0.000112795,0.567194
240.384,-0.28746,-1.60628,0.566008,0.00010673,0.565902
240.432,-0.271955,-1.60538,0.564734,0.000113477,0.56462
240.48,-0.306472,-1.60447,0.56339,9.90229e-05,0.563291
240.528,-0.311471,-1.60355,0.56206,9.70938e-05,0.561963
240.576,-0.335482,-1.60262,0.560703,8.83154e-05,0.560615
240.624,-0.354478,-1.60168,0.559311,8.19374e-05,0.559229
240.672,-0.399993,-1.60073,0.557904,6.84592e-05,0.557835
240.72,-0.412007,-1.59976,0.556506,6.52909e-05,0.556441
240.768,-0.400501,-1.59879,0.555106,6.8332e-05,0.555038
240.816,-0.438509,-1.5978,0.553634,5.88095e-05,0.553575
240.864,-0.443525,-1.5968,0.552125,5.76601e-05,0.552068
240.912,-0.466028,-1.59578,0.550598,5.27592e-05,0.550545
240.96,-0.511543,-1.59476,0.549063,4.40793e-05,0.549019
241.008,-0.474026,-1.59372,0.547597,5.11261e-05,0.547546
241.056,-0.503036,-1.59267,0.546113,4.55931e-05,0.546067
241.104,-0.51505,-1.59161,0.544581,4.3483e-05,0.544537
241.152,-0.55255,-1.59054,0.543018,3.74978e-05,0.542981
241.2,-0.562056,-1.58945,0.541486,3.61184e-05,0.54145
241.248,-0.551059,-1.58836,0.539959,3.77257e-05,0.539922
241.296,-0.558057,-1.58725,0.538438,3.66998e-05,0.538402
241.344,-0.566055,-1.58613,0.536906,3.55611e-05,0.53687
241.392,-0.571562,-1.58501,0.535412,3.47987e-05,0.535377
241.44,-0.562056,-1.58387,0.533949,3.61337e-05,0.533913
241.488,-0.588067,-1.58272,0.532432,3.26073e-05,0.5324
241.536,-0.601572,-1.58157,0.530917,3.09155e-05,0.530886
241.584,-0.646595,-1.5804,0.529365,2.58791e-05,0.529339
241.632,-0.608571,-1.57922,0.52784,3.00776e-05,0.52781
241.68,-0.628091,-1.57804,0.526367,2.78473e-05,0.526339
241.728,-0.646087,-1.57684,0.524887,2.59381e-05,0.524861
241.776,-0.637597,-1.57564,0.523424,2.68255e-05,0.523398
241.824,-0.653102,-1.57443,0.521977,2.52336e-05,0.521952
241.872,-0.653594,-1.57321,0.520497,2.51869e-05,0.520471
241.92,-0.660592,-1.57199,0.519059,2.45022e-05,0.519034
241.968,-0.6611,-1.57075,0.51759,2.44553e-05,0.517566
242.016,-0.686603,-1.56951,0.516108,2.2113e-05,0.516086
242.064,-0.706615,-1.56826,0.514647,2.04335e-05,0.514627
242.112,-0.718121,-1.567,0.513155,1.95271e-05,0.513136
242.16,-0.716613,-1.56573,0.511668,1.96457e-05,0.511649
242.208,-0.674606,-1.56445,0.51026,2.31955e-05,0.510236
242.256,-0.748131,-1.56317,0.508829,1.73484e-05,0.508812
242.304,-0.714613,-1.56188,0.507398,1.98073e-05,0.507378
242.352,-0.735134,-1.56059,0.505974,1.82663e-05,0.505956
242.4,-0.767143,-1.55928,0.504522,1.60974e-05,0.504506
242.448,-0.794645,-1.55797,0.503045,1.4441e-05,0.50303
242.496,-0.803152,-1.55664,0.501515,1.3965e-05,0.501501
242.544,-0.80915,-1.5553,0.499999,1.36392e-05,0.499985
242.592,-0.777649,-1.55396,0.498519,1.5449e-05,0.498503
242.64,-0.790155,-1.55261,0.49705,1.47055e-05,0.497035
242.688,-0.825655,-1.55125,0.495572,1.27819e-05,0.495559
242.736,-0.83067,-1.54988,0.494103,1.25323e-05,0.49409
242.784,-0.838161,-1.5485,0.492623,1.21681e-05,0.492611
242.832,-0.83467,-1.54711,0.491154,1.23384e-05,0.491142
242.88,-0.83916,-1.54572,0.489702,1.21226e-05,0.48969
242.928,-0.884692,-1.54432,0.48821,1.01273e-05,0.4882
242.976,-0.86168,-1.54291,0.486743,1.10927e-05,0.486732
243.024,-0.89918,-1.54149,0.485275,9.56577e-06,0.485266
243.072,-0.883184,-1.54006,0.483847,1.01911e-05,0.483837
243.12,-0.874677,-1.53863,0.482428,1.05407e-05,0.482418
243.168,-0.911194,-1.53718,0.480999,9.12517e-06,0.48099
243.216,-0.896181,-1.53574,0.479596,9.68405e-06,0.479587
243.264,-0.864171,-1.53428,0.478255,1.09912e-05,0.478244
243.312,-0.879676,-1.53283,0.476928,1.0339e-05,0.476918
243.36,-0.886183,-1.53137,0.47562,1.00777e-05,0.47561
243.408,-0.908686,-1.5299,0.474283,9.22114e-06,0.474273
243.456,-0.924699,-1.52842,0.472919,8.65662e-06,0.47291
243.504,-0.886691,-1.52694,0.471611,1.00608e-05,0.471601
243.552,-0.898688,-1.52545,0.470315,9.59601e-06,0.470305
243.6,-0.950202,-1.52396,0.468996,7.82928e-06,0.468988
243.648,-0.903196,-1.52246,0.467732,9.42871e-06,0.467722
243.696,-0.897181,-1.52096,0.466465,9.65664e-06,0.466455
243.744,-0.881184,-1.51946,0.465244,1.0288e-05,0.465233
243.792,-0.932206,-1.51795,0.463995,8.41023e-06,0.463987
243.84,-0.930698,-1.51643,0.462759,8.46147e-06,0.462751
243.888,-0.941204,-1.51491,0.461536,8.11826e-06,0.461528
243.936,-0.958708,-1.51339,0.460295,7.5765e-06,0.460287
243.984,-0.915193,-1.51186,0.459093,8.99929e-06,0.459084
244.032,-0.965215,-1.51032,0.457875,7.38585e-06,0.457868
244.08,-0.939696,-1.50878,0.456649,8.17057e-06,0.456641
244.128,-0.992717,-1.50723,0.455407,6.62669e-06,0.4554
244.176,-0.987718,-1.50568,0.454158,6.75971e-06,0.454151
244.224,-0.973213,-1.50412,0.452953,7.15939e-06,0.452946
244.272,-0.992717,-1.50255,0.451744,6.62903e-06,0.451737
244.32,-0.992717,-1.50098,0.450512,6.62982e-06,0.450505
244.368,-1.03174,-1.49939,0.449242,5.68291e-06,0.449236
244.416,-1.02523,-1.49781,0.448026,5.83165e-06,0.44802
244.464,-1.00973,-1.49621,0.446773,6.20093e-06,0.446767
244.512,-1.05425,-1.4946,0.445532,5.20119e-06,0.445527
244.56,-1.03074,-1.49299,0.444314,5.70817e-06,0.444309
244.608,-1.03123,-1.49138,0.44312,5.69778e-06,0.443114
244.656,-1.01124,-1.48976,0.441977,6.16709e-06,0.441971
244.704,-1.02674,-1.48813,0.440868,5.80123e-06,0.440862
244.752,-1.02823,-1.4865,0.439743,5.76784e-06,0.439737
244.8,-1.03725,-1.48486,0.4386,5.56666e-06,0.438595
244.848,-1.00873,-1.48322,0.437536,6.23158e-06,0.43753
244.896,-1.04525,-1.48158,0.436479,5.39477e-06,0.436473
244.944,-1.02623,-1.47993,0.435404,5.81649e-06,0.435398
244.992,-1.03174,-1.47828,0.43438,5.69197e-06,0.434374
245.04,-1.03474,-1.47662,0.433329,5.62559e-06,0.433323
245.088,-1.02874,-1.47496,0.432295,5.76128e-06,0.43229
245.136,-1.03474,-1.47329,0.431318,5.627e-06,0.431313
245.184,-1.03674,-1.47163,0.430336,5.58341e-06,0.430331
245.232,-1.03323,-1.46995,0.429331,5.66206e-06,0.429325
245.28,-1.04674,-1.46827,0.42835,5.36845e-06,0.428345
245.328,-1.01873,-1.46659,0.427415,5.99766e-06,0.427409
245.376,-1.01873,-1.46491,0.426509,5.99842e-06,0.426503
245.424,-1.03423,-1.46322,0.425585,5.64259e-06,0.425579
245.472,-1.03223,-1.46153,0.424663,5.68809e-06,0.424658
245.52,-1.03925,-1.45983,0.423728,5.53326e-06,0.423723
245.568,-1.04225,-1.45813,0.422809,5.46876e-06,0.422804
245.616,-1.05175,-1.45642,0.421884,5.26778e-06,0.421879
245.664,-1.06524,-1.4547,0.420926,4.99494e-06,0.420921
245.712,-1.07175,-1.45298,0.419974,4.86876e-06,0.419969
245.76,-1.08925,-1.45126,0.419059,4.5439e-06,0.419054
245.808,-1.04574,-1.44953,0.418161,5.39731e-06,0.418156
245.856,-1.07526,-1.44779,0.417264,4.80361e-06,0.417259
245.904,-1.07926,-1.44604,0.41635,4.7289e-06,0.416345
245.952,-1.09227,-1.44429,0.415446,4.49242e-06,0.415442
246,-1.10176,-1.44254,0.414575,4.32762e-06,0.414571
246.048,-1.07426,-1.44078,0.413712,4.82517e-06,0.413708
246.096,-1.1803,-1.43901,0.412814,3.1736e-06,0.412811
246.144,-1.13228,-1.43723,0.411888,3.83742e-06,0.411884
246.192,-1.12577,-1.43544,0.410989,3.93791e-06,0.410985
246.24,-1.14978,-1.43365,0.410104,3.58187e-06,0.4101
246.288,-1.10977,-1.43185,0.409233,4.19605e-06,0.409229
246.336,-1.13878,-1.43004,0.408384,3.74201e-06,0.40838
246.384,-1.08876,-1.42823,0.407554,4.56063e-06,0.40755
246.432,-1.04474,-1.42641,0.40679,5.42809e-06,0.406785
246.48,-1.08476,-1.42459,0.406019,4.63455e-06,0.406014
246.528,-1.08725,-1.42276,0.405241,4.58977e-06,0.405237
246.576,-1.10427,-1.42092,0.404457,4.2919e-06,0.404453
246.624,-1.14128,-1.41907,0.403618,3.7084e-06,0.403614
246.672,-1.07575,-1.41722,0.402881,4.8053e-06,0.402876
246.72,-1.09627,-1.41536,0.402157,4.43158e-06,0.402152
246.768,-1.08776,-1.41349,0.401444,4.58375e-06,0.401439
246.816,-1.09827,-1.41162,0.400725,4.39793e-06,0.400721
246.864,-1.11877,-1.40974,0.400004,4.05617e-06,0.4
246.912,-1.09776,-1.40785,0.399315,4.40802e-06,0.399311
246.96,-1.09276,-1.40596,0.398657,4.49661e-06,0.398653
247.008,-1.08176,-1.40406,0.398008,4.69703e-06,0.398004
247.056,-1.10027,-1.40216,0.397376,4.36641e-06,0.397372
247.104,-1.08276,-1.40025,0.396766,4.67985e-06,0.396761
247.152,-1.10476,-1.39833,0.396141,4.29082e-06,0.396136
247.2,-1.10627,-1.39641,0.395483,4.26594e-06,0.395478
247.248,-1.11877,-1.39447,0.394838,4.06081e-06,0.394834
247.296,-1.14778,-1.39252,0.394114,3.62144e-06,0.394111
247.344,-1.15578,-1.39056,0.393445,3.50926e-06,0.393442
247.392,-1.13728,-1.38859,0.392781,3.77609e-06,0.392777
247.44,-1.11977,-1.38662,0.392151,4.04717e-06,0.392147
247.488,-1.14278,-1.38463,0.391491,3.69588e-06,0.391487
247.536,-1.14627,-1.38263,0.39082,3.64578e-06,0.390817
247.584,-1.15778,-1.38061,0.390153,3.48423e-06,0.39015
247.632,-1.1833,-1.37859,0.389498,3.15043e-06,0.389494
247.68,-1.10727,-1.37655,0.388877,4.25543e-06,0.388873
247.728,-1.11877,-1.3745,0.388264,4.06688e-06,0.38826
247.776,-1.14878,-1.37245,0.387661,3.61258e-06,0.387658
247.824,-1.15729,-1.37037,0.387001,3.49368e-06,0.386997
247.872,-1.15029,-1.36828,0.386374,3.59223e-06,0.38637
247.92,-1.15578,-1.36618,0.385764,3.51566e-06,0.385761
247.968,-1.14778,-1.36406,0.38511,3.62915e-06,0.385106
248.016,-1.15029,-1.36193,0.384473,3.59393e-06,0.384469
248.064,-1.1853,-1.35978,0.383833,3.13003e-06,0.38383
248.112,-1.25132,-1.3576,0.383078,2.41157e-06,0.383075
248.16,-1.27233,-1.3554,0.382244,2.21975e-06,0.382242
248.208,-1.32835,-1.35317,0.381344,1.77917e-06,0.381342
248.256,-1.32935,-1.35091,0.380392,1.77245e-06,0.38039
248.304,-1.31784,-1.34862,0.379469,1.85523e-06,0.379468
248.352,-1.34536,-1.3463,0.37854,1.66432e-06,0.378538
248.4,-1.34636,-1.34395,0.377589,1.65805e-06,0.377587
248.448,-1.32184,-1.34158,0.376716,1.8271e-06,0.376714
248.496,-1.34336,-1.33917,0.375823,1.67842e-06,0.375821
248.544,-1.33935,-1.33674,0.37493,1.70558e-06,0.374928
248.592,-1.32835,-1.33428,0.374059,1.78168e-06,0.374057
248.64,-1.32184,-1.33178,0.373228,1.82843e-06,0.373227
248.688,-1.33635,-1.32926,0.372391,1.72688e-06,0.372389
248.736,-1.33286,-1.32671,0.371594,1.7512e-06,0.371592
248.784,-1.33735,-1.32412,0.370804,1.72073e-06,0.370802
248.832,-1.34035,-1.32151,0.370024,1.70078e-06,0.370022
248.88,-1.33586,-1.31886,0.369218,1.73158e-06,0.369216
248.928,-1.34885,-1.31617,0.368437,1.6452e-06,0.368436
248.976,-1.32635,-1.31345,0.367676,1.79859e-06,0.367674
249.024,-1.28934,-1.31071,0.367008,2.08231e-06,0.367006
249.072,-1.31784,-1.30792,0.366312,1.86086e-06,0.36631
249.12,-1.30234,-1.3051,0.365633,1.97887e-06,0.365631
249.168,-1.28483,-1.30225,0.364999,2.12107e-06,0.364997
249.216,-1.30285,-1.29936,0.364394,1.97574e-06,0.364392
249.264,-1.29734,-1.29644,0.363805,2.01966e-06,0.363803
249.312,-1.28233,-1.29347,0.363203,2.14359e-06,0.363201
249.36,-1.29034,-1.29047,0.362654,2.07722e-06,0.362652
249.408,-1.29934,-1.28743,0.362067,2.0051e-06,0.362065
249.456,-1.27082,-1.28435,0.361526,2.24484e-06,0.361524
249.504,-1.26282,-1.28122,0.361001,2.31748e-06,0.360999
249.552,-1.29234,-1.27806,0.360483,2.06277e-06,0.360481
249.6,-1.27584,-1.27484,0.359968,2.20233e-06,0.359965
249.648,-1.25682,-1.27159,0.359528,2.37477e-06,0.359525
249.696,-1.25882,-1.26829,0.359103,2.35665e-06,0.359101
249.744,-1.24883,-1.26494,0.358716,2.45225e-06,0.358714
249.792,-1.24681,-1.26154,0.358241,2.47249e-06,0.358238
249.84,-1.34685,-1.25807,0.357668,1.66541e-06,0.357666
249.888,-1.37136,-1.25454,0.357031,1.51208e-06,0.35703
249.936,-1.39738,-1.25094,0.356373,1.36463e-06,0.356372
249.984,-1.39488,-1.24727,0.355693,1.3786e-06,0.355692
250.032,-1.41889,-1.24353,0.354969,1.25413e-06,0.354968
250.08,-1.43339,-1.2397,0.354224,1.18459e-06,0.354223
250.128,-1.42689,-1.2358,0.353505,1.2158e-06,0.353504
250.176,-1.42489,-1.23181,0.352767,1.22581e-06,0.352766
250.224,-1.43039,-1.22774,0.352028,1.19977e-06,0.352027
250.272,-1.41838,-1.22357,0.351288,1.2585e-06,0.351287
250.32,-1.41689,-1.21932,0.350639,1.26634e-06,0.350638
250.368,-1.40638,-1.21497,0.349975,1.32045e-06,0.349974
250.416,-1.42689,-1.21052,0.349356,1.21807e-06,0.349355
250.464,-1.42289,-1.20596,0.34873,1.23789e-06,0.348728
250.512,-1.4559,-1.20129,0.348073,1.08685e-06,0.348072
250.56,-1.43588,-1.19651,0.347417,1.17672e-06,0.347416
250.608,-1.43088,-1.1916,0.346767,1.20063e-06,0.346766
250.656,-1.40838,-1.18656,0.346202,1.3128e-06,0.3462
250.704,-1.41838,-1.1814,0.345653,1.26241e-06,0.345651
250.752,-1.40887,-1.1761,0.345128,1.31126e-06,0.345127
250.8,-1.40987,-1.17065,0.344607,1.30661e-06,0.344605
250.848,-1.37837,-1.16504,0.344095,1.48046e-06,0.344093
250.896,-1.39888,-1.15928,0.34365,1.36579e-06,0.343649
250.944,-1.38237,-1.15335,0.343234,1.45849e-06,0.343232
250.992,-1.36587,-1.14723,0.342835,1.5575e-06,0.342834
251.04,-1.37486,-1.14093,0.342468,1.50377e-06,0.342467
251.088,-1.35136,-1.13444,0.342151,1.65094e-06,0.342149
251.136,-1.36736,-1.12772,0.341834,1.55055e-06,0.341832
251.184,-1.36787,-1.12078,0.341553,1.54823e-06,0.341551
251.232,-1.33535,-1.1136,0.341295,1.76148e-06,0.341294
251.28,-1.33986,-1.10617,0.341061,1.73132e-06,0.34106
251.328,-1.33486,-1.09845,0.340853,1.76686e-06,0.340851
251.376,-1.32284,-1.09045,0.340676,1.85386e-06,0.340674
251.424,-1.34936,-1.08212,0.340491,1.6704e-06,0.340489
251.472,-1.35136,-1.07345,0.34033,1.65829e-06,0.340328
251.52,-1.30934,-1.06441,0.3402,1.9592e-06,0.340198
251.568,-1.34336,-1.05498,0.340073,1.71385e-06,0.340071
251.616,-1.33286,-1.0451,0.339969,1.78779e-06,0.339967
251.664,-1.34436,-1.03476,0.339876,1.70959e-06,0.339874
251.712,-1.35085,-1.02389,0.339768,1.6676e-06,0.339766
251.76,-1.36336,-1.01245,0.339639,1.5885e-06,0.339638
251.808,-1.40787,-1.00038,0.339438,1.33338e-06,0.339436
251.856,-1.46189,-0.987597,0.339168,1.07802e-06,0.339167
251.904,-1.48991,-0.974032,0.338836,9.65988e-07,0.338835
251.952,-1.51492,-0.959599,0.338496,8.75973e-07,0.338495
252,-1.51292,-0.944192,0.338155,8.83899e-07,0.338154
252.048,-1.52942,-0.927697,0.337841,8.29059e-07,0.33784
252.096,-1.51342,-0.909967,0.337533,8.84288e-07,0.337533
252.144,-1.53844,-0.890834,0.337241,8.02148e-07,0.33724
252.192,-1.52742,-0.870096,0.337009,8.39076e-07,0.337008
252.24,-1.53793,-0.847507,0.336832,8.0624e-07,0.336832
252.288,-1.52642,-0.822762,0.336726,8.45229e-07,0.336726
252.336,-1.55092,-0.795471,0.336646,7.68691e-07,0.336645
252.384,-1.49692,-0.765153,0.336699,9.53624e-07,0.336698
252.432,-1.50292,-0.731179,0.336864,9.335e-07,0.336863
252.48,-1.50992,-0.692705,0.337136,9.10473e-07,0.337135
252.528,-1.49041,-0.648583,0.337539,9.86451e-07,0.337538
252.576,-1.50392,-0.597198,0.338115,9.38498e-07,0.338114
252.624,-1.4784,-0.53618,0.33895,1.04244e-06,0.338949
252.672,-1.48691,-0.461867,0.34012,1.01307e-06,0.340119
252.72,-1.46791,-0.368188,0.341707,1.09894e-06,0.341706
252.768,-1.4594,-0.244189,0.343986,1.14584e-06,0.343984
252.816,-1.4774,-0.0674913,0.347374,1.07936e-06,0.347373
252.864,-1.47091,0.215603,0.353021,1.12699e-06,0.35302
252.912,-1.43288,0.752132,0.363854,1.35169e-06,0.363853
252.96,-1.4694,1.64062,0.384022,1.23647e-06,0.38402
253.008,-1.42889,1.42865,0.385636,1.45904e-06,0.385635
253.056,-1.44939,-0.377344,0.346064,1.20875e-06,0.346063
253.104,-1.38688,-0.936377,0.325485,1.45687e-06,0.325484
253.152,-1.40938,-0.934364,0.324923,1.33179e-06,0.324922
253.2,-1.41889,-0.917792,0.325006,1.28418e-06,0.325005
253.248,-1.41389,-0.899719,0.325138,1.31149e-06,0.325137
253.296,-1.39337,-0.880202,0.325348,1.42427e-06,0.325347
253.344,-1.37186,-0.859032,0.325628,1.55295e-06,0.325627
253.392,-1.39888,-0.835946,0.325947,1.39799e-06,0.325946
253.44,-1.36736,-0.810616,0.326304,1.58629e-06,0.326302
253.488,-1.39738,-0.782635,0.32671,1.41156e-06,0.326708
253.536,-1.37486,-0.751482,0.327212,1.54634e-06,0.32721
253.584,-1.38688,-0.716481,0.327827,1.47825e-06,0.327825
253.632,-1.39738,-0.676713,0.328511,1.42206e-06,0.32851
253.68,-1.36836,-0.630928,0.329347,1.59999e-06,0.329346
253.728,-1.38937,-0.577341,0.330342,1.47793e-06,0.33034
253.776,-1.37237,-0.513302,0.331601,1.58755e-06,0.3316
253.824,-1.38488,-0.434651,0.333207,1.51904e-06,0.333205
253.872,-1.39437,-0.334336,0.335231,1.47295e-06,0.33523
253.92,-1.37437,-0.199252,0.337992,1.60825e-06,0.33799
253.968,-1.34985,-0.00160525,0.342113,1.79437e-06,0.342111
254.016,-1.39237,0.328467,0.348843,1.54772e-06,0.348841
254.064,-1.42789,0.9748,0.361958,1.3966e-06,0.361957
254.112,-1.50541,1.76627,0.381654,1.08519e-06,0.381653
254.16,-1.50541,1.05245,0.371788,1.05863e-06,0.371787
254.208,-1.55194,-0.714129,0.328923,7.80401e-07,0.328922
254.256,-1.53893,-0.940577,0.31898,7.98027e-07,0.318979
254.304,-1.57995,-0.92978,0.318549,6.78881e-07,0.318549
254.352,-1.56794,-0.913335,0.318347,7.12727e-07,0.318346
254.4,-1.54293,-0.895545,0.318182,7.87782e-07,0.318182
254.448,-1.55194,-0.876317,0.318098,7.6125e-07,0.318097
254.496,-1.56745,-0.855436,0.318028,7.17063e-07,0.318028
254.544,-1.56194,-0.832646,0.318042,7.34027e-07,0.318041
254.592,-1.58295,-0.807623,0.318085,6.76727e-07,0.318084
254.64,-1.55994,-0.779962,0.318204,7.42607e-07,0.318203
254.688,-1.51792,-0.749158,0.318458,8.78683e-07,0.318457
254.736,-1.52142,-0.71454,0.318843,8.68688e-07,0.318842
254.784,-1.47291,-0.675211,0.319362,1.05518e-06,0.319361
254.832,-1.48341,-0.629939,0.32001,1.01544e-06,0.320009
254.88,-1.4744,-0.576974,0.320852,1.05612e-06,0.320851
254.928,-1.4814,-0.513726,0.321956,1.03175e-06,0.321955
254.976,-1.42138,-0.436129,0.323383,1.31486e-06,0.323382
255.024,-1.47691,-0.33735,0.32526,1.06274e-06,0.325259
255.072,-1.42089,-0.204744,0.32786,1.33771e-06,0.327859
255.12,-1.43739,-0.0116943,0.331686,1.26878e-06,0.331685
255.168,-1.4429,0.307973,0.338043,1.266e-06,0.338042
255.216,-1.44139,0.930036,0.350292,1.32061e-06,0.350291
255.264,-1.4429,1.74769,0.369679,1.38652e-06,0.369677
255.312,-1.4664,1.13255,0.362532,1.24004e-06,0.362531
255.36,-1.43288,-0.664483,0.321424,1.25598e-06,0.321423
255.408,-1.41989,-0.939938,0.31044,1.27763e-06,0.310439
255.456,-1.44139,-0.930898,0.310372,1.17382e-06,0.31037
255.504,-1.43339,-0.915197,0.310546,1.21287e-06,0.310545
255.552,-1.45039,-0.898225,0.310745,1.13545e-06,0.310744
255.6,-1.45439,-0.87992,0.310982,1.1191e-06,0.310981
255.648,-1.43188,-0.860093,0.311262,1.22492e-06,0.311261
255.696,-1.41738,-0.838518,0.311616,1.29918e-06,0.311615
255.744,-1.42289,-0.814908,0.312012,1.27334e-06,0.31201
255.792,-1.44839,-0.788907,0.312453,1.15336e-06,0.312452
255.84,-1.42789,-0.760065,0.31295,1.25326e-06,0.312949
255.888,-1.44339,-0.727807,0.313545,1.18143e-06,0.313544
255.936,-1.44039,-0.691373,0.314258,1.19856e-06,0.314257
255.984,-1.4449,-0.649729,0.315051,1.18081e-06,0.31505
256.032,-1.37986,-0.601448,0.316074,1.53201e-06,0.316073
256.08,-1.39738,-0.544463,0.317294,1.4351e-06,0.317292
256.128,-1.36937,-0.475618,0.318769,1.61063e-06,0.318768
256.176,-1.40038,-0.389833,0.320555,1.43309e-06,0.320553
256.224,-1.38588,-0.278232,0.322897,1.52891e-06,0.322896
256.272,-1.37337,-0.123517,0.32613,1.62258e-06,0.326129
256.32,-1.41138,0.11337,0.330987,1.41718e-06,0.330986
256.368,-1.35585,0.536058,0.339466,1.81015e-06,0.339464
256.416,-1.30985,1.34494,0.356157,2.27717e-06,0.356155
256.464,-1.36436,1.69681,0.369066,1.90177e-06,0.369064
256.512,-1.37537,0.290635,0.343936,1.69677e-06,0.343935
256.56,-1.38137,-0.897024,0.310721,1.4972e-06,0.310719
256.608,-1.4614,-0.937337,0.308565,1.08413e-06,0.308564
256.656,-1.49641,-0.923891,0.308585,9.44881e-07,0.308584
256.704,-1.50592,-0.908488,0.308664,9.1104e-07,0.308663
256.752,-1.50943,-0.891899,0.308656,8.99562e-07,0.308655
256.8,-1.55243,-0.873991,0.30869,7.59912e-07,0.30869
256.848,-1.58695,-0.854565,0.308664,6.63917e-07,0.308663
256.896,-1.58944,-0.833395,0.308659,6.584e-07,0.308658
256.944,-1.58395,-0.810202,0.308697,6.73949e-07,0.308696
256.992,-1.59695,-0.78464,0.3088,6.41357e-07,0.308799
257.04,-1.53993,-0.756272,0.309023,8.05085e-07,0.309022
257.088,-1.59095,-0.724527,0.309293,6.59521e-07,0.309292
257.136,-1.57944,-0.68865,0.309633,6.91935e-07,0.309632
257.184,-1.53744,-0.647645,0.310161,8.19234e-07,0.31016
257.232,-1.56645,-0.600113,0.31084,7.32887e-07,0.310839
257.28,-1.57194,-0.544024,0.31168,7.19918e-07,0.311679
257.328,-1.54992,-0.476318,0.312761,7.88979e-07,0.31276
257.376,-1.58095,-0.39209,0.314186,7.01892e-07,0.314185
257.424,-1.55643,-0.282822,0.316201,7.78939e-07,0.3162
257.472,-1.54393,-0.132039,0.319066,8.2646e-07,0.319065
257.52,-1.50992,0.0970307,0.323452,9.5909e-07,0.323451
257.568,-1.50692,0.500879,0.331173,9.94334e-07,0.331172
257.616,-1.47991,1.28095,0.34649,1.15819e-06,0.346489
257.664,-1.4509,1.72302,0.360301,1.35126e-06,0.3603
257.712,-1.4449,0.429562,0.338394,1.29969e-06,0.338392
257.76,-1.41789,-0.880068,0.303916,1.29889e-06,0.303915
257.808,-1.43988,-0.937402,0.301229,1.1804e-06,0.301228
257.856,-1.4524,-0.924946,0.301377,1.12431e-06,0.301375
257.904,-1.41438,-0.910317,0.301666,1.308e-06,0.301664
257.952,-1.42489,-0.894601,0.301998,1.25621e-06,0.301996
258,-1.41738,-0.877678,0.302352,1.2956e-06,0.302351
258.048,-1.40338,-0.859384,0.302764,1.37108e-06,0.302762
258.096,-1.39588,-0.839526,0.30326,1.41436e-06,0.303258
258.144,-1.38837,-0.817854,0.303778,1.45918e-06,0.303777
258.192,-1.39188,-0.794073,0.304372,1.44152e-06,0.304371
258.24,-1.40838,-0.767799,0.304964,1.35298e-06,0.304963
258.288,-1.40687,-0.73856,0.305646,1.36387e-06,0.305645
258.336,-1.38537,-0.705735,0.306396,1.48826e-06,0.306394
258.384,-1.39537,-0.668509,0.307275,1.43431e-06,0.307274
258.432,-1.39437,-0.625763,0.308255,1.44426e-06,0.308253
258.48,-1.43288,-0.575924,0.309354,1.24458e-06,0.309353
258.528,-1.40638,-0.516683,0.310602,1.38763e-06,0.3106
258.576,-1.41789,-0.444523,0.31218,1.33244e-06,0.312179
258.624,-1.39537,-0.353637,0.314181,1.46536e-06,0.314179
258.672,-1.39237,-0.233631,0.316782,1.49461e-06,0.316781
258.72,-1.40987,-0.0635507,0.320303,1.41005e-06,0.320302
258.768,-1.39637,0.205802,0.325763,1.51244e-06,0.325761
258.816,-1.41738,0.706091,0.335567,1.43363e-06,0.335566
258.864,-1.39537,1.56082,0.353713,1.64806e-06,0.353711
258.912,-1.38337,1.48992,0.35831,1.75026e-06,0.358308
258.96,-1.42739,-0.228739,0.32491,1.33364e-06,0.324909
259.008,-1.41638,-0.925235,0.302753,1.29814e-06,0.302751
259.056,-1.46891,-0.932632,0.30208,1.05277e-06,0.302079
259.104,-1.47691,-0.919927,0.302169,1.02091e-06,0.302168
259.152,-1.55294,-0.905961,0.302222,7.56677e-07,0.302221
259.2,-1.50792,-0.890955,0.302265,9.05019e-07,0.302264
259.248,-1.55943,-0.874787,0.3023,7.39154e-07,0.3023
259.296,-1.54343,-0.857301,0.302374,7.88375e-07,0.302373
259.344,-1.56094,-0.838311,0.302476,7.36668e-07,0.302475
259.392,-1.56143,-0.817584,0.30258,7.36318e-07,0.302579
259.44,-1.57844,-0.794842,0.302735,6.89542e-07,0.302734
259.488,-1.56894,-0.769738,0.30295,7.17209e-07,0.302949
259.536,-1.54443,-0.741835,0.303248,7.91691e-07,0.303247
259.584,-1.54193,-0.710567,0.303637,8.01328e-07,0.303637
259.632,-1.54093,-0.675186,0.304112,8.06487e-07,0.304111
259.68,-1.51842,-0.634698,0.304761,8.83983e-07,0.304761
259.728,-1.49641,-0.587709,0.305583,9.67463e-07,0.305582
259.776,-1.48341,-0.532211,0.306621,1.02234e-06,0.30662
259.824,-1.50992,-0.465156,0.307843,9.24873e-07,0.307842
259.872,-1.52442,-0.381677,0.309444,8.78256e-07,0.309444
259.92,-1.48641,-0.273321,0.311562,1.02797e-06,0.311561
259.968,-1.4784,-0.123816,0.314529,1.0714e-06,0.314528
260.016,-1.46389,0.102989,0.318956,1.15093e-06,0.318955
260.064,-1.4549,0.501037,0.326622,1.22145e-06,0.32662
260.112,-1.4694,1.26414,0.341538,1.20628e-06,0.341537
260.16,-1.4604,1.71296,0.355217,1.30024e-06,0.355216
260.208,-1.4564,0.457292,0.334347,1.24362e-06,0.334346
260.256,-1.44339,-0.870655,0.300181,1.17549e-06,0.30018
260.304,-1.48641,-0.934721,0.297283,9.82327e-07,0.297282
260.352,-1.43388,-0.92406,0.297486,1.2098e-06,0.297484
260.4,-1.43588,-0.911254,0.29778,1.20137e-06,0.297779
260.448,-1.42638,-0.897523,0.29808,1.24859e-06,0.298079
260.496,-1.43939,-0.882784,0.298414,1.18724e-06,0.298413
260.544,-1.42189,-0.86691,0.298802,1.27373e-06,0.298801
260.592,-1.41538,-0.849748,0.299214,1.30851e-06,0.299212
260.64,-1.41087,-0.831113,0.299645,1.33379e-06,0.299644
260.688,-1.37386,-0.810793,0.300192,1.54609e-06,0.30019
260.736,-1.39838,-0.788518,0.300804,1.4055e-06,0.300802
260.784,-1.36836,-0.763943,0.30145,1.58534e-06,0.301448
260.832,-1.40638,-0.736649,0.302159,1.36674e-06,0.302158
260.88,-1.35236,-0.706085,0.302942,1.69567e-06,0.30294
260.928,-1.37036,-0.671547,0.303857,1.58306e-06,0.303856
260.976,-1.34336,-0.632074,0.304914,1.76612e-06,0.304912
261.024,-1.35136,-0.586331,0.306053,1.71657e-06,0.306052
261.072,-1.35536,-0.532413,0.307379,1.69591e-06,0.307377
261.12,-1.33986,-0.467472,0.308975,1.81106e-06,0.308973
261.168,-1.33786,-0.386972,0.310914,1.83535e-06,0.310912
261.216,-1.33086,-0.283143,0.313313,1.89987e-06,0.313311
261.264,-1.29834,-0.141286,0.316535,2.18047e-06,0.316533
261.312,-1.30585,0.0704379,0.321104,2.14525e-06,0.321102
261.36,-1.29985,0.432851,0.328553,2.24543e-06,0.328551
261.408,-1.29834,1.13187,0.342622,2.35311e-06,0.34262
261.456,-1.31085,1.73509,0.359101,2.34497e-06,0.359099
261.504,-1.30385,0.734551,0.344085,2.30784e-06,0.344083
261.552,-1.31384,-0.811644,0.306765,1.97589e-06,0.306763
261.6,-1.32035,-0.932892,0.301992,1.89408e-06,0.30199
261.648,-1.33135,-0.924594,0.302348,1.81428e-06,0.302346
261.696,-1.31334,-0.91316,0.302787,1.94974e-06,0.302786
261.744,-1.32684,-0.900916,0.303286,1.85002e-06,0.303284
261.792,-1.28934,-0.887819,0.303853,2.14758e-06,0.303851
261.84,-1.28133,-0.87377,0.304464,2.21892e-06,0.304462
261.888,-1.32584,-0.858644,0.305053,1.86294e-06,0.305051
261.936,-1.29783,-0.842294,0.305658,2.08345e-06,0.305656
261.984,-1.31034,-0.82455,0.30626,1.98548e-06,0.306258
262.032,-1.28934,-0.805214,0.306955,2.16022e-06,0.306953
262.08,-1.29534,-0.784035,0.307688,2.11276e-06,0.307686
262.128,-1.30134,-0.760699,0.308445,2.06665e-06,0.308443
262.176,-1.30034,-0.734814,0.309243,2.0786e-06,0.309241
262.224,-1.28883,-0.705891,0.310128,2.17972e-06,0.310126
262.272,-1.27182,-0.673287,0.311115,2.33663e-06,0.311113
262.32,-1.27082,-0.636147,0.312216,2.35193e-06,0.312214
262.368,-1.24732,-0.593296,0.313449,2.58853e-06,0.313446
262.416,-1.25332,-0.543091,0.314882,2.53661e-06,0.314879
262.464,-1.2323,-0.483098,0.316571,2.76755e-06,0.316568
262.512,-1.23881,-0.409535,0.318526,2.71071e-06,0.318524
262.56,-1.27884,-0.316128,0.320864,2.32856e-06,0.320861
262.608,-1.27684,-0.191493,0.323839,2.3663e-06,0.323837
262.656,-1.24481,-0.0123625,0.327948,2.71655e-06,0.327945
262.704,-1.23131,0.276729,0.334267,2.917e-06,0.334264
262.752,-1.24432,0.819261,0.345485,2.86055e-06,0.345482
262.8,-1.22581,1.63009,0.364272,3.24094e-06,0.364269
262.848,-1.22031,1.31008,0.363973,3.30527e-06,0.363969
262.896,-1.22331,-0.451723,0.327159,2.93226e-06,0.327156
262.944,-1.22231,-0.923601,0.310904,2.79426e-06,0.310901
262.992,-1.24632,-0.925995,0.310952,2.5388e-06,0.31095
263.04,-1.21831,-0.916349,0.311527,2.83792e-06,0.311524
263.088,-1.24032,-0.905871,0.312128,2.60342e-06,0.312125
263.136,-1.22182,-0.894699,0.312753,2.80319e-06,0.312751
263.184,-1.24332,-0.882762,0.313384,2.57698e-06,0.313382
263.232,-1.28084,-0.869956,0.313921,2.22388e-06,0.313919
263.28,-1.32335,-0.856171,0.314373,1.88174e-06,0.314371
263.328,-1.38537,-0.841274,0.314705,1.47423e-06,0.314703
263.376,-1.38437,-0.825112,0.314973,1.48176e-06,0.314972
263.424,-1.44439,-0.807515,0.315234,1.1703e-06,0.315232
263.472,-1.4794,-0.788255,0.315422,1.02045e-06,0.315421
263.52,-1.50641,-0.76706,0.31555,9.18499e-07,0.315549
263.568,-1.52242,-0.743611,0.31571,8.63591e-07,0.315709
263.616,-1.52942,-0.717491,0.315902,8.41569e-07,0.315901
263.664,-1.55343,-0.688174,0.316143,7.66944e-07,0.316143
263.712,-1.50092,-0.654972,0.316529,9.46032e-07,0.316529
263.76,-1.52793,-0.616969,0.317031,8.52483e-07,0.31703
263.808,-1.50792,-0.572881,0.317648,9.25456e-07,0.317647
263.856,-1.50792,-0.520896,0.31845,9.28756e-07,0.318449
263.904,-1.50392,-0.45831,0.319522,9.47573e-07,0.319521
263.952,-1.52793,-0.380859,0.3209,8.66284e-07,0.320899
264,-1.4604,-0.281327,0.322789,1.13878e-06,0.322788
264.048,-1.46389,-0.146293,0.325472,1.1331e-06,0.325471
264.096,-1.42289,0.0526843,0.329496,1.3494e-06,0.329494
264.144,-1.42338,0.385775,0.33613,1.37437e-06,0.336129
264.192,-1.40987,1.02085,0.34876,1.50465e-06,0.348759
264.24,-1.42238,1.70846,0.365981,1.50322e-06,0.365979
264.288,-1.39037,0.948787,0.355475,1.6575e-06,0.355473
264.336,-1.37837,-0.721405,0.316285,1.54663e-06,0.316284
264.384,-1.39037,-0.926297,0.308168,1.43711e-06,0.308167
264.432,-1.35336,-0.922017,0.308177,1.66347e-06,0.308176
264.48,-1.36187,-0.912915,0.308436,1.60951e-06,0.308434
264.528,-1.35787,-0.903138,0.308672,1.6363e-06,0.308671
264.576,-1.35385,-0.89271,0.308958,1.66372e-06,0.308957
264.624,-1.36436,-0.881563,0.309276,1.59732e-06,0.309275
264.672,-1.35787,-0.869614,0.309599,1.64022e-06,0.309598
264.72,-1.34736,-0.856777,0.309991,1.71132e-06,0.309989
264.768,-1.35185,-0.84294,0.310404,1.68287e-06,0.310403
264.816,-1.36087,-0.827969,0.310803,1.62569e-06,0.310802
264.864,-1.40387,-0.811708,0.311175,1.37315e-06,0.311174
264.912,-1.38588,-0.793968,0.311556,1.47622e-06,0.311555
264.96,-1.36536,-0.774539,0.312028,1.60313e-06,0.312026
265.008,-1.33535,-0.753152,0.312595,1.80774e-06,0.312593
265.056,-1.33386,-0.729468,0.313225,1.82145e-06,0.313223
265.104,-1.32084,-0.703049,0.313882,1.92114e-06,0.313881
265.152,-1.34836,-0.673351,0.314622,1.72672e-06,0.31462
265.2,-1.33835,-0.63965,0.315445,1.80065e-06,0.315443
265.248,-1.35836,-0.600975,0.31637,1.66817e-06,0.316368
265.296,-1.35736,-0.55598,0.317425,1.67996e-06,0.317423
265.344,-1.37986,-0.50273,0.318628,1.5426e-06,0.318627
265.392,-1.32684,-0.438331,0.320137,1.91056e-06,0.320135
265.44,-1.33335,-0.358174,0.321978,1.87209e-06,0.321976
265.488,-1.35736,-0.254333,0.324282,1.71434e-06,0.32428
265.536,-1.34985,-0.111806,0.327379,1.78238e-06,0.327377
265.584,-1.29534,0.10186,0.331959,2.2409e-06,0.331957
265.632,-1.31434,0.467984,0.33949,2.1253e-06,0.339488
265.68,-1.31634,1.15887,0.353717,2.19598e-06,0.353715
265.728,-1.27333,1.69392,0.369166,2.71485e-06,0.369163
265.776,-1.28834,0.661831,0.35268,2.44264e-06,0.352678
265.824,-1.30434,-0.8118,0.3155,2.05003e-06,0.315498
265.872,-1.27933,-0.924147,0.310939,2.22896e-06,0.310937
265.92,-1.28483,-0.918885,0.311206,2.18144e-06,0.311204
265.968,-1.26682,-0.910854,0.311606,2.34374e-06,0.311604
266.016,-1.24932,-0.902282,0.312036,2.51317e-06,0.312033
266.064,-1.27484,-0.893167,0.312502,2.27353e-06,0.312499
266.112,-1.25632,-0.883448,0.312974,2.4479e-06,0.312972
266.16,-1.26182,-0.873067,0.313467,2.39697e-06,0.313464
266.208,-1.28783,-0.861942,0.313917,2.16451e-06,0.313915
266.256,-1.23632,-0.85,0.314468,2.65552e-06,0.314465
266.304,-1.26433,-0.837146,0.315039,2.3794e-06,0.315037
266.352,-1.24081,-0.82326,0.315647,2.61376e-06,0.315644
266.4,-1.25532,-0.80821,0.316271,2.47076e-06,0.316268
266.448,-1.25382,-0.791823,0.316865,2.48825e-06,0.316862
266.496,-1.29985,-0.773907,0.317442,2.07704e-06,0.31744
266.544,-1.27082,-0.754222,0.318057,2.33277e-06,0.318055
266.592,-1.28783,-0.732482,0.318721,2.1844e-06,0.318719
266.64,-1.24732,-0.708327,0.319492,2.5681e-06,0.319489
266.688,-1.26633,-0.68129,0.320276,2.3867e-06,0.320273
266.736,-1.27733,-0.650769,0.321126,2.29004e-06,0.321124
266.784,-1.27933,-0.615975,0.322056,2.2775e-06,0.322054
266.832,-1.29883,-0.575833,0.323064,2.11437e-06,0.323062
266.88,-1.25582,-0.52885,0.324295,2.51421e-06,0.324292
266.928,-1.32584,-0.472834,0.325635,1.9137e-06,0.325633
266.976,-1.28433,-0.404448,0.327266,2.26538e-06,0.327264
267.024,-1.28783,-0.318278,0.32927,2.24709e-06,0.329268
267.072,-1.28683,-0.204781,0.331896,2.27289e-06,0.331894
267.12,-1.25232,-0.0451938,0.335509,2.63201e-06,0.335506
267.168,-1.26533,0.202898,0.340897,2.53899e-06,0.340895
267.216,-1.27082,0.647185,0.350246,2.55107e-06,0.350244
267.264,-1.27684,1.41765,0.367112,2.61004e-06,0.367109
267.312,-1.31584,1.54161,0.37529,2.28655e-06,0.375288
267.36,-1.35685,0.0435647,0.346383,1.79493e-06,0.346382
267.408,-1.39838,-0.889126,0.318026,1.39906e-06,0.318024
267.456,-1.40987,-0.919633,0.31635,1.33082e-06,0.316348
267.504,-1.4499,-0.913731,0.316251,1.13653e-06,0.31625
267.552,-1.44439,-0.906718,0.316162,1.16212e-06,0.316161
267.6,-1.44939,-0.899244,0.316085,1.13999e-06,0.316084
267.648,-1.44839,-0.891274,0.315986,1.14516e-06,0.315985
267.696,-1.46289,-0.882776,0.315962,1.08201e-06,0.315961
267.744,-1.42189,-0.873692,0.315975,1.27321e-06,0.315973
267.792,-1.44639,-0.863963,0.316002,1.15649e-06,0.316
267.84,-1.43839,-0.85352,0.316063,1.19453e-06,0.316062
267.888,-1.4524,-0.842276,0.316093,1.13107e-06,0.316091
267.936,-1.42989,-0.830146,0.316191,1.23742e-06,0.31619
267.984,-1.42739,-0.817022,0.316311,1.25083e-06,0.31631
268.032,-1.41938,-0.80278,0.316494,1.29239e-06,0.316492
268.08,-1.43539,-0.787261,0.316675,1.21446e-06,0.316674
268.128,-1.40487,-0.770287,0.316905,1.37179e-06,0.316904
268.176,-1.42289,-0.751641,0.317188,1.2792e-06,0.317187
268.224,-1.41789,-0.73106,0.317569,1.30661e-06,0.317568
268.272,-1.39488,-0.708199,0.317963,1.43331e-06,0.317962
268.32,-1.39288,-0.682647,0.318467,1.44727e-06,0.318465
268.368,-1.40138,-0.653862,0.319046,1.40222e-06,0.319045
268.416,-1.38037,-0.621142,0.319763,1.52711e-06,0.319762
268.464,-1.38237,-0.583526,0.32054,1.51903e-06,0.320538
268.512,-1.37036,-0.539706,0.321469,1.5977e-06,0.321468
268.56,-1.38037,-0.487801,0.322566,1.54115e-06,0.322565
268.608,-1.35685,-0.425001,0.323921,1.69849e-06,0.32392
268.656,-1.35887,-0.346858,0.325604,1.69386e-06,0.325602
268.704,-1.34135,-0.245789,0.327812,1.82749e-06,0.32781
268.752,-1.35636,-0.107595,0.330798,1.73773e-06,0.330796
268.8,-1.33135,0.0979989,0.33518,1.94336e-06,0.335178
268.848,-1.32284,0.445223,0.342408,2.05256e-06,0.342406
268.896,-1.31034,1.09407,0.355844,2.24049e-06,0.355842
268.944,-1.31484,1.67443,0.371703,2.2984e-06,0.3717
268.992,-1.31384,0.787219,0.35816,2.22258e-06,0.358158
269.04,-1.29683,-0.761498,0.320074,2.12342e-06,0.320072
269.088,-1.27233,-0.916812,0.313867,2.2929e-06,0.313865
269.136,-1.29383,-0.914702,0.313964,2.10592e-06,0.313961
269.184,-1.29334,-0.908977,0.314242,2.11087e-06,0.31424
269.232,-1.29134,-0.902853,0.314566,2.12855e-06,0.314564
269.28,-1.27233,-0.896365,0.314912,2.29572e-06,0.314909
269.328,-1.28433,-0.889478,0.315242,2.19048e-06,0.31524
269.376,-1.28934,-0.882156,0.315577,2.14861e-06,0.315574
269.424,-1.26733,-0.87436,0.315931,2.34521e-06,0.315928
269.472,-1.28233,-0.866045,0.316308,2.21156e-06,0.316306
269.52,-1.27984,-0.857157,0.316688,2.23486e-06,0.316685
269.568,-1.25882,-0.847636,0.317092,2.43002e-06,0.317089
269.616,-1.28383,-0.83742,0.317537,2.2029e-06,0.317535
269.664,-1.28533,-0.826419,0.317941,2.19166e-06,0.317939
269.712,-1.27133,-0.814545,0.318371,2.31827e-06,0.318368
269.76,-1.26982,-0.80169,0.318813,2.33426e-06,0.318811
269.808,-1.25933,-0.787735,0.319345,2.43547e-06,0.319342
269.856,-1.29334,-0.772521,0.319842,2.13144e-06,0.31984
269.904,-1.28783,-0.755869,0.320369,2.18089e-06,0.320367
269.952,-1.29034,-0.737559,0.320912,2.16217e-06,0.32091
270,-1.28084,-0.717329,0.321539,2.24814e-06,0.321536
270.048,-1.25782,-0.694845,0.322211,2.46606e-06,0.322209
270.096,-1.26933,-0.669692,0.322953,2.36057e-06,0.32295
270.144,-1.26082,-0.641331,0.323754,2.4461e-06,0.323752
270.192,-1.26933,-0.609056,0.324621,2.37053e-06,0.324619
270.24,-1.26282,-0.571924,0.325588,2.43852e-06,0.325586
270.288,-1.25132,-0.528642,0.326726,2.55956e-06,0.326723
270.336,-1.25232,-0.477353,0.32806,2.5584e-06,0.328057
270.384,-1.26582,-0.41528,0.32963,2.43563e-06,0.329627
270.432,-1.25732,-0.338032,0.331539,2.53198e-06,0.331537
270.48,-1.22331,-0.238191,0.33401,2.91544e-06,0.334007
270.528,-1.23181,-0.101868,0.337245,2.84411e-06,0.337242
270.576,-1.21931,0.100273,0.341853,3.02663e-06,0.34185
270.624,-1.23281,0.439345,0.349182,2.92899e-06,0.349179
270.672,-1.1933,1.06782,0.362594,3.55327e-06,0.36259
270.72,-1.21431,1.65671,0.378928,3.41448e-06,0.378924
270.768,-1.2118,0.833739,0.366642,3.334e-06,0.366639
270.816,-1.22531,-0.733232,0.327985,2.82527e-06,0.327982
270.864,-1.25432,-0.91129,0.3209,2.46321e-06,0.320898
270.912,-1.23332,-0.911131,0.32104,2.67564e-06,0.321037
270.96,-1.19281,-0.906857,0.321449,3.14125e-06,0.321446
271.008,-1.2158,-0.902273,0.321851,2.86929e-06,0.321848
271.056,-1.21931,-0.897432,0.322234,2.83077e-06,0.322231
271.104,-1.18279,-0.892319,0.32265,3.27148e-06,0.322646
271.152,-1.22131,-0.88691,0.323051,2.8106e-06,0.323048
271.2,-1.22131,-0.881181,0.323462,2.81175e-06,0.323459
271.248,-1.23681,-0.875088,0.323767,2.64577e-06,0.323764
271.296,-1.20731,-0.86861,0.324115,2.97435e-06,0.324112
271.344,-1.22531,-0.861716,0.324489,2.77151e-06,0.324486
271.392,-1.22881,-0.854365,0.324884,2.73478e-06,0.324882
271.44,-1.23131,-0.846503,0.325225,2.7095e-06,0.325222
271.488,-1.32284,-0.838067,0.325441,1.88811e-06,0.32544
271.536,-1.38788,-0.828987,0.32554,1.46108e-06,0.325539
271.584,-1.39388,-0.81919,0.325563,1.42784e-06,0.325561
271.632,-1.43939,-0.808591,0.325487,1.19366e-06,0.325486
271.68,-1.4509,-0.797095,0.32539,1.14152e-06,0.325389
271.728,-1.4479,-0.784596,0.325309,1.15616e-06,0.325308
271.776,-1.4654,-0.770962,0.325222,1.07991e-06,0.325221
271.824,-1.46691,-0.756039,0.325167,1.07462e-06,0.325166
271.872,-1.47991,-0.739644,0.325146,1.02199e-06,0.325145
271.92,-1.46189,-0.721551,0.325173,1.0988e-06,0.325172
271.968,-1.42289,-0.701488,0.325274,1.28376e-06,0.325273
272.016,-1.43939,-0.679116,0.325443,1.20457e-06,0.325442
272.064,-1.42189,-0.654009,0.325752,1.29312e-06,0.325751
272.112,-1.43139,-0.625607,0.326137,1.24789e-06,0.326135
272.16,-1.40938,-0.593186,0.326635,1.36438e-06,0.326634
272.208,-1.42489,-0.555761,0.327238,1.28659e-06,0.327237
272.256,-1.42189,-0.511966,0.327958,1.30584e-06,0.327956
272.304,-1.36587,-0.459866,0.328997,1.63527e-06,0.328996
272.352,-1.39188,-0.396538,0.330297,1.48184e-06,0.330295
272.4,-1.37986,-0.317297,0.331944,1.56215e-06,0.331943
272.448,-1.35336,-0.214144,0.334115,1.7465e-06,0.334113
272.496,-1.36236,-0.0719587,0.337144,1.70105e-06,0.337142
272.544,-1.33935,0.141702,0.341678,1.88822e-06,0.341676
272.592,-1.31384,0.505846,0.349235,2.13488e-06,0.349233
272.64,-1.33986,1.16852,0.363203,2.00347e-06,0.363201
272.688,-1.30885,1.63153,0.377113,2.35139e-06,0.377111
272.736,-1.33435,0.609255,0.359932,2.02878e-06,0.35993
272.784,-1.30634,-0.794287,0.323404,2.03581e-06,0.323402
272.832,-1.31584,-0.908314,0.318649,1.93172e-06,0.318647
272.88,-1.32935,-0.907658,0.318587,1.83109e-06,0.318585
272.928,-1.32335,-0.904371,0.318665,1.87546e-06,0.318663
272.976,-1.31034,-0.900859,0.318812,1.97494e-06,0.31881
273.024,-1.31384,-0.897147,0.318904,1.94827e-06,0.318902
273.072,-1.30885,-0.89323,0.319052,1.9877e-06,0.31905
273.12,-1.33586,-0.889089,0.319191,1.78697e-06,0.319189
273.168,-1.30083,-0.884707,0.319358,2.05292e-06,0.319356
273.216,-1.30485,-0.880064,0.319509,2.02127e-06,0.319507
273.264,-1.29083,-0.875137,0.319664,2.13713e-06,0.319662
273.312,-1.36236,-0.869901,0.319783,1.61146e-06,0.319782
273.36,-1.29383,-0.864333,0.319962,2.11357e-06,0.31996
273.408,-1.32735,-0.85841,0.320168,1.85212e-06,0.320166
273.456,-1.27533,-0.852098,0.320423,2.27593e-06,0.320421
273.504,-1.29234,-0.84536,0.320677,2.12894e-06,0.320675
273.552,-1.25782,-0.838157,0.320978,2.44138e-06,0.320975
273.6,-1.26633,-0.830446,0.321303,2.36196e-06,0.3213
273.648,-1.25532,-0.822179,0.32169,2.46849e-06,0.321688
273.696,-1.22282,-0.813292,0.322093,2.80862e-06,0.322091
273.744,-1.26233,-0.803726,0.32255,2.40414e-06,0.322547
273.792,-1.22931,-0.793398,0.323042,2.74135e-06,0.32304
273.84,-1.25682,-0.782214,0.323511,2.46078e-06,0.323509
273.888,-1.2118,-0.77007,0.324037,2.94257e-06,0.324034
273.936,-1.1988,-0.756851,0.32463,3.10056e-06,0.324627
273.984,-1.23981,-0.742397,0.325186,2.63933e-06,0.325183
274.032,-1.18479,-0.726535,0.325816,3.28413e-06,0.325813
274.08,-1.17379,-0.709064,0.32656,3.43423e-06,0.326556
274.128,-1.18379,-0.689718,0.327331,3.30564e-06,0.327328
274.176,-1.1638,-0.668167,0.328142,3.58287e-06,0.328138
274.224,-1.21931,-0.644006,0.328999,2.88188e-06,0.328996
274.272,-1.16879,-0.61671,0.329946,3.52537e-06,0.329943
274.32,-1.23031,-0.585594,0.330907,2.77049e-06,0.330905
274.368,-1.14978,-0.549746,0.332037,3.81808e-06,0.332033
274.416,-1.18379,-0.507925,0.333335,3.34745e-06,0.333331
274.464,-1.17728,-0.458335,0.334785,3.44627e-06,0.334781
274.512,-1.1963,-0.39831,0.336408,3.20979e-06,0.336405
274.56,-1.1963,-0.323687,0.338357,3.22587e-06,0.338353
274.608,-1.19079,-0.22747,0.340774,3.31789e-06,0.340771
274.656,-1.1988,-0.0967975,0.343978,3.24184e-06,0.343975
274.704,-1.17879,0.0949686,0.348453,3.55152e-06,0.348449
274.752,-1.1893,0.410533,0.355519,3.47329e-06,0.355516
274.8,-1.15629,0.985824,0.368131,4.09413e-06,0.368127
274.848,-1.1873,1.60979,0.384815,3.7828e-06,0.384811
274.896,-1.1988,0.982339,0.376617,3.53482e-06,0.376613
274.944,-1.1813,-0.63165,0.337965,3.39654e-06,0.337961
274.992,-1.17879,-0.897779,0.327716,3.32389e-06,0.327713
275.04,-1.15178,-0.902781,0.327734,3.69543e-06,0.32773
275.088,-1.15678,-0.901265,0.32808,3.6235e-06,0.328076
275.136,-1.18279,-0.899552,0.328416,3.2699e-06,0.328413
275.184,-1.1638,-0.897765,0.328757,3.5253e-06,0.328753
275.232,-1.13428,-0.895912,0.329153,3.96206e-06,0.329149
275.28,-1.13077,-0.893988,0.329575,4.01792e-06,0.329571
275.328,-1.12577,-0.891988,0.330005,4.09868e-06,0.330001
275.376,-1.10227,-0.889906,0.330455,4.49833e-06,0.33045
275.424,-1.11477,-0.887738,0.330918,4.28207e-06,0.330914
275.472,-1.08676,-0.88548,0.331409,4.78412e-06,0.331404
275.52,-1.11577,-0.883126,0.331897,4.26659e-06,0.331892
275.568,-1.10276,-0.880657,0.332322,4.49257e-06,0.332317
275.616,-1.12928,-0.878075,0.332776,4.04629e-06,0.332772
275.664,-1.08326,-0.875373,0.333271,4.85441e-06,0.333267
275.712,-1.10027,-0.872541,0.333754,4.53966e-06,0.333749
275.76,-1.12928,-0.869566,0.334215,4.04875e-06,0.334211
275.808,-1.10927,-0.866435,0.334673,4.38297e-06,0.334669
275.856,-1.09827,-0.863146,0.335171,4.57875e-06,0.335166
275.904,-1.08026,-0.859677,0.335652,4.91781e-06,0.335647
275.952,-1.08026,-0.856021,0.336158,4.9191e-06,0.336153
276,-1.10027,-0.852155,0.336614,4.54627e-06,0.336609
276.048,-1.10627,-0.848062,0.337068,4.44105e-06,0.337063
276.096,-1.08476,-0.843724,0.33752,4.83648e-06,0.337515
276.144,-1.08825,-0.839125,0.337999,4.77177e-06,0.337994
276.192,-1.10627,-0.834242,0.338497,4.44542e-06,0.338493
276.24,-1.07126,-0.829051,0.33904,5.10698e-06,0.339035
276.288,-1.08176,-0.823518,0.339523,4.9012e-06,0.339518
276.336,-1.08976,-0.817606,0.339997,4.75068e-06,0.339993
276.384,-1.05225,-0.811289,0.340512,5.51246e-06,0.340506
276.432,-1.10076,-0.804524,0.341023,4.55284e-06,0.341018
276.48,-1.09976,-0.797267,0.341565,4.57322e-06,0.34156
276.528,-1.10076,-0.789462,0.342085,4.5577e-06,0.342081
276.576,-1.10827,-0.781049,0.342599,4.4271e-06,0.342595
276.624,-1.08376,-0.771963,0.343157,4.88041e-06,0.343152
276.672,-1.06075,-0.762131,0.343768,5.34879e-06,0.343763
276.72,-1.06124,-0.751461,0.344399,5.34242e-06,0.344393
276.768,-1.08476,-0.739849,0.345052,4.87218e-06,0.345047
276.816,-1.05325,-0.727167,0.345734,5.52344e-06,0.345728
276.864,-1.05074,-0.713275,0.346477,5.5839e-06,0.346471
276.912,-1.04574,-0.697995,0.347268,5.70142e-06,0.347263
276.96,-1.03123,-0.681112,0.348089,6.04495e-06,0.348083
277.008,-1.04125,-0.662367,0.348951,5.81798e-06,0.348945
277.056,-1.03023,-0.641427,0.349823,6.0857e-06,0.349816
277.104,-1.02823,-0.617902,0.350852,6.14402e-06,0.350846
277.152,-1.00522,-0.591278,0.352008,6.74141e-06,0.352001
277.2,-1.04525,-0.560863,0.353162,5.76718e-06,0.353157
277.248,-1.02373,-0.525746,0.35445,6.29432e-06,0.354444
277.296,-0.995225,-0.484688,0.355897,7.06464e-06,0.35589
277.344,-1.01524,-0.435916,0.35752,6.54908e-06,0.357513
277.392,-1.01424,-0.376802,0.359403,6.60129e-06,0.359396
277.44,-0.991226,-0.303239,0.361661,7.26543e-06,0.361653
277.488,-1.05074,-0.208353,0.364359,5.77875e-06,0.364354
277.536,-1.02723,-0.079556,0.367849,6.39448e-06,0.367842
277.584,-1.05225,0.10887,0.372693,5.86213e-06,0.372687
277.632,-1.01224,0.416258,0.38021,6.99649e-06,0.380203
277.68,-1.04725,0.966372,0.393227,6.29443e-06,0.393221
277.728,-1.02024,1.56794,0.410337,7.3012e-06,0.41033
277.776,-1.01724,1.0025,0.402937,7.24742e-06,0.40293
277.824,-1.01173,-0.582689,0.363055,6.6665e-06,0.363049
277.872,-1.04525,-0.883049,0.351089,5.64133e-06,0.351083
277.92,-1.03074,-0.891764,0.351006,5.96736e-06,0.351
277.968,-1.03023,-0.892621,0.351338,5.97892e-06,0.351332
278.016,-1.01124,-0.893381,0.351707,6.44472e-06,0.3517
278.064,-1.00422,-0.894214,0.35204,6.62551e-06,0.352033
278.112,-1.04425,-0.895128,0.352364,5.65578e-06,0.352358
278.16,-1.04025,-0.896127,0.352678,5.74547e-06,0.352673
278.208,-1.00273,-0.897215,0.352995,6.66326e-06,0.352988
278.256,-1.00973,-0.898401,0.353325,6.48093e-06,0.353318
278.304,-1.01073,-0.899685,0.353633,6.45478e-06,0.353626
278.352,-1.00522,-0.901071,0.353916,6.59616e-06,0.353909
278.4,-0.999732,-0.90257,0.354255,6.74014e-06,0.354248
278.448,-0.979212,-0.904189,0.354603,7.3087e-06,0.354596
278.496,-0.973213,-0.905932,0.354958,7.48311e-06,0.35495
278.544,-0.961216,-0.907804,0.355307,7.84543e-06,0.3553
278.592,-0.966707,-0.909815,0.355677,7.67591e-06,0.35567
278.64,-0.959708,-0.911963,0.356001,7.88998e-06,0.355993
278.688,-0.984227,-0.914254,0.356301,7.1601e-06,0.356294
278.736,-0.966215,-0.916698,0.356614,7.68706e-06,0.356606
278.784,-0.955709,-0.919305,0.356959,8.01146e-06,0.356951
278.832,-0.955709,-0.922079,0.357299,8.00987e-06,0.357291
278.88,-0.964215,-0.925025,0.357617,7.74343e-06,0.357609
278.928,-0.939204,-0.928153,0.35798,8.54605e-06,0.357972
278.976,-0.987718,-0.931466,0.358287,7.05329e-06,0.35828
279.024,-0.954709,-0.934961,0.358526,8.03416e-06,0.358518
279.072,-0.930206,-0.938659,0.358848,8.84876e-06,0.358839
279.12,-0.938696,-0.942564,0.359161,8.55437e-06,0.359152
279.168,-0.945203,-0.94668,0.359473,8.33473e-06,0.359465
279.216,-0.988718,-0.951005,0.359698,7.01563e-06,0.359691
279.264,-0.978212,-0.955543,0.359891,7.31067e-06,0.359884
279.312,-0.98272,-0.960299,0.36005,7.17914e-06,0.360043
279.36,-0.940204,-0.965286,0.360259,8.48966e-06,0.36025
279.408,-0.944203,-0.970511,0.360499,8.35339e-06,0.360491
279.456,-0.949202,-0.975973,0.360723,8.18675e-06,0.360714
279.504,-0.958708,-0.981672,0.360896,7.88164e-06,0.360889
279.552,-0.967215,-0.987613,0.361068,7.61781e-06,0.361061
279.6,-0.958708,-0.993795,0.361204,7.87475e-06,0.361197
279.648,-0.963707,-1.00022,0.361334,7.71711e-06,0.361326
279.696,-0.926699,-1.00691,0.361582,8.92825e-06,0.361573
279.744,-0.953709,-1.01384,0.361771,8.02024e-06,0.361763
279.792,-0.947711,-1.02101,0.361893,8.20839e-06,0.361885
279.84,-0.946711,-1.02843,0.362022,8.23646e-06,0.362014
279.888,-0.942204,-1.03609,0.362147,8.37984e-06,0.362138
279.936,-0.939696,-1.04399,0.362263,8.45845e-06,0.362255
279.984,-0.952202,-1.05212,0.362347,8.04581e-06,0.362339
280.032,-0.9207,-1.06049,0.362471,9.10698e-06,0.362462
280.08,-0.915193,-1.06909,0.362637,9.30154e-06,0.362628
280.128,-0.89918,-1.0779,0.36281,9.90286e-06,0.362801
280.176,-0.922192,-1.08694,0.362974,9.03603e-06,0.362965
280.224,-0.956217,-1.09617,0.363054,7.89376e-06,0.363046
280.272,-0.906195,-1.10559,0.363155,9.61264e-06,0.363145
280.32,-0.908686,-1.1152,0.363278,9.51178e-06,0.363268
280.368,-0.906195,-1.12498,0.363356,9.59902e-06,0.363346
280.416,-0.886183,-1.13493,0.36349,1.03815e-05,0.363479
280.464,-0.928698,-1.14503,0.363587,8.76929e-06,0.363578
280.512,-0.905687,-1.15526,0.363695,9.59699e-06,0.363686
280.56,-0.887183,-1.16562,0.363824,1.03173e-05,0.363814
280.608,-0.921192,-1.17609,0.363916,9.01276e-06,0.363907
280.656,-0.891182,-1.18665,0.363995,1.01398e-05,0.363985
280.704,-0.924191,-1.19729,0.364046,8.89266e-06,0.364037
280.752,-0.901688,-1.208,0.364151,9.7121e-06,0.364141
280.8,-0.917193,-1.21876,0.364192,9.12758e-06,0.364183
280.848,-0.910686,-1.22956,0.364213,9.35788e-06,0.364204
280.896,-0.935697,-1.24037,0.364194,8.47034e-06,0.364186
280.944,-0.89369,-1.25119,0.364232,9.99204e-06,0.364222
280.992,-0.904195,-1.262,0.364233,9.57798e-06,0.364223
281.04,-0.895181,-1.2728,0.364288,9.91741e-06,0.364278
281.088,-0.899688,-1.28356,0.364315,9.73453e-06,0.364305
281.136,-0.89918,-1.29427,0.364323,9.74633e-06,0.364314
281.184,-0.889182,-1.30491,0.364348,1.01311e-05,0.364338
281.232,-0.868679,-1.31549,0.364394,1.09776e-05,0.364383
281.28,-0.889182,-1.32598,0.364402,1.01152e-05,0.364392
281.328,-0.896689,-1.33637,0.364383,9.81192e-06,0.364373
281.376,-0.908686,-1.34665,0.364357,9.35036e-06,0.364347
281.424,-0.888691,-1.35681,0.364393,1.01116e-05,0.364383
281.472,-0.89369,-1.36685,0.364414,9.90631e-06,0.364404
281.52,-0.873186,-1.37676,0.364474,1.07345e-05,0.364463
281.568,-0.858173,-1.38652,0.364505,1.13823e-05,0.364494
281.616,-0.880676,-1.39613,0.364577,1.04063e-05,0.364566
281.664,-0.851174,-1.40559,0.364692,1.16848e-05,0.36468
281.712,-0.853174,-1.41489,0.364816,1.15847e-05,0.364804
281.76,-0.845175,-1.42402,0.364946,1.19486e-05,0.364934
281.808,-0.872678,-1.43298,0.365046,1.07107e-05,0.365035
281.856,-0.864171,-1.44175,0.365135,1.10696e-05,0.365124
281.904,-0.850666,-1.45036,0.365266,1.16689e-05,0.365254
281.952,-0.87217,-1.45877,0.365381,1.07114e-05,0.36537
282,-0.857681,-1.467,0.365501,1.13356e-05,0.36549
282.048,-0.819656,-1.47504,0.365636,1.31657e-05,0.365623
282.096,-0.829671,-1.48291,0.365853,1.26473e-05,0.365841
282.144,-0.823656,-1.49058,0.366066,1.2944e-05,0.366053
282.192,-0.835161,-1.49806,0.366249,1.23616e-05,0.366237
282.24,-0.848175,-1.50534,0.366386,1.17354e-05,0.366374
282.288,-0.828671,-1.51244,0.366562,1.26689e-05,0.36655
282.336,-0.80915,-1.51935,0.366753,1.36778e-05,0.366739
282.384,-0.820656,-1.52608,0.366922,1.30631e-05,0.366909
282.432,-0.86368,-1.53261,0.367058,1.10151e-05,0.367047
282.48,-0.84016,-1.53895,0.367179,1.20822e-05,0.367167
282.528,-0.853174,-1.54511,0.367304,1.14711e-05,0.367292
282.576,-0.841668,-1.55109,0.367422,1.19993e-05,0.36741
282.624,-0.848175,-1.55689,0.36754,1.16895e-05,0.367529
282.672,-0.848666,-1.56251,0.367681,1.16618e-05,0.367669
282.72,-0.827655,-1.56795,0.367821,1.26663e-05,0.367808
282.768,-0.853665,-1.57323,0.367975,1.14243e-05,0.367964
282.816,-0.857681,-1.57834,0.3681,1.12401e-05,0.368088
282.864,-0.845175,-1.58328,0.36824,1.18051e-05,0.368228
282.912,-0.874677,-1.58806,0.368305,1.05021e-05,0.368295
282.96,-0.87017,-1.59267,0.368409,1.06871e-05,0.368398
283.008,-0.845667,-1.59714,0.368536,1.17697e-05,0.368525
283.056,-0.816149,-1.60145,0.368701,1.32217e-05,0.368688
283.104,-0.843176,-1.60562,0.368849,1.18785e-05,0.368837
283.152,-0.852174,-1.60964,0.368988,1.14599e-05,0.368977
283.2,-0.850174,-1.61353,0.369134,1.15474e-05,0.369122
283.248,-0.848175,-1.61727,0.369303,1.16357e-05,0.369291
283.296,-0.846667,-1.62089,0.369472,1.1702e-05,0.36946
283.344,-0.826655,-1.62438,0.369661,1.26617e-05,0.369649
283.392,-0.83167,-1.62774,0.369864,1.241e-05,0.369851
283.44,-0.840668,-1.63098,0.37007,1.19735e-05,0.370058
283.488,-0.835161,-1.6341,0.370253,1.2234e-05,0.370241
283.536,-0.821656,-1.63712,0.37049,1.29017e-05,0.370477
283.584,-0.807151,-1.64002,0.370729,1.36598e-05,0.370715
283.632,-0.794645,-1.64281,0.370963,1.43488e-05,0.370948
283.68,-0.804152,-1.6455,0.371214,1.38169e-05,0.3712
283.728,-0.827655,-1.6481,0.371454,1.25888e-05,0.371441
283.776,-0.800152,-1.65059,0.371708,1.40315e-05,0.371694
283.824,-0.796153,-1.65299,0.371932,1.42524e-05,0.371917
283.872,-0.814149,-1.6553,0.372199,1.32716e-05,0.372186
283.92,-0.812658,-1.65752,0.37243,1.33478e-05,0.372416
283.968,-0.828671,-1.65966,0.372655,1.25272e-05,0.372643
284.016,-0.806659,-1.66171,0.372884,1.36636e-05,0.37287
284.064,-0.823656,-1.66368,0.373086,1.2774e-05,0.373073
284.112,-0.825655,-1.66558,0.373312,1.26716e-05,0.3733
284.16,-0.827163,-1.6674,0.373489,1.25946e-05,0.373477
284.208,-0.819165,-1.66914,0.373646,1.29973e-05,0.373633
284.256,-0.809659,-1.67082,0.373857,1.34932e-05,0.373843
284.304,-0.824164,-1.67243,0.374015,1.27398e-05,0.374003
284.352,-0.798645,-1.67397,0.374193,1.409e-05,0.374179
284.4,-0.799153,-1.67545,0.374383,1.40602e-05,0.374369
284.448,-0.80915,-1.67687,0.37455,1.3514e-05,0.374536
284.496,-0.847175,-1.67822,0.374703,1.16272e-05,0.374691
284.544,-0.842668,-1.67952,0.374852,1.1835e-05,0.37484
284.592,-0.822164,-1.68077,0.375008,1.28327e-05,0.374995
284.64,-0.824164,-1.68196,0.375152,1.27305e-05,0.37514
284.688,-0.771634,-1.68311,0.375308,1.56662e-05,0.375293
284.736,-0.800152,-1.6842,0.375503,1.39953e-05,0.375489
284.784,-0.795153,-1.68525,0.375712,1.42733e-05,0.375698
284.832,-0.786647,-1.68626,0.375911,1.47602e-05,0.375896
284.88,-0.795645,-1.68722,0.376141,1.42435e-05,0.376127
284.928,-0.770142,-1.68815,0.376373,1.57527e-05,0.376358
284.976,-0.818657,-1.68903,0.376567,1.30035e-05,0.376554
285.024,-0.769634,-1.68988,0.376836,1.57823e-05,0.37682
285.072,-0.760636,-1.69069,0.377098,1.63526e-05,0.377081
285.12,-0.762636,-1.69147,0.37741,1.62229e-05,0.377394
285.168,-0.788647,-1.69222,0.377651,1.46373e-05,0.377637
285.216,-0.795645,-1.69293,0.377883,1.42372e-05,0.377869
285.264,-0.81115,-1.69361,0.378128,1.33903e-05,0.378115
285.312,-0.776649,-1.69427,0.378401,1.53456e-05,0.378385
285.36,-0.785647,-1.69489,0.378657,1.48087e-05,0.378642
285.408,-0.763144,-1.69549,0.378908,1.61853e-05,0.378892
285.456,-0.78314,-1.69606,0.379175,1.49549e-05,0.37916
285.504,-0.759637,-1.69661,0.37948,1.64098e-05,0.379464
285.552,-0.765144,-1.69714,0.379736,1.60559e-05,0.37972
285.6,-0.757129,-1.69764,0.379993,1.65719e-05,0.379976
285.648,-0.806659,-1.69811,0.380191,1.36253e-05,0.380177
285.696,-0.800644,-1.69856,0.380346,1.39526e-05,0.380332
285.744,-0.765144,-1.69899,0.380546,1.60536e-05,0.38053
285.792,-0.767143,-1.6994,0.380765,1.59267e-05,0.380749
285.84,-0.745623,-1.69979,0.381021,1.73399e-05,0.381004
285.888,-0.791154,-1.70017,0.381237,1.4484e-05,0.381223
285.936,-0.777649,-1.70052,0.381423,1.52777e-05,0.381408
285.984,-0.769634,-1.70085,0.381612,1.57689e-05,0.381597
286.032,-0.825655,-1.70117,0.381754,1.26369e-05,0.381741
286.08,-0.765144,-1.70147,0.381941,1.60505e-05,0.381925
286.128,-0.763636,-1.70175,0.382103,1.61461e-05,0.382087
286.176,-0.783648,-1.70202,0.382252,1.4918e-05,0.382237
286.224,-0.786647,-1.70227,0.3824,1.47419e-05,0.382385
286.272,-0.779649,-1.7025,0.382571,1.51551e-05,0.382556
286.32,-0.790155,-1.70273,0.382739,1.45385e-05,0.382724
286.368,-0.769634,-1.70294,0.382929,1.57664e-05,0.382913
286.416,-0.772634,-1.70314,0.383127,1.55803e-05,0.383111
286.464,-0.753638,-1.70332,0.383316,1.67947e-05,0.383299
286.512,-0.751638,-1.7035,0.38356,1.69277e-05,0.383543
286.56,-0.747623,-1.70367,0.383778,1.71983e-05,0.38376
286.608,-0.78314,-1.70382,0.383939,1.49459e-05,0.383924
286.656,-0.770634,-1.70397,0.384117,1.57029e-05,0.384101
286.704,-0.725628,-1.7041,0.384329,1.87595e-05,0.38431
286.752,-0.731626,-1.70423,0.384564,1.83198e-05,0.384545
286.8,-0.723628,-1.70435,0.384789,1.89079e-05,0.38477
286.848,-0.743132,-1.70447,0.385055,1.75051e-05,0.385037
286.896,-0.745623,-1.70458,0.385275,1.73335e-05,0.385258
286.944,-0.727119,-1.70467,0.385516,1.86484e-05,0.385497
286.992,-0.740624,-1.70477,0.385765,1.76791e-05,0.385747
287.04,-0.762636,-1.70485,0.385981,1.62061e-05,0.385965
287.088,-0.709615,-1.70493,0.386225,1.99836e-05,0.386205
287.136,-0.75213,-1.70501,0.386467,1.68929e-05,0.38645
287.184,-0.743624,-1.70507,0.386682,1.74703e-05,0.386664
287.232,-0.744132,-1.70513,0.386911,1.74352e-05,0.386894
287.28,-0.739624,-1.70519,0.387085,1.77485e-05,0.387067
287.328,-0.725119,-1.70523,0.387243,1.87955e-05,0.387225
287.376,-0.733118,-1.70527,0.387438,1.82107e-05,0.387419
287.424,-0.729627,-1.70531,0.387683,1.84636e-05,0.387664
287.472,-0.75213,-1.70534,0.387889,1.68925e-05,0.387872
287.52,-0.758637,-1.70537,0.388059,1.64636e-05,0.388042
287.568,-0.765635,-1.70539,0.388222,1.60145e-05,0.388206
287.616,-0.767143,-1.7054,0.388362,1.59193e-05,0.388346
287.664,-0.759637,-1.70541,0.388504,1.63986e-05,0.388487
287.712,-0.764635,-1.70541,0.388609,1.60778e-05,0.388593
287.76,-0.772634,-1.70541,0.388748,1.55776e-05,0.388733
287.808,-0.777649,-1.7054,0.388908,1.52719e-05,0.388893
287.856,-0.743624,-1.70539,0.389076,1.74699e-05,0.389059
287.904,-0.753638,-1.70537,0.389197,1.67921e-05,0.38918
287.952,-0.796645,-1.70535,0.389293,1.41674e-05,0.389278
288,-0.708615,-1.70533,0.389474,2.00621e-05,0.389454
288.048,-0.69111,-1.7053,0.389714,2.1499e-05,0.389693
288.096,-0.713614,-1.70528,0.389985,1.96698e-05,0.389965
288.144,-0.706615,-1.70526,0.390268,2.02214e-05,0.390248
288.192,-0.75313,-1.70523,0.390473,1.6826e-05,0.390456
288.24,-0.747131,-1.7052,0.390625,1.72297e-05,0.390608
288.288,-0.727119,-1.70516,0.390807,1.86477e-05,0.390788
288.336,-0.72212,-1.70512,0.391006,1.90198e-05,0.390987
288.384,-0.698109,-1.70509,0.391221,2.0913e-05,0.3912
288.432,-0.700108,-1.70505,0.391478,2.07484e-05,0.391458
288.48,-0.75013,-1.70501,0.391679,1.70269e-05,0.391662
288.528,-0.704124,-1.70497,0.391931,2.04219e-05,0.391911
288.576,-0.725628,-1.70492,0.392124,1.87582e-05,0.392105
288.624,-0.72412,-1.70488,0.392322,1.88704e-05,0.392303
288.672,-0.768143,-1.70483,0.392462,1.58572e-05,0.392446
288.72,-0.728119,-1.70477,0.392625,1.85747e-05,0.392606
288.768,-0.735625,-1.70472,0.392834,1.80318e-05,0.392816
288.816,-0.723628,-1.70467,0.393041,1.89074e-05,0.393022
288.864,-0.753638,-1.70461,0.393171,1.6793e-05,0.393154
288.912,-0.729119,-1.70455,0.393317,1.85018e-05,0.393298
288.96,-0.72412,-1.70448,0.393426,1.8871e-05,0.393407
289.008,-0.738625,-1.70441,0.393547,1.78198e-05,0.393529
289.056,-0.727627,-1.70434,0.393702,1.86114e-05,0.393683
289.104,-0.749639,-1.70427,0.39384,1.7061e-05,0.393823
289.152,-0.714122,-1.7042,0.393981,1.96319e-05,0.393961
289.2,-0.716121,-1.70413,0.394148,1.94775e-05,0.394128
289.248,-0.758129,-1.70405,0.394215,1.64983e-05,0.394198
289.296,-0.729627,-1.70397,0.394337,1.84655e-05,0.394319
289.344,-0.729119,-1.70388,0.394458,1.85027e-05,0.39444
289.392,-0.759128,-1.7038,0.394563,1.64336e-05,0.394546
289.44,-0.739133,-1.70371,0.394709,1.7785e-05,0.394691
289.488,-0.72112,-1.70363,0.394854,1.90972e-05,0.394835
289.536,-0.715613,-1.70354,0.395013,1.95175e-05,0.394993
289.584,-0.697617,-1.70345,0.395149,2.09562e-05,0.395128
289.632,-0.710123,-1.70336,0.395319,1.99459e-05,0.395299
289.68,-0.684604,-1.70328,0.395521,2.20624e-05,0.395499
289.728,-0.680604,-1.70319,0.395728,2.2414e-05,0.395706
289.776,-0.683112,-1.7031,0.39599,2.21931e-05,0.395968
289.824,-0.720629,-1.70302,0.396153,1.91353e-05,0.396134
289.872,-0.686603,-1.70293,0.396317,2.18894e-05,0.396295
289.92,-0.680604,-1.70284,0.396537,2.24146e-05,0.396514
289.968,-0.677605,-1.70275,0.396737,2.2682e-05,0.396714
290.016,-0.727119,-1.70267,0.396919,1.86512e-05,0.3969
290.064,-0.671098,-1.70258,0.397125,2.32731e-05,0.397102
290.112,-0.697109,-1.7025,0.397368,2.09999e-05,0.397347
290.16,-0.669099,-1.70241,0.397603,2.3458e-05,0.39758
290.208,-0.687111,-1.70233,0.397816,2.18465e-05,0.397794
290.256,-0.670607,-1.70224,0.397999,2.3319e-05,0.397975
290.304,-0.681604,-1.70215,0.398204,2.23274e-05,0.398182
290.352,-0.667099,-1.70207,0.398397,2.36448e-05,0.398374
290.4,-0.679605,-1.70198,0.398593,2.25048e-05,0.398571
290.448,-0.674606,-1.70189,0.398773,2.2954e-05,0.39875
290.496,-0.716121,-1.7018,0.398923,1.9481e-05,0.398903
290.544,-0.726627,-1.70171,0.399053,1.86889e-05,0.399035
290.592,-0.668607,-1.70162,0.399223,2.35051e-05,0.3992
290.64,-0.69311,-1.70153,0.399399,2.1336e-05,0.399378
290.688,-0.716613,-1.70143,0.399495,1.94437e-05,0.399475
290.736,-0.707123,-1.70133,0.399593,2.01869e-05,0.399573
290.784,-0.704616,-1.70124,0.399735,2.03881e-05,0.399714
290.832,-0.719629,-1.70114,0.399823,1.92138e-05,0.399804
290.88,-0.704124,-1.70104,0.400018,2.0428e-05,0.399998
290.928,-0.726627,-1.70094,0.400089,1.869e-05,0.40007
290.976,-0.748639,-1.70083,0.400118,1.7133e-05,0.400101
291.024,-0.729627,-1.70072,0.400176,1.847e-05,0.400158
291.072,-0.69511,-1.70061,0.400303,2.11695e-05,0.400282
291.12,-0.679605,-1.70051,0.400457,2.25074e-05,0.400434
291.168,-0.718121,-1.70039,0.400512,1.93297e-05,0.400493
291.216,-0.743624,-1.70028,0.400613,1.74767e-05,0.400596
291.264,-0.69511,-1.70017,0.400763,2.11703e-05,0.400742
291.312,-0.666607,-1.70006,0.400951,2.36944e-05,0.400927
291.36,-0.679113,-1.69995,0.401127,2.25521e-05,0.401105
291.408,-0.654102,-1.69985,0.401363,2.48951e-05,0.401338
291.456,-0.664608,-1.69975,0.401555,2.38829e-05,0.401532
291.504,-0.681113,-1.69964,0.401732,2.23751e-05,0.401709
291.552,-0.670607,-1.69954,0.401937,2.33238e-05,0.401914
291.6,-0.682112,-1.69943,0.402121,2.22873e-05,0.402099
291.648,-0.663592,-1.69933,0.402339,2.39798e-05,0.402315
291.696,-0.657101,-1.69923,0.402539,2.4603e-05,0.402514
291.744,-0.684112,-1.69913,0.402747,2.21124e-05,0.402725
291.792,-0.670099,-1.69903,0.40296,2.33716e-05,0.402937
291.84,-0.689602,-1.69892,0.403099,2.16381e-05,0.403077
291.888,-0.669099,-1.69882,0.403264,2.34645e-05,0.403241
291.936,-0.658101,-1.69872,0.403469,2.45069e-05,0.403444
291.984,-0.69511,-1.69862,0.40363,2.11728e-05,0.403609
292.032,-0.644596,-1.69852,0.403805,2.58507e-05,0.403779
292.08,-0.6621,-1.69842,0.403991,2.41232e-05,0.403967
292.128,-0.691602,-1.69831,0.404129,2.14688e-05,0.404108
292.176,-0.63309,-1.69821,0.404323,2.70538e-05,0.404296
292.224,-0.670099,-1.69811,0.404476,2.33732e-05,0.404452
292.272,-0.675097,-1.69801,0.404615,2.29162e-05,0.404593
292.32,-0.694618,-1.6979,0.404695,2.12151e-05,0.404674
292.368,-0.684604,-1.69779,0.404802,2.20717e-05,0.40478
292.416,-0.670607,-1.69768,0.404909,2.33271e-05,0.404885
292.464,-0.6651,-1.69757,0.405024,2.38405e-05,0.405001
292.512,-0.660592,-1.69746,0.405157,2.42692e-05,0.405133
292.56,-0.669099,-1.69735,0.405301,2.34671e-05,0.405278
292.608,-0.684112,-1.69724,0.405392,2.21156e-05,0.405369
292.656,-0.691602,-1.69713,0.405486,2.14707e-05,0.405465
292.704,-0.685112,-1.69701,0.405581,2.20287e-05,0.405559
292.752,-0.668607,-1.6969,0.405718,2.35136e-05,0.405694
292.8,-0.673098,-1.69678,0.405835,2.31002e-05,0.405812
292.848,-0.657101,-1.69667,0.406009,2.46078e-05,0.405985
292.896,-0.641088,-1.69656,0.406181,2.62154e-05,0.406155
292.944,-0.647087,-1.69645,0.406356,2.56015e-05,0.40633
292.992,-0.608079,-1.69634,0.406527,2.98685e-05,0.406497
293.04,-0.666607,-1.69622,0.406659,2.37013e-05,0.406635
293.088,-0.656102,-1.69611,0.406792,2.47063e-05,0.406767
293.136,-0.632582,-1.696,0.406979,2.71128e-05,0.406952
293.184,-0.654102,-1.69589,0.407142,2.49027e-05,0.407117
293.232,-0.667099,-1.69578,0.40729,2.36561e-05,0.407266
293.28,-0.670099,-1.69567,0.407428,2.33776e-05,0.407405
293.328,-0.617077,-1.69556,0.407622,2.88269e-05,0.407593
293.376,-0.613586,-1.69545,0.407822,2.92275e-05,0.407792
293.424,-0.63509,-1.69534,0.408021,2.68468e-05,0.407994
293.472,-0.614078,-1.69523,0.408211,2.91713e-05,0.408182
293.52,-0.612078,-1.69513,0.408415,2.94029e-05,0.408386
293.568,-0.630091,-1.69502,0.408577,2.73831e-05,0.408549
293.616,-0.679113,-1.69491,0.408716,2.25608e-05,0.408694
293.664,-0.666607,-1.6948,0.408803,2.37039e-05,0.408779
293.712,-0.669607,-1.69469,0.408891,2.34248e-05,0.408867
293.76,-0.63309,-1.69458,0.409042,2.70613e-05,0.409015
293.808,-0.630091,-1.69447,0.409227,2.73842e-05,0.4092
293.856,-0.632582,-1.69436,0.409401,2.71162e-05,0.409373
293.904,-0.657101,-1.69425,0.40952,2.46124e-05,0.409496
293.952,-0.659101,-1.69413,0.4096,2.44189e-05,0.409575
294,-0.649595,-1.69402,0.409707,2.53538e-05,0.409681
294.048,-0.647087,-1.6939,0.409802,2.56065e-05,0.409777
294.096,-0.647595,-1.69379,0.409892,2.55554e-05,0.409866
294.144,-0.657101,-1.69367,0.409954,2.46134e-05,0.40993
294.192,-0.683112,-1.69355,0.410027,2.22094e-05,0.410005
294.24,-0.682604,-1.69342,0.410094,2.22542e-05,0.410072
294.288,-0.655102,-1.6933,0.410175,2.48094e-05,0.41015
294.336,-0.651103,-1.69318,0.410265,2.52048e-05,0.41024
294.384,-0.646087,-1.69305,0.410339,2.57096e-05,0.410313
294.432,-0.636598,-1.69293,0.410484,2.66922e-05,0.410457
294.48,-0.628091,-1.69281,0.410637,2.7605e-05,0.41061
294.528,-0.620585,-1.69269,0.410798,2.84363e-05,0.410769
294.576,-0.639089,-1.69256,0.410921,2.64315e-05,0.410895
294.624,-0.640089,-1.69244,0.411012,2.63275e-05,0.410985
294.672,-0.638089,-1.69231,0.411117,2.65366e-05,0.41109
294.72,-0.594082,-1.69219,0.41129,3.1577e-05,0.411259
294.768,-0.625584,-1.69208,0.411486,2.78814e-05,0.411458
294.816,-0.643596,-1.69196,0.411637,2.59661e-05,0.411611
294.864,-0.629091,-1.69184,0.411823,2.74982e-05,0.411795
294.912,-0.620585,-1.69172,0.412021,2.84384e-05,0.411992
294.96,-0.60308,-1.69161,0.412194,3.04754e-05,0.412163
295.008,-0.646595,-1.69149,0.412306,2.56611e-05,0.41228
295.056,-0.651103,-1.69137,0.412459,2.52083e-05,0.412433
295.104,-0.654102,-1.69126,0.412607,2.49115e-05,0.412582
295.152,-0.632582,-1.69114,0.412771,2.71229e-05,0.412744
295.2,-0.641088,-1.69102,0.412906,2.62266e-05,0.412879
295.248,-0.63209,-1.6909,0.413005,2.71761e-05,0.412978
295.296,-0.637597,-1.69078,0.413092,2.65914e-05,0.413065
295.344,-0.647595,-1.69066,0.41316,2.55615e-05,0.413134
295.392,-0.630582,-1.69054,0.413291,2.73393e-05,0.413263
295.44,-0.636598,-1.69042,0.413396,2.66974e-05,0.413369
295.488,-0.650103,-1.69029,0.413488,2.53102e-05,0.413463
295.536,-0.630091,-1.69017,0.413575,2.73932e-05,0.413548
295.584,-0.648087,-1.69004,0.413651,2.55131e-05,0.413626
295.632,-0.669099,-1.68991,0.413704,2.34805e-05,0.413681
295.68,-0.655593,-1.68979,0.413778,2.47679e-05,0.413753
295.728,-0.648087,-1.68966,0.413824,2.55139e-05,0.413799
295.776,-0.669099,-1.68952,0.413869,2.34812e-05,0.413845
295.824,-0.649103,-1.68939,0.413934,2.54121e-05,0.413909
295.872,-0.648595,-1.68926,0.413999,2.54635e-05,0.413974
295.92,-0.639597,-1.68912,0.414084,2.63854e-05,0.414057
295.968,-0.639089,-1.68899,0.414134,2.64387e-05,0.414108
296.016,-0.622584,-1.68885,0.414259,2.82208e-05,0.41423
296.064,-0.60608,-1.68872,0.414426,3.0123e-05,0.414396
296.112,-0.590575,-1.6886,0.414602,3.20265e-05,0.41457
296.16,-0.611587,-1.68847,0.414792,2.94751e-05,0.414762
296.208,-0.625584,-1.68834,0.414927,2.78894e-05,0.414899
296.256,-0.595082,-1.68821,0.415014,3.14621e-05,0.414982
296.304,-0.608079,-1.68808,0.415165,2.98874e-05,0.415135
296.352,-0.595574,-1.68795,0.415273,3.14017e-05,0.415242
296.4,-0.613586,-1.68783,0.415432,2.92446e-05,0.415402
296.448,-0.577069,-1.6877,0.415627,3.37843e-05,0.415593
296.496,-0.591574,-1.68758,0.415797,3.19027e-05,0.415765
296.544,-0.606571,-1.68746,0.415969,3.00674e-05,0.415939
296.592,-0.591066,-1.68734,0.416154,3.19674e-05,0.416122
296.64,-0.568563,-1.68722,0.416327,3.49405e-05,0.416292
296.688,-0.560565,-1.6871,0.416522,3.60627e-05,0.416486
296.736,-0.578069,-1.68698,0.416726,3.3653e-05,0.416692
296.784,-0.583576,-1.68687,0.416929,3.29289e-05,0.416896
296.832,-0.601081,-1.68675,0.417059,3.07285e-05,0.417028
296.88,-0.594574,-1.68663,0.417218,3.15291e-05,0.417187
296.928,-0.587067,-1.68652,0.417363,3.24786e-05,0.41733
296.976,-0.591066,-1.6864,0.417506,3.19697e-05,0.417474
297.024,-0.583068,-1.68629,0.417661,3.29965e-05,0.417628
297.072,-0.598573,-1.68617,0.417832,3.10359e-05,0.417801
297.12,-0.589575,-1.68606,0.417989,3.21596e-05,0.417957
297.168,-0.587575,-1.68594,0.418148,3.24149e-05,0.418115
297.216,-0.60608,-1.68583,0.418304,3.01296e-05,0.418274
297.264,-0.607571,-1.68571,0.418414,2.99529e-05,0.418384
297.312,-0.613078,-1.68559,0.418508,2.93084e-05,0.418479
297.36,-0.617585,-1.68547,0.418582,2.87913e-05,0.418554
297.408,-0.600081,-1.68535,0.418687,3.08535e-05,0.418656
297.456,-0.583576,-1.68524,0.418818,3.2933e-05,0.418786
297.504,-0.601081,-1.68512,0.418928,3.07324e-05,0.418897
297.552,-0.607571,-1.68499,0.419024,2.99545e-05,0.418994
297.6,-0.600081,-1.68487,0.419151,3.08546e-05,0.41912
297.648,-0.585068,-1.68475,0.419266,3.27407e-05,0.419233
297.696,-0.570071,-1.68464,0.419444,3.47398e-05,0.41941
297.744,-0.577561,-1.68452,0.419608,3.3727e-05,0.419575
297.792,-0.577561,-1.6844,0.419771,3.37273e-05,0.419737
297.84,-0.602572,-1.68429,0.419923,3.05537e-05,0.419892
297.888,-0.579577,-1.68417,0.420124,3.34603e-05,0.42009
297.936,-0.569071,-1.68406,0.420271,3.48789e-05,0.420236
297.984,-0.555566,-1.68394,0.420454,3.6791e-05,0.420417
298.032,-0.571562,-1.68383,0.420632,3.45378e-05,0.420598
298.08,-0.548551,-1.68372,0.420827,3.78257e-05,0.420789
298.128,-0.549551,-1.68361,0.421045,3.76769e-05,0.421008
298.176,-0.592574,-1.6835,0.421232,3.17869e-05,0.4212
298.224,-0.577069,-1.68339,0.421406,3.37955e-05,0.421372
298.272,-0.565056,-1.68329,0.421586,3.54388e-05,0.421551
298.32,-0.518049,-1.68318,0.421765,4.26722e-05,0.421722
298.368,-0.563564,-1.68307,0.42192,3.56488e-05,0.421884
298.416,-0.554058,-1.68296,0.422086,3.70136e-05,0.422049
298.464,-0.599573,-1.68285,0.422211,3.09214e-05,0.42218
298.512,-0.592574,-1.68274,0.422309,3.17887e-05,0.422277
298.56,-0.595082,-1.68263,0.422419,3.14756e-05,0.422388
298.608,-0.57307,-1.68251,0.422514,3.43361e-05,0.42248
298.656,-0.589575,-1.6824,0.422617,3.21686e-05,0.422585
298.704,-0.592066,-1.68228,0.422668,3.18537e-05,0.422636
298.752,-0.593066,-1.68216,0.422764,3.17284e-05,0.422732
298.8,-0.566055,-1.68205,0.422888,3.53024e-05,0.422853
298.848,-0.592066,-1.68193,0.422971,3.18546e-05,0.422939
298.896,-0.605571,-1.68181,0.423051,3.01995e-05,0.423021
298.944,-0.574562,-1.68169,0.423126,3.41365e-05,0.423092
298.992,-0.580577,-1.68156,0.42319,3.3335e-05,0.423157
299.04,-0.600081,-1.68144,0.423236,3.08627e-05,0.423205
299.088,-0.573562,-1.68131,0.423327,3.42726e-05,0.423293
299.136,-0.574562,-1.68119,0.42343,3.41378e-05,0.423396
299.184,-0.539553,-1.68106,0.423556,3.92027e-05,0.423516
299.232,-0.57507,-1.68094,0.423652,3.407e-05,0.423618
299.28,-0.576561,-1.68081,0.423758,3.38701e-05,0.423725
299.328,-0.580069,-1.68069,0.42385,3.34042e-05,0.423816
299.376,-0.568071,-1.68056,0.423968,3.50263e-05,0.423933
299.424,-0.510543,-1.68044,0.424117,4.3966e-05,0.424073
299.472,-0.531555,-1.68031,0.42427,4.04637e-05,0.42423
299.52,-0.540553,-1.68019,0.424443,3.90507e-05,0.424404
299.568,-0.575562,-1.68007,0.424571,3.40061e-05,0.424537
299.616,-0.560057,-1.67995,0.424686,3.6155e-05,0.42465
299.664,-0.565056,-1.67982,0.424811,3.54482e-05,0.424776
299.712,-0.556058,-1.6797,0.424964,3.67315e-05,0.424928
299.76,-0.542061,-1.67958,0.425114,3.88205e-05,0.425075
299.808,-0.541061,-1.67946,0.425262,3.89746e-05,0.425223
299.856,-0.547551,-1.67934,0.425409,3.79881e-05,0.425371
299.904,-0.566564,-1.67922,0.425526,3.52392e-05,0.425491
299.952,-0.561056,-1.67909,0.425605,3.60148e-05,0.425569
300,-0.593574,-1.67897,0.425651,3.16725e-05,0.425619
300.048,-0.555058,-1.67884,0.425725,3.68793e-05,0.425688
300.096,-0.566055,-1.67871,0.42582,3.53114e-05,0.425785
300.144,-0.563564,-1.67859,0.425923,3.56611e-05,0.425888
300.192,-0.564056,-1.67846,0.426015,3.55922e-05,0.425979
300.24,-0.573562,-1.67833,0.42611,3.42804e-05,0.426075
300.288,-0.589067,-1.6782,0.426138,3.22436e-05,0.426106
300.336,-0.577561,-1.67807,0.426194,3.37436e-05,0.42616
300.384,-0.580069,-1.67793,0.426268,3.34113e-05,0.426234
300.432,-0.553058,-1.6778,0.426352,3.71748e-05,0.426314
300.48,-0.565056,-1.67767,0.426435,3.5454e-05,0.426399
300.528,-0.587067,-1.67753,0.426474,3.2501e-05,0.426441
300.576,-0.588067,-1.67739,0.426496,3.23732e-05,0.426464
300.624,-0.595082,-1.67726,0.426547,3.14885e-05,0.426516
300.672,-0.580577,-1.67712,0.426597,3.33464e-05,0.426563
300.72,-0.590067,-1.67697,0.426615,3.21194e-05,0.426582
300.768,-0.569563,-1.67683,0.426693,3.48304e-05,0.426659
300.816,-0.57407,-1.67669,0.426771,3.42159e-05,0.426737
300.864,-0.568563,-1.67655,0.426858,3.4969e-05,0.426823
300.912,-0.564056,-1.67641,0.426972,3.55978e-05,0.426936
300.96,-0.55355,-1.67627,0.427072,3.7107e-05,0.427035
301.008,-0.558057,-1.67614,0.427181,3.64524e-05,0.427145
301.056,-0.568071,-1.676,0.427278,3.50385e-05,0.427243
301.104,-0.554566,-1.67586,0.427431,3.69595e-05,0.427394
301.152,-0.535554,-1.67573,0.42761,3.98433e-05,0.42757
301.2,-0.535046,-1.6756,0.427781,3.99238e-05,0.427741
301.248,-0.545552,-1.67546,0.427902,3.83008e-05,0.427864
301.296,-0.538045,-1.67533,0.428018,3.94542e-05,0.427979
301.344,-0.520541,-1.6752,0.428206,4.228e-05,0.428164
301.392,-0.557565,-1.67507,0.42833,3.65262e-05,0.428293
301.44,-0.506036,-1.67494,0.428475,4.47747e-05,0.42843
301.488,-0.531047,-1.67481,0.428637,4.05621e-05,0.428596
301.536,-0.531047,-1.67468,0.42876,4.05625e-05,0.428719
301.584,-0.548059,-1.67455,0.428874,3.79258e-05,0.428836
301.632,-0.557057,-1.67442,0.428959,3.66015e-05,0.428923
301.68,-0.542552,-1.67429,0.429063,3.87609e-05,0.429025
301.728,-0.57307,-1.67416,0.429147,3.4358e-05,0.429112
301.776,-0.561565,-1.67403,0.429222,3.59565e-05,0.429186
301.824,-0.541553,-1.6739,0.42932,3.89155e-05,0.429281
301.872,-0.556566,-1.67376,0.429407,3.66745e-05,0.42937
301.92,-0.550551,-1.67363,0.429464,3.7557e-05,0.429426
301.968,-0.550551,-1.67349,0.429547,3.75574e-05,0.429509
302.016,-0.589575,-1.67336,0.429618,3.21908e-05,0.429586
302.064,-0.568071,-1.67322,0.429674,3.5046e-05,0.429639
302.112,-0.535046,-1.67309,0.429775,3.99314e-05,0.429736
302.16,-0.566055,-1.67295,0.429812,3.5327e-05,0.429776
302.208,-0.548059,-1.67281,0.429872,3.79309e-05,0.429835
302.256,-0.539553,-1.67267,0.429958,3.92278e-05,0.429918
302.304,-0.551059,-1.67253,0.430046,3.74848e-05,0.430009
302.352,-0.54706,-1.6724,0.430154,3.80822e-05,0.430116
302.4,-0.522049,-1.67226,0.430294,4.20383e-05,0.430252
302.448,-0.509543,-1.67213,0.430476,4.4168e-05,0.430432
302.496,-0.531047,-1.672,0.430635,4.05708e-05,0.430594
302.544,-0.528555,-1.67187,0.430812,4.09725e-05,0.430771
302.592,-0.536554,-1.67174,0.430934,3.96983e-05,0.430895
302.64,-0.554566,-1.67161,0.431033,3.69715e-05,0.430996
302.688,-0.519049,-1.67147,0.431147,4.2542e-05,0.431105
302.736,-0.51705,-1.67135,0.431307,4.28798e-05,0.431265
302.784,-0.54306,-1.67122,0.431447,3.86922e-05,0.431408
302.832,-0.48504,-1.67109,0.431605,4.86617e-05,0.431556
302.88,-0.505544,-1.67096,0.431753,4.48755e-05,0.431708
302.928,-0.521049,-1.67084,0.431907,4.22093e-05,0.431865
302.976,-0.509543,-1.67071,0.432043,4.41728e-05,0.431998
303.024,-0.494038,-1.67059,0.432213,4.69639e-05,0.432166
303.072,-0.513542,-1.67047,0.432349,4.34812e-05,0.432306
303.12,-0.504544,-1.67034,0.432481,4.50552e-05,0.432436
303.168,-0.51405,-1.67022,0.432617,4.33948e-05,0.432573
303.216,-0.537553,-1.67009,0.432728,3.95468e-05,0.432688
303.264,-0.533554,-1.66997,0.432782,4.0177e-05,0.432742
303.312,-0.548551,-1.66984,0.432823,3.78659e-05,0.432785
303.36,-0.52254,-1.66971,0.432907,4.19649e-05,0.432865
303.408,-0.511051,-1.66958,0.433008,4.39142e-05,0.432964
303.456,-0.490039,-1.66945,0.433171,4.7716e-05,0.433124
303.504,-0.499037,-1.66933,0.43329,4.60499e-05,0.433243
303.552,-0.536554,-1.6692,0.433409,3.9706e-05,0.433369
303.6,-0.52254,-1.66907,0.43352,4.19669e-05,0.433478
303.648,-0.526556,-1.66894,0.433576,4.13067e-05,0.433535
303.696,-0.541061,-1.66881,0.433642,3.90063e-05,0.433603
303.744,-0.527556,-1.66868,0.433678,4.11447e-05,0.433637
303.792,-0.491039,-1.66855,0.433767,4.75312e-05,0.433719
303.84,-0.511543,-1.66842,0.433872,4.38329e-05,0.433828
303.888,-0.509543,-1.66828,0.433991,4.4181e-05,0.433947
303.936,-0.502545,-1.66815,0.434098,4.54202e-05,0.434053
303.984,-0.508035,-1.66802,0.434167,4.44459e-05,0.434122
304.032,-0.519049,-1.66789,0.434268,4.25537e-05,0.434225
304.08,-0.488039,-1.66776,0.434414,4.81007e-05,0.434366
304.128,-0.487531,-1.66763,0.43457,4.81978e-05,0.434522
304.176,-0.536554,-1.6675,0.434697,3.97112e-05,0.434657
304.224,-0.506544,-1.66738,0.434841,4.47108e-05,0.434797
304.272,-0.469027,-1.66725,0.434985,5.18549e-05,0.434934
304.32,-0.511051,-1.66713,0.435139,4.39225e-05,0.435095
304.368,-0.49353,-1.667,0.435291,4.70712e-05,0.435244
304.416,-0.487531,-1.66688,0.43544,4.82006e-05,0.435392
304.464,-0.464028,-1.66676,0.435647,5.28912e-05,0.435594
304.512,-0.460029,-1.66664,0.435851,5.3734e-05,0.435797
304.56,-0.471535,-1.66652,0.43605,5.13466e-05,0.435999
304.608,-0.49553,-1.66641,0.436219,4.67029e-05,0.436172
304.656,-0.520541,-1.66629,0.436367,4.23088e-05,0.436325
304.704,-0.488039,-1.66617,0.436546,4.81065e-05,0.436498
304.752,-0.482041,-1.66606,0.436656,4.92607e-05,0.436607
304.8,-0.494038,-1.66594,0.436806,4.69806e-05,0.436759
304.848,-0.488039,-1.66582,0.436923,4.81078e-05,0.436874
304.896,-0.504036,-1.6657,0.437008,4.51618e-05,0.436963
304.944,-0.51305,-1.66558,0.437072,4.3582e-05,0.437029
304.992,-0.505036,-1.66546,0.437145,4.49846e-05,0.4371
305.04,-0.488039,-1.66534,0.437269,4.81096e-05,0.437221
305.088,-0.538045,-1.66521,0.437324,3.94848e-05,0.437284
305.136,-0.52354,-1.66509,0.437384,4.18142e-05,0.437342
305.184,-0.519541,-1.66496,0.437446,4.24806e-05,0.437403
305.232,-0.525048,-1.66483,0.437503,4.15666e-05,0.437461
305.28,-0.531555,-1.6647,0.437552,4.0512e-05,0.437512
305.328,-0.521049,-1.66457,0.437587,4.22295e-05,0.437545
305.376,-0.528047,-1.66444,0.437629,4.10782e-05,0.437588
305.424,-0.492039,-1.66431,0.437715,4.73591e-05,0.437667
305.472,-0.502036,-1.66417,0.437793,4.55253e-05,0.437748
305.52,-0.547551,-1.66404,0.437815,3.80326e-05,0.437777
305.568,-0.489039,-1.6639,0.437925,4.79252e-05,0.437877
305.616,-0.497529,-1.66377,0.438012,4.63447e-05,0.437965
305.664,-0.503036,-1.66364,0.438109,4.53477e-05,0.438063
305.712,-0.494038,-1.6635,0.438205,4.69893e-05,0.438158
305.76,-0.482041,-1.66337,0.43829,4.92708e-05,0.438241
305.808,-0.454014,-1.66324,0.438459,5.50406e-05,0.438404
305.856,-0.49353,-1.66311,0.438576,4.70852e-05,0.438529
305.904,-0.470027,-1.66298,0.438731,5.16674e-05,0.438679
305.952,-0.476026,-1.66285,0.438875,5.04578e-05,0.438824
306,-0.490039,-1.66272,0.438997,4.77405e-05,0.438949
306.048,-0.449523,-1.66259,0.439116,5.60286e-05,0.43906
306.096,-0.468027,-1.66247,0.439274,5.20792e-05,0.439222
306.144,-0.471535,-1.66234,0.439447,5.1363e-05,0.439395
306.192,-0.461029,-1.66222,0.439607,5.35403e-05,0.439553
306.24,-0.440509,-1.6621,0.439793,5.80621e-05,0.439735
306.288,-0.474534,-1.66197,0.439933,5.07594e-05,0.439883
306.336,-0.461029,-1.66185,0.440106,5.35418e-05,0.440053
306.384,-0.48704,-1.66173,0.440235,4.83133e-05,0.440187
306.432,-0.482532,-1.66161,0.440336,4.91818e-05,0.440286
306.48,-0.51405,-1.66149,0.440435,4.34238e-05,0.440391
306.528,-0.498037,-1.66136,0.440472,4.62603e-05,0.440426
306.576,-0.48604,-1.66123,0.440525,4.85064e-05,0.440476
306.624,-0.45703,-1.66111,0.440682,5.43975e-05,0.440628
306.672,-0.475534,-1.66098,0.440783,5.05631e-05,0.440732
306.72,-0.48704,-1.66085,0.440858,4.83165e-05,0.440809
306.768,-0.441509,-1.66073,0.440996,5.78392e-05,0.440938
306.816,-0.46552,-1.6606,0.441114,5.26052e-05,0.441061
306.864,-0.475026,-1.66048,0.441217,5.06666e-05,0.441166
306.912,-0.462029,-1.66035,0.44131,5.33368e-05,0.441257
306.96,-0.445016,-1.66022,0.441394,5.70455e-05,0.441337
307.008,-0.458521,-1.66009,0.441489,5.40821e-05,0.441435
307.056,-0.472535,-1.65997,0.441568,5.11698e-05,0.441517
307.104,-0.45803,-1.65984,0.441722,5.41883e-05,0.441668
307.152,-0.461029,-1.65971,0.441842,5.35505e-05,0.441789
307.2,-0.439509,-1.65959,0.441956,5.8303e-05,0.441898
307.248,-0.417514,-1.65947,0.442148,6.35964e-05,0.442084
307.296,-0.460029,-1.65934,0.442265,5.3764e-05,0.442211
307.344,-0.427003,-1.65922,0.442448,6.12575e-05,0.442387
307.392,-0.442508,-1.6591,0.442623,5.76184e-05,0.442566
307.44,-0.435018,-1.65898,0.442751,5.93494e-05,0.442692
307.488,-0.398501,-1.65887,0.442982,6.856e-05,0.442913
307.536,-0.439509,-1.65875,0.443145,5.83068e-05,0.443086
307.584,-0.468027,-1.65863,0.443284,5.20945e-05,0.443231
307.632,-0.453014,-1.65852,0.443428,5.52783e-05,0.443373
307.68,-0.441509,-1.6584,0.443553,5.78495e-05,0.443495
307.728,-0.453014,-1.65828,0.443701,5.52793e-05,0.443646
307.776,-0.447016,-1.65817,0.443856,5.66055e-05,0.4438
307.824,-0.410007,-1.65806,0.444034,6.55176e-05,0.443968
307.872,-0.422513,-1.65794,0.444195,6.23601e-05,0.444132
307.92,-0.459029,-1.65783,0.444318,5.3983e-05,0.444264
307.968,-0.436018,-1.65771,0.444423,5.91212e-05,0.444363
308.016,-0.454014,-1.6576,0.44452,5.50643e-05,0.444465
308.064,-0.426004,-1.65748,0.444631,6.15081e-05,0.444569
308.112,-0.447524,-1.65736,0.444721,5.64955e-05,0.444664
308.16,-0.444524,-1.65724,0.444851,5.71694e-05,0.444794
308.208,-0.418005,-1.65713,0.444988,6.34843e-05,0.444924
308.256,-0.48504,-1.65701,0.445097,4.87141e-05,0.445048
308.304,-0.445016,-1.65689,0.44523,5.706e-05,0.445173
308.352,-0.48504,-1.65678,0.445333,4.87149e-05,0.445284
308.4,-0.46452,-1.65666,0.445437,5.28293e-05,0.445384
308.448,-0.482532,-1.65654,0.445485,4.92009e-05,0.445436
308.496,-0.454522,-1.65642,0.445596,5.49588e-05,0.445541
308.544,-0.453014,-1.6563,0.445735,5.52877e-05,0.445679
308.592,-0.445016,-1.65618,0.445831,5.70631e-05,0.445774
308.64,-0.474534,-1.65606,0.445886,5.07823e-05,0.445836
308.688,-0.43551,-1.65593,0.445986,5.9248e-05,0.445927
308.736,-0.419005,-1.65581,0.4461,6.32404e-05,0.446036
308.784,-0.43651,-1.65569,0.446227,5.90156e-05,0.446168
308.832,-0.377998,-1.65557,0.446405,7.43627e-05,0.446331
308.88,-0.422513,-1.65545,0.446549,6.23719e-05,0.446487
308.928,-0.424004,-1.65534,0.446713,6.20061e-05,0.446651
308.976,-0.418514,-1.65522,0.446881,6.33663e-05,0.446818
309.024,-0.396994,-1.65511,0.447049,6.89894e-05,0.44698
309.072,-0.39901,-1.65499,0.447229,6.84427e-05,0.447161
309.12,-0.417514,-1.65488,0.447435,6.36187e-05,0.447371
309.168,-0.408008,-1.65478,0.447638,6.60537e-05,0.447572
309.216,-0.368983,-1.65467,0.447827,7.70637e-05,0.44775
309.264,-0.437018,-1.65456,0.448,5.89023e-05,0.447941
309.312,-0.390995,-1.65445,0.448191,7.06472e-05,0.448121
309.36,-0.417514,-1.65434,0.448317,6.36213e-05,0.448253
309.408,-0.403009,-1.65424,0.44846,6.73739e-05,0.448392
309.456,-0.431019,-1.65413,0.44861,6.03169e-05,0.44855
309.504,-0.43551,-1.65402,0.448714,5.92567e-05,0.448655
309.552,-0.45503,-1.65391,0.448809,5.48591e-05,0.448754
309.6,-0.473534,-1.65379,0.448868,5.09921e-05,0.448817
309.648,-0.450015,-1.65368,0.448916,5.59579e-05,0.44886
309.696,-0.461029,-1.65356,0.448962,5.35757e-05,0.448909
309.744,-0.460521,-1.65344,0.448992,5.36839e-05,0.448938
309.792,-0.441017,-1.65332,0.449076,5.79845e-05,0.449018
309.84,-0.388995,-1.6532,0.449197,7.12143e-05,0.449125
309.888,-0.43351,-1.65308,0.449265,5.97309e-05,0.449205
309.936,-0.447524,-1.65295,0.449317,5.65145e-05,0.449261
309.984,-0.461521,-1.65283,0.449364,5.34747e-05,0.449311
310.032,-0.471535,-1.6527,0.449359,5.14008e-05,0.449308
310.08,-0.474026,-1.65257,0.449368,5.08979e-05,0.449317
310.128,-0.446524,-1.65244,0.449405,5.67404e-05,0.449348
310.176,-0.448523,-1.6523,0.449458,5.62945e-05,0.449402
310.224,-0.446016,-1.65217,0.449493,5.68556e-05,0.449437
310.272,-0.463028,-1.65204,0.449526,5.31603e-05,0.449473
310.32,-0.43651,-1.6519,0.449572,5.90327e-05,0.449513
310.368,-0.430019,-1.65176,0.44961,6.05665e-05,0.44955
310.416,-0.389995,-1.65162,0.449691,7.09421e-05,0.44962
310.464,-0.415514,-1.65149,0.449819,6.41398e-05,0.449755
310.512,-0.398501,-1.65136,0.449944,6.85993e-05,0.449875
310.56,-0.4035,-1.65122,0.450066,6.72586e-05,0.449999
310.608,-0.415006,-1.65109,0.450172,6.42706e-05,0.450107
310.656,-0.418005,-1.65096,0.450249,6.35142e-05,0.450186
310.704,-0.436018,-1.65083,0.450377,5.91523e-05,0.450318
310.752,-0.410007,-1.6507,0.450521,6.55544e-05,0.450456
310.8,-0.394994,-1.65057,0.450659,6.95606e-05,0.45059
310.848,-0.409007,-1.65044,0.450791,6.58152e-05,0.450725
310.896,-0.371491,-1.65031,0.450942,7.63295e-05,0.450866
310.944,-0.393994,-1.65018,0.451104,6.98379e-05,0.451034
310.992,-0.4065,-1.65006,0.451217,6.64723e-05,0.45115
311.04,-0.362985,-1.64993,0.4514,7.894e-05,0.451321
311.088,-0.39901,-1.64981,0.451546,6.84698e-05,0.451478
311.136,-0.392994,-1.64969,0.45172,7.01169e-05,0.45165
311.184,-0.391503,-1.64957,0.451879,7.05319e-05,0.451808
311.232,-0.409007,-1.64944,0.451973,6.58201e-05,0.451907
311.28,-0.419513,-1.64932,0.452046,6.31449e-05,0.451983
311.328,-0.4075,-1.64919,0.452123,6.62147e-05,0.452057
311.376,-0.431511,-1.64906,0.45217,6.02231e-05,0.45211
311.424,-0.390995,-1.64894,0.452311,7.0677e-05,0.452241
311.472,-0.382489,-1.64882,0.452491,7.30929e-05,0.452418
311.52,-0.400501,-1.6487,0.452636,6.80734e-05,0.452568
311.568,-0.404008,-1.64857,0.452727,6.71373e-05,0.45266
311.616,-0.424004,-1.64845,0.452798,6.20387e-05,0.452735
311.664,-0.371983,-1.64832,0.452896,7.61929e-05,0.45282
311.712,-0.410007,-1.64819,0.452947,6.5567e-05,0.452882
311.76,-0.4065,-1.64806,0.452997,6.64824e-05,0.45293
311.808,-0.395502,-1.64794,0.453129,6.9435e-05,0.45306
311.856,-0.379489,-1.64781,0.453254,7.39697e-05,0.45318
311.904,-0.401501,-1.64769,0.45336,6.78103e-05,0.453292
311.952,-0.377998,-1.64756,0.453432,7.44082e-05,0.453358
312,-0.387504,-1.64743,0.453562,7.16666e-05,0.45349
312.048,-0.37449,-1.64731,0.45371,7.54478e-05,0.453634
312.096,-0.382489,-1.64719,0.453907,7.3102e-05,0.453834
312.144,-0.345988,-1.64707,0.454123,8.444e-05,0.454039
312.192,-0.381997,-1.64696,0.454292,7.32454e-05,0.454219
312.24,-0.368983,-1.64684,0.454423,7.71097e-05,0.454345
312.288,-0.378489,-1.64672,0.454575,7.42686e-05,0.454501
312.336,-0.391503,-1.64661,0.454759,7.05478e-05,0.454689
312.384,-0.378489,-1.64649,0.454937,7.42699e-05,0.454862
312.432,-0.349987,-1.64638,0.455121,8.3121e-05,0.455038
312.48,-0.351987,-1.64627,0.455325,8.24678e-05,0.455243
312.528,-0.350987,-1.64616,0.455546,8.27948e-05,0.455463
312.576,-0.367983,-1.64606,0.455744,7.74195e-05,0.455667
312.624,-0.356478,-1.64595,0.455959,8.10198e-05,0.455878
312.672,-0.370983,-1.64585,0.456144,7.65089e-05,0.456067
312.72,-0.348988,-1.64575,0.456382,8.34539e-05,0.456298
312.768,-0.350479,-1.64565,0.4566,8.29644e-05,0.456517
312.816,-0.351479,-1.64555,0.456812,8.2638e-05,0.45673
312.864,-0.378997,-1.64545,0.456949,7.41269e-05,0.456874
312.912,-0.389995,-1.64535,0.457075,7.09761e-05,0.457004
312.96,-0.359477,-1.64525,0.457178,8.00699e-05,0.457098
313.008,-0.359985,-1.64515,0.457337,7.991e-05,0.457257
313.056,-0.364984,-1.64505,0.45747,7.83482e-05,0.457392
313.104,-0.390503,-1.64494,0.457558,7.0836e-05,0.457487
313.152,-0.396502,-1.64484,0.457661,6.91777e-05,0.457592
313.2,-0.37349,-1.64473,0.457801,7.57612e-05,0.457725
313.248,-0.391995,-1.64462,0.457881,7.04216e-05,0.457811
313.296,-0.384488,-1.64451,0.457958,7.25417e-05,0.457885
313.344,-0.380489,-1.64441,0.458078,7.36973e-05,0.458005
313.392,-0.342481,-1.6443,0.458256,8.5636e-05,0.45817
313.44,-0.326976,-1.6442,0.458425,9.1045e-05,0.458334
313.488,-0.322977,-1.64409,0.458588,9.24952e-05,0.458495
313.536,-0.352479,-1.64399,0.458739,8.23221e-05,0.458657
313.584,-0.34548,-1.64389,0.458879,8.46302e-05,0.458794
313.632,-0.31547,-1.64379,0.459061,9.52808e-05,0.458966
313.68,-0.327468,-1.64369,0.459263,9.08719e-05,0.459172
313.728,-0.299457,-1.64359,0.459456,0.000101503,0.459355
313.776,-0.309472,-1.64349,0.459653,9.75673e-05,0.459556
313.824,-0.340481,-1.64339,0.459798,8.63211e-05,0.459711
313.872,-0.304456,-1.64329,0.460001,9.95206e-05,0.459902
313.92,-0.296966,-1.6432,0.460257,0.000102509,0.460154
313.968,-0.305964,-1.64311,0.460488,9.89311e-05,0.460389
314.016,-0.348988,-1.64302,0.460626,8.34714e-05,0.460542
314.064,-0.337974,-1.64292,0.460816,8.71834e-05,0.460729
314.112,-0.28646,-1.64284,0.46108,0.000106855,0.460973
314.16,-0.315962,-1.64275,0.46133,9.51034e-05,0.461235
314.208,-0.336482,-1.64267,0.461519,8.77002e-05,0.461432
314.256,-0.28846,-1.64258,0.461741,0.000106016,0.461635
314.304,-0.323977,-1.6425,0.461916,9.21419e-05,0.461824
314.352,-0.290967,-1.64241,0.462106,0.000104973,0.462001
314.4,-0.310471,-1.64233,0.462312,9.71914e-05,0.462215
314.448,-0.281953,-1.64224,0.462509,0.000108779,0.4624
314.496,-0.319977,-1.64216,0.462685,9.36113e-05,0.462591
314.544,-0.328467,-1.64207,0.462828,9.05249e-05,0.462737
314.592,-0.319469,-1.64199,0.462989,9.38005e-05,0.462896
314.64,-0.286952,-1.6419,0.463148,0.000106655,0.463041
314.688,-0.315962,-1.64182,0.463296,9.51102e-05,0.463201
314.736,-0.325976,-1.64173,0.46346,9.14224e-05,0.463369
314.784,-0.321469,-1.64165,0.463645,9.30651e-05,0.463552
314.832,-0.310471,-1.64156,0.463787,9.71971e-05,0.46369
314.88,-0.304964,-1.64147,0.463921,9.93349e-05,0.463822
314.928,-0.304456,-1.64138,0.464058,9.95351e-05,0.463959
314.976,-0.332483,-1.64129,0.464174,8.91058e-05,0.464085
315.024,-0.333483,-1.6412,0.464289,8.87553e-05,0.464201
315.072,-0.311471,-1.64111,0.464435,9.68174e-05,0.464339
315.12,-0.296458,-1.64102,0.464591,0.000102732,0.464488
315.168,-0.295966,-1.64093,0.464772,0.000102933,0.464669
315.216,-0.271447,-1.64085,0.464972,0.000113399,0.464858
315.264,-0.290459,-1.64076,0.465192,0.000105197,0.465086
315.312,-0.293967,-1.64068,0.465372,0.000103751,0.465268
315.36,-0.297458,-1.64059,0.465546,0.000102331,0.465444
315.408,-0.293967,-1.64051,0.465732,0.000103752,0.465628
315.456,-0.282953,-1.64042,0.465923,0.000108365,0.465815
315.504,-0.264448,-1.64034,0.46617,0.000116581,0.466053
315.552,-0.260449,-1.64027,0.466419,0.000118437,0.4663
315.6,-0.269447,-1.64019,0.466644,0.000114303,0.46653
315.648,-0.263957,-1.64011,0.46686,0.00011681,0.466743
315.696,-0.247436,-1.64004,0.467113,0.000124685,0.466988
315.744,-0.246944,-1.63996,0.467379,0.000124928,0.467254
315.792,-0.248436,-1.63989,0.467637,0.000124195,0.467512
315.84,-0.262957,-1.63982,0.467879,0.000117274,0.467762
315.888,-0.247436,-1.63976,0.46814,0.000124687,0.468016
315.936,-0.276462,-1.63969,0.468323,0.000111185,0.468211
315.984,-0.275954,-1.63962,0.468534,0.000111409,0.468423
316.032,-0.273955,-1.63955,0.468719,0.000112292,0.468606
316.08,-0.277462,-1.63948,0.468916,0.000110748,0.468806
316.128,-0.245944,-1.63941,0.469136,0.000125427,0.469011
316.176,-0.265448,-1.63934,0.469336,0.00011613,0.46922
316.224,-0.262957,-1.63927,0.469554,0.000117279,0.469437
316.272,-0.288968,-1.63921,0.469754,0.000105831,0.469648
316.32,-0.28646,-1.63914,0.469906,0.000106885,0.469799
316.368,-0.266448,-1.63907,0.470107,0.000115675,0.469992
316.416,-0.278462,-1.639,0.47027,0.000110316,0.470159
316.464,-0.247436,-1.63893,0.470435,0.000124695,0.470311
316.512,-0.297458,-1.63886,0.470574,0.000102344,0.470471
316.56,-0.278954,-1.63878,0.470722,0.000110104,0.470612
316.608,-0.264448,-1.63871,0.470904,0.000116595,0.470787
316.656,-0.265956,-1.63864,0.471046,0.000115904,0.47093
316.704,-0.288968,-1.63856,0.471185,0.000105836,0.471079
316.752,-0.268956,-1.63849,0.471351,0.00011454,0.471237
316.8,-0.240945,-1.63841,0.471514,0.000127937,0.471386
316.848,-0.241945,-1.63834,0.47176,0.000127434,0.471632
316.896,-0.22844,-1.63827,0.471991,0.000134414,0.471857
316.944,-0.281953,-1.6382,0.472158,0.000108812,0.472049
316.992,-0.245436,-1.63813,0.472338,0.000125691,0.472213
317.04,-0.219442,-1.63806,0.472562,0.000139278,0.472423
317.088,-0.216426,-1.63799,0.472785,0.000140947,0.472644
317.136,-0.211427,-1.63793,0.47306,0.000143757,0.472916
317.184,-0.203429,-1.63786,0.473316,0.000148369,0.473168
317.232,-0.201921,-1.6378,0.473583,0.000149256,0.473434
317.28,-0.207428,-1.63774,0.473861,0.000146046,0.473715
317.328,-0.192415,-1.63768,0.474141,0.000154965,0.473986
317.376,-0.202429,-1.63762,0.474404,0.000148959,0.474255
317.424,-0.201429,-1.63757,0.474662,0.000149548,0.474512
317.472,-0.197922,-1.63751,0.474932,0.000151634,0.474781
317.52,-0.187924,-1.63746,0.475231,0.000157739,0.475073
317.568,-0.194922,-1.63741,0.475501,0.000153441,0.475348
317.616,-0.227932,-1.63736,0.475699,0.000134694,0.475565
317.664,-0.242437,-1.6373,0.475876,0.000127197,0.475749
317.712,-0.232931,-1.63725,0.476058,0.000132062,0.475926
317.76,-0.209428,-1.63719,0.476264,0.000144904,0.476119
317.808,-0.220425,-1.63714,0.476486,0.000138748,0.476347
317.856,-0.187924,-1.63709,0.476737,0.000157744,0.47658
317.904,-0.216426,-1.63703,0.47693,0.000140957,0.476789
317.952,-0.204937,-1.63698,0.477133,0.000147498,0.476985
318,-0.209428,-1.63692,0.477345,0.000144907,0.4772
318.048,-0.214426,-1.63687,0.477519,0.000142076,0.477377
318.096,-0.204429,-1.63681,0.477726,0.000147797,0.477578
318.144,-0.185416,-1.63676,0.477985,0.000159317,0.477826
318.192,-0.216426,-1.63671,0.478215,0.00014096,0.478074
318.24,-0.17591,-1.63666,0.478481,0.00016541,0.478315
318.288,-0.172911,-1.63661,0.478721,0.000167381,0.478554
318.336,-0.203921,-1.63656,0.478951,0.000148096,0.478803
318.384,-0.163913,-1.63651,0.479192,0.000173434,0.479018
318.432,-0.156406,-1.63646,0.479488,0.00017865,0.47931
318.48,-0.137902,-1.63642,0.479829,0.000192186,0.479637
318.528,-0.164421,-1.63638,0.480137,0.000173088,0.479964
318.576,-0.143409,-1.63635,0.480475,0.000188055,0.480287
318.624,-0.180417,-1.63631,0.480722,0.000162498,0.48056
318.672,-0.130904,-1.63627,0.481034,0.00019757,0.480836
318.72,-0.121889,-1.63624,0.481378,0.000204725,0.481173
318.768,-0.11989,-1.63621,0.481703,0.000206348,0.481497
318.816,-0.106892,-1.63619,0.482097,0.000217207,0.481879
318.864,-0.128396,-1.63616,0.482426,0.000199537,0.482226
318.912,-0.102385,-1.63614,0.48282,0.000221105,0.482599
318.96,-0.110891,-1.63612,0.483139,0.000213807,0.482925
319.008,-0.101893,-1.63611,0.483533,0.000221535,0.483311
319.056,-0.129396,-1.63609,0.483828,0.000198752,0.48363
319.104,-0.102385,-1.63607,0.484181,0.000221106,0.48396
319.152,-0.0893879,-1.63606,0.484568,0.000232741,0.484336
319.2,-0.0833892,-1.63606,0.484951,0.000238315,0.484713
319.248,-0.103385,-1.63605,0.485269,0.000220236,0.485048
319.296,-0.123889,-1.63604,0.48556,0.00020312,0.485356
319.344,-0.0953866,-1.63603,0.485895,0.000227298,0.485668
319.392,-0.0573784,-1.63603,0.486293,0.000264066,0.486028
319.44,-0.0833892,-1.63603,0.486624,0.000238315,0.486386
319.488,-0.0738831,-1.63603,0.486981,0.000247422,0.486733
319.536,-0.0818813,-1.63603,0.487331,0.000239737,0.487091
319.584,-0.0428734,-1.63603,0.487745,0.000279614,0.487465
319.632,-0.0663765,-1.63604,0.488119,0.000254858,0.487864
319.68,-0.0893879,-1.63605,0.488452,0.000232741,0.488219
319.728,-0.0453646,-1.63606,0.4889,0.000276879,0.488624
319.776,-0.0283683,-1.63608,0.489334,0.000296074,0.489038
319.824,-0.0143549,-1.6361,0.489835,0.000312893,0.489522
319.872,-0.0163545,-1.63612,0.4903,0.000310436,0.48999
319.92,-0.00484879,-1.63615,0.490775,0.000324842,0.49045
319.968,-0.00335731,-1.63618,0.491233,0.000326757,0.490906
320.016,0.00714862,-1.63622,0.491747,0.000340573,0.491406
320.064,0.0576787,-1.63627,0.492397,0.000415615,0.491982
320.112,0.0306681,-1.63632,0.492896,0.000373652,0.492522
320.16,0.0621695,-1.63637,0.493487,0.00042303,0.493064
320.208,0.0686763,-1.63643,0.494108,0.000434012,0.493674
320.256,0.0581704,-1.63649,0.49462,0.000416414,0.494204
320.304,0.0911796,-1.63657,0.495265,0.00047423,0.49479
320.352,0.11919,-1.63665,0.495964,0.000529517,0.495435
320.4,0.1492,-1.63674,0.496715,0.000595889,0.496119
320.448,0.212235,-1.63684,0.497632,0.00076348,0.496869
320.496,0.600873,-1.63713,0.501597,0.0034725,0.498124
320.544,0.879485,-1.63778,0.509901,0.00990968,0.499991
320.592,0.955501,-1.63841,0.515101,0.013032,0.502069
320.64,0.905987,-1.63879,0.515017,0.0109108,0.504106
320.688,0.764444,-1.639,0.512422,0.00646963,0.505952
320.736,0.671907,-1.63926,0.512146,0.00455761,0.507589
320.784,0.582369,-1.63953,0.512247,0.00323312,0.509014
320.832,0.446316,-1.63978,0.512148,0.00190817,0.51024
320.88,0.374791,-1.64005,0.512703,0.00144349,0.511259
320.928,0.327768,-1.64032,0.51332,0.00120092,0.512119
320.976,0.272255,-1.64059,0.513862,0.000966079,0.512896
321.024,0.260241,-1.64086,0.514518,0.000921579,0.513596
321.072,0.254751,-1.64112,0.515117,0.000901916,0.514215
321.12,0.225233,-1.64138,0.515563,0.000803198,0.51476
321.168,0.22774,-1.64163,0.516103,0.000811133,0.515292
321.216,0.23074,-1.64188,0.516647,0.000820729,0.515826
321.264,0.173211,-1.64211,0.516955,0.000654643,0.5163
321.312,0.192715,-1.64235,0.517421,0.000706805,0.516714
321.36,0.202221,-1.64258,0.517909,0.000733699,0.517175
321.408,0.19773,-1.64281,0.518367,0.00072085,0.517646
321.456,0.199222,-1.64303,0.518832,0.000725076,0.518107
321.504,0.217234,-1.64326,0.519379,0.000778243,0.518601
321.552,0.193715,-1.64347,0.519776,0.000709526,0.519067
321.6,0.20622,-1.64369,0.520254,0.000745258,0.519508
321.648,0.226741,-1.6439,0.520803,0.000807813,0.519995
321.696,0.282253,-1.64412,0.521535,0.00100445,0.52053
321.744,0.284253,-1.64434,0.522084,0.00101234,0.521072
321.792,0.25775,-1.64455,0.522531,0.000912356,0.521618
321.84,0.277746,-1.64476,0.523161,0.000986797,0.522174
321.888,0.302757,-1.64498,0.523846,0.00108845,0.522757
321.936,0.278762,-1.64519,0.524343,0.000990705,0.523352
321.984,0.293251,-1.6454,0.524968,0.0010486,0.523919
322.032,0.348288,-1.64562,0.525808,0.00130083,0.524508
322.08,0.318262,-1.64583,0.526239,0.00115655,0.525082
322.128,0.328768,-1.64604,0.526884,0.0012051,0.525679
322.176,0.362285,-1.64627,0.527666,0.00137397,0.526292
322.224,0.338274,-1.64648,0.528162,0.00125076,0.526911
322.272,0.37579,-1.6467,0.528995,0.00144841,0.527547
322.32,0.368792,-1.64692,0.529584,0.0014093,0.528175
322.368,0.419814,-1.64716,0.530594,0.00171996,0.528874
322.416,0.621377,-1.64751,0.533506,0.00375413,0.529751
322.464,0.969514,-1.64839,0.544816,0.0136853,0.531131
322.512,1.12007,-1.64951,0.555672,0.0228442,0.532828
322.56,1.09506,-1.6502,0.555591,0.0210429,0.534548
322.608,0.986511,-1.65052,0.550682,0.0145267,0.536156
322.656,0.90248,-1.65084,0.54837,0.0107632,0.537607
322.704,0.747923,-1.65104,0.544907,0.00607432,0.538832
322.752,0.667399,-1.65131,0.544322,0.0044758,0.539846
322.8,0.598873,-1.65159,0.544168,0.00344208,0.540726
322.848,0.508335,-1.65185,0.543886,0.00242604,0.54146
322.896,0.468819,-1.65211,0.544148,0.00208085,0.542067
322.944,0.426304,-1.65236,0.54434,0.00176334,0.542576
322.992,0.385788,-1.6526,0.544497,0.00150543,0.542991
323.04,0.361777,-1.65283,0.544718,0.00137055,0.543347
323.088,0.353287,-1.65306,0.545011,0.00132577,0.543685
323.136,0.370791,-1.65328,0.545403,0.00141967,0.543983
323.184,0.34978,-1.65348,0.545594,0.00130766,0.544286
323.232,0.364285,-1.65369,0.545998,0.00138397,0.544614
323.28,0.381297,-1.6539,0.546447,0.0014791,0.544968
323.328,0.372791,-1.6541,0.546769,0.00143072,0.545338
323.376,0.396802,-1.6543,0.547273,0.00157139,0.545702
323.424,0.418306,-1.65449,0.547796,0.00170892,0.546087
323.472,0.391295,-1.65467,0.547991,0.00153792,0.546453
323.52,0.446316,-1.65488,0.548805,0.00190597,0.546899
323.568,0.471819,-1.65506,0.549426,0.00210478,0.547322
323.616,0.453823,-1.65525,0.549738,0.00196244,0.547775
323.664,0.454822,-1.65543,0.55019,0.00197006,0.54822
323.712,0.506336,-1.65563,0.551102,0.0024066,0.548696
323.76,0.518841,-1.65582,0.551729,0.00252612,0.549203
323.808,0.49383,-1.656,0.551995,0.00229253,0.549702
323.856,0.525348,-1.6562,0.552813,0.00259053,0.550222
323.904,0.509843,-1.65637,0.553182,0.00243942,0.550743
323.952,0.508335,-1.65655,0.553654,0.00242516,0.551229
324,0.52284,-1.65674,0.554319,0.00256538,0.551754
324.048,0.51835,-1.65692,0.554775,0.00252109,0.552254
324.096,0.557866,-1.65712,0.555699,0.00293753,0.552761
324.144,0.597382,-1.65733,0.556748,0.00342088,0.553327
324.192,0.902988,-1.65792,0.56496,0.0107773,0.554182
324.24,1.1976,-1.65941,0.584623,0.0291628,0.55546
324.288,1.23411,-1.66052,0.589453,0.0325459,0.556907
324.336,1.22561,-1.6613,0.590086,0.0317327,0.558353
324.384,1.11507,-1.66158,0.582156,0.0224539,0.559702
324.432,1.00252,-1.66174,0.576247,0.0153498,0.560898
324.48,0.89099,-1.66187,0.572208,0.0103148,0.561893
324.528,0.793454,-1.66202,0.569934,0.00719913,0.562735
324.576,0.673906,-1.66214,0.567999,0.00458445,0.563415
324.624,0.6654,-1.66233,0.568413,0.00443804,0.563975
324.672,0.588875,-1.66247,0.567763,0.00330937,0.564454
324.72,0.566864,-1.66261,0.567877,0.00304009,0.564837
324.768,0.520349,-1.66273,0.567679,0.00253957,0.565139
324.816,0.542361,-1.66288,0.568184,0.00276544,0.565419
324.864,0.500829,-1.66299,0.568036,0.0023544,0.565682
324.912,0.52384,-1.66313,0.568508,0.00257408,0.565934
324.96,0.51835,-1.66323,0.568678,0.00251988,0.566158
325.008,0.499337,-1.66333,0.568714,0.00234075,0.566373
325.056,0.51635,-1.66343,0.569072,0.00250039,0.566572
325.104,0.508844,-1.66353,0.569243,0.00242865,0.566814
325.152,0.60538,-1.66368,0.570641,0.00352604,0.567115
325.2,0.602381,-1.66379,0.570932,0.00348557,0.567446
325.248,0.603872,-1.66391,0.571311,0.00350559,0.567806
325.296,0.628883,-1.66403,0.57204,0.00385891,0.568181
325.344,0.608871,-1.66414,0.572136,0.00357354,0.568563
325.392,0.63639,-1.66427,0.572938,0.00397147,0.568967
325.44,0.650387,-1.66439,0.573545,0.00419,0.569355
325.488,0.654402,-1.66452,0.574039,0.00425477,0.569784
325.536,0.660401,-1.66465,0.574562,0.00435336,0.570208
325.584,0.672398,-1.66477,0.575189,0.00455726,0.570631
325.632,0.701408,-1.66492,0.576168,0.00508905,0.571078
325.68,0.679397,-1.66504,0.576214,0.00468034,0.571533
325.728,0.738925,-1.66522,0.577882,0.00586537,0.572017
325.776,0.728419,-1.66536,0.578148,0.00563716,0.572511
325.824,1.00503,-1.66604,0.58869,0.0154795,0.57321
325.872,1.31814,-1.6679,0.615517,0.0412464,0.57427
325.92,1.42568,-1.66965,0.629443,0.0539487,0.575494
325.968,1.37316,-1.67047,0.624331,0.0475614,0.576769
326.016,1.26763,-1.67078,0.613801,0.0358467,0.577955
326.064,1.14708,-1.67079,0.603876,0.0248806,0.578996
326.112,1.02653,-1.67073,0.596521,0.016669,0.579852
326.16,0.909986,-1.67069,0.591577,0.0110428,0.580534
326.208,0.839969,-1.67071,0.589646,0.00855013,0.581096
326.256,0.806959,-1.67077,0.589125,0.00756564,0.58156
326.304,0.742924,-1.67078,0.587887,0.00595196,0.581935
326.352,0.705408,-1.67081,0.587425,0.00516454,0.582261
326.4,0.703408,-1.67085,0.587668,0.00512549,0.582543
326.448,0.710423,-1.6709,0.588081,0.00526368,0.582817
326.496,0.691411,-1.67093,0.587977,0.0048971,0.58308
326.544,0.686412,-1.67095,0.588131,0.00480485,0.583326
326.592,0.691411,-1.67099,0.588466,0.00489708,0.583569
326.64,0.6644,-1.67098,0.588194,0.0044182,0.583776
326.688,0.739925,-1.67108,0.589917,0.0058849,0.584032
326.736,0.721912,-1.67111,0.589818,0.00549771,0.58432
326.784,0.761936,-1.67119,0.591019,0.00639324,0.584626
326.832,0.774442,-1.67127,0.591659,0.0067003,0.584959
326.88,0.766935,-1.67132,0.59181,0.0065143,0.585296
326.928,0.763936,-1.6714,0.592092,0.00644129,0.585651
326.976,0.823956,-1.67153,0.594094,0.00805803,0.586036
327.024,0.789947,-1.67157,0.593501,0.00710027,0.586401
327.072,0.846967,-1.67173,0.59557,0.00877294,0.586797
327.12,0.876485,-1.67188,0.596998,0.00977618,0.587221
327.168,0.895989,-1.67204,0.598183,0.0104957,0.587687
327.216,0.940504,-1.67227,0.600494,0.0123217,0.588172
327.264,1.22512,-1.67348,0.620506,0.0316573,0.588849
327.312,1.51922,-1.67602,0.655548,0.0657468,0.589801
327.36,1.57175,-1.67783,0.663286,0.0723881,0.590898
327.408,1.49471,-1.67865,0.654612,0.0626098,0.592002
327.456,1.33465,-1.67863,0.636072,0.0430609,0.593011
327.504,1.19411,-1.67841,0.622654,0.0288098,0.593845
327.552,1.06654,-1.67816,0.613592,0.0190909,0.594501
327.6,0.962008,-1.67797,0.608293,0.0132962,0.594997
327.648,0.889974,-1.67783,0.605632,0.0102642,0.595368
327.696,0.84046,-1.67771,0.604203,0.00856106,0.595642
327.744,0.788947,-1.67758,0.602913,0.00707054,0.595842
327.792,0.769443,-1.67748,0.602571,0.00657276,0.595998
327.84,0.78344,-1.67742,0.603105,0.00692657,0.596179
327.888,0.765936,-1.6773,0.602794,0.00648692,0.596307
327.936,0.769935,-1.67722,0.603018,0.00658504,0.596433
327.984,0.768443,-1.67713,0.60311,0.00654834,0.596561
328.032,0.776441,-1.67706,0.603457,0.00674768,0.59671
328.08,0.83297,-1.67707,0.605235,0.00832787,0.596907
328.128,0.805452,-1.67701,0.604654,0.00751966,0.597134
328.176,0.846459,-1.67703,0.606136,0.00875296,0.597383
328.224,0.874469,-1.67705,0.607352,0.00970056,0.597652
328.272,0.919001,-1.6771,0.609331,0.0114023,0.597929
328.32,0.945503,-1.6772,0.610799,0.0125389,0.59826
328.368,0.95101,-1.67726,0.611403,0.0127874,0.598615
328.416,1.02904,-1.67747,0.615804,0.0168049,0.599
328.464,1.02454,-1.67762,0.615961,0.0165459,0.599415
328.512,1.09606,-1.67798,0.620958,0.0210678,0.59989
328.56,1.38567,-1.67964,0.649515,0.0490222,0.600492
328.608,1.66327,-1.68247,0.684815,0.0834765,0.601338
328.656,1.70278,-1.68436,0.69027,0.0879423,0.602328
328.704,1.63976,-1.68536,0.684024,0.080688,0.603336
328.752,1.42568,-1.68514,0.658114,0.0538832,0.604231
328.8,1.22412,-1.68443,0.636467,0.0315354,0.604932
328.848,1.08456,-1.68394,0.625689,0.020269,0.60542
328.896,0.966007,-1.68353,0.619206,0.0134801,0.605726
328.944,0.87347,-1.68318,0.615559,0.00966062,0.605898
328.992,0.844968,-1.68292,0.614691,0.00870106,0.60599
329.04,0.822956,-1.68266,0.614074,0.00802135,0.606052
329.088,0.804452,-1.68241,0.613559,0.00748864,0.606071
329.136,0.788439,-1.68216,0.613128,0.00705464,0.606073
329.184,0.823956,-1.68197,0.614152,0.00805156,0.606101
329.232,0.802452,-1.68171,0.613542,0.0074335,0.606108
329.28,0.806451,-1.68149,0.613671,0.00754512,0.606126
329.328,0.798945,-1.68126,0.613474,0.00733724,0.606137
329.376,0.84046,-1.6811,0.61473,0.00855883,0.606171
329.424,0.829463,-1.68089,0.61444,0.0082181,0.606222
329.472,0.895481,-1.68082,0.616796,0.0104693,0.606327
329.52,0.901988,-1.6807,0.617192,0.0107195,0.606473
329.568,0.925999,-1.68062,0.618335,0.0116899,0.606645
329.616,0.970514,-1.68062,0.620561,0.0136997,0.606861
329.664,1.01354,-1.68068,0.623047,0.0159253,0.607122
329.712,1.04704,-1.68076,0.625294,0.0178673,0.607426
329.76,1.05754,-1.68082,0.626267,0.018516,0.607751
329.808,1.10957,-1.68103,0.630124,0.0220204,0.608103
329.856,1.2081,-1.68155,0.638574,0.0300597,0.608514
329.904,1.53423,-1.68393,0.676718,0.0676159,0.609102
329.952,1.7243,-1.68647,0.700169,0.0902666,0.609902
330,1.7253,-1.68793,0.701157,0.0903624,0.610794
330.048,1.58174,-1.68837,0.685218,0.0735783,0.61164
330.096,1.42068,-1.68812,0.665627,0.053253,0.612374
330.144,1.23762,-1.68741,0.645748,0.0328166,0.612932
330.192,1.10006,-1.68682,0.634629,0.0213331,0.613296
330.24,0.974513,-1.68626,0.62738,0.0138883,0.613492
330.288,0.939505,-1.68587,0.625845,0.0122649,0.61358
330.336,0.878485,-1.68545,0.623428,0.00983755,0.61359
330.384,0.829954,-1.68505,0.621779,0.00823041,0.613549
330.432,0.778949,-1.68462,0.620264,0.00680737,0.613457
330.48,0.830463,-1.68432,0.621611,0.00824639,0.613365
330.528,0.820956,-1.68398,0.621254,0.00796128,0.613292
330.576,0.862472,-1.68371,0.622514,0.00927891,0.613235
330.624,0.869979,-1.68341,0.622736,0.00953787,0.613198
330.672,0.858965,-1.68308,0.622322,0.00916069,0.613161
330.72,0.851474,-1.68278,0.622054,0.00891213,0.613141
330.768,0.876977,-1.68253,0.622921,0.00978573,0.613136
330.816,0.885483,-1.68227,0.623236,0.0100943,0.613141
330.864,0.908987,-1.68204,0.624168,0.0109934,0.613174
330.912,0.948503,-1.68191,0.625919,0.0126691,0.61325
330.96,0.95401,-1.68175,0.62628,0.0129201,0.61336
331.008,0.988019,-1.68165,0.628056,0.014569,0.613487
331.056,1.00703,-1.68155,0.62921,0.0155687,0.613641
331.104,1.02203,-1.68147,0.630224,0.0163986,0.613826
331.152,1.05204,-1.68146,0.632194,0.0181726,0.614021
331.2,1.09455,-1.68152,0.635213,0.0209571,0.614256
331.248,1.07756,-1.68144,0.634305,0.0198048,0.6145
331.296,1.09755,-1.68149,0.635918,0.021166,0.614752
331.344,1.14908,-1.68171,0.64006,0.0250188,0.615041
331.392,1.42368,-1.6834,0.669105,0.0536447,0.615461
331.44,1.65827,-1.68588,0.698949,0.0828701,0.616079
331.488,1.7323,-1.68761,0.707942,0.0911074,0.616835
331.536,1.58425,-1.688,0.691467,0.0738927,0.617574
331.584,1.41519,-1.68765,0.670789,0.052578,0.618211
331.632,1.23511,-1.6869,0.651244,0.0325759,0.618668
331.68,1.04355,-1.68608,0.636577,0.0176485,0.618928
331.728,0.995017,-1.68563,0.63397,0.0149256,0.619045
331.776,0.932506,-1.68515,0.631023,0.011962,0.619061
331.824,0.905987,-1.68473,0.629891,0.0108725,0.619019
331.872,0.830954,-1.68421,0.627173,0.00826144,0.618912
331.92,0.833462,-1.68378,0.627083,0.0083387,0.618744
331.968,0.793454,-1.6833,0.625752,0.00718735,0.618565
332.016,0.792946,-1.68287,0.625548,0.00717398,0.618374
332.064,0.761936,-1.68242,0.624572,0.00638768,0.618185
332.112,0.788439,-1.68201,0.625035,0.00705472,0.617981
332.16,0.796454,-1.68161,0.625046,0.00726918,0.617777
332.208,0.802944,-1.6812,0.625031,0.0074474,0.617584
332.256,0.735926,-1.68071,0.623166,0.00579242,0.617373
332.304,0.709423,-1.68025,0.622364,0.00523998,0.617124
332.352,0.713422,-1.67982,0.622191,0.00532019,0.61687
332.4,0.716913,-1.67939,0.622008,0.0053912,0.616617
332.448,0.716913,-1.67896,0.621738,0.00539138,0.616347
332.496,0.743924,-1.67856,0.622068,0.00597085,0.616098
332.544,0.701408,-1.6781,0.620905,0.00508388,0.615822
332.592,0.714914,-1.67768,0.620889,0.00535123,0.615538
332.64,0.670907,-1.67722,0.619771,0.00452707,0.615243
332.688,0.6654,-1.67678,0.619369,0.0044331,0.614936
332.736,0.676906,-1.67635,0.619266,0.0046321,0.614634
332.784,0.709915,-1.67593,0.619569,0.00525152,0.614317
332.832,0.734418,-1.67554,0.619809,0.00576185,0.614047
332.88,0.700917,-1.67511,0.618869,0.00507556,0.613794
332.928,0.697917,-1.67469,0.618538,0.00501824,0.61352
332.976,0.69441,-1.67427,0.618204,0.00495197,0.613252
333.024,0.667399,-1.67382,0.617408,0.00446807,0.61294
333.072,0.643896,-1.67339,0.616705,0.00408439,0.612621
333.12,0.676906,-1.673,0.616982,0.00463329,0.612349
333.168,0.673906,-1.6726,0.616671,0.00458076,0.61209
333.216,0.643388,-1.67214,0.615854,0.00407685,0.611777
333.264,0.666908,-1.67175,0.615941,0.00446041,0.611481
333.312,0.659401,-1.67133,0.615523,0.00433453,0.611188
333.36,0.63339,-1.6709,0.614808,0.00392407,0.610884
333.408,0.638389,-1.67049,0.614583,0.00400007,0.610583
333.456,0.587368,-1.67004,0.613543,0.00328828,0.610255
333.504,0.623884,-1.66964,0.613708,0.00378398,0.609924
333.552,0.582369,-1.66919,0.612798,0.00322577,0.609572
333.6,0.582369,-1.66876,0.612438,0.00322588,0.609212
333.648,0.543361,-1.6683,0.611587,0.00277498,0.608812
333.696,0.535854,-1.66786,0.611075,0.00269564,0.608379
333.744,0.493339,-1.6674,0.610224,0.00228615,0.607938
333.792,0.514842,-1.66696,0.610001,0.00248513,0.607516
333.84,0.526348,-1.66652,0.609689,0.00259851,0.60709
333.888,0.493339,-1.66606,0.60891,0.00228639,0.606623
333.936,0.469327,-1.6656,0.608236,0.00208279,0.606153
333.984,0.478834,-1.66514,0.607829,0.00216128,0.605668
334.032,0.419305,-1.66465,0.606834,0.00171425,0.605119
334.08,0.45833,-1.66419,0.606584,0.00199579,0.604589
334.128,0.406308,-1.6637,0.605662,0.00162961,0.604032
334.176,0.423813,-1.66322,0.605203,0.00174484,0.603458
334.224,0.378298,-1.66273,0.604326,0.00146087,0.602865
334.272,0.388804,-1.66225,0.603817,0.00152213,0.602295
334.32,0.386296,-1.66175,0.603187,0.00150736,0.601679
334.368,0.352287,-1.66124,0.602365,0.00131976,0.601045
334.416,0.336782,-1.66074,0.60165,0.00124211,0.600408
334.464,0.356778,-1.66024,0.601117,0.00134325,0.599773
334.512,0.339274,-1.65972,0.600403,0.00125438,0.599149
334.56,0.329767,-1.65921,0.599726,0.0012086,0.598517
334.608,0.282761,-1.65868,0.598824,0.00100532,0.597818
334.656,0.25675,-1.65814,0.597982,0.000907831,0.597074
334.704,0.254751,-1.65761,0.597272,0.000900771,0.596371
334.752,0.237738,-1.65707,0.596475,0.000842611,0.595633
334.8,0.248736,-1.65653,0.595773,0.000879826,0.594893
334.848,0.247244,-1.65598,0.595017,0.000874726,0.594143
334.896,0.20822,-1.65542,0.594109,0.000750457,0.593359
334.944,0.174211,-1.65485,0.593215,0.000656576,0.592558
334.992,0.163705,-1.65428,0.592365,0.000630028,0.591735
335.04,0.11919,-1.6537,0.591414,0.000528824,0.590886
335.088,0.108192,-1.65311,0.590483,0.00050644,0.589976
335.136,0.0936873,-1.65252,0.589561,0.000478349,0.589082
335.184,0.0821816,-1.65192,0.588622,0.000457179,0.588165
335.232,0.024653,-1.6513,0.587563,0.000364478,0.587198
335.28,0.0341592,-1.65068,0.586598,0.00037841,0.586219
335.328,-0.00484879,-1.65005,0.585518,0.000324495,0.585193
335.376,0.00314948,-1.64941,0.584457,0.000334906,0.584122
335.424,-0.0133551,-1.64876,0.583415,0.000313823,0.583101
335.472,-0.0443648,-1.6481,0.582311,0.000277715,0.582033
335.52,-0.0583782,-1.64744,0.581189,0.000262796,0.580926
335.568,-0.0923873,-1.64676,0.58001,0.000229813,0.57978
335.616,-0.117398,-1.64606,0.578798,0.000208228,0.57859
335.664,-0.114399,-1.64536,0.577628,0.000210718,0.577418
335.712,-0.137902,-1.64465,0.576397,0.000192064,0.576205
335.76,-0.207428,-1.64393,0.575104,0.000145976,0.574958
335.808,-0.164913,-1.6432,0.573895,0.000172661,0.573723
335.856,-0.190415,-1.64245,0.572637,0.000156135,0.572481
335.904,-0.195922,-1.6417,0.571367,0.000152786,0.571214
335.952,-0.232439,-1.64093,0.570035,0.00013228,0.569902
336,-0.237438,-1.64016,0.568747,0.000129703,0.568617
336.048,-0.233947,-1.63937,0.567494,0.000131511,0.567362
336.096,-0.242437,-1.63858,0.566213,0.000127183,0.566086
336.144,-0.274954,-1.63778,0.564923,0.000111864,0.564811
336.192,-0.28646,-1.63697,0.563633,0.000106902,0.563527
336.24,-0.291967,-1.63615,0.562352,0.000104608,0.562247
336.288,-0.314962,-1.63533,0.561069,9.55329e-05,0.560974
336.336,-0.286952,-1.63449,0.559792,0.000106714,0.559685
336.384,-0.336482,-1.63364,0.55844,8.77598e-05,0.558352
336.432,-0.333974,-1.63279,0.557116,8.86391e-05,0.557028
336.48,-0.334974,-1.63192,0.555769,8.82956e-05,0.555681
336.528,-0.336974,-1.63105,0.554461,8.76068e-05,0.554374
336.576,-0.388995,-1.63017,0.553108,7.13388e-05,0.553037
336.624,-0.401009,-1.62928,0.551707,6.80369e-05,0.551639
336.672,-0.392994,-1.62838,0.550365,7.02303e-05,0.550295
336.72,-0.446016,-1.62747,0.548946,5.69623e-05,0.548889
336.768,-0.444524,-1.62655,0.547518,5.73029e-05,0.547461
336.816,-0.482532,-1.62562,0.546051,4.93166e-05,0.546002
336.864,-0.451523,-1.62468,0.544651,5.57482e-05,0.544595
336.912,-0.512542,-1.62373,0.543176,4.38088e-05,0.543132
336.96,-0.471027,-1.62277,0.541738,5.16213e-05,0.541687
337.008,-0.491039,-1.6218,0.540277,4.77005e-05,0.540229
337.056,-0.534554,-1.62082,0.538814,4.01686e-05,0.538774
337.104,-0.525048,-1.61984,0.537318,4.17092e-05,0.537276
337.152,-0.532046,-1.61884,0.535863,4.05747e-05,0.535823
337.2,-0.553058,-1.61784,0.534404,3.7345e-05,0.534367
337.248,-0.580577,-1.61682,0.532916,3.34998e-05,0.532883
337.296,-0.630582,-1.61579,0.531366,2.74955e-05,0.531339
337.344,-0.617077,-1.61476,0.529863,2.9005e-05,0.529834
337.392,-0.589575,-1.61372,0.528381,3.23373e-05,0.528348
337.44,-0.620077,-1.61266,0.526857,2.86678e-05,0.526829
337.488,-0.601572,-1.6116,0.525386,3.0845e-05,0.525355
337.536,-0.631091,-1.61054,0.523952,2.74513e-05,0.523924
337.584,-0.629091,-1.60947,0.522487,2.76713e-05,0.52246
337.632,-0.642596,-1.60839,0.521064,2.62355e-05,0.521038
337.68,-0.645088,-1.6073,0.519625,2.59806e-05,0.519599
337.728,-0.673606,-1.60621,0.518172,2.32136e-05,0.518149
337.776,-0.634598,-1.60511,0.516709,2.70846e-05,0.516682
337.824,-0.668099,-1.604,0.515274,2.37283e-05,0.51525
337.872,-0.649595,-1.60289,0.513864,2.55305e-05,0.513839
337.92,-0.625584,-1.60177,0.512487,2.80739e-05,0.512459
337.968,-0.660101,-1.60065,0.511106,2.44965e-05,0.511082
338.016,-0.697617,-1.59953,0.509701,2.11229e-05,0.509679
338.064,-0.676605,-1.59839,0.508317,2.29537e-05,0.508294
338.112,-0.723628,-1.59725,0.506885,1.90629e-05,0.506866
338.16,-0.714122,-1.59611,0.505454,1.97944e-05,0.505435
338.208,-0.726119,-1.59495,0.504059,1.88794e-05,0.50404
338.256,-0.724628,-1.5938,0.502667,1.89927e-05,0.502648
338.304,-0.781648,-1.59263,0.501233,1.51622e-05,0.501218
338.352,-0.767143,-1.59146,0.499815,1.60581e-05,0.499799
338.4,-0.737625,-1.59029,0.498398,1.80466e-05,0.49838
338.448,-0.795153,-1.5891,0.49695,1.4378e-05,0.496936
338.496,-0.81315,-1.58791,0.495508,1.33922e-05,0.495494
338.544,-0.807659,-1.58672,0.494084,1.36872e-05,0.49407
338.592,-0.78114,-1.58552,0.492711,1.52009e-05,0.492696
338.64,-0.787139,-1.58431,0.491349,1.48461e-05,0.491334
338.688,-0.824655,-1.5831,0.489938,1.28015e-05,0.489926
338.736,-0.83167,-1.58189,0.488512,1.24527e-05,0.488499
338.784,-0.83367,-1.58066,0.487107,1.23558e-05,0.487095
338.832,-0.900196,-1.57943,0.48564,9.50007e-06,0.48563
338.88,-0.825163,-1.5782,0.484267,1.27806e-05,0.484254
338.928,-0.837161,-1.57695,0.482847,1.21899e-05,0.482835
338.976,-0.858173,-1.57571,0.481469,1.12196e-05,0.481457
339.024,-0.910194,-1.57446,0.480064,9.13547e-06,0.480055
339.072,-0.866171,-1.5732,0.478715,1.08726e-05,0.478704
339.12,-0.854174,-1.57194,0.477367,1.14016e-05,0.477356
339.168,-0.873186,-1.57068,0.476026,1.05773e-05,0.476015
339.216,-0.867171,-1.56941,0.474721,1.08328e-05,0.47471
339.264,-0.855665,-1.56814,0.473439,1.13379e-05,0.473428
339.312,-0.881184,-1.56687,0.472176,1.02512e-05,0.472166
339.36,-0.885691,-1.56559,0.470905,1.00712e-05,0.470895
339.408,-0.899688,-1.56432,0.469643,9.53009e-06,0.469633
339.456,-0.885691,-1.56303,0.468364,1.00731e-05,0.468354
339.504,-0.876185,-1.56175,0.467116,1.04598e-05,0.467105
339.552,-0.909686,-1.56046,0.465896,9.16355e-06,0.465887
339.6,-0.927699,-1.55917,0.46466,8.53473e-06,0.464651
339.648,-0.904687,-1.55788,0.463413,9.34822e-06,0.463404
339.696,-0.913685,-1.55658,0.462175,9.02251e-06,0.462166
339.744,-0.915193,-1.55529,0.461015,8.96979e-06,0.461006
339.792,-0.924699,-1.55399,0.459807,8.6399e-06,0.459798
339.84,-0.902688,-1.55268,0.45862,9.4261e-06,0.458611
339.888,-0.926699,-1.55138,0.457439,8.57358e-06,0.45743
339.936,-0.912194,-1.55007,0.456243,9.08033e-06,0.456234
339.984,-0.947203,-1.54876,0.455046,7.9078e-06,0.455038
340.032,-0.977721,-1.54744,0.453824,7.00999e-06,0.453817
340.08,-0.985227,-1.54612,0.452611,6.80576e-06,0.452604
340.128,-0.984227,-1.5448,0.451408,6.83339e-06,0.451401
340.176,-0.946203,-1.54348,0.450242,7.94229e-06,0.450234
340.224,-0.976213,-1.54215,0.449093,7.05472e-06,0.449086
340.272,-0.970722,-1.54082,0.447937,7.21021e-06,0.44793
340.32,-0.973721,-1.53949,0.44681,7.12596e-06,0.446803
340.368,-0.976721,-1.53815,0.445666,7.0427e-06,0.445659
340.416,-0.993225,-1.53682,0.444534,6.59864e-06,0.444528
340.464,-0.994717,-1.53547,0.443396,6.56052e-06,0.443389
340.512,-1.02024,-1.53413,0.442255,5.93172e-06,0.442249
340.56,-1.02324,-1.53278,0.441093,5.86242e-06,0.441087
340.608,-1.02874,-1.53143,0.439945,5.73679e-06,0.43994
340.656,-1.01473,-1.53007,0.438822,6.0641e-06,0.438816
340.704,-1.01473,-1.52872,0.437726,6.06472e-06,0.43772
340.752,-1.03374,-1.52736,0.43663,5.62629e-06,0.436624
340.8,-1.02024,-1.526,0.435537,5.93537e-06,0.435531
340.848,-0.996225,-1.52464,0.434527,6.52689e-06,0.434521
340.896,-1.02124,-1.52328,0.433512,5.91318e-06,0.433506
340.944,-1.01324,-1.52191,0.432523,6.10372e-06,0.432517
340.992,-1.05624,-1.52055,0.431521,5.15015e-06,0.431516
341.04,-1.04725,-1.51918,0.430491,5.33715e-06,0.430486
341.088,-1.01273,-1.51782,0.429503,6.11788e-06,0.429497
341.136,-1.01424,-1.51645,0.428551,6.08216e-06,0.428545
341.184,-1.00573,-1.51509,0.427628,6.29076e-06,0.427622
341.232,-1.00924,-1.51372,0.426726,6.2048e-06,0.426719
341.28,-1.02124,-1.51236,0.42581,5.91807e-06,0.425804
341.328,-0.996225,-1.51099,0.424932,6.53362e-06,0.424926
341.376,-1.03274,-1.50963,0.424015,5.65615e-06,0.424009
341.424,-1.02474,-1.50826,0.423115,5.8384e-06,0.423109
341.472,-1.04474,-1.50689,0.422199,5.39532e-06,0.422193
341.52,-1.01524,-1.50553,0.421354,6.06318e-06,0.421348
341.568,-1.02823,-1.50416,0.420499,5.76018e-06,0.420493
341.616,-1.05775,-1.50279,0.419602,5.12643e-06,0.419597
341.664,-1.05724,-1.50142,0.418698,5.13727e-06,0.418693
341.712,-1.07275,-1.50004,0.417767,4.83241e-06,0.417762
341.76,-1.03323,-1.49867,0.41688,5.64984e-06,0.416874
341.808,-1.03323,-1.49729,0.416037,5.65042e-06,0.416032
341.856,-1.04225,-1.49592,0.415189,5.45322e-06,0.415184
341.904,-1.06575,-1.49454,0.414344,4.97e-06,0.414339
341.952,-1.05425,-1.49316,0.413499,5.20177e-06,0.413494
342,-1.05425,-1.49179,0.412693,5.20231e-06,0.412688
342.048,-1.07075,-1.4904,0.41185,4.8743e-06,0.411846
342.096,-1.10276,-1.48902,0.41098,4.29551e-06,0.410975
342.144,-1.08326,-1.48763,0.410078,4.64021e-06,0.410073
342.192,-1.06926,-1.48624,0.409232,4.90465e-06,0.409227
342.24,-1.07075,-1.48485,0.408451,4.87634e-06,0.408446
342.288,-1.07026,-1.48346,0.407666,4.88633e-06,0.407661
342.336,-1.06875,-1.48207,0.406885,4.91606e-06,0.40688
342.384,-1.07075,-1.48068,0.406082,4.87787e-06,0.406078
342.432,-1.03174,-1.47929,0.405387,5.69155e-06,0.405381
342.48,-1.05025,-1.4779,0.404695,5.29072e-06,0.40469
342.528,-1.04225,-1.47651,0.40401,5.46121e-06,0.404004
342.576,-1.05975,-1.47513,0.403319,5.0967e-06,0.403314
342.624,-1.06575,-1.47374,0.402642,4.97781e-06,0.402637
342.672,-1.06575,-1.47235,0.40194,4.97833e-06,0.401935
342.72,-1.07326,-1.47097,0.401307,4.8333e-06,0.401302
342.768,-1.06324,-1.46958,0.400653,5.02896e-06,0.400648
342.816,-1.02923,-1.4682,0.400026,5.75305e-06,0.40002
342.864,-1.04625,-1.46681,0.39941,5.3795e-06,0.399405
342.912,-1.04574,-1.46543,0.398823,5.39088e-06,0.398818
342.96,-1.02224,-1.46405,0.398242,5.91624e-06,0.398236
343.008,-1.08476,-1.46267,0.397621,4.62132e-06,0.397616
343.056,-1.02874,-1.46129,0.397017,5.76724e-06,0.397011
343.104,-1.07375,-1.45991,0.396433,4.82794e-06,0.396428
343.152,-1.05225,-1.45853,0.395835,5.25674e-06,0.395829
343.2,-1.07826,-1.45715,0.395259,4.74368e-06,0.395254
343.248,-1.08976,-1.45577,0.394648,4.53327e-06,0.394643
343.296,-1.11377,-1.45439,0.394009,4.12328e-06,0.394005
343.344,-1.08876,-1.453,0.393397,4.55217e-06,0.393392
343.392,-1.09627,-1.45161,0.392813,4.41956e-06,0.392809
343.44,-1.08026,-1.45023,0.392249,4.70879e-06,0.392245
343.488,-1.11227,-1.44884,0.391625,4.14965e-06,0.391621
343.536,-1.11227,-1.44745,0.391008,4.15009e-06,0.391004
343.584,-1.10227,-1.44606,0.390444,4.31781e-06,0.39044
343.632,-1.10677,-1.44467,0.389861,4.24202e-06,0.389856
343.68,-1.15029,-1.44327,0.389201,3.57212e-06,0.389197
343.728,-1.17679,-1.44186,0.3885,3.21723e-06,0.388497
343.776,-1.2168,-1.44044,0.387716,2.74698e-06,0.387713
343.824,-1.22331,-1.43901,0.386879,2.67753e-06,0.386877
343.872,-1.26333,-1.43756,0.385986,2.28602e-06,0.385984
343.92,-1.29883,-1.4361,0.385041,1.98697e-06,0.385039
343.968,-1.30485,-1.43463,0.38403,1.94051e-06,0.384028
344.016,-1.31935,-1.43314,0.383024,1.83259e-06,0.383022
344.064,-1.33986,-1.43163,0.382014,1.69013e-06,0.382013
344.112,-1.31984,-1.43011,0.381018,1.82945e-06,0.381016
344.16,-1.33235,-1.42857,0.379993,1.74143e-06,0.379992
344.208,-1.33686,-1.42702,0.378992,1.71088e-06,0.378991
344.256,-1.33535,-1.42546,0.378006,1.72131e-06,0.378005
344.304,-1.30734,-1.42389,0.377085,1.92304e-06,0.377083
344.352,-1.28383,-1.42231,0.37622,2.11049e-06,0.376218
344.4,-1.30234,-1.42071,0.375376,1.96188e-06,0.375374
344.448,-1.29283,-1.41911,0.374553,2.03724e-06,0.374551
344.496,-1.28783,-1.4175,0.37376,2.07814e-06,0.373758
344.544,-1.28233,-1.41588,0.373002,2.12412e-06,0.373
344.592,-1.26882,-1.41426,0.372257,2.24086e-06,0.372255
344.64,-1.26733,-1.41262,0.371518,2.25438e-06,0.371516
344.688,-1.30434,-1.41097,0.370781,1.94786e-06,0.370779
344.736,-1.26533,-1.40932,0.370075,2.27283e-06,0.370073
344.784,-1.29134,-1.40766,0.369383,2.05104e-06,0.369381
344.832,-1.25732,-1.40599,0.368732,2.34657e-06,0.36873
344.88,-1.30534,-1.40432,0.368094,1.94114e-06,0.368092
344.928,-1.28184,-1.40263,0.367423,2.13037e-06,0.367421
344.976,-1.26682,-1.40094,0.366781,2.26089e-06,0.366779
345.024,-1.24532,-1.39925,0.366207,2.46176e-06,0.366204
345.072,-1.26733,-1.39754,0.365612,2.25693e-06,0.365609
345.12,-1.25432,-1.39583,0.365035,2.37636e-06,0.365033
345.168,-1.26582,-1.39411,0.364462,2.27101e-06,0.364459
345.216,-1.27384,-1.39239,0.36391,2.20048e-06,0.363908
345.264,-1.28333,-1.39065,0.363324,2.11975e-06,0.363322
345.312,-1.27182,-1.38891,0.362757,2.21866e-06,0.362755
345.36,-1.28834,-1.38716,0.362184,2.07869e-06,0.362182
345.408,-1.25532,-1.3854,0.361627,2.36883e-06,0.361624
345.456,-1.32886,-1.38362,0.361006,1.77157e-06,0.361005
345.504,-1.34186,-1.38183,0.360297,1.68309e-06,0.360295
345.552,-1.35385,-1.38002,0.359533,1.60536e-06,0.359532
345.6,-1.38286,-1.37819,0.358706,1.43165e-06,0.358704
345.648,-1.41789,-1.37634,0.357886,1.24674e-06,0.357884
345.696,-1.44239,-1.37447,0.35701,1.13182e-06,0.357009
345.744,-1.45139,-1.37257,0.356119,1.09243e-06,0.356118
345.792,-1.43988,-1.37066,0.355227,1.14342e-06,0.355225
345.84,-1.4499,-1.36872,0.354346,1.09921e-06,0.354345
345.888,-1.42338,-1.36677,0.353522,1.22085e-06,0.353521
345.936,-1.44088,-1.36479,0.352707,1.13941e-06,0.352706
345.984,-1.42789,-1.3628,0.351908,1.19965e-06,0.351907
346.032,-1.39288,-1.36078,0.351117,1.37788e-06,0.351115
346.08,-1.40138,-1.35876,0.350389,1.33253e-06,0.350388
346.128,-1.38237,-1.35671,0.34969,1.43674e-06,0.349689
346.176,-1.39337,-1.35465,0.349021,1.37584e-06,0.349019
346.224,-1.39388,-1.35256,0.348366,1.37329e-06,0.348365
346.272,-1.41489,-1.35047,0.347715,1.26405e-06,0.347714
346.32,-1.38037,-1.34835,0.347115,1.44904e-06,0.347113
346.368,-1.39088,-1.34622,0.346505,1.39032e-06,0.346503
346.416,-1.35836,-1.34406,0.345941,1.58125e-06,0.345939
346.464,-1.40387,-1.3419,0.34536,1.32113e-06,0.345359
346.512,-1.35536,-1.33971,0.344794,1.60063e-06,0.344792
346.56,-1.38937,-1.3375,0.344241,1.39954e-06,0.34424
346.608,-1.34585,-1.33528,0.343739,1.66246e-06,0.343737
346.656,-1.36536,-1.33303,0.343231,1.53938e-06,0.343229
346.704,-1.35285,-1.33077,0.342728,1.61765e-06,0.342727
346.752,-1.36136,-1.32849,0.34222,1.56443e-06,0.342219
346.8,-1.36436,-1.32618,0.341757,1.54626e-06,0.341756
346.848,-1.35536,-1.32386,0.341291,1.60252e-06,0.341289
346.896,-1.34836,-1.32152,0.340845,1.64775e-06,0.340844
346.944,-1.34585,-1.31916,0.340408,1.66446e-06,0.340406
346.992,-1.35085,-1.31677,0.339985,1.63218e-06,0.339983
347.04,-1.30585,-1.31437,0.339579,1.95029e-06,0.339577
347.088,-1.32786,-1.31194,0.33922,1.78812e-06,0.339218
347.136,-1.35787,-1.30949,0.338804,1.58841e-06,0.338802
347.184,-1.35836,-1.30702,0.338416,1.58562e-06,0.338414
347.232,-1.33335,-1.30452,0.338094,1.75069e-06,0.338092
347.28,-1.33686,-1.302,0.337774,1.72692e-06,0.337773
347.328,-1.37886,-1.29946,0.337412,1.46301e-06,0.33741
347.376,-1.39688,-1.29688,0.336987,1.36274e-06,0.336985
347.424,-1.43139,-1.29427,0.336459,1.18918e-06,0.336458
347.472,-1.41389,-1.29161,0.33592,1.27462e-06,0.335919
347.52,-1.42038,-1.28892,0.335352,1.24259e-06,0.335351
347.568,-1.45139,-1.28619,0.334774,1.09948e-06,0.334773
347.616,-1.51392,-1.28342,0.334134,8.58909e-07,0.334133
347.664,-1.51242,-1.2806,0.3335,8.64167e-07,0.333499
347.712,-1.50641,-1.27774,0.332839,8.85146e-07,0.332838
347.76,-1.48441,-1.27483,0.332212,9.65746e-07,0.332211
347.808,-1.51542,-1.27187,0.331579,8.54535e-07,0.331578
347.856,-1.48441,-1.26887,0.330948,9.66173e-07,0.330947
347.904,-1.47991,-1.26582,0.330378,9.83761e-07,0.330377
347.952,-1.49892,-1.26272,0.329827,9.12756e-07,0.329826
348,-1.48791,-1.25957,0.329271,9.53589e-07,0.32927
348.048,-1.4694,-1.25636,0.328735,1.02619e-06,0.328734
348.096,-1.4744,-1.2531,0.328191,1.00635e-06,0.32819
348.144,-1.49241,-1.24978,0.327651,9.3743e-07,0.32765
348.192,-1.47591,-1.2464,0.327148,1.00087e-06,0.327147
348.24,-1.45439,-1.24298,0.326741,1.09e-06,0.32674
348.288,-1.4599,-1.23949,0.326322,1.06681e-06,0.326321
348.336,-1.4614,-1.23593,0.325888,1.06074e-06,0.325887
348.384,-1.44739,-1.23231,0.325499,1.12145e-06,0.325498
348.432,-1.4594,-1.22862,0.325075,1.06974e-06,0.325074
348.48,-1.43539,-1.22487,0.324719,1.17656e-06,0.324718
348.528,-1.42038,-1.22104,0.324361,1.24884e-06,0.32436
348.576,-1.4549,-1.21713,0.324024,1.08989e-06,0.324023
348.624,-1.42489,-1.21315,0.323718,1.2275e-06,0.323717
348.672,-1.43639,-1.20909,0.323432,1.17328e-06,0.323431
348.72,-1.42089,-1.20495,0.323168,1.24781e-06,0.323166
348.768,-1.40587,-1.20071,0.322916,1.3245e-06,0.322915
348.816,-1.36036,-1.19639,0.322735,1.58605e-06,0.322734
348.864,-1.36436,-1.19198,0.32257,1.56168e-06,0.322568
348.912,-1.36087,-1.18747,0.322458,1.58391e-06,0.322457
348.96,-1.36387,-1.18286,0.322297,1.56577e-06,0.322295
349.008,-1.41338,-1.17814,0.322169,1.28792e-06,0.322168
349.056,-1.37886,-1.1733,0.322007,1.4767e-06,0.322006
349.104,-1.33735,-1.16835,0.321955,1.74065e-06,0.321954
349.152,-1.34585,-1.16328,0.321895,1.68372e-06,0.321894
349.2,-1.31634,-1.15807,0.321868,1.8928e-06,0.321867
349.248,-1.34035,-1.15273,0.321865,1.7221e-06,0.321864
349.296,-1.31784,-1.14724,0.321858,1.88304e-06,0.321856
349.344,-1.29483,-1.1416,0.321915,2.06319e-06,0.321913
349.392,-1.27984,-1.1358,0.322004,2.1901e-06,0.322002
349.44,-1.28983,-1.12984,0.322092,2.10617e-06,0.32209
349.488,-1.36187,-1.12368,0.322147,1.58505e-06,0.322145
349.536,-1.35185,-1.11733,0.322177,1.64981e-06,0.322175
349.584,-1.41989,-1.11076,0.322086,1.26142e-06,0.322085
349.632,-1.46389,-1.10395,0.321904,1.06057e-06,0.321903
349.68,-1.52693,-1.09687,0.321586,8.27109e-07,0.321585
349.728,-1.53944,-1.08951,0.321207,7.87643e-07,0.321206
349.776,-1.51942,-1.08186,0.320837,8.52947e-07,0.320836
349.824,-1.56994,-1.07389,0.320454,6.98983e-07,0.320454
349.872,-1.52442,-1.06557,0.320129,8.3725e-07,0.320129
349.92,-1.55843,-1.05689,0.319749,7.32407e-07,0.319749
349.968,-1.52142,-1.0478,0.319398,8.48327e-07,0.319397
350.016,-1.54243,-1.03828,0.319063,7.8126e-07,0.319062
350.064,-1.53293,-1.02829,0.318727,8.11759e-07,0.318726
350.112,-1.55894,-1.01779,0.318451,7.33009e-07,0.318451
350.16,-1.52993,-1.00673,0.318208,8.22719e-07,0.318207
350.208,-1.51442,-0.995054,0.318014,8.7545e-07,0.318013
350.256,-1.50292,-0.98271,0.317863,9.16995e-07,0.317862
350.304,-1.4684,-0.969625,0.317761,1.05202e-06,0.31776
350.352,-1.52042,-0.955712,0.31764,8.5736e-07,0.317639
350.4,-1.48291,-0.940881,0.317599,9.95456e-07,0.317598
350.448,-1.46791,-0.925023,0.317624,1.05744e-06,0.317623
350.496,-1.46891,-0.908008,0.317699,1.05455e-06,0.317698
350.544,-1.42138,-0.889679,0.317824,1.27416e-06,0.317823
350.592,-1.44839,-0.869853,0.318006,1.14676e-06,0.318005
350.64,-1.4564,-0.848298,0.318209,1.1127e-06,0.318208
350.688,-1.46891,-0.824743,0.318508,1.06081e-06,0.318507
350.736,-1.40738,-0.79884,0.318873,1.35533e-06,0.318872
350.784,-1.40738,-0.770156,0.319324,1.35807e-06,0.319323
350.832,-1.41289,-0.738129,0.319844,1.33182e-06,0.319843
350.88,-1.38186,-0.702022,0.3205,1.50937e-06,0.320499
350.928,-1.39937,-0.66085,0.321283,1.41252e-06,0.321282
350.976,-1.39188,-0.613225,0.322188,1.45976e-06,0.322187
351.024,-1.39437,-0.55717,0.323294,1.45103e-06,0.323293
351.072,-1.41389,-0.489687,0.324624,1.34948e-06,0.324623
351.12,-1.39838,-0.405989,0.326305,1.44287e-06,0.326304
351.168,-1.37637,-0.297796,0.328539,1.58537e-06,0.328538
351.216,-1.38488,-0.149192,0.331633,1.54785e-06,0.331631
351.264,-1.39037,0.0751345,0.336259,1.53621e-06,0.336257
351.312,-1.38237,0.467785,0.344209,1.62346e-06,0.344207
351.36,-1.38337,1.23611,0.359951,1.69133e-06,0.35995
351.408,-1.36236,1.7521,0.375749,1.91895e-06,0.375747
351.456,-1.37036,0.532848,0.354761,1.75564e-06,0.35476
351.504,-1.36236,-0.869165,0.317162,1.62031e-06,0.317161
351.552,-1.37036,-0.939323,0.313799,1.5535e-06,0.313797
351.6,-1.38537,-0.925773,0.314012,1.46527e-06,0.314011
351.648,-1.34186,-0.909696,0.314373,1.74224e-06,0.314371
351.696,-1.35585,-0.892387,0.314749,1.65052e-06,0.314748
351.744,-1.35936,-0.873701,0.315141,1.62996e-06,0.315139
351.792,-1.37136,-0.853438,0.315548,1.55672e-06,0.315546
351.84,-1.34536,-0.831359,0.316029,1.72786e-06,0.316027
351.888,-1.35085,-0.807168,0.316599,1.69366e-06,0.316597
351.936,-1.32084,-0.780484,0.317229,1.91053e-06,0.317227
351.984,-1.33235,-0.75083,0.31791,1.82941e-06,0.317908
352.032,-1.34086,-0.717589,0.3187,1.77305e-06,0.318698
352.08,-1.30634,-0.679947,0.319645,2.03755e-06,0.319643
352.128,-1.29483,-0.636783,0.320701,2.13874e-06,0.320699
352.176,-1.31434,-0.58653,0.321915,1.98693e-06,0.321913
352.224,-1.33835,-0.526886,0.323297,1.81443e-06,0.323296
352.272,-1.33086,-0.454303,0.324905,1.87817e-06,0.324903
352.32,-1.35736,-0.362972,0.326862,1.70177e-06,0.32686
352.368,-1.44239,-0.242445,0.32928,1.22574e-06,0.329279
352.416,-1.45139,-0.0716633,0.332632,1.19599e-06,0.332631
352.464,-1.49241,0.199006,0.337912,1.03421e-06,0.337911
352.512,-1.48991,0.703706,0.347749,1.07608e-06,0.347748
352.56,-1.4939,1.57265,0.366384,1.11709e-06,0.366383
352.608,-1.52091,1.49659,0.370649,1.01684e-06,0.370648
352.656,-1.50141,-0.239453,0.335297,9.94759e-07,0.335296
352.704,-1.53393,-0.928591,0.31219,8.15494e-07,0.312189
352.752,-1.54543,-0.933854,0.311266,7.77913e-07,0.311266
352.8,-1.52842,-0.919502,0.311171,8.32854e-07,0.31117
352.848,-1.54693,-0.903754,0.311113,7.74988e-07,0.311112
352.896,-1.51392,-0.886798,0.311141,8.84058e-07,0.31114
352.944,-1.52893,-0.868474,0.311181,8.34213e-07,0.31118
352.992,-1.48241,-0.848581,0.311257,1.004e-06,0.311256
353.04,-1.49841,-0.826884,0.311415,9.43935e-07,0.311414
353.088,-1.53593,-0.803086,0.31162,8.15222e-07,0.311619
353.136,-1.51592,-0.776812,0.311887,8.83956e-07,0.311886
353.184,-1.4909,-0.747594,0.312231,9.77807e-07,0.31223
353.232,-1.4704,-0.714831,0.312711,1.06278e-06,0.31271
353.28,-1.43188,-0.677716,0.313329,1.24074e-06,0.313328
353.328,-1.44939,-0.635155,0.314047,1.16122e-06,0.314046
353.376,-1.46589,-0.585609,0.314925,1.09161e-06,0.314924
353.424,-1.44239,-0.526841,0.316037,1.2027e-06,0.316036
353.472,-1.4439,-0.455415,0.317411,1.20136e-06,0.31741
353.52,-1.44088,-0.365719,0.319207,1.2231e-06,0.319206
353.568,-1.43639,-0.247749,0.321577,1.25473e-06,0.321576
353.616,-1.40938,-0.0815328,0.324969,1.41114e-06,0.324968
353.664,-1.39437,0.179449,0.33027,1.52194e-06,0.330268
353.712,-1.38237,0.66015,0.339792,1.64191e-06,0.33979
353.76,-1.40187,1.51549,0.357796,1.60083e-06,0.357794
353.808,-1.40088,1.55457,0.364607,1.63792e-06,0.364605
353.856,-1.38037,-0.110471,0.332568,1.62027e-06,0.332566
353.904,-1.36787,-0.922245,0.307424,1.57343e-06,0.307423
353.952,-1.35436,-0.93432,0.306706,1.65539e-06,0.306704
354,-1.34336,-0.920961,0.307098,1.73053e-06,0.307096
354.048,-1.33735,-0.906208,0.307525,1.77404e-06,0.307523
354.096,-1.33335,-0.890368,0.307987,1.80434e-06,0.307985
354.144,-1.34785,-0.873306,0.308494,1.70588e-06,0.308492
354.192,-1.33286,-0.854855,0.309046,1.81242e-06,0.309044
354.24,-1.33786,-0.834808,0.309631,1.77949e-06,0.309629
354.288,-1.32184,-0.812914,0.310252,1.8987e-06,0.31025
354.336,-1.32684,-0.788867,0.31092,1.86471e-06,0.310918
354.384,-1.32986,-0.762283,0.311671,1.84607e-06,0.31167
354.432,-1.31284,-0.732664,0.312465,1.97857e-06,0.312463
354.48,-1.35185,-0.69937,0.31331,1.69983e-06,0.313308
354.528,-1.30334,-0.661542,0.314248,2.06454e-06,0.314246
354.576,-1.30485,-0.618033,0.315363,2.05846e-06,0.315361
354.624,-1.29985,-0.5672,0.31666,2.10689e-06,0.316658
354.672,-1.32735,-0.50663,0.318176,1.89772e-06,0.318174
354.72,-1.33886,-0.432555,0.319893,1.82246e-06,0.319891
354.768,-1.34385,-0.338771,0.322033,1.79804e-06,0.322031
354.816,-1.31884,-0.214018,0.324856,2.0012e-06,0.324854
354.864,-1.33186,-0.035217,0.32873,1.92279e-06,0.328728
354.912,-1.33786,0.25295,0.334778,1.91143e-06,0.334776
354.96,-1.32235,0.797627,0.345822,2.09828e-06,0.34582
355.008,-1.32786,1.64423,0.364981,2.16596e-06,0.364979
355.056,-1.33386,1.35155,0.365117,2.11532e-06,0.365114
355.104,-1.33486,-0.43808,0.327653,1.89e-06,0.327651
355.152,-1.32735,-0.930709,0.310413,1.8439e-06,0.310412
355.2,-1.27733,-0.930548,0.310301,2.24513e-06,0.310299
355.248,-1.27384,-0.917888,0.310801,2.27836e-06,0.310799
355.296,-1.31735,-0.904127,0.311225,1.92024e-06,0.311223
355.344,-1.36136,-0.889364,0.311613,1.61538e-06,0.311611
355.392,-1.39137,-0.873472,0.31198,1.43633e-06,0.311979
355.44,-1.44239,-0.856286,0.312221,1.17546e-06,0.31222
355.488,-1.4584,-0.837626,0.312451,1.10483e-06,0.31245
355.536,-1.4684,-0.817272,0.312683,1.06356e-06,0.312682
355.584,-1.47791,-0.794951,0.312902,1.02596e-06,0.312901
355.632,-1.4734,-0.77032,0.313131,1.04621e-06,0.31313
355.68,-1.53442,-0.742962,0.313402,8.23594e-07,0.313401
355.728,-1.51542,-0.712322,0.313731,8.89715e-07,0.313731
355.776,-1.51742,-0.677693,0.314152,8.84845e-07,0.314151
355.824,-1.55543,-0.63811,0.314662,7.63517e-07,0.314662
355.872,-1.51742,-0.592247,0.315352,8.90091e-07,0.315351
355.92,-1.50241,-0.538209,0.316269,9.48012e-07,0.316268
355.968,-1.4929,-0.47313,0.317406,9.88674e-07,0.317405
356.016,-1.49792,-0.392473,0.318857,9.74546e-07,0.318856
356.064,-1.50341,-0.288459,0.320775,9.60233e-07,0.320774
356.112,-1.4939,-0.146357,0.323472,1.00627e-06,0.323471
356.16,-1.4489,0.06577,0.327631,1.21841e-06,0.32763
356.208,-1.4539,0.429296,0.334693,1.22114e-06,0.334692
356.256,-1.4704,1.13344,0.348554,1.19208e-06,0.348553
356.304,-1.47191,1.74308,0.364911,1.24133e-06,0.364909
356.352,-1.4554,0.734658,0.349018,1.26798e-06,0.349017
356.4,-1.4479,-0.815237,0.310582,1.16286e-06,0.310581
356.448,-1.47391,-0.934261,0.305409,1.03222e-06,0.305408
356.496,-1.43688,-0.924974,0.305422,1.19547e-06,0.305421
356.544,-1.41838,-0.912516,0.305602,1.28732e-06,0.305601
356.592,-1.42638,-0.899144,0.305817,1.24845e-06,0.305816
356.64,-1.42489,-0.884799,0.306087,1.25712e-06,0.306086
356.688,-1.42889,-0.869356,0.306367,1.23877e-06,0.306366
356.736,-1.43639,-0.85267,0.306676,1.20398e-06,0.306675
356.784,-1.42989,-0.834564,0.306987,1.23694e-06,0.306986
356.832,-1.41238,-0.814838,0.307405,1.32739e-06,0.307404
356.88,-1.37937,-0.793244,0.307935,1.51469e-06,0.307933
356.928,-1.35887,-0.769466,0.30855,1.6453e-06,0.308548
356.976,-1.36436,-0.743107,0.309231,1.61296e-06,0.309229
357.024,-1.38488,-0.713658,0.309944,1.49038e-06,0.309942
357.072,-1.33735,-0.680455,0.310742,1.80256e-06,0.31074
357.12,-1.35636,-0.64263,0.311652,1.67647e-06,0.31165
357.168,-1.33135,-0.598985,0.312735,1.85625e-06,0.312733
357.216,-1.34585,-0.547818,0.314005,1.75899e-06,0.314004
357.264,-1.29783,-0.486608,0.315506,2.13553e-06,0.315504
357.312,-1.31134,-0.411443,0.31733,2.03483e-06,0.317328
357.36,-1.29683,-0.315762,0.319576,2.16868e-06,0.319574
357.408,-1.32135,-0.18756,0.322444,1.98498e-06,0.322442
357.456,-1.33986,-0.00196736,0.326444,1.86698e-06,0.326442
357.504,-1.30934,0.301267,0.332782,2.14591e-06,0.33278
357.552,-1.29134,0.877894,0.344453,2.38328e-06,0.34445
357.6,-1.30285,1.68023,0.363244,2.39988e-06,0.363241
357.648,-1.28683,1.21526,0.359739,2.5301e-06,0.359736
357.696,-1.29134,-0.564288,0.321259,2.21824e-06,0.321257
357.744,-1.30183,-0.929303,0.308015,2.0393e-06,0.308013
357.792,-1.29583,-0.927138,0.30812,2.08734e-06,0.308118
357.84,-1.26982,-0.916175,0.308622,2.31514e-06,0.308619
357.888,-1.29783,-0.90433,0.30912,2.07427e-06,0.309118
357.936,-1.27784,-0.891662,0.309605,2.24689e-06,0.309603
357.984,-1.28333,-0.878084,0.310135,2.20078e-06,0.310133
358.032,-1.28983,-0.863479,0.310638,2.14714e-06,0.310636
358.08,-1.33986,-0.84771,0.311133,1.76394e-06,0.311132
358.128,-1.31484,-0.830622,0.311672,1.94958e-06,0.31167
358.176,-1.31384,-0.81203,0.312261,1.95988e-06,0.312259
358.224,-1.28333,-0.791705,0.312937,2.2143e-06,0.312935
358.272,-1.27784,-0.769363,0.313646,2.26645e-06,0.313643
358.32,-1.26282,-0.744653,0.314425,2.40918e-06,0.314423
358.368,-1.33086,-0.717126,0.315234,1.84471e-06,0.315232
358.416,-1.27784,-0.686207,0.316159,2.27968e-06,0.316157
358.464,-1.23432,-0.651152,0.317242,2.7141e-06,0.317239
358.512,-1.25732,-0.610937,0.318433,2.48522e-06,0.31843
358.56,-1.23781,-0.564135,0.319782,2.69303e-06,0.31978
358.608,-1.22481,-0.508698,0.321349,2.84575e-06,0.321346
358.656,-1.1988,-0.44151,0.323173,3.16827e-06,0.32317
358.704,-1.22282,-0.357565,0.32537,2.89769e-06,0.325367
358.752,-1.22881,-0.248126,0.328057,2.85034e-06,0.328054
358.8,-1.2058,-0.096325,0.331685,3.15255e-06,0.331682
358.848,-1.23932,0.135446,0.336889,2.80185e-06,0.336886
358.896,-1.22082,0.54403,0.345615,3.08914e-06,0.345612
358.944,-1.1923,1.30614,0.361979,3.61729e-06,0.361976
358.992,-1.22031,1.66335,0.375079,3.35167e-06,0.375076
359.04,-1.22881,0.344537,0.351709,3.03591e-06,0.351706
359.088,-1.2323,-0.874452,0.318021,2.70449e-06,0.318019
359.136,-1.20531,-0.928412,0.315856,2.98518e-06,0.315853
359.184,-1.20731,-0.920084,0.316376,2.96321e-06,0.316373
359.232,-1.22581,-0.910014,0.316962,2.75622e-06,0.316959
359.28,-1.23532,-0.899263,0.31751,2.65662e-06,0.317508
359.328,-1.1903,-0.887785,0.318079,3.17663e-06,0.318076
359.376,-1.22182,-0.875502,0.318669,2.80703e-06,0.318667
359.424,-1.1988,-0.862319,0.319298,3.07719e-06,0.319295
359.472,-1.2048,-0.848118,0.319891,3.00812e-06,0.319888
359.52,-1.21731,-0.832775,0.320552,2.86618e-06,0.320549
359.568,-1.1943,-0.816132,0.321238,3.14278e-06,0.321234
359.616,-1.18079,-0.798005,0.321972,3.31934e-06,0.321969
359.664,-1.21331,-0.778162,0.322709,2.92311e-06,0.322706
359.712,-1.1833,-0.756326,0.323515,3.29628e-06,0.323511
359.76,-1.23781,-0.73215,0.324352,2.66189e-06,0.324349
359.808,-1.1998,-0.705195,0.325287,3.09921e-06,0.325284
359.856,-1.18079,-0.674901,0.326322,3.34813e-06,0.326319
359.904,-1.16679,-0.64053,0.327492,3.54703e-06,0.327489
359.952,-1.17979,-0.601075,0.328744,3.37863e-06,0.328741
360,-1.16078,-0.555145,0.330162,3.65381e-06,0.330159
360.048,-1.15878,-0.500743,0.331804,3.69652e-06,0.331801
360.096,-1.16329,-0.434838,0.333669,3.6475e-06,0.333665
360.144,-1.16829,-0.352581,0.335903,3.59592e-06,0.3359
360.192,-1.18779,-0.245581,0.338632,3.35277e-06,0.338629
360.24,-1.14478,-0.0977645,0.34229,4.0122e-06,0.342286
360.288,-1.14327,0.126186,0.347558,4.0934e-06,0.347554
360.336,-1.10376,0.515867,0.356268,4.89875e-06,0.356263
360.384,-1.12026,1.24411,0.372408,4.79106e-06,0.372403
360.432,-1.13379,1.67338,0.387118,4.71519e-06,0.387114
360.48,-1.12977,0.475526,0.365961,4.52397e-06,0.365957
360.528,-1.10577,-0.84969,0.329478,4.47235e-06,0.329474
360.576,-1.12728,-0.924607,0.326441,4.0649e-06,0.326437
360.624,-1.12126,-0.918109,0.326978,4.16418e-06,0.326973
360.672,-1.15729,-0.909562,0.327536,3.61375e-06,0.327533
360.72,-1.14527,-0.900458,0.328155,3.79195e-06,0.328152
360.768,-1.12177,-0.890768,0.32877,4.16395e-06,0.328766
360.816,-1.11377,-0.88044,0.329438,4.30085e-06,0.329434
360.864,-1.15729,-0.86939,0.330037,3.62414e-06,0.330033
360.912,-1.13828,-0.857546,0.33069,3.91025e-06,0.330686
360.96,-1.15478,-0.844805,0.331296,3.66664e-06,0.331292
361.008,-1.12226,-0.831067,0.331985,4.17356e-06,0.331981
361.056,-1.13578,-0.816204,0.332708,3.96055e-06,0.332704
361.104,-1.13878,-0.800052,0.333405,3.91835e-06,0.333401
361.152,-1.13479,-0.782426,0.334114,3.98573e-06,0.33411
361.2,-1.15029,-0.763107,0.334868,3.75393e-06,0.334864
361.248,-1.09427,-0.741815,0.335671,4.6913e-06,0.335666
361.296,-1.16929,-0.718216,0.336536,3.4934e-06,0.336532
361.344,-1.14327,-0.691871,0.337478,3.87878e-06,0.337474
361.392,-1.13177,-0.662223,0.338467,4.06763e-06,0.338463
361.44,-1.12126,-0.628544,0.339579,4.25001e-06,0.339575
361.488,-1.12428,-0.589855,0.340812,4.21089e-06,0.340808
361.536,-1.12226,-0.544792,0.342209,4.25774e-06,0.342205
361.584,-1.15829,-0.491381,0.343709,3.70619e-06,0.343706
361.632,-1.17328,-0.426661,0.345427,3.50824e-06,0.345423
361.68,-1.21031,-0.345909,0.34743,3.04711e-06,0.347427
361.728,-1.27384,-0.240965,0.349769,2.38702e-06,0.349767
361.776,-1.30885,-0.0963586,0.352953,2.09814e-06,0.352951
361.824,-1.36036,0.121583,0.357559,1.73527e-06,0.357557
361.872,-1.35036,0.49707,0.365446,1.84653e-06,0.365444
361.92,-1.36836,1.19721,0.380528,1.79228e-06,0.380526
361.968,-1.38588,1.6723,0.395357,1.73922e-06,0.395355
362.016,-1.36187,0.571979,0.375309,1.8172e-06,0.375307
362.064,-1.38137,-0.824927,0.336287,1.50904e-06,0.336286
362.112,-1.34985,-0.920175,0.331665,1.68719e-06,0.331663
362.16,-1.35987,-0.915196,0.331469,1.62207e-06,0.331468
362.208,-1.32235,-0.907784,0.331353,1.88232e-06,0.331351
362.256,-1.35836,-0.899862,0.331324,1.63355e-06,0.331323
362.304,-1.32584,-0.891429,0.331379,1.8587e-06,0.331377
362.352,-1.32786,-0.882423,0.331409,1.84514e-06,0.331407
362.4,-1.32484,-0.872789,0.331452,1.86854e-06,0.33145
362.448,-1.33935,-0.862462,0.33151,1.76573e-06,0.331508
362.496,-1.35236,-0.851363,0.331568,1.67853e-06,0.331566
362.544,-1.31584,-0.839405,0.33167,1.94079e-06,0.331668
362.592,-1.32184,-0.826494,0.331851,1.89706e-06,0.331849
362.64,-1.30183,-0.812509,0.332078,2.05523e-06,0.332076
362.688,-1.31684,-0.797302,0.332319,1.93891e-06,0.332317
362.736,-1.30285,-0.780699,0.332572,2.0516e-06,0.33257
362.784,-1.28084,-0.762504,0.332913,2.24095e-06,0.332911
362.832,-1.29083,-0.742464,0.333289,2.15717e-06,0.333286
362.88,-1.31185,-0.720262,0.333715,1.98835e-06,0.333713
362.928,-1.29883,-0.695519,0.334245,2.09692e-06,0.334243
362.976,-1.29483,-0.667734,0.334843,2.13446e-06,0.334841
363.024,-1.26482,-0.636265,0.33556,2.40851e-06,0.335558
363.072,-1.26633,-0.600253,0.336383,2.40018e-06,0.336381
363.12,-1.23932,-0.558524,0.337375,2.67827e-06,0.337372
363.168,-1.24783,-0.509423,0.338559,2.59844e-06,0.338557
363.216,-1.22631,-0.450504,0.339968,2.84046e-06,0.339965
363.264,-1.21331,-0.377988,0.341759,3.00482e-06,0.341756
363.312,-1.22481,-0.285595,0.343993,2.88893e-06,0.34399
363.36,-1.2323,-0.161954,0.346925,2.82744e-06,0.346922
363.408,-1.1913,0.0160692,0.351041,3.36293e-06,0.351038
363.456,-1.2058,0.302826,0.357439,3.23211e-06,0.357436
363.504,-1.2038,0.832916,0.368941,3.36116e-06,0.368938
363.552,-1.20531,1.59437,0.38765,3.50871e-06,0.387647
363.6,-1.1998,1.27521,0.386778,3.57544e-06,0.386774
363.648,-1.2128,-0.434919,0.348504,3.05862e-06,0.348501
363.696,-1.1993,-0.909637,0.33111,3.06366e-06,0.331107
363.744,-1.17179,-0.916429,0.330877,3.41089e-06,0.330874
363.792,-1.15329,-0.910563,0.331261,3.67117e-06,0.331257
363.84,-1.1843,-0.904102,0.331638,3.24922e-06,0.331635
363.888,-1.15829,-0.897252,0.332045,3.60278e-06,0.332042
363.936,-1.16329,-0.889983,0.332456,3.53414e-06,0.332452
363.984,-1.1783,-0.882247,0.332827,3.33237e-06,0.332824
364.032,-1.18679,-0.874009,0.333231,3.2243e-06,0.333228
364.08,-1.1968,-0.865207,0.333578,3.10113e-06,0.333575
364.128,-1.22131,-0.855786,0.333921,2.81677e-06,0.333918
364.176,-1.22781,-0.845686,0.334317,2.74723e-06,0.334314
364.224,-1.17328,-0.834836,0.334798,3.41058e-06,0.334794
364.272,-1.16278,-0.823148,0.335289,3.55813e-06,0.335285
364.32,-1.2098,-0.810513,0.335761,2.95731e-06,0.335758
364.368,-1.17129,-0.796817,0.336305,3.44691e-06,0.336302
364.416,-1.16629,-0.78192,0.336881,3.51939e-06,0.336878
364.464,-1.16529,-0.765648,0.33748,3.53738e-06,0.337477
364.512,-1.16829,-0.747798,0.338097,3.50009e-06,0.338094
364.56,-1.16479,-0.728123,0.338787,3.55363e-06,0.338783
364.608,-1.15729,-0.706311,0.339502,3.66623e-06,0.339498
364.656,-1.14727,-0.681976,0.340274,3.82074e-06,0.34027
364.704,-1.17129,-0.654629,0.341119,3.48145e-06,0.341115
364.752,-1.16278,-0.623621,0.342016,3.60824e-06,0.342013
364.8,-1.14327,-0.588106,0.343047,3.90697e-06,0.343043
364.848,-1.13128,-0.546934,0.344302,4.10831e-06,0.344298
364.896,-1.11526,-0.498472,0.345766,4.39124e-06,0.345761
364.944,-1.11027,-0.440307,0.347462,4.49658e-06,0.347458
364.992,-1.12928,-0.368697,0.349413,4.19122e-06,0.349409
365.04,-1.1638,-0.277485,0.351817,3.67897e-06,0.351813
365.088,-1.11526,-0.155568,0.354972,4.49252e-06,0.354967
365.136,-1.07675,0.0194675,0.359353,5.29e-06,0.359348
365.184,-1.13428,0.299737,0.365953,4.28758e-06,0.365949
365.232,-1.05524,0.812708,0.377639,6.03988e-06,0.377633
365.28,-1.08876,1.56131,0.396558,5.54932e-06,0.396553
365.328,-1.08976,1.30149,0.397037,5.5283e-06,0.397032
365.376,-1.05924,-0.375009,0.359331,5.63873e-06,0.359325
365.424,-1.07626,-0.901664,0.340175,4.98602e-06,0.34017
365.472,-1.09727,-0.912209,0.339915,4.58066e-06,0.339911
365.52,-1.07675,-0.907866,0.340385,4.96909e-06,0.34038
365.568,-1.09527,-0.902983,0.340859,4.61996e-06,0.340854
365.616,-1.06926,-0.897827,0.341364,5.12207e-06,0.341359
365.664,-1.09776,-0.892374,0.341801,4.57817e-06,0.341796
365.712,-1.09376,-0.886602,0.342249,4.65303e-06,0.342244
365.76,-1.05375,-0.880482,0.342705,5.45251e-06,0.342699
365.808,-1.08925,-0.87399,0.343194,4.74093e-06,0.343189
365.856,-1.05475,-0.867089,0.343699,5.4362e-06,0.343693
365.904,-1.10627,-0.859734,0.344144,4.43714e-06,0.34414
365.952,-1.11826,-0.851888,0.344648,4.23402e-06,0.344644
366,-1.07826,-0.843503,0.345182,4.9623e-06,0.345177
366.048,-1.10827,-0.83452,0.345709,4.41012e-06,0.345704
366.096,-1.08176,-0.82487,0.346221,4.90047e-06,0.346216
366.144,-1.05575,-0.814487,0.346805,5.43505e-06,0.346799
366.192,-1.06375,-0.803282,0.347378,5.27011e-06,0.347372
366.24,-1.04074,-0.791158,0.348009,5.77684e-06,0.348003
366.288,-1.06775,-0.777999,0.348658,5.19675e-06,0.348653
366.336,-1.04925,-0.763666,0.349354,5.59671e-06,0.349348
366.384,-1.07126,-0.74799,0.350036,5.13606e-06,0.350031
366.432,-1.08425,-0.730774,0.350781,4.8848e-06,0.350776
366.48,-1.05074,-0.711779,0.351595,5.58413e-06,0.351589
366.528,-1.08825,-0.690712,0.352477,4.82171e-06,0.352473
366.576,-1.03925,-0.667195,0.353449,5.86178e-06,0.353443
366.624,-1.02523,-0.640758,0.354497,6.20699e-06,0.35449
366.672,-1.04425,-0.610774,0.355565,5.76967e-06,0.355559
366.72,-1.01624,-0.576437,0.356794,6.46039e-06,0.356788
366.768,-1.03123,-0.536641,0.358156,6.10528e-06,0.35815
366.816,-1.01424,-0.48983,0.359708,6.5504e-06,0.359701
366.864,-1.01124,-0.433727,0.36146,6.6538e-06,0.361453
366.912,-0.97872,-0.364864,0.363618,7.60144e-06,0.36361
366.96,-1.03423,-0.27754,0.366117,6.13953e-06,0.366111
367.008,-1.00722,-0.161653,0.36932,6.88325e-06,0.369313
367.056,-0.998732,0.00274411,0.37364,7.19349e-06,0.373633
367.104,-1.00073,0.260686,0.380128,7.25189e-06,0.380121
367.152,-1.00973,0.721886,0.391116,7.19303e-06,0.391109
367.2,-1.01024,1.45587,0.409735,7.5124e-06,0.409728
367.248,-1.01524,1.42538,0.415308,7.45859e-06,0.4153
367.296,-1.02923,-0.118683,0.381257,6.47357e-06,0.381251
367.344,-1.06575,-0.880991,0.354672,5.20948e-06,0.354666
367.392,-1.01573,-0.905952,0.353729,6.32557e-06,0.353722
367.44,-1.00122,-0.903567,0.35412,6.69968e-06,0.354114
367.488,-1.01773,-0.900472,0.354484,6.278e-06,0.354478
367.536,-1.01224,-0.897207,0.354835,6.41722e-06,0.354829
367.584,-1.02024,-0.893784,0.355275,6.21906e-06,0.355268
367.632,-0.988718,-0.89018,0.355673,7.04587e-06,0.355666
367.68,-1.02224,-0.886388,0.356083,6.17337e-06,0.356076
367.728,-1.02124,-0.882384,0.356454,6.19959e-06,0.356448
367.776,-1.01973,-0.878156,0.356839,6.23853e-06,0.356833
367.824,-1.01473,-0.873687,0.357215,6.36504e-06,0.357209
367.872,-1.02373,-0.868958,0.357619,6.14474e-06,0.357613
367.92,-1.01924,-0.863942,0.357989,6.25701e-06,0.357982
367.968,-0.984719,-0.858623,0.358427,7.17427e-06,0.35842
368.016,-1.01473,-0.852974,0.358872,6.37445e-06,0.358866
368.064,-0.989718,-0.846965,0.359349,7.03977e-06,0.359342
368.112,-1.01024,-0.840559,0.359799,6.49434e-06,0.359793
368.16,-1.02124,-0.833716,0.360241,6.22113e-06,0.360235
368.208,-0.983211,-0.826407,0.360788,7.23372e-06,0.360781
368.256,-0.975721,-0.818571,0.361278,7.4552e-06,0.36127
368.304,-0.966215,-0.810166,0.361853,7.74524e-06,0.361845
368.352,-0.975213,-0.801124,0.362426,7.47943e-06,0.362418
368.4,-0.993717,-0.79137,0.362977,6.95677e-06,0.36297
368.448,-0.991226,-0.780822,0.363558,7.03085e-06,0.363551
368.496,-0.985719,-0.769383,0.364144,7.19135e-06,0.364137
368.544,-0.957709,-0.756949,0.364805,8.04024e-06,0.364797
368.592,-0.959216,-0.743384,0.365491,8.0001e-06,0.365483
368.64,-0.941696,-0.728529,0.366218,8.58266e-06,0.366209
368.688,-0.925699,-0.712197,0.367003,9.15327e-06,0.366994
368.736,-0.973721,-0.694155,0.36781,7.58052e-06,0.367803
368.784,-0.954201,-0.674116,0.368656,8.19996e-06,0.368648
368.832,-0.981212,-0.651727,0.369547,7.38122e-06,0.369539
368.88,-1.02823,-0.626528,0.370428,6.14013e-06,0.370422
368.928,-0.964215,-0.597944,0.371453,7.92358e-06,0.371445
368.976,-0.971214,-0.565221,0.372583,7.72484e-06,0.372575
369.024,-0.967215,-0.527318,0.373817,7.86837e-06,0.37381
369.072,-1.00573,-0.482792,0.375183,6.77791e-06,0.375176
369.12,-0.995717,-0.429558,0.376758,7.07707e-06,0.376751
369.168,-0.997225,-0.36447,0.37863,7.06591e-06,0.378623
369.216,-0.97872,-0.282465,0.38096,7.64366e-06,0.380953
369.264,-0.983211,-0.174756,0.383907,7.5625e-06,0.383899
369.312,-1.02073,-0.0244803,0.387848,6.58372e-06,0.387842
369.36,-0.983211,0.205003,0.393713,7.74626e-06,0.393705
369.408,-0.994225,0.601672,0.40342,7.59495e-06,0.403413
369.456,-0.969214,1.28362,0.420603,8.73567e-06,0.420594
369.504,-0.975213,1.54491,0.432537,8.7671e-06,0.432528
369.552,-0.994225,0.307511,0.406652,7.64204e-06,0.406644
369.6,-0.962216,-0.830819,0.370243,7.89027e-06,0.370235
369.648,-0.945203,-0.897396,0.367266,8.36478e-06,0.367258
369.696,-0.964215,-0.897677,0.36752,7.75837e-06,0.367513
369.744,-0.953201,-0.896453,0.367833,8.10424e-06,0.367825
369.792,-0.973721,-0.895151,0.368092,7.47364e-06,0.368084
369.84,-0.985719,-0.893801,0.368348,7.12823e-06,0.368341
369.888,-0.963216,-0.892406,0.368669,7.79202e-06,0.368662
369.936,-0.953709,-0.890969,0.369043,8.09117e-06,0.369035
369.984,-0.946203,-0.889482,0.369411,8.3357e-06,0.369402
370.032,-0.933697,-0.887939,0.369766,8.759e-06,0.369757
370.08,-0.908195,-0.886338,0.370132,9.68896e-06,0.370122
370.128,-0.940204,-0.884677,0.370507,8.53862e-06,0.370499
370.176,-0.961708,-0.88295,0.370855,7.84391e-06,0.370847
370.224,-0.934697,-0.881149,0.371207,8.72871e-06,0.371198
370.272,-0.908195,-0.879276,0.371597,9.69386e-06,0.371587
370.32,-0.937205,-0.877325,0.371975,8.64499e-06,0.371966
370.368,-0.915701,-0.875285,0.372331,9.41319e-06,0.372322
370.416,-0.962707,-0.873147,0.372647,7.81847e-06,0.372639
370.464,-0.977212,-0.8709,0.372897,7.38405e-06,0.37289
370.512,-0.964707,-0.868539,0.373165,7.75948e-06,0.373157
370.56,-0.945203,-0.866056,0.373423,8.38275e-06,0.373415
370.608,-0.932206,-0.863452,0.373753,8.82624e-06,0.373744
370.656,-0.932206,-0.860715,0.374088,8.82796e-06,0.374079
370.704,-0.937696,-0.857826,0.37438,8.64024e-06,0.374372
370.752,-0.961216,-0.85478,0.374682,7.87501e-06,0.374674
370.8,-0.932206,-0.851561,0.374988,8.83373e-06,0.374979
370.848,-0.939696,-0.848159,0.3753,8.57814e-06,0.375292
370.896,-0.946203,-0.844555,0.375592,8.36251e-06,0.375583
370.944,-0.931206,-0.84074,0.375939,8.87555e-06,0.37593
370.992,-0.931698,-0.836692,0.376277,8.86087e-06,0.376268
371.04,-0.925699,-0.832387,0.376586,9.07623e-06,0.376576
371.088,-0.936697,-0.827815,0.376959,8.69301e-06,0.376951
371.136,-0.923191,-0.822942,0.377315,9.17279e-06,0.377306
371.184,-0.92819,-0.817747,0.377688,8.99666e-06,0.377679
371.232,-0.917701,-0.812201,0.378101,9.38116e-06,0.378091
371.28,-0.910686,-0.806279,0.378578,9.64894e-06,0.378569
371.328,-0.882184,-0.799939,0.379084,1.08043e-05,0.379073
371.376,-0.888691,-0.793141,0.379591,1.0535e-05,0.37958
371.424,-0.917701,-0.785829,0.380075,9.39871e-06,0.380066
371.472,-0.884692,-0.777954,0.380589,1.07144e-05,0.380579
371.52,-0.907195,-0.769457,0.381126,9.80852e-06,0.381116
371.568,-0.864679,-0.760264,0.38169,1.16107e-05,0.381678
371.616,-0.86368,-0.750305,0.382323,1.16648e-05,0.382312
371.664,-0.880184,-0.73948,0.382992,1.09366e-05,0.382981
371.712,-0.855665,-0.727682,0.38372,1.20594e-05,0.383708
371.76,-0.867679,-0.714776,0.384443,1.15107e-05,0.384431
371.808,-0.9197,-0.700595,0.385122,9.38086e-06,0.385112
371.856,-0.891182,-0.684951,0.385825,1.05116e-05,0.385815
371.904,-0.877677,-0.667623,0.386601,1.11013e-05,0.38659
371.952,-0.884183,-0.648341,0.387476,1.0834e-05,0.387466
372,-0.876677,-0.626743,0.388376,1.1177e-05,0.388365
372.048,-0.900688,-0.602386,0.389303,1.01823e-05,0.389293
372.096,-0.906687,-0.574697,0.390294,9.9628e-06,0.390284
372.144,-0.904687,-0.542932,0.391408,1.00638e-05,0.391398
372.192,-0.869678,-0.50609,0.392715,1.15864e-05,0.392703
372.24,-0.836669,-0.462773,0.394222,1.324e-05,0.394209
372.288,-0.880676,-0.410962,0.395907,1.11656e-05,0.395896
372.336,-0.902196,-0.347594,0.39784,1.0299e-05,0.39783
372.384,-0.903687,-0.267814,0.400196,1.0293e-05,0.400185
372.432,-0.896689,-0.163267,0.403168,1.06545e-05,0.403157
372.48,-0.887691,-0.0181444,0.407191,1.11439e-05,0.40718
372.528,-0.89069,0.201221,0.413051,1.11648e-05,0.413039
372.576,-0.887183,0.573488,0.422692,1.15775e-05,0.42268
372.624,-0.854665,1.21099,0.439544,1.36797e-05,0.43953
372.672,-0.865171,1.53927,0.453151,1.35203e-05,0.453137
372.72,-0.853665,0.456994,0.430359,1.3429e-05,0.430345
372.768,-0.886691,-0.787283,0.390332,1.0683e-05,0.390321
372.816,-0.83916,-0.884175,0.385822,1.27324e-05,0.385809
372.864,-0.87217,-0.887416,0.385957,1.1171e-05,0.385946
372.912,-0.84216,-0.888492,0.386206,1.25766e-05,0.386193
372.96,-0.847175,-0.889616,0.386501,1.23288e-05,0.386489
373.008,-0.854665,-0.890836,0.386796,1.19682e-05,0.386784
373.056,-0.826655,-0.892155,0.387063,1.33679e-05,0.387049
373.104,-0.83067,-0.893584,0.387358,1.31561e-05,0.387345
373.152,-0.841668,-0.895131,0.387667,1.25951e-05,0.387655
373.2,-0.846175,-0.89679,0.387913,1.23713e-05,0.3879
373.248,-0.814657,-0.898575,0.388205,1.40106e-05,0.388191
373.296,-0.797645,-0.900496,0.388525,1.49829e-05,0.38851
373.344,-0.83167,-0.902553,0.388801,1.30958e-05,0.388788
373.392,-0.843176,-0.904748,0.38904,1.25117e-05,0.389027
373.44,-0.840668,-0.907084,0.389239,1.26342e-05,0.389226
373.488,-0.846667,-0.909578,0.389475,1.2336e-05,0.389462
373.536,-0.866171,-0.912232,0.3897,1.14187e-05,0.389688
373.584,-0.823164,-0.915055,0.389962,1.35314e-05,0.389948
373.632,-0.864679,-0.918051,0.390161,1.14814e-05,0.39015
373.68,-0.862172,-0.921219,0.390324,1.15931e-05,0.390313
373.728,-0.855173,-0.924565,0.390435,1.19154e-05,0.390423
373.776,-0.883675,-0.928097,0.390535,1.06434e-05,0.390524
373.824,-0.84216,-0.931825,0.390654,1.25377e-05,0.390642
373.872,-0.827163,-0.935762,0.390837,1.32995e-05,0.390824
373.92,-0.864679,-0.9399,0.390922,1.14634e-05,0.390911
373.968,-0.827163,-0.944255,0.391064,1.32914e-05,0.391051
374.016,-0.847175,-0.948828,0.39117,1.22767e-05,0.391157
374.064,-0.836669,-0.95362,0.391237,1.27927e-05,0.391224
374.112,-0.857173,-0.958641,0.391297,1.17927e-05,0.391285
374.16,-0.840668,-0.963891,0.391343,1.25828e-05,0.39133
374.208,-0.840668,-0.969378,0.391383,1.25778e-05,0.39137
374.256,-0.83067,-0.975107,0.391462,1.30793e-05,0.391448
374.304,-0.815657,-0.981086,0.391566,1.38729e-05,0.391553
374.352,-0.830162,-0.98731,0.391633,1.30941e-05,0.39162
374.4,-0.799644,-0.99378,0.391682,1.47656e-05,0.391667
374.448,-0.795645,-1.0005,0.391764,1.49935e-05,0.391749
374.496,-0.787647,-1.00748,0.391865,1.54672e-05,0.39185
374.544,-0.81015,-1.01471,0.391949,1.41437e-05,0.391935
374.592,-0.798645,-1.0222,0.392055,1.47936e-05,0.392041
374.64,-0.815149,-1.02993,0.392136,1.38517e-05,0.392122
374.688,-0.815657,-1.0379,0.392201,1.38159e-05,0.392187
374.736,-0.782648,-1.04612,0.392297,1.57317e-05,0.392281
374.784,-0.797645,-1.05458,0.392359,1.48173e-05,0.392344
374.832,-0.812658,-1.06327,0.392381,1.39549e-05,0.392367
374.88,-0.839668,-1.07217,0.392354,1.25339e-05,0.392342
374.928,-0.800644,-1.08129,0.3924,1.46143e-05,0.392385
374.976,-0.811658,-1.09062,0.392401,1.39823e-05,0.392387
375.024,-0.816657,-1.10014,0.392358,1.36992e-05,0.392344
375.072,-0.776649,-1.10985,0.392341,1.60345e-05,0.392325
375.12,-0.812658,-1.11974,0.392299,1.38975e-05,0.392285
375.168,-0.821164,-1.12979,0.392231,1.34282e-05,0.392218
375.216,-0.847175,-1.13998,0.39214,1.21074e-05,0.392128
375.264,-0.821656,-1.15031,0.392041,1.3382e-05,0.392028
375.312,-0.855665,-1.16076,0.391915,1.16901e-05,0.391903
375.36,-0.848666,-1.17132,0.391763,1.20086e-05,0.391751
375.408,-0.807659,-1.18197,0.39166,1.41102e-05,0.391646
375.456,-0.810658,-1.19271,0.39156,1.39329e-05,0.391547
375.504,-0.826655,-1.20351,0.391418,1.3069e-05,0.391405
375.552,-0.81315,-1.21436,0.391242,1.37744e-05,0.391228
375.6,-0.819165,-1.22524,0.391113,1.344e-05,0.3911
375.648,-0.83916,-1.23615,0.390949,1.24088e-05,0.390937
375.696,-0.84016,-1.24706,0.390807,1.23499e-05,0.390795
375.744,-0.836669,-1.25796,0.390647,1.25114e-05,0.390634
375.792,-0.814149,-1.26884,0.390502,1.36649e-05,0.390488
375.84,-0.809659,-1.27968,0.390339,1.38984e-05,0.390325
375.888,-0.818657,-1.29047,0.390199,1.34021e-05,0.390186
375.936,-0.834161,-1.3012,0.390045,1.25954e-05,0.390032
375.984,-0.816149,-1.31185,0.389907,1.3514e-05,0.389893
376.032,-0.792154,-1.32242,0.389792,1.48465e-05,0.389777
376.08,-0.81315,-1.3329,0.389689,1.36537e-05,0.389675
376.128,-0.781648,-1.34326,0.389636,1.54518e-05,0.389621
376.176,-0.800644,-1.35351,0.389572,1.43234e-05,0.389557
376.224,-0.789155,-1.36363,0.389503,1.49773e-05,0.389488
376.272,-0.754638,-1.37362,0.389477,1.71535e-05,0.389459
376.32,-0.754638,-1.38347,0.389457,1.71408e-05,0.38944
376.368,-0.78014,-1.39316,0.389429,1.54862e-05,0.389413
376.416,-0.774142,-1.4027,0.389409,1.58464e-05,0.389393
376.464,-0.815149,-1.41206,0.389325,1.34661e-05,0.389311
376.512,-0.744623,-1.42127,0.389332,1.77822e-05,0.389315
376.56,-0.735625,-1.43029,0.389321,1.84133e-05,0.389303
376.608,-0.749131,-1.43914,0.389368,1.74447e-05,0.389351
376.656,-0.764144,-1.44781,0.389399,1.64291e-05,0.389382
376.704,-0.78314,-1.45629,0.389414,1.52311e-05,0.389399
376.752,-0.813658,-1.46458,0.389389,1.34922e-05,0.389376
376.8,-0.763636,-1.47268,0.389375,1.64312e-05,0.389359
376.848,-0.80366,-1.48059,0.389324,1.4019e-05,0.38931
376.896,-0.761144,-1.4883,0.389288,1.65742e-05,0.389272
376.944,-0.780648,-1.49581,0.389263,1.53359e-05,0.389248
376.992,-0.794154,-1.50314,0.38925,1.45308e-05,0.389235
377.04,-0.793154,-1.51027,0.389251,1.45804e-05,0.389236
377.088,-0.784139,-1.5172,0.389227,1.51013e-05,0.389212
377.136,-0.778649,-1.52394,0.38918,1.54246e-05,0.389165
377.184,-0.793646,-1.53049,0.38913,1.45298e-05,0.389116
377.232,-0.780648,-1.53685,0.38907,1.52882e-05,0.389055
377.28,-0.78314,-1.54302,0.389051,1.51313e-05,0.389036
377.328,-0.796153,-1.54901,0.389005,1.43662e-05,0.38899
377.376,-0.810658,-1.55481,0.388942,1.35599e-05,0.388928
377.424,-0.799153,-1.56044,0.388893,1.41846e-05,0.388878
377.472,-0.800152,-1.56588,0.388868,1.41228e-05,0.388854
377.52,-0.793646,-1.57116,0.38888,1.44848e-05,0.388866
377.568,-0.785139,-1.57626,0.388877,1.49742e-05,0.388862
377.616,-0.739133,-1.5812,0.388957,1.79532e-05,0.388939
377.664,-0.777649,-1.58599,0.389054,1.54126e-05,0.389039
377.712,-0.717121,-1.59061,0.389181,1.95707e-05,0.389161
377.76,-0.756637,-1.59508,0.389277,1.67355e-05,0.38926
377.808,-0.765144,-1.5994,0.389366,1.61769e-05,0.38935
377.856,-0.751638,-1.60357,0.389412,1.70583e-05,0.389395
377.904,-0.740133,-1.60759,0.389534,1.78463e-05,0.389516
377.952,-0.737625,-1.61148,0.389623,1.80187e-05,0.389605
378,-0.781648,-1.61522,0.389705,1.51371e-05,0.38969
378.048,-0.734626,-1.61883,0.389782,1.82233e-05,0.389763
378.096,-0.725119,-1.62232,0.389919,1.89158e-05,0.3899
378.144,-0.720629,-1.62568,0.390055,1.92496e-05,0.390036
378.192,-0.742132,-1.62892,0.390185,1.76769e-05,0.390167
378.24,-0.733626,-1.63204,0.390295,1.82769e-05,0.390277
378.288,-0.755129,-1.63505,0.390444,1.6784e-05,0.390428
378.336,-0.717613,-1.63794,0.390611,1.9462e-05,0.390591
378.384,-0.727119,-1.64073,0.390756,1.87405e-05,0.390738
378.432,-0.743132,-1.64341,0.390863,1.75877e-05,0.390845
378.48,-0.742132,-1.64598,0.390951,1.76538e-05,0.390934
378.528,-0.770634,-1.64846,0.391047,1.57702e-05,0.391032
378.576,-0.710123,-1.65085,0.391191,2.00268e-05,0.391171
378.624,-0.743624,-1.65314,0.391351,1.75404e-05,0.391333
378.672,-0.752638,-1.65535,0.391481,1.69237e-05,0.391465
378.72,-0.748639,-1.65746,0.391572,1.71905e-05,0.391555
378.768,-0.741132,-1.65949,0.391659,1.77053e-05,0.391642
378.816,-0.738133,-1.66144,0.391747,1.79137e-05,0.391729
378.864,-0.764144,-1.66331,0.391798,1.61615e-05,0.391781
378.912,-0.762144,-1.6651,0.391834,1.62875e-05,0.391817
378.96,-0.748639,-1.66682,0.391933,1.71781e-05,0.391916
379.008,-0.735625,-1.66846,0.392005,1.80823e-05,0.391987
379.056,-0.75113,-1.67005,0.392113,1.70056e-05,0.392096
379.104,-0.734134,-1.67156,0.3922,1.81849e-05,0.392181
379.152,-0.739624,-1.67301,0.392274,1.77926e-05,0.392256
379.2,-0.764144,-1.6744,0.39234,1.61477e-05,0.392324
379.248,-0.701616,-1.67574,0.392511,2.06719e-05,0.39249
379.296,-0.702108,-1.67702,0.392684,2.06297e-05,0.392664
379.344,-0.686603,-1.67825,0.3929,2.19312e-05,0.392878
379.392,-0.711122,-1.67942,0.393081,1.9904e-05,0.393061
379.44,-0.739624,-1.68055,0.393203,1.77823e-05,0.393185
379.488,-0.69411,-1.68163,0.39337,2.12846e-05,0.393349
379.536,-0.699617,-1.68266,0.393528,2.08247e-05,0.393507
379.584,-0.696109,-1.68365,0.393676,2.11138e-05,0.393655
379.632,-0.712614,-1.68459,0.393876,1.97792e-05,0.393856
379.68,-0.678605,-1.6855,0.39406,2.26228e-05,0.394037
379.728,-0.698617,-1.68637,0.394264,2.09012e-05,0.394243
379.776,-0.6621,-1.6872,0.394482,2.41443e-05,0.394458
379.824,-0.699617,-1.68799,0.394677,2.08162e-05,0.394656
379.872,-0.695618,-1.68875,0.394861,2.11465e-05,0.39484
379.92,-0.712122,-1.68948,0.39503,1.98102e-05,0.395011
379.968,-0.705124,-1.69017,0.395222,2.03646e-05,0.395201
380.016,-0.736625,-1.69083,0.39536,1.798e-05,0.395342
380.064,-0.761636,-1.69146,0.395482,1.62871e-05,0.395466
380.112,-0.75013,-1.69206,0.395559,1.70439e-05,0.395542
380.16,-0.723628,-1.69262,0.395637,1.8925e-05,0.395618
380.208,-0.726627,-1.69316,0.395795,1.87013e-05,0.395776
380.256,-0.703616,-1.69368,0.395985,2.04808e-05,0.395964
380.304,-0.730626,-1.69417,0.396102,1.84066e-05,0.396084
380.352,-0.712614,-1.69464,0.396232,1.97639e-05,0.396212
380.4,-0.712614,-1.69508,0.396323,1.97632e-05,0.396304
380.448,-0.745623,-1.6955,0.396435,1.73456e-05,0.396418
380.496,-0.75113,-1.69589,0.396538,1.69717e-05,0.396521
380.544,-0.722628,-1.69627,0.396642,1.89946e-05,0.396623
380.592,-0.719121,-1.69663,0.396783,1.92592e-05,0.396764
380.64,-0.725119,-1.69696,0.396912,1.88075e-05,0.396894
380.688,-0.72312,-1.69728,0.397014,1.89562e-05,0.396995
380.736,-0.723628,-1.69758,0.397138,1.89178e-05,0.397119
380.784,-0.78014,-1.69786,0.397177,1.51311e-05,0.397162
380.832,-0.722628,-1.69812,0.397297,1.89919e-05,0.397278
380.88,-0.711614,-1.69837,0.397446,1.98364e-05,0.397426
380.928,-0.707615,-1.69861,0.397614,2.0152e-05,0.397594
380.976,-0.675097,-1.69883,0.397793,2.29149e-05,0.397771
381.024,-0.690602,-1.69904,0.397975,2.15527e-05,0.397953
381.072,-0.679113,-1.69924,0.398133,2.25534e-05,0.39811
381.12,-0.689602,-1.69943,0.398345,2.16373e-05,0.398323
381.168,-0.686603,-1.69961,0.398535,2.1895e-05,0.398513
381.216,-0.679113,-1.69978,0.39877,2.25525e-05,0.398748
381.264,-0.669099,-1.69994,0.399003,2.34626e-05,0.39898
381.312,-0.669099,-1.70008,0.399223,2.34623e-05,0.399199
381.36,-0.673098,-1.70022,0.399427,2.30942e-05,0.399404
381.408,-0.673606,-1.70035,0.399638,2.30476e-05,0.399615
381.456,-0.682604,-1.70047,0.399792,2.22423e-05,0.39977
381.504,-0.709123,-1.70058,0.399947,2.00292e-05,0.399927
381.552,-0.676605,-1.70068,0.400119,2.27755e-05,0.400096
381.6,-0.702616,-1.70078,0.400286,2.05506e-05,0.400266
381.648,-0.745131,-1.70086,0.400409,1.73722e-05,0.400392
381.696,-0.727627,-1.70094,0.400523,1.86163e-05,0.400504
381.744,-0.683112,-1.701,0.40062,2.21968e-05,0.400598
381.792,-0.719121,-1.70106,0.400723,1.92526e-05,0.400704
381.84,-0.671098,-1.70111,0.400879,2.32758e-05,0.400856
381.888,-0.710614,-1.70115,0.401007,1.99106e-05,0.400987
381.936,-0.708123,-1.70119,0.401099,2.01075e-05,0.401079
381.984,-0.745131,-1.70121,0.401171,1.73717e-05,0.401154
382.032,-0.693618,-1.70123,0.401256,2.12937e-05,0.401234
382.08,-0.712122,-1.70125,0.401335,1.97922e-05,0.401315
382.128,-0.716613,-1.70125,0.401389,1.9444e-05,0.40137
382.176,-0.740624,-1.70125,0.401457,1.76838e-05,0.40144
382.224,-0.693618,-1.70124,0.401562,2.12937e-05,0.401541
382.272,-0.689111,-1.70123,0.401692,2.16764e-05,0.40167
382.32,-0.676097,-1.70122,0.401845,2.28203e-05,0.401822
382.368,-0.705124,-1.7012,0.401945,2.03472e-05,0.401925
382.416,-0.683112,-1.70118,0.402064,2.21964e-05,0.402042
382.464,-0.666099,-1.70115,0.402214,2.374e-05,0.402191
382.512,-0.6611,-1.70112,0.402356,2.42137e-05,0.402332
382.56,-0.657101,-1.70109,0.402495,2.45995e-05,0.40247
382.608,-0.688603,-1.70106,0.402658,2.17202e-05,0.402637
382.656,-0.644596,-1.70102,0.402802,2.58458e-05,0.402776
382.704,-0.660592,-1.70097,0.402931,2.42627e-05,0.402907
382.752,-0.672606,-1.70093,0.403073,2.31378e-05,0.40305
382.8,-0.678097,-1.70088,0.403232,2.26413e-05,0.403209
382.848,-0.629091,-1.70083,0.403405,2.74792e-05,0.403377
382.896,-0.685603,-1.70078,0.403572,2.19797e-05,0.40355
382.944,-0.662592,-1.70072,0.403731,2.40722e-05,0.403707
382.992,-0.667099,-1.70067,0.403909,2.36473e-05,0.403885
383.04,-0.69511,-1.70061,0.404032,2.11696e-05,0.404011
383.088,-0.720629,-1.70054,0.404092,1.91389e-05,0.404073
383.136,-0.648087,-1.70048,0.404233,2.54927e-05,0.404208
383.184,-0.675606,-1.70041,0.404386,2.28661e-05,0.404364
383.232,-0.699617,-1.70034,0.404467,2.07963e-05,0.404446
383.28,-0.723628,-1.70026,0.404524,1.89138e-05,0.404505
383.328,-0.716613,-1.70018,0.40457,1.94456e-05,0.40455
383.376,-0.673098,-1.70009,0.404661,2.30943e-05,0.404637
383.424,-0.672606,-1.70001,0.40478,2.31394e-05,0.404757
383.472,-0.722628,-1.69992,0.40483,1.89892e-05,0.404811
383.52,-0.699617,-1.69983,0.404891,2.07971e-05,0.40487
383.568,-0.69211,-1.69974,0.404971,2.14234e-05,0.40495
383.616,-0.710614,-1.69964,0.405052,1.99129e-05,0.405032
383.664,-0.736133,-1.69954,0.405065,1.80028e-05,0.405047
383.712,-0.701616,-1.69944,0.405122,2.0634e-05,0.405101
383.76,-0.722628,-1.69933,0.405134,1.899e-05,0.405115
383.808,-0.703616,-1.69922,0.405185,2.04719e-05,0.405164
383.856,-0.710614,-1.69911,0.40522,1.99137e-05,0.4052
383.904,-0.713614,-1.699,0.40531,1.96792e-05,0.405291
383.952,-0.675097,-1.69888,0.405342,2.29147e-05,0.405319
384,-0.709615,-1.69877,0.405397,1.9993e-05,0.405377
384.048,-0.683112,-1.69865,0.405512,2.22007e-05,0.40549
384.096,-0.671098,-1.69854,0.405644,2.32803e-05,0.405621
384.144,-0.685603,-1.69842,0.405743,2.19836e-05,0.405721
384.192,-0.685112,-1.6983,0.405832,2.20266e-05,0.40581
384.24,-0.675097,-1.69818,0.405926,2.29159e-05,0.405903
384.288,-0.666099,-1.69806,0.406084,2.37456e-05,0.40606
384.336,-0.652102,-1.69794,0.4062,2.50963e-05,0.406175
384.384,-0.680113,-1.69783,0.406311,2.24668e-05,0.406289
384.432,-0.661592,-1.69771,0.406449,2.4173e-05,0.406425
384.48,-0.666099,-1.69759,0.406567,2.37465e-05,0.406543
384.528,-0.653594,-1.69747,0.406738,2.49497e-05,0.406713
384.576,-0.671098,-1.69735,0.406891,2.32824e-05,0.406868
384.624,-0.655593,-1.69723,0.407027,2.47538e-05,0.407002
384.672,-0.649595,-1.69712,0.407176,2.53478e-05,0.40715
384.72,-0.653102,-1.697,0.40733,2.49991e-05,0.407305
384.768,-0.669099,-1.69688,0.407454,2.3468e-05,0.407431
384.816,-0.660101,-1.69676,0.407554,2.43177e-05,0.40753
384.864,-0.690602,-1.69664,0.407637,2.15565e-05,0.407616
384.912,-0.701108,-1.69652,0.407707,2.06801e-05,0.407686
384.96,-0.696617,-1.69639,0.407803,2.10506e-05,0.407782
385.008,-0.656593,-1.69627,0.407916,2.4658e-05,0.407891
385.056,-0.678097,-1.69615,0.408045,2.26494e-05,0.408022
385.104,-0.685112,-1.69602,0.408111,2.20304e-05,0.408089
385.152,-0.699617,-1.69589,0.408123,2.08033e-05,0.408102
385.2,-0.659593,-1.69576,0.408219,2.43684e-05,0.408195
385.248,-0.674606,-1.69563,0.408268,2.2965e-05,0.408245
385.296,-0.72112,-1.6955,0.408319,1.91091e-05,0.4083
385.344,-0.655593,-1.69536,0.408389,2.47573e-05,0.408365
385.392,-0.707123,-1.69523,0.408411,2.01963e-05,0.408391
385.44,-0.687603,-1.69509,0.40842,2.18162e-05,0.408398
385.488,-0.693618,-1.69495,0.408465,2.13039e-05,0.408443
385.536,-0.683112,-1.69481,0.408523,2.22072e-05,0.408501
385.584,-0.690602,-1.69467,0.408568,2.15598e-05,0.408546
385.632,-0.632582,-1.69453,0.408729,2.71158e-05,0.408702
385.68,-0.637597,-1.6944,0.408897,2.6584e-05,0.408871
385.728,-0.666607,-1.69426,0.409018,2.37049e-05,0.408994
385.776,-0.690111,-1.69413,0.409122,2.16026e-05,0.4091
385.824,-0.647087,-1.69399,0.40921,2.56064e-05,0.409185
385.872,-0.658101,-1.69385,0.409337,2.4516e-05,0.409312
385.92,-0.631582,-1.69372,0.40949,2.72248e-05,0.409463
385.968,-0.637597,-1.69359,0.409633,2.65856e-05,0.409607
386.016,-0.650103,-1.69346,0.40977,2.5304e-05,0.409745
386.064,-0.641596,-1.69332,0.409897,2.61693e-05,0.409871
386.112,-0.613586,-1.6932,0.410091,2.92326e-05,0.410062
386.16,-0.631091,-1.69307,0.410231,2.72792e-05,0.410204
386.208,-0.638089,-1.69294,0.41039,2.65354e-05,0.410363
386.256,-0.631091,-1.69281,0.410508,2.72797e-05,0.41048
386.304,-0.643088,-1.69268,0.410614,2.60168e-05,0.410588
386.352,-0.630091,-1.69255,0.410744,2.73882e-05,0.410716
386.4,-0.637597,-1.69242,0.410874,2.6588e-05,0.410848
386.448,-0.637597,-1.69229,0.410977,2.65883e-05,0.410951
386.496,-0.640597,-1.69216,0.411057,2.62753e-05,0.411031
386.544,-0.636598,-1.69202,0.411155,2.66941e-05,0.411128
386.592,-0.653594,-1.69189,0.41126,2.49604e-05,0.411235
386.64,-0.611587,-1.69176,0.411418,2.94677e-05,0.411389
386.688,-0.664608,-1.69163,0.411483,2.38978e-05,0.41146
386.736,-0.668607,-1.6915,0.411539,2.35233e-05,0.411516
386.784,-0.63309,-1.69136,0.411597,2.7068e-05,0.41157
386.832,-0.651594,-1.69122,0.411677,2.51597e-05,0.411652
386.88,-0.658101,-1.69109,0.411751,2.45212e-05,0.411726
386.928,-0.668607,-1.69095,0.411773,2.35243e-05,0.411749
386.976,-0.659593,-1.69081,0.411801,2.43777e-05,0.411776
387.024,-0.651594,-1.69067,0.411883,2.51607e-05,0.411858
387.072,-0.677605,-1.69052,0.411901,2.27033e-05,0.411879
387.12,-0.659101,-1.69038,0.411929,2.44259e-05,0.411904
387.168,-0.6641,-1.69023,0.411956,2.39484e-05,0.411932
387.216,-0.660592,-1.69009,0.412031,2.42829e-05,0.412007
387.264,-0.616585,-1.68995,0.412164,2.88953e-05,0.412135
387.312,-0.63509,-1.68981,0.412322,2.68582e-05,0.412295
387.36,-0.650103,-1.68967,0.41244,2.53114e-05,0.412415
387.408,-0.637089,-1.68953,0.412559,2.66474e-05,0.412532
387.456,-0.63209,-1.68939,0.412697,2.71793e-05,0.41267
387.504,-0.625584,-1.68925,0.412841,2.78875e-05,0.412813
387.552,-0.598081,-1.68912,0.412996,3.10893e-05,0.412965
387.6,-0.60408,-1.68898,0.413155,3.03613e-05,0.413125
387.648,-0.622076,-1.68885,0.413305,2.82775e-05,0.413277
387.696,-0.622076,-1.68872,0.41346,2.82778e-05,0.413431
387.744,-0.618077,-1.68859,0.413641,2.87285e-05,0.413612
387.792,-0.639597,-1.68845,0.41375,2.63868e-05,0.413724
387.84,-0.627091,-1.68832,0.413861,2.77238e-05,0.413833
387.888,-0.642088,-1.68819,0.41399,2.61288e-05,0.413964
387.936,-0.636089,-1.68806,0.41409,2.67559e-05,0.414063
387.984,-0.642596,-1.68793,0.414222,2.60769e-05,0.414195
388.032,-0.63509,-1.68779,0.414336,2.68623e-05,0.414309
388.08,-0.657593,-1.68766,0.414407,2.4577e-05,0.414382
388.128,-0.657101,-1.68752,0.414463,2.4625e-05,0.414438
388.176,-0.615586,-1.68739,0.414527,2.90154e-05,0.414498
388.224,-0.613586,-1.68725,0.414639,2.92459e-05,0.414609
388.272,-0.623076,-1.68712,0.414727,2.81698e-05,0.414699
388.32,-0.637597,-1.68698,0.414806,2.65991e-05,0.414779
388.368,-0.643088,-1.68684,0.414869,2.60285e-05,0.414843
388.416,-0.666099,-1.6867,0.414922,2.37663e-05,0.414899
388.464,-0.667607,-1.68656,0.414954,2.36254e-05,0.41493
388.512,-0.683604,-1.68642,0.41497,2.21784e-05,0.414948
388.56,-0.645596,-1.68627,0.41503,2.57729e-05,0.415005
388.608,-0.640089,-1.68613,0.415088,2.63402e-05,0.415062
388.656,-0.622584,-1.68598,0.415164,2.8227e-05,0.415136
388.704,-0.647595,-1.68584,0.415191,2.5571e-05,0.415165
388.752,-0.642596,-1.68569,0.415266,2.60814e-05,0.41524
388.8,-0.659101,-1.68555,0.415334,2.44349e-05,0.41531
388.848,-0.610587,-1.6854,0.415425,2.95987e-05,0.415396
388.896,-0.625092,-1.68526,0.41553,2.79502e-05,0.415502
388.944,-0.608079,-1.68512,0.415657,2.98941e-05,0.415627
388.992,-0.619585,-1.68497,0.41577,2.85657e-05,0.415742
389.04,-0.607079,-1.68483,0.415906,3.00131e-05,0.415876
389.088,-0.620077,-1.68469,0.416024,2.85109e-05,0.415996
389.136,-0.578069,-1.68455,0.416146,3.36593e-05,0.416112
389.184,-0.590067,-1.68441,0.416291,3.21012e-05,0.416259
389.232,-0.595574,-1.68428,0.416429,3.14105e-05,0.416398
389.28,-0.608571,-1.68414,0.416567,2.98383e-05,0.416537
389.328,-0.595574,-1.68401,0.416738,3.14111e-05,0.416707
389.376,-0.592066,-1.68388,0.416925,3.18498e-05,0.416893
389.424,-0.60608,-1.68374,0.417037,3.01345e-05,0.417007
389.472,-0.598573,-1.68361,0.41717,3.1042e-05,0.417139
389.52,-0.607571,-1.68347,0.417285,2.9958e-05,0.417255
389.568,-0.601081,-1.68334,0.417415,3.07366e-05,0.417384
389.616,-0.612078,-1.68321,0.417523,2.94297e-05,0.417494
389.664,-0.621093,-1.68307,0.417589,2.84002e-05,0.417561
389.712,-0.612078,-1.68294,0.417647,2.94304e-05,0.417618
389.76,-0.631091,-1.6828,0.417699,2.73006e-05,0.417672
389.808,-0.595082,-1.68266,0.417833,3.14755e-05,0.417801
389.856,-0.624584,-1.68253,0.417955,2.80123e-05,0.417927
389.904,-0.630582,-1.68239,0.417993,2.73563e-05,0.417966
389.952,-0.620077,-1.68225,0.418053,2.85162e-05,0.418025
390,-0.633582,-1.68211,0.418136,2.70346e-05,0.418109
390.048,-0.617077,-1.68197,0.418213,2.88568e-05,0.418184
390.096,-0.605571,-1.68183,0.418307,3.01994e-05,0.418277
390.144,-0.652594,-1.68169,0.418337,2.50787e-05,0.418311
390.192,-0.625584,-1.68155,0.418399,2.79039e-05,0.418371
390.24,-0.607079,-1.68141,0.418466,3.0021e-05,0.418436
390.288,-0.606571,-1.68127,0.418586,3.00817e-05,0.418556
390.336,-0.611078,-1.68113,0.418668,2.9551e-05,0.418638
390.384,-0.604572,-1.68098,0.418757,3.03209e-05,0.418726
390.432,-0.596082,-1.68084,0.418869,3.13557e-05,0.418838
390.48,-0.574562,-1.68071,0.419023,3.4139e-05,0.418989
390.528,-0.627583,-1.68057,0.419135,2.76864e-05,0.419108
390.576,-0.587067,-1.68043,0.419251,3.24938e-05,0.419219
390.624,-0.637089,-1.68029,0.419323,2.66662e-05,0.419296
390.672,-0.554566,-1.68016,0.419501,3.69473e-05,0.419464
390.72,-0.594574,-1.68002,0.419671,3.15451e-05,0.419639
390.768,-0.608079,-1.67989,0.419791,2.99061e-05,0.419761
390.816,-0.596082,-1.67975,0.419882,3.13583e-05,0.419851
390.864,-0.607079,-1.67962,0.420004,3.00251e-05,0.419974
390.912,-0.564564,-1.67949,0.420154,3.5518e-05,0.420118
390.96,-0.552058,-1.67936,0.42038,3.73175e-05,0.420342
391.008,-0.569071,-1.67923,0.420552,3.48917e-05,0.420517
391.056,-0.585576,-1.6791,0.420709,3.26892e-05,0.420676
391.104,-0.600573,-1.67897,0.420824,3.08086e-05,0.420794
391.152,-0.597573,-1.67885,0.420959,3.11762e-05,0.420928
391.2,-0.579069,-1.67872,0.421094,3.35415e-05,0.421061
391.248,-0.616077,-1.67859,0.421177,2.89786e-05,0.421148
391.296,-0.597082,-1.67846,0.421293,3.12378e-05,0.421262
391.344,-0.60408,-1.67833,0.421394,3.03861e-05,0.421364
391.392,-0.573562,-1.6782,0.421519,3.42807e-05,0.421485
391.44,-0.616585,-1.67807,0.421614,2.89216e-05,0.421585
391.488,-0.609587,-1.67794,0.421701,2.97329e-05,0.421671
391.536,-0.622584,-1.67781,0.421757,2.82447e-05,0.421729
391.584,-0.619077,-1.67767,0.42182,2.86392e-05,0.421791
391.632,-0.609587,-1.67754,0.421898,2.97338e-05,0.421868
391.68,-0.603572,-1.67741,0.421981,3.04493e-05,0.421951
391.728,-0.610079,-1.67727,0.422045,2.96767e-05,0.422015
391.776,-0.60208,-1.67713,0.422101,3.06299e-05,0.42207
391.824,-0.576561,-1.677,0.422166,3.388e-05,0.422132
391.872,-0.597082,-1.67686,0.422221,3.12416e-05,0.422189
391.92,-0.579577,-1.67672,0.422291,3.34794e-05,0.422258
391.968,-0.587575,-1.67658,0.422357,3.24382e-05,0.422325
392.016,-0.552058,-1.67644,0.422488,3.73258e-05,0.42245
392.064,-0.573562,-1.67631,0.422649,3.42857e-05,0.422614
392.112,-0.553058,-1.67617,0.422762,3.71794e-05,0.422725
392.16,-0.560565,-1.67604,0.422904,3.60932e-05,0.422868
392.208,-0.55355,-1.67591,0.423071,3.7108e-05,0.423034
392.256,-0.561565,-1.67578,0.423199,3.59517e-05,0.423163
392.304,-0.557565,-1.67565,0.423379,3.65246e-05,0.423342
392.352,-0.597082,-1.67552,0.423523,3.12448e-05,0.423492
392.4,-0.548059,-1.67539,0.423674,3.79234e-05,0.423636
392.448,-0.587575,-1.67526,0.423809,3.24414e-05,0.423776
392.496,-0.549059,-1.67513,0.423939,3.77746e-05,0.423901
392.544,-0.564564,-1.67501,0.424105,3.55302e-05,0.42407
392.592,-0.558565,-1.67488,0.424281,3.63828e-05,0.424244
392.64,-0.562056,-1.67476,0.424435,3.58847e-05,0.424399
392.688,-0.566055,-1.67463,0.42457,3.53224e-05,0.424535
392.736,-0.563056,-1.67451,0.424689,3.57439e-05,0.424654
392.784,-0.555566,-1.67438,0.424828,3.68179e-05,0.424791
392.832,-0.614586,-1.67426,0.424881,2.91595e-05,0.424852
392.88,-0.604572,-1.67413,0.424959,3.03369e-05,0.424929
392.928,-0.617077,-1.674,0.425009,2.88745e-05,0.42498
392.976,-0.572562,-1.67387,0.425106,3.44279e-05,0.425072
393.024,-0.610079,-1.67374,0.42516,2.96847e-05,0.42513
393.072,-0.616077,-1.6736,0.425194,2.89896e-05,0.425165
393.12,-0.602572,-1.67346,0.42519,3.05791e-05,0.425159
393.168,-0.587067,-1.67332,0.42523,3.25115e-05,0.425198
393.216,-0.629091,-1.67318,0.425252,2.75374e-05,0.425225
393.264,-0.584576,-1.67304,0.425309,3.28338e-05,0.425276
393.312,-0.607571,-1.6729,0.425367,2.99822e-05,0.425337
393.36,-0.590067,-1.67276,0.425434,3.21298e-05,0.425402
393.408,-0.577561,-1.67262,0.425466,3.37577e-05,0.425433
393.456,-0.583068,-1.67248,0.425524,3.30314e-05,0.425491
393.504,-0.579577,-1.67233,0.425568,3.34906e-05,0.425534
393.552,-0.583068,-1.67219,0.425589,3.30322e-05,0.425556
393.6,-0.558565,-1.67204,0.425687,3.63907e-05,0.42565
393.648,-0.577069,-1.6719,0.425795,3.38252e-05,0.425761
393.696,-0.561565,-1.67176,0.425872,3.59627e-05,0.425836
393.744,-0.539045,-1.67162,0.426017,3.93098e-05,0.425978
393.792,-0.57407,-1.67147,0.426098,3.42296e-05,0.426064
393.84,-0.594574,-1.67133,0.42614,3.15661e-05,0.426108
393.888,-0.522049,-1.67119,0.426294,4.20417e-05,0.426252
393.936,-0.519049,-1.67105,0.426448,4.25434e-05,0.426406
393.984,-0.554566,-1.67091,0.426592,3.69735e-05,0.426555
394.032,-0.580069,-1.67078,0.426721,3.34296e-05,0.426688
394.08,-0.54506,-1.67064,0.426894,3.83894e-05,0.426856
394.128,-0.555058,-1.67051,0.427037,3.69028e-05,0.427
394.176,-0.535554,-1.67038,0.427191,3.98596e-05,0.427151
394.224,-0.546551,-1.67024,0.427337,3.8165e-05,0.427299
394.272,-0.552058,-1.67011,0.427489,3.73439e-05,0.427451
394.32,-0.536046,-1.66998,0.427653,3.97834e-05,0.427613
394.368,-0.528555,-1.66986,0.427826,4.09788e-05,0.427785
394.416,-0.559565,-1.66973,0.427939,3.62536e-05,0.427903
394.464,-0.563056,-1.6696,0.428014,3.57573e-05,0.427978
394.512,-0.565564,-1.66946,0.428091,3.54051e-05,0.428056
394.56,-0.545552,-1.66933,0.428228,3.83188e-05,0.42819
394.608,-0.504544,-1.6692,0.42837,4.50591e-05,0.428325
394.656,-0.550551,-1.66908,0.428499,3.75701e-05,0.428462
394.704,-0.555566,-1.66895,0.428597,3.68332e-05,0.42856
394.752,-0.555566,-1.66882,0.428707,3.68336e-05,0.42867
394.8,-0.562564,-1.66869,0.4288,3.58293e-05,0.428764
394.848,-0.549059,-1.66855,0.428896,3.77936e-05,0.428858
394.896,-0.591574,-1.66842,0.428933,3.19495e-05,0.428901
394.944,-0.534046,-1.66829,0.429035,4.01042e-05,0.428995
394.992,-0.55355,-1.66815,0.429119,3.713e-05,0.429082
395.04,-0.561565,-1.66802,0.429198,3.5973e-05,0.429162
395.088,-0.55255,-1.66789,0.429268,3.72778e-05,0.42923
395.136,-0.577561,-1.66775,0.429319,3.37703e-05,0.429285
395.184,-0.57407,-1.66761,0.429314,3.42397e-05,0.42928
395.232,-0.543552,-1.66747,0.429354,3.86282e-05,0.429315
395.28,-0.534554,-1.66733,0.429439,4.00267e-05,0.429399
395.328,-0.558057,-1.66719,0.429538,3.64773e-05,0.429501
395.376,-0.584576,-1.66705,0.429624,3.28488e-05,0.429591
395.424,-0.551059,-1.66691,0.429712,3.75009e-05,0.429674
395.472,-0.546551,-1.66677,0.42978,3.81752e-05,0.429742
395.52,-0.550059,-1.66663,0.429869,3.76501e-05,0.429832
395.568,-0.570071,-1.66649,0.429968,3.4788e-05,0.429933
395.616,-0.508543,-1.66636,0.43014,4.43624e-05,0.430096
395.664,-0.519541,-1.66623,0.430321,4.24765e-05,0.430279
395.712,-0.501037,-1.6661,0.43051,4.56988e-05,0.430465
395.76,-0.513542,-1.66597,0.430688,4.34961e-05,0.430645
395.808,-0.480533,-1.66584,0.430859,4.95559e-05,0.43081
395.856,-0.510051,-1.66571,0.431008,4.41011e-05,0.430964
395.904,-0.519541,-1.66558,0.431124,4.24786e-05,0.431082
395.952,-0.499545,-1.66546,0.431263,4.59711e-05,0.431217
396,-0.512542,-1.66533,0.431417,4.36704e-05,0.431373
396.048,-0.52354,-1.66521,0.431558,4.18138e-05,0.431516
396.096,-0.541553,-1.66508,0.431661,3.89417e-05,0.431622
396.144,-0.54706,-1.66495,0.431728,3.81039e-05,0.43169
396.192,-0.529047,-1.66482,0.431807,4.0915e-05,0.431766
396.24,-0.518049,-1.66469,0.431926,4.27325e-05,0.431884
396.288,-0.540553,-1.66456,0.432018,3.90974e-05,0.431979
396.336,-0.54606,-1.66443,0.432082,3.82563e-05,0.432044
396.384,-0.552058,-1.6643,0.432148,3.73605e-05,0.43211
396.432,-0.556566,-1.66416,0.432194,3.67014e-05,0.432157
396.48,-0.548059,-1.66402,0.432203,3.79564e-05,0.432165
396.528,-0.562564,-1.66388,0.432198,3.58425e-05,0.432162
396.576,-0.566564,-1.66374,0.432179,3.5281e-05,0.432143
396.624,-0.560057,-1.6636,0.432218,3.62002e-05,0.432181
396.672,-0.538045,-1.66345,0.43228,3.94901e-05,0.432241
396.72,-0.556058,-1.66331,0.43231,3.67776e-05,0.432273
396.768,-0.573562,-1.66316,0.432343,3.43202e-05,0.432308
396.816,-0.566055,-1.66302,0.432381,3.53538e-05,0.432345
396.864,-0.555566,-1.66287,0.432469,3.68503e-05,0.432432
396.912,-0.532046,-1.66273,0.432579,4.04395e-05,0.432539
396.96,-0.524048,-1.66259,0.432689,4.17383e-05,0.432647
397.008,-0.529555,-1.66245,0.432798,4.08404e-05,0.432757
397.056,-0.530555,-1.6623,0.432874,4.06798e-05,0.432833
397.104,-0.548551,-1.66216,0.432973,3.78881e-05,0.432935
397.152,-0.52254,-1.66202,0.433069,4.19895e-05,0.433027
397.2,-0.544552,-1.66188,0.433162,3.84924e-05,0.433124
397.248,-0.513542,-1.66174,0.43323,4.35102e-05,0.433186
397.296,-0.533046,-1.6616,0.433346,4.02835e-05,0.433305
397.344,-0.509543,-1.66146,0.433472,4.42041e-05,0.433428
397.392,-0.520049,-1.66131,0.433559,4.24072e-05,0.433516
397.44,-0.497529,-1.66117,0.43364,4.63539e-05,0.433594
397.488,-0.52154,-1.66103,0.433753,4.21589e-05,0.43371
397.536,-0.516542,-1.6609,0.43389,4.30004e-05,0.433847
397.584,-0.549551,-1.66076,0.433971,3.77428e-05,0.433934
397.632,-0.531047,-1.66062,0.434061,4.06061e-05,0.43402
397.68,-0.569071,-1.66047,0.434068,3.49418e-05,0.434033
397.728,-0.532554,-1.66033,0.434141,4.03658e-05,0.4341
397.776,-0.529555,-1.66018,0.434182,4.08474e-05,0.434141
397.824,-0.549551,-1.66004,0.434241,3.77448e-05,0.434203
397.872,-0.530047,-1.6599,0.434306,4.07691e-05,0.434265
397.92,-0.580069,-1.65975,0.43427,3.34578e-05,0.434237
397.968,-0.528555,-1.65959,0.434292,4.1011e-05,0.434251
398.016,-0.548551,-1.65944,0.434329,3.78959e-05,0.434291
398.064,-0.54406,-1.65929,0.43435,3.85748e-05,0.434312
398.112,-0.560565,-1.65914,0.434322,3.61399e-05,0.434286
398.16,-0.552058,-1.65898,0.434329,3.73757e-05,0.434292
398.208,-0.556058,-1.65882,0.434348,3.67902e-05,0.434312
398.256,-0.529047,-1.65867,0.434392,4.09343e-05,0.434351
398.304,-0.518049,-1.65851,0.434467,4.27527e-05,0.434424
398.352,-0.549059,-1.65836,0.434527,3.78231e-05,0.434489
398.4,-0.513542,-1.65821,0.434621,4.35219e-05,0.434577
398.448,-0.49353,-1.65805,0.434725,4.71034e-05,0.434678
398.496,-0.502036,-1.6579,0.434827,4.55471e-05,0.434782
398.544,-0.482041,-1.65776,0.434995,4.92919e-05,0.434946
398.592,-0.493038,-1.65761,0.435118,4.71966e-05,0.435071
398.64,-0.509035,-1.65746,0.435225,4.43064e-05,0.435181
398.688,-0.478025,-1.65732,0.435404,5.00819e-05,0.435354
398.736,-0.504036,-1.65718,0.435537,4.51912e-05,0.435492
398.784,-0.54506,-1.65703,0.435663,3.84294e-05,0.435624
398.832,-0.51305,-1.65689,0.43579,4.36109e-05,0.435746
398.88,-0.51305,-1.65675,0.435899,4.36114e-05,0.435855
398.928,-0.533554,-1.65661,0.436015,4.02181e-05,0.435975
398.976,-0.484024,-1.65648,0.436205,4.8912e-05,0.436156
399.024,-0.506544,-1.65634,0.436341,4.47485e-05,0.436296
399.072,-0.487531,-1.6562,0.436478,4.82399e-05,0.43643
399.12,-0.509543,-1.65607,0.436604,4.42223e-05,0.43656
399.168,-0.52354,-1.65593,0.436695,4.18435e-05,0.436653
399.216,-0.534046,-1.6558,0.436772,4.01425e-05,0.436732
399.264,-0.531047,-1.65566,0.43684,4.06215e-05,0.4368
399.312,-0.520049,-1.65552,0.436938,4.2426e-05,0.436896
399.36,-0.482532,-1.65538,0.437083,4.92052e-05,0.437033
399.408,-0.49553,-1.65525,0.437218,4.67427e-05,0.437171
399.456,-0.502036,-1.65512,0.437362,4.55568e-05,0.437316
399.504,-0.519049,-1.65498,0.437427,4.25956e-05,0.437384
399.552,-0.498529,-1.65485,0.4375,4.61935e-05,0.437454
399.6,-0.513542,-1.65471,0.437578,4.35335e-05,0.437534
399.648,-0.495038,-1.65457,0.437676,4.6836e-05,0.43763
399.696,-0.524048,-1.65444,0.437768,4.17643e-05,0.437726
399.744,-0.532554,-1.6543,0.437812,4.03844e-05,0.437772
399.792,-0.574562,-1.65416,0.437807,3.42084e-05,0.437772
399.84,-0.498529,-1.65402,0.437875,4.61964e-05,0.437829
399.888,-0.526048,-1.65387,0.437931,4.14374e-05,0.43789
399.936,-0.529047,-1.65373,0.438006,4.09497e-05,0.437965
399.984,-0.499545,-1.65359,0.438044,4.60128e-05,0.437998
400.032,-0.427003,-1.65345,0.438196,6.12845e-05,0.438134
400.08,-0.447524,-1.65331,0.43833,5.6513e-05,0.438274
400.128,-0.489531,-1.65318,0.438444,4.78714e-05,0.438396
400.176,-0.478533,-1.65304,0.438567,4.99978e-05,0.438517
400.224,-0.484532,-1.6529,0.438688,4.88273e-05,0.438639
400.272,-0.453014,-1.65277,0.438767,5.53026e-05,0.438712
400.32,-0.440017,-1.65263,0.438967,5.8217e-05,0.438908
400.368,-0.460521,-1.6525,0.439111,5.36877e-05,0.439057
400.416,-0.464028,-1.65237,0.439287,5.29494e-05,0.439234
400.464,-0.48604,-1.65224,0.439428,4.85397e-05,0.43938
400.512,-0.461029,-1.65212,0.4396,5.35816e-05,0.439546
400.56,-0.45703,-1.65199,0.43972,5.44354e-05,0.439665
400.608,-0.478025,-1.65186,0.439871,5.01028e-05,0.439821
400.656,-0.461029,-1.65174,0.440014,5.35832e-05,0.43996
400.704,-0.458521,-1.65161,0.440192,5.41172e-05,0.440137
400.752,-0.447524,-1.65149,0.440371,5.65208e-05,0.440315
400.8,-0.464028,-1.65137,0.440533,5.29535e-05,0.44048
400.848,-0.494038,-1.65124,0.440598,4.70334e-05,0.440551
400.896,-0.493038,-1.65112,0.440671,4.722e-05,0.440624
400.944,-0.473026,-1.65099,0.440775,5.11055e-05,0.440723
400.992,-0.471535,-1.65087,0.440881,5.1408e-05,0.44083
401.04,-0.484532,-1.65074,0.440965,4.88353e-05,0.440916
401.088,-0.510051,-1.65061,0.441033,4.4152e-05,0.440989
401.136,-0.472535,-1.65048,0.441088,5.12069e-05,0.441037
401.184,-0.497038,-1.65035,0.44115,4.64825e-05,0.441103
401.232,-0.498037,-1.65022,0.441198,4.62997e-05,0.441151
401.28,-0.492039,-1.65008,0.441223,4.74106e-05,0.441175
401.328,-0.487531,-1.64995,0.441312,4.82629e-05,0.441264
401.376,-0.52154,-1.64981,0.441328,4.21951e-05,0.441286
401.424,-0.490531,-1.64968,0.441402,4.76954e-05,0.441354
401.472,-0.465028,-1.64954,0.441472,5.27521e-05,0.441419
401.52,-0.470027,-1.6494,0.441542,5.1721e-05,0.441491
401.568,-0.487531,-1.64927,0.44158,4.82655e-05,0.441532
401.616,-0.490531,-1.64913,0.441641,4.76974e-05,0.441593
401.664,-0.468027,-1.64899,0.441725,5.21328e-05,0.441673
401.712,-0.464028,-1.64885,0.441846,5.29636e-05,0.441793
401.76,-0.447016,-1.64872,0.441957,5.66464e-05,0.4419
401.808,-0.470027,-1.64858,0.442064,5.17242e-05,0.442012
401.856,-0.480025,-1.64844,0.442123,4.97215e-05,0.442074
401.904,-0.478533,-1.64831,0.442193,5.00159e-05,0.442143
401.952,-0.484532,-1.64817,0.442337,4.88449e-05,0.442288
402,-0.435018,-1.64804,0.442525,5.9399e-05,0.442466
402.048,-0.43451,-1.64791,0.442679,5.95189e-05,0.44262
402.096,-0.440017,-1.64778,0.442805,5.82386e-05,0.442746
402.144,-0.441017,-1.64765,0.442979,5.80096e-05,0.442921
402.192,-0.453522,-1.64753,0.443137,5.52138e-05,0.443082
402.24,-0.46652,-1.6474,0.443247,5.24507e-05,0.443194
402.288,-0.478025,-1.64727,0.443347,5.01203e-05,0.443297
402.336,-0.468519,-1.64714,0.443456,5.2039e-05,0.443404
402.384,-0.46552,-1.64701,0.443556,5.26599e-05,0.443503
402.432,-0.469027,-1.64688,0.443628,5.19357e-05,0.443576
402.48,-0.484024,-1.64675,0.443668,4.89484e-05,0.44362
402.528,-0.46252,-1.64661,0.443726,5.32892e-05,0.443673
402.576,-0.479025,-1.64648,0.443757,4.99258e-05,0.443707
402.624,-0.478533,-1.64634,0.443797,5.00234e-05,0.443747
402.672,-0.489039,-1.64621,0.443876,4.799e-05,0.443828
402.72,-0.508543,-1.64607,0.443886,4.44312e-05,0.443841
402.768,-0.493038,-1.64593,0.443915,4.72387e-05,0.443868
402.816,-0.502545,-1.64578,0.443927,4.54979e-05,0.443881
402.864,-0.485532,-1.64564,0.443947,4.86617e-05,0.443898
402.912,-0.509035,-1.64549,0.443935,4.43469e-05,0.443891
402.96,-0.489531,-1.64534,0.443933,4.79e-05,0.443885
403.008,-0.490039,-1.64519,0.443959,4.78045e-05,0.443912
403.056,-0.481025,-1.64504,0.443993,4.95383e-05,0.443944
403.104,-0.517541,-1.64489,0.443998,4.28832e-05,0.443956
403.152,-0.470027,-1.64474,0.444016,5.17394e-05,0.443964
403.2,-0.465028,-1.64459,0.444035,5.2772e-05,0.443983
403.248,-0.473534,-1.64443,0.444089,5.10286e-05,0.444038
403.296,-0.441509,-1.64429,0.444199,5.79119e-05,0.444141
403.344,-0.43451,-1.64414,0.444327,5.95361e-05,0.444268
403.392,-0.484024,-1.64399,0.4444,4.89587e-05,0.444351
403.44,-0.477534,-1.64384,0.444495,5.02309e-05,0.444445
403.488,-0.467028,-1.6437,0.444605,5.23603e-05,0.444552
403.536,-0.46652,-1.64355,0.444681,5.24661e-05,0.444628
403.584,-0.487531,-1.6434,0.444725,4.82871e-05,0.444677
403.632,-0.448523,-1.64325,0.444824,5.63334e-05,0.444768
403.68,-0.442508,-1.64311,0.444949,5.76888e-05,0.444891
403.728,-0.410007,-1.64297,0.445107,6.55931e-05,0.445041
403.776,-0.478533,-1.64282,0.445173,5.00368e-05,0.445123
403.824,-0.45503,-1.64268,0.445238,5.49062e-05,0.445183
403.872,-0.481025,-1.64253,0.445284,4.95478e-05,0.445234
403.92,-0.472535,-1.64238,0.445357,5.12385e-05,0.445306
403.968,-0.456522,-1.64224,0.445454,5.45854e-05,0.445399
404.016,-0.468519,-1.64209,0.445541,5.20591e-05,0.445489
404.064,-0.461029,-1.64195,0.445603,5.36232e-05,0.445549
404.112,-0.521049,-1.6418,0.445579,4.2303e-05,0.445536
404.16,-0.481025,-1.64164,0.445591,4.95512e-05,0.445541
404.208,-0.481533,-1.64149,0.44558,4.94524e-05,0.445531
404.256,-0.474026,-1.64134,0.445628,5.09416e-05,0.445577
404.304,-0.481533,-1.64118,0.445658,4.94535e-05,0.445609
404.352,-0.470027,-1.64103,0.44568,5.17541e-05,0.445629
404.4,-0.478533,-1.64087,0.445728,5.00442e-05,0.445677
404.448,-0.505544,-1.64071,0.445701,4.49793e-05,0.445656
404.496,-0.553058,-1.64055,0.445629,3.72808e-05,0.445592
404.544,-0.504544,-1.64039,0.445635,4.51584e-05,0.44559
404.592,-0.499037,-1.64022,0.445616,4.61523e-05,0.44557
404.64,-0.489531,-1.64006,0.445607,4.79193e-05,0.445559
404.688,-0.503036,-1.63989,0.445605,4.543e-05,0.44556
404.736,-0.490531,-1.63973,0.445609,4.77316e-05,0.445561
404.784,-0.496529,-1.63956,0.445627,4.66142e-05,0.44558
404.832,-0.484024,-1.63939,0.445632,4.89758e-05,0.445583
404.88,-0.461029,-1.63923,0.445702,5.36343e-05,0.445649
404.928,-0.483532,-1.63906,0.445742,4.90723e-05,0.445693
404.976,-0.436018,-1.6389,0.445839,5.92061e-05,0.445779
405.024,-0.454014,-1.63874,0.445919,5.51436e-05,0.445864
405.072,-0.449015,-1.63857,0.44602,5.62442e-05,0.445964
405.12,-0.454522,-1.63842,0.44614,5.50344e-05,0.446085
405.168,-0.437509,-1.63826,0.446271,5.88612e-05,0.446212
405.216,-0.442017,-1.6381,0.446367,5.7823e-05,0.446309
405.264,-0.46552,-1.63795,0.446471,5.26963e-05,0.446418
405.312,-0.43551,-1.63779,0.446586,5.93301e-05,0.446526
405.36,-0.454014,-1.63764,0.446686,5.51482e-05,0.446631
405.408,-0.456522,-1.63749,0.446805,5.46052e-05,0.44675
405.456,-0.467028,-1.63734,0.446894,5.23857e-05,0.446841
405.504,-0.43551,-1.63719,0.446997,5.93329e-05,0.446937
405.552,-0.487531,-1.63703,0.447033,4.83105e-05,0.446985
405.6,-0.467028,-1.63688,0.447104,5.23876e-05,0.447052
405.648,-0.484024,-1.63673,0.447155,4.89858e-05,0.447106
405.696,-0.459029,-1.63657,0.447235,5.40707e-05,0.447181
405.744,-0.468027,-1.63642,0.447297,5.21829e-05,0.447245
405.792,-0.505544,-1.63627,0.447306,4.49945e-05,0.447261
405.84,-0.426004,-1.63611,0.447423,6.16085e-05,0.447362
405.888,-0.474026,-1.63596,0.447462,5.09625e-05,0.447411
405.936,-0.460521,-1.6358,0.447486,5.37562e-05,0.447432
405.984,-0.491039,-1.63565,0.447506,4.76507e-05,0.447458
406.032,-0.507035,-1.63549,0.447503,4.47328e-05,0.447459
406.08,-0.490039,-1.63533,0.447505,4.78405e-05,0.447457
406.128,-0.457521,-1.63517,0.447506,5.43996e-05,0.447452
406.176,-0.521049,-1.635,0.447476,4.23249e-05,0.447433
406.224,-0.467028,-1.63484,0.4475,5.23957e-05,0.447448
406.272,-0.523048,-1.63467,0.44747,4.19929e-05,0.447428
406.32,-0.470535,-1.63451,0.447505,5.1676e-05,0.447453
406.368,-0.503544,-1.63434,0.447498,4.53581e-05,0.447453
406.416,-0.45503,-1.63418,0.447539,5.49418e-05,0.447484
406.464,-0.452523,-1.63401,0.447615,5.54895e-05,0.44756
406.512,-0.450015,-1.63385,0.447711,5.60426e-05,0.447655
406.56,-0.449523,-1.63369,0.447785,5.61523e-05,0.447729
406.608,-0.473534,-1.63353,0.4478,5.1071e-05,0.447749
406.656,-0.449523,-1.63336,0.447866,5.61537e-05,0.44781
406.704,-0.454522,-1.6332,0.447979,5.50563e-05,0.447924
406.752,-0.461521,-1.63305,0.448068,5.35555e-05,0.448014
406.8,-0.422513,-1.63289,0.448187,6.24794e-05,0.448125
406.848,-0.46352,-1.63273,0.448284,5.31354e-05,0.448231
406.896,-0.422513,-1.63258,0.448413,6.24809e-05,0.44835
406.944,-0.418005,-1.63243,0.448546,6.36041e-05,0.448482
406.992,-0.405008,-1.63228,0.448692,6.69559e-05,0.448625
407.04,-0.421005,-1.63213,0.448815,6.28563e-05,0.448753
407.088,-0.43651,-1.63198,0.448932,5.91224e-05,0.448873
407.136,-0.447016,-1.63183,0.449003,5.67194e-05,0.448947
407.184,-0.425512,-1.63168,0.449108,6.17491e-05,0.449046
407.232,-0.416006,-1.63153,0.449172,6.41129e-05,0.449108
407.28,-0.442017,-1.63138,0.449214,5.78527e-05,0.449156
407.328,-0.425004,-1.63123,0.449306,6.18753e-05,0.449244
407.376,-0.45503,-1.63108,0.449347,5.49548e-05,0.449292
407.424,-0.427003,-1.63093,0.449483,6.13899e-05,0.449421
407.472,-0.439017,-1.63079,0.449561,5.85449e-05,0.449502
407.52,-0.453522,-1.63064,0.449586,5.5285e-05,0.449531
407.568,-0.474534,-1.63048,0.449619,5.08815e-05,0.449568
407.616,-0.465028,-1.63033,0.449623,5.28294e-05,0.44957
407.664,-0.451523,-1.63018,0.449667,5.57254e-05,0.449611
407.712,-0.508035,-1.63002,0.449637,4.4575e-05,0.449592
407.76,-0.472535,-1.62986,0.4496,5.12875e-05,0.449549
407.808,-0.501037,-1.6297,0.449558,4.58259e-05,0.449512
407.856,-0.458521,-1.62953,0.44955,5.42084e-05,0.449496
407.904,-0.476534,-1.62937,0.449547,5.04854e-05,0.449496
407.952,-0.468519,-1.62921,0.449539,5.21102e-05,0.449487
408,-0.455522,-1.62904,0.449608,5.48566e-05,0.449553
408.048,-0.450015,-1.62888,0.449675,5.60639e-05,0.449619
408.096,-0.453014,-1.62872,0.449738,5.54042e-05,0.449682
408.144,-0.438018,-1.62856,0.449785,5.87866e-05,0.449727
408.192,-0.443016,-1.6284,0.449827,5.76377e-05,0.44977
408.24,-0.459521,-1.62823,0.449835,5.40001e-05,0.449781
408.288,-0.415006,-1.62807,0.449943,6.43836e-05,0.449878
408.336,-0.443016,-1.62791,0.450009,5.76399e-05,0.449951
408.384,-0.415006,-1.62776,0.450121,6.43851e-05,0.450057
408.432,-0.435018,-1.6276,0.450204,5.94917e-05,0.450144
408.48,-0.43451,-1.62744,0.450267,5.96119e-05,0.450207
408.528,-0.419005,-1.62729,0.450372,6.33782e-05,0.450309
408.576,-0.440509,-1.62713,0.450449,5.82172e-05,0.450391
408.624,-0.439017,-1.62697,0.450515,5.8562e-05,0.450456
408.672,-0.429003,-1.62682,0.450579,6.0926e-05,0.450519
408.72,-0.454014,-1.62666,0.450653,5.51944e-05,0.450598
408.768,-0.430511,-1.62651,0.45074,6.05655e-05,0.45068
408.816,-0.45703,-1.62635,0.450777,5.4542e-05,0.450723
408.864,-0.476026,-1.62619,0.450805,5.05991e-05,0.450754
408.912,-0.458521,-1.62603,0.450822,5.42229e-05,0.450768
408.96,-0.472535,-1.62587,0.450816,5.13031e-05,0.450765
409.008,-0.463028,-1.62571,0.450859,5.32672e-05,0.450806
409.056,-0.435018,-1.62555,0.450934,5.9501e-05,0.450874
409.104,-0.457521,-1.62539,0.450951,5.44401e-05,0.450897
409.152,-0.454014,-1.62523,0.450965,5.52004e-05,0.450909
409.2,-0.482041,-1.62507,0.450946,4.9415e-05,0.450897
409.248,-0.45503,-1.6249,0.45099,5.49806e-05,0.450935
409.296,-0.452523,-1.62474,0.451011,5.55287e-05,0.450955
409.344,-0.466028,-1.62458,0.451026,5.26442e-05,0.450973
409.392,-0.441017,-1.62441,0.45108,5.81125e-05,0.451021
409.44,-0.472027,-1.62425,0.451107,5.14125e-05,0.451056
409.488,-0.438509,-1.62409,0.451164,5.86925e-05,0.451106
409.536,-0.471027,-1.62392,0.451168,5.16173e-05,0.451116
409.584,-0.45503,-1.62375,0.451195,5.49855e-05,0.45114
409.632,-0.460029,-1.62359,0.451218,5.39109e-05,0.451164
409.68,-0.408008,-1.62343,0.451352,6.62119e-05,0.451286
409.728,-0.413007,-1.62327,0.451423,6.4918e-05,0.451359
409.776,-0.4055,-1.62311,0.451528,6.68727e-05,0.451461
409.824,-0.401501,-1.62295,0.451633,6.79383e-05,0.451565
409.872,-0.413498,-1.62279,0.451751,6.47943e-05,0.451686
409.92,-0.399501,-1.62264,0.451891,6.84787e-05,0.451823
409.968,-0.384996,-1.62249,0.452058,7.25179e-05,0.451985
410.016,-0.410007,-1.62234,0.452189,6.56964e-05,0.452123
410.064,-0.416006,-1.62219,0.452343,6.41585e-05,0.452279
410.112,-0.393994,-1.62205,0.452505,6.99879e-05,0.452435
410.16,-0.396502,-1.6219,0.452636,6.92988e-05,0.452567
410.208,-0.413007,-1.62176,0.452751,6.49254e-05,0.452686
410.256,-0.415514,-1.62162,0.452873,6.42861e-05,0.452809
410.304,-0.413498,-1.62148,0.452969,6.48008e-05,0.452905
410.352,-0.408008,-1.62134,0.453106,6.62224e-05,0.45304
410.4,-0.408499,-1.6212,0.453217,6.60946e-05,0.453151
410.448,-0.441509,-1.62105,0.453277,5.80146e-05,0.453219
410.496,-0.46352,-1.62091,0.453282,5.31833e-05,0.453229
410.544,-0.444524,-1.62076,0.453312,5.73288e-05,0.453255
410.592,-0.440509,-1.62061,0.45334,5.82461e-05,0.453282
410.64,-0.433019,-1.62047,0.4534,5.99961e-05,0.45334
410.688,-0.43651,-1.62032,0.453434,5.9175e-05,0.453375
410.736,-0.409499,-1.62017,0.453497,6.58392e-05,0.453431
410.784,-0.404008,-1.62002,0.453578,6.72837e-05,0.453511
410.832,-0.419513,-1.61988,0.453638,6.32869e-05,0.453574
410.88,-0.448523,-1.61973,0.453682,5.64346e-05,0.453625
410.928,-0.431511,-1.61958,0.453698,6.03587e-05,0.453638
410.976,-0.436018,-1.61942,0.453716,5.92941e-05,0.453657
411.024,-0.413498,-1.61927,0.453778,6.48117e-05,0.453713
411.072,-0.416006,-1.61912,0.453841,6.41735e-05,0.453777
411.12,-0.426512,-1.61897,0.453892,6.15653e-05,0.45383
411.168,-0.453014,-1.61882,0.453931,5.5446e-05,0.453876
411.216,-0.437018,-1.61867,0.453985,5.90638e-05,0.453926
411.264,-0.422005,-1.61852,0.454038,6.26735e-05,0.453976
411.312,-0.392994,-1.61837,0.454171,7.02845e-05,0.454101
411.36,-0.387504,-1.61823,0.454315,7.18264e-05,0.454243
411.408,-0.419513,-1.61808,0.454397,6.32955e-05,0.454334
411.456,-0.416514,-1.61793,0.454466,6.40507e-05,0.454402
411.504,-0.406008,-1.61779,0.454603,6.67656e-05,0.454536
411.552,-0.401501,-1.61765,0.45473,6.79658e-05,0.454662
411.6,-0.366984,-1.61751,0.454874,7.78952e-05,0.454796
411.648,-0.388995,-1.61737,0.455026,7.14091e-05,0.454955
411.696,-0.378489,-1.61723,0.455177,7.44358e-05,0.455102
411.744,-0.364492,-1.6171,0.455335,7.8668e-05,0.455257
411.792,-0.387996,-1.61697,0.455483,7.16939e-05,0.455411
411.84,-0.383996,-1.61683,0.455596,7.28362e-05,0.455523
411.888,-0.369491,-1.6167,0.455706,7.71322e-05,0.455629
411.936,-0.372982,-1.61657,0.455841,7.60766e-05,0.455765
411.984,-0.371983,-1.61643,0.455962,7.63784e-05,0.455885
412.032,-0.379997,-1.61631,0.456107,7.3999e-05,0.456033
412.08,-0.397502,-1.61617,0.456201,6.90558e-05,0.456132
412.128,-0.384996,-1.61605,0.456341,7.25535e-05,0.456268
412.176,-0.438018,-1.61592,0.456418,5.88433e-05,0.456359
412.224,-0.350987,-1.61579,0.456588,8.29868e-05,0.456505
412.272,-0.4055,-1.61566,0.456671,6.69106e-05,0.456604
412.32,-0.371491,-1.61553,0.456801,7.65322e-05,0.456724
412.368,-0.389995,-1.61541,0.456889,7.11383e-05,0.456818
412.416,-0.390503,-1.61528,0.457001,7.09964e-05,0.45693
412.464,-0.424512,-1.61515,0.457064,6.20717e-05,0.457002
412.512,-0.421513,-1.61502,0.457099,6.28122e-05,0.457036
412.56,-0.452014,-1.61488,0.45708,5.56821e-05,0.457024
412.608,-0.37449,-1.61475,0.457166,7.56353e-05,0.45709
412.656,-0.417006,-1.61461,0.457215,6.39426e-05,0.457151
412.704,-0.374998,-1.61448,0.457308,7.54852e-05,0.457233
412.752,-0.412498,-1.61435,0.457368,6.50926e-05,0.457303
412.8,-0.382997,-1.61421,0.457472,7.31391e-05,0.457399
412.848,-0.392994,-1.61408,0.457565,7.03075e-05,0.457495
412.896,-0.37449,-1.61395,0.457738,7.56399e-05,0.457663
412.944,-0.346988,-1.61383,0.457907,8.43206e-05,0.457823
412.992,-0.379489,-1.6137,0.458028,7.41624e-05,0.457954
413.04,-0.383488,-1.61357,0.458134,7.30007e-05,0.458061
413.088,-0.346988,-1.61345,0.458309,8.43231e-05,0.458224
413.136,-0.366492,-1.61332,0.458433,7.80715e-05,0.458355
413.184,-0.372491,-1.6132,0.458547,7.62441e-05,0.458471
413.232,-0.366984,-1.61307,0.45866,7.79215e-05,0.458582
413.28,-0.373999,-1.61295,0.45877,7.57927e-05,0.458694
413.328,-0.360985,-1.61283,0.458919,7.97914e-05,0.458839
413.376,-0.353478,-1.61271,0.459082,8.21934e-05,0.458999
413.424,-0.366492,-1.61259,0.459182,7.80759e-05,0.459104
413.472,-0.356986,-1.61247,0.459309,8.10641e-05,0.459228
413.52,-0.37749,-1.61235,0.459402,7.47582e-05,0.459327
413.568,-0.387996,-1.61222,0.459459,7.17198e-05,0.459387
413.616,-0.375998,-1.6121,0.459568,7.52013e-05,0.459493
413.664,-0.37549,-1.61198,0.459647,7.53531e-05,0.459572
413.712,-0.365492,-1.61185,0.459705,7.83893e-05,0.459626
413.76,-0.371491,-1.61172,0.459791,7.65544e-05,0.459714
413.808,-0.330975,-1.6116,0.459893,8.98412e-05,0.459803
413.856,-0.388995,-1.61147,0.459956,7.14412e-05,0.459884
413.904,-0.381997,-1.61134,0.459959,7.34445e-05,0.459886
413.952,-0.391995,-1.61121,0.459998,7.06012e-05,0.459927
414,-0.396994,-1.61108,0.460062,6.92214e-05,0.459993
414.048,-0.413007,-1.61095,0.460096,6.49789e-05,0.460032
414.096,-0.399501,-1.61082,0.46015,6.85404e-05,0.460082
414.144,-0.396502,-1.61069,0.460199,6.9358e-05,0.460129
414.192,-0.389995,-1.61055,0.460252,7.11646e-05,0.46018
414.24,-0.391503,-1.61042,0.460316,7.07427e-05,0.460245
414.288,-0.4075,-1.61028,0.460373,6.64114e-05,0.460306
414.336,-0.376998,-1.61015,0.46044,7.4916e-05,0.460365
414.384,-0.380997,-1.61002,0.460546,7.37426e-05,0.460472
414.432,-0.340481,-1.60988,0.460653,8.65418e-05,0.460567
414.48,-0.364984,-1.60975,0.460764,7.85593e-05,0.460686
414.528,-0.370491,-1.60962,0.46087,7.68696e-05,0.460793
414.576,-0.363984,-1.60949,0.460993,7.88717e-05,0.460914
414.624,-0.345988,-1.60936,0.46112,8.4683e-05,0.461036
414.672,-0.322977,-1.60924,0.461292,9.27413e-05,0.461199
414.72,-0.360985,-1.60911,0.46143,7.9814e-05,0.46135
414.768,-0.34548,-1.60899,0.461566,8.48556e-05,0.461481
414.816,-0.342481,-1.60886,0.461719,8.58676e-05,0.461633
414.864,-0.329467,-1.60874,0.461898,9.03975e-05,0.461807
414.912,-0.334482,-1.60863,0.462082,8.86252e-05,0.461993
414.96,-0.331483,-1.60851,0.462234,8.96822e-05,0.462145
415.008,-0.322977,-1.6084,0.46244,9.27472e-05,0.462348
415.056,-0.338973,-1.60828,0.462598,8.70694e-05,0.462511
415.104,-0.331975,-1.60817,0.462741,8.95105e-05,0.462651
415.152,-0.320469,-1.60806,0.462928,9.36728e-05,0.462835
415.2,-0.323977,-1.60795,0.463061,9.23848e-05,0.462968
415.248,-0.366984,-1.60783,0.463145,7.79526e-05,0.463067
415.296,-0.380489,-1.60771,0.463189,7.39037e-05,0.463115
415.344,-0.356478,-1.6076,0.463253,8.1257e-05,0.463171
415.392,-0.325468,-1.60748,0.463361,9.18455e-05,0.463269
415.44,-0.349479,-1.60736,0.463466,8.35361e-05,0.463382
415.488,-0.377998,-1.60724,0.46349,7.46373e-05,0.463416
415.536,-0.368983,-1.60712,0.463558,7.73435e-05,0.46348
415.584,-0.342972,-1.607,0.463609,8.57132e-05,0.463523
415.632,-0.351987,-1.60688,0.463698,8.27158e-05,0.463615
415.68,-0.358985,-1.60676,0.463762,8.04613e-05,0.463681
415.728,-0.369491,-1.60663,0.463796,7.71913e-05,0.463719
415.776,-0.380489,-1.6065,0.463828,7.39105e-05,0.463754
415.824,-0.382997,-1.60638,0.463871,7.31827e-05,0.463798
415.872,-0.365984,-1.60625,0.463967,7.82705e-05,0.463889
415.92,-0.37649,-1.60612,0.464017,7.50895e-05,0.463942
415.968,-0.351479,-1.606,0.464106,8.28875e-05,0.464023
416.016,-0.307472,-1.60587,0.464274,9.86231e-05,0.464176
416.064,-0.324976,-1.60575,0.464447,9.20361e-05,0.464355
416.112,-0.321469,-1.60564,0.464612,9.33208e-05,0.464519
416.16,-0.311963,-1.60552,0.464793,9.68919e-05,0.464696
416.208,-0.331483,-1.6054,0.464939,8.97034e-05,0.464849
416.256,-0.323977,-1.60529,0.465059,9.24035e-05,0.464967
416.304,-0.310963,-1.60517,0.465247,9.72779e-05,0.465149
416.352,-0.314962,-1.60506,0.465394,9.57543e-05,0.465298
416.4,-0.323468,-1.60495,0.465526,9.25916e-05,0.465433
416.448,-0.314962,-1.60483,0.465656,9.57559e-05,0.46556
416.496,-0.316962,-1.60472,0.465793,9.50035e-05,0.465698
416.544,-0.300965,-1.60461,0.465988,0.0001012,0.465887
416.592,-0.327468,-1.60451,0.466147,9.11436e-05,0.466056
416.64,-0.322977,-1.6044,0.466266,9.27754e-05,0.466173
416.688,-0.292967,-1.60429,0.466447,0.00010445,0.466343
416.736,-0.296458,-1.60419,0.46663,0.000103021,0.466527
416.784,-0.317961,-1.60408,0.466748,9.46338e-05,0.466653
416.832,-0.335974,-1.60397,0.466845,8.81359e-05,0.466757
416.88,-0.328467,-1.60387,0.466957,9.07889e-05,0.466866
416.928,-0.328467,-1.60376,0.467056,9.07896e-05,0.466965
416.976,-0.333483,-1.60365,0.467151,8.90096e-05,0.467062
417.024,-0.330975,-1.60354,0.467278,8.98963e-05,0.467188
417.072,-0.338482,-1.60343,0.467361,8.72708e-05,0.467274
417.12,-0.321469,-1.60332,0.467451,9.33372e-05,0.467358
417.168,-0.302965,-1.60321,0.46758,0.000100415,0.467479
417.216,-0.294458,-1.6031,0.467724,0.000103846,0.46762
417.264,-0.330975,-1.60299,0.467801,8.99e-05,0.467711
417.312,-0.377998,-1.60288,0.467832,7.4662e-05,0.467758
417.36,-0.307472,-1.60277,0.467962,9.86464e-05,0.467863
417.408,-0.314962,-1.60266,0.468083,9.57718e-05,0.467987
417.456,-0.336974,-1.60255,0.468144,8.77981e-05,0.468057
417.504,-0.325976,-1.60243,0.468209,9.16966e-05,0.468118
417.552,-0.31747,-1.60232,0.468288,9.48304e-05,0.468193
417.6,-0.333483,-1.6022,0.468361,8.90194e-05,0.468271
417.648,-0.253451,-1.60209,0.468515,0.000122111,0.468393
417.696,-0.265448,-1.60198,0.468698,0.000116461,0.468582
417.744,-0.296458,-1.60187,0.468859,0.000103039,0.468756
417.792,-0.278462,-1.60177,0.469048,0.000110629,0.468937
417.84,-0.314962,-1.60166,0.46915,9.57791e-05,0.469054
417.888,-0.280461,-1.60156,0.469323,0.000109761,0.469213
417.936,-0.28646,-1.60145,0.469512,0.000107192,0.469405
417.984,-0.262449,-1.60135,0.469729,0.000117855,0.469612
418.032,-0.300457,-1.60126,0.46991,0.000101429,0.469809
418.08,-0.246436,-1.60116,0.470162,0.000125549,0.470037
418.128,-0.300965,-1.60107,0.470343,0.000101227,0.470242
418.176,-0.266956,-1.60097,0.470531,0.000115779,0.470415
418.224,-0.279462,-1.60088,0.470729,0.000110201,0.470619
418.272,-0.280461,-1.60079,0.470885,0.000109767,0.470775
418.32,-0.269955,-1.6007,0.471064,0.000114418,0.470949
418.368,-0.264957,-1.60061,0.471272,0.0001167,0.471156
418.416,-0.285952,-1.60052,0.471435,0.000107415,0.471328
418.464,-0.276462,-1.60043,0.471573,0.000111518,0.471462
418.512,-0.307472,-1.60034,0.471684,9.86647e-05,0.471585
418.56,-0.291967,-1.60025,0.471806,0.000104896,0.471701
418.608,-0.268448,-1.60016,0.471955,0.000115106,0.47184
418.656,-0.284952,-1.60007,0.472097,0.000107844,0.471989
418.704,-0.283952,-1.59997,0.47219,0.000108271,0.472082
418.752,-0.290967,-1.59988,0.472304,0.000105314,0.472198
418.8,-0.275446,-1.59979,0.472452,0.000111972,0.47234
418.848,-0.277462,-1.5997,0.47257,0.000111085,0.472459
418.896,-0.305472,-1.5996,0.472667,9.94525e-05,0.472567
418.944,-0.265956,-1.59951,0.472807,0.00011625,0.47269
418.992,-0.278462,-1.59941,0.472908,0.000110649,0.472798
419.04,-0.262957,-1.59932,0.4731,0.000117637,0.472982
419.088,-0.293459,-1.59923,0.473224,0.000104288,0.47312
419.136,-0.268448,-1.59914,0.473395,0.000115115,0.47328
419.184,-0.28646,-1.59905,0.473499,0.000107212,0.473392
419.232,-0.195922,-1.59896,0.473757,0.000153285,0.473604
419.28,-0.236946,-1.59888,0.473974,0.000130365,0.473843
419.328,-0.210427,-1.5988,0.474214,0.000144756,0.474069
419.376,-0.242945,-1.59872,0.474395,0.000127315,0.474267
419.424,-0.222933,-1.59864,0.474618,0.000137784,0.47448
419.472,-0.19943,-1.59856,0.474834,0.000151182,0.474683
419.52,-0.236946,-1.59849,0.475073,0.000130369,0.474943
419.568,-0.218934,-1.59841,0.475324,0.000139979,0.475184
419.616,-0.19943,-1.59835,0.475613,0.000151185,0.475462
419.664,-0.204429,-1.59828,0.475845,0.000148231,0.475697
419.712,-0.179926,-1.59822,0.476158,0.000163286,0.475995
419.76,-0.224441,-1.59815,0.476394,0.000136971,0.476257
419.808,-0.201429,-1.59809,0.476646,0.000149999,0.476496
419.856,-0.188924,-1.59803,0.476876,0.00015759,0.476718
419.904,-0.19943,-1.59798,0.477128,0.000151189,0.476976
419.952,-0.201921,-1.59792,0.477369,0.00014971,0.47722
420,-0.179926,-1.59787,0.477633,0.000163291,0.47747
420.048,-0.19743,-1.59782,0.477881,0.000152389,0.477728
420.096,-0.214935,-1.59776,0.478095,0.000142214,0.477953
420.144,-0.204937,-1.59771,0.478322,0.00014794,0.478174
420.192,-0.193415,-1.59766,0.478539,0.000154826,0.478384
420.24,-0.191415,-1.59761,0.478818,0.000156053,0.478662
420.288,-0.233947,-1.59757,0.479002,0.000131932,0.47887
420.336,-0.184925,-1.59752,0.47928,0.000160104,0.47912
420.384,-0.207428,-1.59748,0.479509,0.000146495,0.479362
420.432,-0.206936,-1.59743,0.479757,0.00014678,0.47961
420.48,-0.209428,-1.59739,0.47996,0.000145344,0.479815
420.528,-0.186416,-1.59735,0.480215,0.000159167,0.480055
420.576,-0.22544,-1.5973,0.480397,0.000136441,0.480261
420.624,-0.181417,-1.59726,0.480649,0.00016234,0.480486
420.672,-0.17691,-1.59722,0.480903,0.000165254,0.480737
420.72,-0.142409,-1.59719,0.481212,0.000189363,0.481023
420.768,-0.19843,-1.59715,0.481437,0.000151796,0.481285
420.816,-0.157914,-1.59712,0.481724,0.000178123,0.481546
420.864,-0.162913,-1.59709,0.481987,0.000174643,0.481813
420.912,-0.123889,-1.59706,0.482325,0.000203723,0.482121
420.96,-0.164913,-1.59704,0.482606,0.000173271,0.482432
421.008,-0.117398,-1.59702,0.482991,0.000209009,0.482782
421.056,-0.134903,-1.597,0.483299,0.000195059,0.483104
421.104,-0.0883881,-1.59699,0.483715,0.000234357,0.48348
421.152,-0.16742,-1.59697,0.483994,0.000171565,0.483823
421.2,-0.110891,-1.59696,0.484374,0.000214446,0.484159
421.248,-0.104893,-1.59696,0.484773,0.000219583,0.484554
421.296,-0.0653767,-1.59696,0.485183,0.000256628,0.484926
421.344,-0.103385,-1.59697,0.485575,0.000220893,0.485354
421.392,-0.0833892,-1.59698,0.486016,0.000239025,0.485777
421.44,-0.112891,-1.59699,0.48638,0.00021276,0.486168
421.488,-0.0748828,-1.597,0.486816,0.000247182,0.486568
421.536,-0.0728833,-1.59702,0.487205,0.000249139,0.486956
421.584,-0.0708837,-1.59704,0.487613,0.000251111,0.487362
421.632,-0.0648686,-1.59707,0.487987,0.00025714,0.48773
421.68,-0.068376,-1.59709,0.488361,0.000253607,0.488108
421.728,-0.0623773,-1.59712,0.488749,0.000259679,0.488489
421.776,-0.048364,-1.59715,0.489147,0.000274435,0.488873
421.824,-0.0528712,-1.59718,0.489554,0.000269599,0.489285
421.872,-0.0643769,-1.59722,0.489914,0.000257637,0.489656
421.92,-0.0528712,-1.59726,0.490307,0.000269598,0.490037
421.968,-0.0548708,-1.59729,0.490687,0.000267479,0.49042
422.016,-0.0388578,-1.59734,0.491083,0.000284916,0.490798
422.064,-0.0503635,-1.59738,0.491449,0.000272275,0.491177
422.112,-0.0578701,-1.59742,0.49181,0.000264331,0.491546
422.16,-0.0498718,-1.59747,0.49217,0.000272802,0.491897
422.208,-0.0443648,-1.59751,0.492506,0.000278791,0.492228
422.256,-0.00984771,-1.59756,0.492931,0.00031944,0.492612
422.304,-0.0178624,-1.59761,0.493327,0.000309502,0.493018
422.352,-0.0308596,-1.59767,0.493711,0.000294038,0.493417
422.4,-0.0128635,-1.59772,0.494128,0.00031566,0.493813
422.448,0.021162,-1.59779,0.494624,0.00036097,0.494263
422.496,0.0426655,-1.59785,0.495142,0.000392891,0.494749
422.544,0.00114991,-1.59792,0.495548,0.000333586,0.495215
422.592,0.040666,-1.598,0.496106,0.000389803,0.495716
422.64,0.0541712,-1.59808,0.496637,0.000411106,0.496225
422.688,0.0806737,-1.59817,0.497235,0.000456342,0.496779
422.736,0.0796739,-1.59826,0.497802,0.000454545,0.497347
422.784,0.074675,-1.59836,0.498387,0.00044568,0.497941
422.832,0.12119,-1.59848,0.499116,0.000535255,0.49858
422.88,0.144709,-1.59859,0.499803,0.000587157,0.499216
422.928,0.156215,-1.59872,0.500545,0.000614339,0.49993
422.976,0.391295,-1.59892,0.502379,0.00154447,0.500834
423.024,0.739925,-1.59941,0.508324,0.00591718,0.502407
423.072,0.950011,-1.60018,0.517192,0.0128173,0.504375
423.12,0.961008,-1.60079,0.519771,0.0133275,0.506444
423.168,0.869471,-1.60113,0.517982,0.0095802,0.508402
423.216,0.732926,-1.60139,0.515904,0.00576204,0.510142
423.264,0.608379,-1.60167,0.515206,0.00358383,0.511622
423.312,0.526348,-1.60198,0.515511,0.00261136,0.5129
423.36,0.459821,-1.60231,0.516057,0.00201692,0.51404
423.408,0.394803,-1.60263,0.516576,0.00156533,0.515011
423.456,0.344273,-1.60296,0.517141,0.00128472,0.515856
423.504,0.256242,-1.60325,0.517432,0.000909832,0.516522
423.552,0.216726,-1.60356,0.517889,0.000779045,0.51711
423.6,0.213727,-1.60387,0.518415,0.0007699,0.517645
423.648,0.185717,-1.60416,0.518816,0.000689629,0.518126
423.696,0.182226,-1.60445,0.51926,0.000680213,0.51858
423.744,0.193223,-1.60474,0.519755,0.00071025,0.519044
423.792,0.220725,-1.60503,0.520318,0.000791292,0.519527
423.84,0.217234,-1.60531,0.520771,0.000780497,0.519991
423.888,0.202221,-1.60558,0.521172,0.000735771,0.520436
423.936,0.189224,-1.60586,0.521589,0.000699113,0.52089
423.984,0.222233,-1.60613,0.522145,0.000795926,0.521349
424.032,0.249736,-1.60641,0.522752,0.000886677,0.521866
424.08,0.254751,-1.60668,0.523287,0.000904286,0.522383
424.128,0.254751,-1.60695,0.52383,0.000904267,0.522925
424.176,0.247244,-1.60722,0.524314,0.000877994,0.523436
424.224,0.26075,-1.60748,0.524881,0.00092577,0.523955
424.272,0.284253,-1.60775,0.525504,0.00101516,0.524489
424.32,0.31677,-1.60803,0.526207,0.00115313,0.525054
424.368,0.347272,-1.60831,0.526973,0.00129936,0.525674
424.416,0.338274,-1.60858,0.527559,0.00125438,0.526304
424.464,0.357778,-1.60886,0.528292,0.00135382,0.526938
424.512,0.37879,-1.60915,0.52907,0.00146969,0.5276
424.56,0.379298,-1.60943,0.52975,0.00147258,0.528278
424.608,0.390803,-1.60972,0.530484,0.00154024,0.528944
424.656,0.388296,-1.61,0.531134,0.0015252,0.529609
424.704,0.409308,-1.61029,0.53194,0.00165555,0.530285
424.752,0.413307,-1.61059,0.532651,0.00168154,0.53097
424.8,0.402293,-1.61087,0.533252,0.00161077,0.531641
424.848,0.48834,-1.6112,0.534607,0.00225186,0.532355
424.896,0.787947,-1.61179,0.540479,0.00707973,0.5334
424.944,1.06254,-1.613,0.55386,0.0189295,0.53493
424.992,1.14458,-1.61419,0.561439,0.0247892,0.53665
425.04,1.13058,-1.61501,0.562091,0.0236977,0.538393
425.088,0.98302,-1.61525,0.554353,0.0143885,0.539964
425.136,0.875486,-1.61559,0.551116,0.0097825,0.541334
425.184,0.773442,-1.61593,0.549226,0.00670353,0.542523
425.232,0.6634,-1.61625,0.547931,0.00441982,0.543511
425.28,0.561865,-1.61656,0.547302,0.00299249,0.544309
425.328,0.498338,-1.61689,0.547299,0.00233997,0.544959
425.376,0.445824,-1.61721,0.547394,0.0019078,0.545486
425.424,0.414307,-1.61753,0.547643,0.00168722,0.545955
425.472,0.400801,-1.61783,0.547959,0.00160057,0.546358
425.52,0.332767,-1.61811,0.547904,0.00122673,0.546678
425.568,0.31577,-1.61839,0.548071,0.00114771,0.546924
425.616,0.323769,-1.61866,0.548342,0.00118421,0.547157
425.664,0.338782,-1.61893,0.548673,0.00125588,0.547417
425.712,0.342273,-1.61918,0.548955,0.00127314,0.547682
425.76,0.351779,-1.61943,0.549271,0.00132136,0.547949
425.808,0.364793,-1.61968,0.549612,0.00139032,0.548221
425.856,0.383789,-1.61991,0.549979,0.00149745,0.548482
425.904,0.382297,-1.62014,0.550274,0.00148872,0.548785
425.952,0.412799,-1.62038,0.550787,0.00167696,0.54911
426,0.370791,-1.62059,0.550851,0.00142322,0.549428
426.048,0.433319,-1.62082,0.551596,0.00181659,0.549779
426.096,0.402801,-1.62103,0.551762,0.00161271,0.55015
426.144,0.43581,-1.62126,0.552392,0.00183425,0.550558
426.192,0.426812,-1.62147,0.552695,0.00177101,0.550924
426.24,0.46782,-1.62169,0.553401,0.00207759,0.551323
426.288,0.510843,-1.62192,0.554222,0.00245534,0.551767
426.336,0.508844,-1.62214,0.554676,0.00243634,0.55224
426.384,0.508844,-1.62236,0.55517,0.0024363,0.552733
426.432,0.539853,-1.62259,0.555999,0.00274718,0.553252
426.48,0.563356,-1.62283,0.556792,0.00300834,0.553784
426.528,0.601873,-1.62307,0.55782,0.00348961,0.55433
426.576,0.567355,-1.6233,0.557974,0.00305502,0.554919
426.624,0.829954,-1.62382,0.563969,0.00826914,0.5557
426.672,1.15459,-1.62525,0.582492,0.0255712,0.556921
426.72,1.29713,-1.62692,0.597439,0.0390731,0.558366
426.768,1.27363,-1.62788,0.596449,0.0365837,0.559865
426.816,1.16108,-1.62825,0.587373,0.0260951,0.561278
426.864,1.03653,-1.62839,0.579803,0.0173069,0.562496
426.912,0.889974,-1.6285,0.573829,0.010303,0.563526
426.96,0.790947,-1.62867,0.571498,0.00715024,0.564348
427.008,0.714914,-1.62888,0.570405,0.00537125,0.565034
427.056,0.673398,-1.62911,0.570215,0.00458714,0.565628
427.104,0.609379,-1.62929,0.569687,0.00359006,0.566097
427.152,0.572371,-1.62948,0.569587,0.00311324,0.566474
427.2,0.52384,-1.62965,0.569361,0.00258067,0.56678
427.248,0.547851,-1.62984,0.569907,0.00283191,0.567075
427.296,0.532347,-1.63001,0.570012,0.00266701,0.567345
427.344,0.54736,-1.63018,0.570415,0.00282646,0.567588
427.392,0.54436,-1.63034,0.570622,0.00279384,0.567828
427.44,0.484324,-1.63047,0.570245,0.00221375,0.568031
427.488,0.532347,-1.63062,0.570897,0.00266689,0.568231
427.536,0.533346,-1.63076,0.571122,0.0026772,0.568445
427.584,0.540853,-1.6309,0.57142,0.00275608,0.568664
427.632,0.533855,-1.63104,0.571601,0.00268241,0.568918
427.68,0.57737,-1.6312,0.572394,0.00317343,0.56922
427.728,0.60538,-1.63136,0.573104,0.00353474,0.569569
427.776,0.617377,-1.63151,0.573621,0.00370144,0.569919
427.824,0.620885,-1.63167,0.574054,0.00375157,0.570302
427.872,0.616378,-1.63182,0.574378,0.00368717,0.570691
427.92,0.646388,-1.632,0.575246,0.0041366,0.571109
427.968,0.702408,-1.63221,0.576687,0.00512118,0.571565
428.016,0.708407,-1.63238,0.577257,0.005239,0.572018
428.064,0.703408,-1.63256,0.577648,0.0051405,0.572507
428.112,0.728419,-1.63277,0.578652,0.00565121,0.573001
428.16,0.875486,-1.63318,0.583366,0.00976943,0.573596
428.208,1.27312,-1.63505,0.611088,0.0365118,0.574576
428.256,1.38667,-1.63699,0.625118,0.0493008,0.575818
428.304,1.42068,-1.63837,0.630588,0.0534568,0.577131
428.352,1.33014,-1.63897,0.621063,0.042681,0.578382
428.4,1.2021,-1.63908,0.609126,0.0296121,0.579514
428.448,1.06205,-1.63899,0.599306,0.0188604,0.580446
428.496,0.936997,-1.63896,0.593387,0.012199,0.581188
428.544,0.855474,-1.63902,0.590863,0.00907451,0.581788
428.592,0.801452,-1.63909,0.589702,0.00743006,0.582272
428.64,0.769935,-1.63919,0.589292,0.00660421,0.582687
428.688,0.736925,-1.63928,0.588884,0.00583282,0.583052
428.736,0.712914,-1.63936,0.58871,0.00532645,0.583383
428.784,0.676397,-1.63941,0.588281,0.00463623,0.583645
428.832,0.747431,-1.63955,0.589994,0.00606841,0.583925
428.88,0.707407,-1.63961,0.589429,0.00521629,0.584212
428.928,0.709423,-1.63968,0.589735,0.0052563,0.584479
428.976,0.72342,-1.63979,0.590299,0.00554242,0.584756
429.024,0.708407,-1.63985,0.590263,0.00523601,0.585027
429.072,0.759429,-1.63998,0.591663,0.00634841,0.585315
429.12,0.773442,-1.6401,0.592342,0.00669117,0.585651
429.168,0.796454,-1.64023,0.593303,0.00729227,0.58601
429.216,0.81345,-1.64038,0.59416,0.00776843,0.586392
429.264,0.846967,-1.64057,0.595609,0.00879386,0.586815
429.312,0.880485,-1.64079,0.597221,0.00994356,0.587277
429.36,0.920492,-1.64104,0.599258,0.0114954,0.587762
429.408,0.925999,-1.64124,0.599991,0.0117252,0.588266
429.456,0.964516,-1.64155,0.602256,0.0134523,0.588804
429.504,1.21261,-1.64275,0.620061,0.0305631,0.589498
429.552,1.48221,-1.64535,0.651628,0.0611763,0.590452
429.6,1.58874,-1.64756,0.666261,0.0746836,0.591578
429.648,1.51071,-1.64853,0.657514,0.0647961,0.592718
429.696,1.34966,-1.64862,0.63864,0.0448818,0.593758
429.744,1.23862,-1.64864,0.627662,0.0330112,0.594651
429.792,1.02953,-1.64819,0.612204,0.0168706,0.595334
429.84,0.963008,-1.64814,0.609225,0.0133738,0.595851
429.888,0.876485,-1.64801,0.606027,0.009794,0.596233
429.936,0.859473,-1.64797,0.605711,0.00920252,0.596509
429.984,0.807959,-1.6479,0.604356,0.0076071,0.596749
430.032,0.771934,-1.64785,0.603594,0.00664949,0.596944
430.08,0.794946,-1.64783,0.604369,0.00724715,0.597122
430.128,0.777441,-1.64778,0.604078,0.00678816,0.59729
430.176,0.75143,-1.6477,0.603586,0.00615661,0.59743
430.224,0.761428,-1.64765,0.603952,0.00639253,0.59756
430.272,0.790947,-1.64764,0.604863,0.00713988,0.597723
430.32,0.806959,-1.64762,0.605461,0.00757902,0.597882
430.368,0.838461,-1.64762,0.606578,0.0085177,0.598061
430.416,0.829954,-1.64758,0.606499,0.00825409,0.598245
430.464,0.843968,-1.6476,0.607165,0.00869252,0.598472
430.512,0.84446,-1.64759,0.607405,0.00870829,0.598697
430.56,0.876977,-1.64767,0.608778,0.00981186,0.598966
430.608,0.907987,-1.64774,0.61023,0.0109825,0.599247
430.656,0.943504,-1.64786,0.612048,0.0124777,0.59957
430.704,1.00803,-1.64815,0.615637,0.0156629,0.599974
430.752,1.06254,-1.64848,0.619312,0.0188782,0.600434
430.8,1.15108,-1.64903,0.626195,0.0252418,0.600953
430.848,1.4797,-1.65143,0.662489,0.0608299,0.601659
430.896,1.7108,-1.65439,0.691605,0.0890272,0.602577
430.944,1.7198,-1.6562,0.69361,0.0899904,0.60362
430.992,1.61775,-1.65717,0.682847,0.0782035,0.604644
431.04,1.41368,-1.65695,0.658063,0.0525157,0.605548
431.088,1.25162,-1.65657,0.640541,0.0342685,0.606273
431.136,1.09755,-1.65612,0.628018,0.0212069,0.606811
431.184,0.988019,-1.65578,0.621787,0.0145977,0.607189
431.232,0.900988,-1.65547,0.618128,0.0107013,0.607426
431.28,0.857965,-1.65521,0.616709,0.0091466,0.607562
431.328,0.821956,-1.65496,0.615631,0.00800862,0.607623
431.376,0.820956,-1.65476,0.615645,0.00797909,0.607666
431.424,0.830954,-1.65456,0.615993,0.00828023,0.607713
431.472,0.831954,-1.65436,0.616072,0.00831104,0.607761
431.52,0.80596,-1.65412,0.61533,0.00754711,0.607782
431.568,0.836969,-1.65394,0.616269,0.00846681,0.607802
431.616,0.857473,-1.65378,0.616988,0.00913113,0.607857
431.664,0.794454,-1.65351,0.615116,0.00723069,0.607885
431.712,0.837969,-1.65336,0.61643,0.00849849,0.607931
431.76,0.859473,-1.65323,0.617207,0.00919877,0.608008
431.808,0.867979,-1.65307,0.617584,0.00949032,0.608094
431.856,0.892482,-1.65297,0.618585,0.0103779,0.608207
431.904,0.928999,-1.65288,0.620183,0.0118417,0.608342
431.952,0.893482,-1.65273,0.618907,0.0104159,0.608491
432,0.964516,-1.65275,0.622105,0.0134407,0.608664
432.048,1.01654,-1.65289,0.625045,0.0161257,0.608919
432.096,1.07905,-1.65306,0.629174,0.0199472,0.609227
432.144,1.13107,-1.65332,0.633239,0.023666,0.609573
432.192,1.23611,-1.65395,0.642751,0.0327556,0.609995
432.24,1.51572,-1.65627,0.675993,0.0653996,0.610593
432.288,1.77082,-1.65925,0.706647,0.0952447,0.611403
432.336,1.77131,-1.66092,0.707601,0.0952799,0.612321
432.384,1.61526,-1.66137,0.691065,0.077875,0.61319
432.432,1.40317,-1.66089,0.665136,0.0512118,0.613924
432.48,1.1996,-1.66008,0.643791,0.0293391,0.614452
432.528,1.05004,-1.65944,0.632856,0.0180798,0.614777
432.576,0.966007,-1.659,0.628451,0.0135053,0.614946
432.624,0.912986,-1.65856,0.62616,0.0111734,0.614986
432.672,0.87247,-1.65818,0.624616,0.00964379,0.614972
432.72,0.880976,-1.65789,0.62491,0.00994835,0.614962
432.768,0.870978,-1.65755,0.624505,0.0095918,0.614914
432.816,0.816957,-1.65714,0.622701,0.00786015,0.614841
432.864,0.836461,-1.65684,0.623218,0.00844904,0.614769
432.912,0.839461,-1.65652,0.623256,0.00854333,0.614712
432.96,0.799453,-1.65618,0.62202,0.00736522,0.614655
433.008,0.867979,-1.65596,0.624113,0.00948819,0.614624
433.056,0.860472,-1.65567,0.623837,0.00923083,0.614606
433.104,0.871978,-1.65538,0.624206,0.00962854,0.614577
433.152,0.898481,-1.65517,0.625194,0.0106047,0.614589
433.2,0.910986,-1.65493,0.625704,0.0110961,0.614608
433.248,0.889974,-1.65465,0.624914,0.0102824,0.614631
433.296,0.927491,-1.65448,0.626455,0.0117763,0.614679
433.344,0.942996,-1.65432,0.627196,0.0124489,0.614747
433.392,0.969006,-1.6542,0.628517,0.0136544,0.614862
433.44,0.993526,-1.65408,0.62987,0.014884,0.614986
433.488,1.00503,-1.65398,0.630625,0.0154935,0.615132
433.536,0.993018,-1.65385,0.630149,0.0148577,0.615291
433.584,1.02403,-1.65383,0.632021,0.0165469,0.615474
433.632,1.08105,-1.65395,0.635782,0.0200794,0.615702
433.68,1.14058,-1.65413,0.64036,0.0243994,0.61596
433.728,1.39067,-1.65569,0.66607,0.049714,0.616356
433.776,1.64576,-1.65836,0.69854,0.0815698,0.61697
433.824,1.71829,-1.66021,0.707529,0.0898003,0.617729
433.872,1.63326,-1.66106,0.698544,0.080057,0.618487
433.92,1.44318,-1.66079,0.675332,0.0561679,0.619164
433.968,1.27914,-1.66014,0.656747,0.0370656,0.619681
434.016,1.11007,-1.6594,0.642093,0.0220932,0.62
434.064,1.03953,-1.65892,0.637605,0.0174446,0.620161
434.112,0.963008,-1.65845,0.633579,0.0133632,0.620215
434.16,0.905987,-1.65794,0.631064,0.0108948,0.620169
434.208,0.850966,-1.65745,0.62897,0.00891274,0.620057
434.256,0.859964,-1.65704,0.629129,0.0092127,0.619916
434.304,0.832462,-1.65659,0.628076,0.00832524,0.619751
434.352,0.823464,-1.65616,0.627624,0.00805274,0.619571
434.4,0.815957,-1.65574,0.627236,0.00783187,0.619404
434.448,0.821465,-1.6553,0.627197,0.00799384,0.619203
434.496,0.797945,-1.65488,0.626344,0.00732469,0.61902
434.544,0.764936,-1.65441,0.625264,0.00647391,0.61879
434.592,0.773442,-1.65401,0.625268,0.006684,0.618584
434.64,0.796945,-1.65363,0.625712,0.00729812,0.618414
434.688,0.738433,-1.65315,0.624059,0.00585985,0.618199
434.736,0.776441,-1.65275,0.624732,0.00676022,0.617971
434.784,0.770443,-1.65235,0.624382,0.00661012,0.617772
434.832,0.780949,-1.65195,0.624446,0.00687568,0.617571
434.88,0.738925,-1.65149,0.623212,0.00587148,0.617341
434.928,0.748431,-1.65107,0.623175,0.0060859,0.617089
434.976,0.700409,-1.65062,0.62192,0.00507526,0.616845
435.024,0.721912,-1.6502,0.622088,0.00550647,0.616582
435.072,0.734926,-1.6498,0.622118,0.00578428,0.616334
435.12,0.731926,-1.64938,0.621811,0.00571931,0.616091
435.168,0.713422,-1.64895,0.621165,0.00533277,0.615832
435.216,0.717913,-1.64854,0.621002,0.00542443,0.615578
435.264,0.715422,-1.64814,0.620733,0.00537365,0.615359
435.312,0.728927,-1.64774,0.620797,0.00565557,0.615142
435.36,0.686412,-1.6473,0.619709,0.00481351,0.614895
435.408,0.715422,-1.64692,0.620037,0.00537416,0.614663
435.456,0.713422,-1.64651,0.619759,0.00533377,0.614426
435.504,0.712422,-1.64611,0.619527,0.00531376,0.614213
435.552,0.689903,-1.6457,0.618867,0.00487846,0.613988
435.6,0.704408,-1.6453,0.618889,0.005155,0.613734
435.648,0.69541,-1.64489,0.618461,0.00498199,0.613479
435.696,0.710423,-1.6445,0.618507,0.00527429,0.613233
435.744,0.674906,-1.64407,0.617597,0.00460829,0.612989
435.792,0.668399,-1.64365,0.617209,0.0044955,0.612713
435.84,0.639897,-1.64322,0.616459,0.00403162,0.612427
435.888,0.639389,-1.64279,0.616134,0.00402392,0.61211
435.936,0.628391,-1.64235,0.615613,0.003858,0.611755
435.984,0.588367,-1.64191,0.614718,0.00330807,0.61141
436.032,0.597873,-1.64147,0.614475,0.00343148,0.611043
436.08,0.564356,-1.64102,0.613678,0.00301575,0.610663
436.128,0.567864,-1.64057,0.613314,0.00305696,0.610257
436.176,0.521349,-1.6401,0.612388,0.00255382,0.609834
436.224,0.537854,-1.63965,0.612122,0.00272244,0.6094
436.272,0.505336,-1.63918,0.611353,0.00240028,0.608953
436.32,0.49483,-1.63871,0.610757,0.00230447,0.608453
436.368,0.495338,-1.63824,0.610283,0.0023091,0.607974
436.416,0.473327,-1.63776,0.609593,0.00211994,0.607473
436.464,0.444316,-1.63727,0.608835,0.00189372,0.606941
436.512,0.398294,-1.63676,0.607959,0.00158267,0.606376
436.56,0.402801,-1.63627,0.607416,0.00161083,0.605805
436.608,0.395802,-1.63576,0.606767,0.00156747,0.605199
436.656,0.382297,-1.63526,0.606085,0.00148699,0.604598
436.704,0.341781,-1.63473,0.605235,0.00126917,0.603966
436.752,0.326768,-1.63422,0.604548,0.00119677,0.603351
436.8,0.343781,-1.63369,0.603951,0.00127924,0.602672
436.848,0.324277,-1.63315,0.603174,0.00118525,0.601989
436.896,0.321277,-1.63262,0.602484,0.00117146,0.601312
436.944,0.297758,-1.63207,0.601699,0.00106837,0.600631
436.992,0.305265,-1.63153,0.601036,0.00110032,0.599935
437.04,0.276254,-1.63097,0.600193,0.000982065,0.599211
437.088,0.270256,-1.6304,0.599426,0.000959266,0.598467
437.136,0.251243,-1.62983,0.59859,0.000890341,0.5977
437.184,0.214235,-1.62925,0.597667,0.000769941,0.596897
437.232,0.201221,-1.62866,0.596818,0.000731591,0.596086
437.28,0.18021,-1.62807,0.59595,0.000673622,0.595277
437.328,0.172211,-1.62747,0.595109,0.000652796,0.594456
437.376,0.17621,-1.62687,0.594297,0.000663173,0.593634
437.424,0.163213,-1.62625,0.593395,0.000630157,0.592765
437.472,0.124697,-1.62563,0.592414,0.00054157,0.591873
437.52,0.0936873,-1.62499,0.591408,0.000479354,0.590929
437.568,0.0696761,-1.62435,0.59041,0.000436122,0.589974
437.616,0.0676765,-1.6237,0.58944,0.000432722,0.589007
437.664,0.0151633,-1.62303,0.588358,0.000351855,0.588006
437.712,0.0281605,-1.62236,0.587353,0.000370368,0.586983
437.76,-0.00535688,-1.62168,0.586286,0.000324546,0.585962
437.808,-0.0373664,-1.62099,0.585181,0.000286078,0.584895
437.856,-0.0443648,-1.62029,0.584121,0.000278305,0.583843
437.904,-0.073375,-1.61958,0.582942,0.000248227,0.582694
437.952,-0.0573784,-1.61885,0.581822,0.00026441,0.581558
438,-0.0663765,-1.61812,0.580686,0.000255204,0.580431
438.048,-0.107384,-1.61738,0.579478,0.000217095,0.579261
438.096,-0.132903,-1.61662,0.578256,0.000196309,0.578059
438.144,-0.190923,-1.61585,0.576965,0.000156138,0.576809
438.192,-0.165912,-1.61507,0.575716,0.00017235,0.575543
438.24,-0.181417,-1.61428,0.574442,0.000162128,0.57428
438.288,-0.220933,-1.61347,0.573141,0.000138718,0.573002
438.336,-0.217934,-1.61265,0.571843,0.000140379,0.571703
438.384,-0.253943,-1.61183,0.570514,0.000121782,0.570392
438.432,-0.239946,-1.61099,0.569236,0.000128711,0.569107
438.48,-0.241945,-1.61014,0.567932,0.000127707,0.567805
438.528,-0.276462,-1.60928,0.566618,0.000111442,0.566506
438.576,-0.287968,-1.60841,0.565299,0.000106498,0.565193
438.624,-0.313471,-1.60753,0.563943,9.6301e-05,0.563847
438.672,-0.31747,-1.60664,0.562596,9.47983e-05,0.562501
438.72,-0.290459,-1.60574,0.561321,0.000105477,0.561216
438.768,-0.329467,-1.60483,0.560008,9.04235e-05,0.559918
438.816,-0.339481,-1.60391,0.558644,8.69229e-05,0.558558
438.864,-0.372982,-1.60298,0.557305,7.61546e-05,0.557229
438.912,-0.337482,-1.60204,0.556023,8.76245e-05,0.555936
438.96,-0.339973,-1.60109,0.554709,8.67727e-05,0.554622
439.008,-0.378489,-1.60014,0.553366,7.45319e-05,0.553291
439.056,-0.393503,-1.59917,0.551997,7.02455e-05,0.551927
439.104,-0.43251,-1.59819,0.550599,6.0218e-05,0.550539
439.152,-0.442017,-1.5972,0.549166,5.80029e-05,0.549108
439.2,-0.454014,-1.5962,0.547731,5.5322e-05,0.547676
439.248,-0.449015,-1.59519,0.54629,5.64298e-05,0.546233
439.296,-0.499545,-1.59416,0.544819,4.62211e-05,0.544773
439.344,-0.518541,-1.59312,0.543312,4.28824e-05,0.54327
439.392,-0.525556,-1.59208,0.541839,4.17135e-05,0.541797
439.44,-0.499545,-1.59102,0.540399,4.62322e-05,0.540352
439.488,-0.569071,-1.58995,0.538876,3.51297e-05,0.538841
439.536,-0.513542,-1.58887,0.537385,4.3752e-05,0.537341
439.584,-0.571071,-1.58778,0.535856,3.4859e-05,0.535822
439.632,-0.569563,-1.58667,0.534342,3.50702e-05,0.534307
439.68,-0.591066,-1.58556,0.53281,3.22162e-05,0.532778
439.728,-0.622076,-1.58443,0.53125,2.85033e-05,0.531222
439.776,-0.623076,-1.58329,0.529709,2.83934e-05,0.529681
439.824,-0.617077,-1.58215,0.528161,2.9077e-05,0.528132
439.872,-0.631582,-1.58099,0.526627,2.74596e-05,0.5266
439.92,-0.654102,-1.57982,0.525087,2.51238e-05,0.525062
439.968,-0.670607,-1.57864,0.523561,2.35396e-05,0.523538
440.016,-0.629583,-1.57745,0.522031,2.76849e-05,0.522003
440.064,-0.657101,-1.57625,0.520564,2.48345e-05,0.520539
440.112,-0.651594,-1.57505,0.519104,2.53832e-05,0.519078
440.16,-0.662592,-1.57384,0.517663,2.43059e-05,0.517639
440.208,-0.697109,-1.57261,0.51616,2.12087e-05,0.516139
440.256,-0.708123,-1.57138,0.514666,2.03073e-05,0.514646
440.304,-0.689602,-1.57014,0.513215,2.18514e-05,0.513194
440.352,-0.707123,-1.5689,0.51178,2.03915e-05,0.511759
440.4,-0.713614,-1.56765,0.510331,1.9877e-05,0.510311
440.448,-0.713614,-1.56639,0.508935,1.98789e-05,0.508915
440.496,-0.670099,-1.56512,0.507559,2.36111e-05,0.507535
440.544,-0.730626,-1.56385,0.506159,1.859e-05,0.506141
440.592,-0.732626,-1.56257,0.504743,1.84454e-05,0.504724
440.64,-0.752638,-1.56129,0.503322,1.70445e-05,0.503305
440.688,-0.788155,-1.55999,0.501882,1.48139e-05,0.501867
440.736,-0.758129,-1.55869,0.500503,1.66819e-05,0.500486
440.784,-0.777649,-1.55739,0.499108,1.5445e-05,0.499093
440.832,-0.795645,-1.55607,0.497663,1.43861e-05,0.497649
440.88,-0.800644,-1.55474,0.496217,1.41061e-05,0.496203
440.928,-0.800644,-1.55341,0.494762,1.41075e-05,0.494748
440.976,-0.819165,-1.55207,0.493317,1.31132e-05,0.493304
441.024,-0.852666,-1.55072,0.491846,1.14882e-05,0.491834
441.072,-0.859681,-1.54936,0.490401,1.11753e-05,0.490389
441.12,-0.865679,-1.54799,0.488907,1.09146e-05,0.488896
441.168,-0.858664,-1.54661,0.487445,1.12226e-05,0.487433
441.216,-0.881676,-1.54523,0.485973,1.02481e-05,0.485963
441.264,-0.906195,-1.54383,0.484492,9.30256e-06,0.484483
441.312,-0.900196,-1.54242,0.483024,9.52675e-06,0.483014
441.36,-0.887183,-1.54101,0.481571,1.00306e-05,0.481561
441.408,-0.89069,-1.53959,0.480159,9.8936e-06,0.480149
441.456,-0.897689,-1.53817,0.478753,9.62474e-06,0.478743
441.504,-0.89918,-1.53674,0.477364,9.56921e-06,0.477355
441.552,-0.904687,-1.5353,0.475968,9.36421e-06,0.475959
441.6,-0.906195,-1.53385,0.474581,9.30959e-06,0.474572
441.648,-0.907687,-1.5324,0.473237,9.25589e-06,0.473227
441.696,-0.916193,-1.53094,0.471907,8.95088e-06,0.471898
441.744,-0.922192,-1.52948,0.470604,8.74214e-06,0.470596
441.792,-0.935697,-1.52801,0.469284,8.28868e-06,0.469276
441.84,-0.932698,-1.52654,0.467983,8.38846e-06,0.467975
441.888,-0.936697,-1.52506,0.466656,8.25784e-06,0.466648
441.936,-0.9227,-1.52357,0.465389,8.7285e-06,0.465381
441.984,-0.941696,-1.52208,0.464096,8.09812e-06,0.464088
442.032,-0.942712,-1.52059,0.462811,8.06657e-06,0.462803
442.08,-0.930206,-1.51908,0.46157,8.47623e-06,0.461561
442.128,-0.958708,-1.51758,0.460338,7.5741e-06,0.460331
442.176,-0.939204,-1.51607,0.45913,8.18196e-06,0.459122
442.224,-0.925699,-1.51456,0.457947,8.63152e-06,0.457938
442.272,-0.957709,-1.51304,0.456716,7.6067e-06,0.456708
442.32,-0.95171,-1.51152,0.455505,7.79009e-06,0.455497
442.368,-0.947203,-1.50999,0.454323,7.93101e-06,0.454315
442.416,-0.984719,-1.50846,0.453176,6.83888e-06,0.453169
442.464,-0.992226,-1.50692,0.45195,6.63974e-06,0.451944
442.512,-1.02173,-1.50537,0.450703,5.90968e-06,0.450697
442.56,-0.993717,-1.50382,0.449499,6.60226e-06,0.449493
442.608,-0.997225,-1.50227,0.448329,6.51213e-06,0.448323
442.656,-1.02224,-1.50071,0.447168,5.8999e-06,0.447162
442.704,-1.04374,-1.49914,0.445964,5.41984e-06,0.445958
442.752,-0.998732,-1.49757,0.444823,6.47573e-06,0.444816
442.8,-1.03123,-1.49599,0.44367,5.6958e-06,0.443664
442.848,-1.04625,-1.49441,0.442509,5.36831e-06,0.442504
442.896,-1.02523,-1.49282,0.441311,5.83385e-06,0.441305
442.944,-1.05824,-1.49122,0.440108,5.12093e-06,0.440103
442.992,-1.07275,-1.48961,0.438905,4.8362e-06,0.438901
443.04,-1.03074,-1.48799,0.43773,5.71032e-06,0.437724
443.088,-1.07175,-1.48638,0.436579,4.85653e-06,0.436574
443.136,-1.05274,-1.48475,0.435491,5.23616e-06,0.435486
443.184,-1.06224,-1.48313,0.434396,5.0437e-06,0.434391
443.232,-1.06926,-1.48149,0.433282,4.90639e-06,0.433277
443.28,-1.04374,-1.47985,0.432199,5.42773e-06,0.432194
443.328,-1.03674,-1.47821,0.431178,5.58064e-06,0.431173
443.376,-1.05274,-1.47656,0.43014,5.2394e-06,0.430135
443.424,-1.06424,-1.47491,0.429097,5.0071e-06,0.429092
443.472,-1.07426,-1.47325,0.428066,4.8134e-06,0.428061
443.52,-1.04625,-1.47159,0.427066,5.37755e-06,0.427061
443.568,-1.07175,-1.46992,0.426048,4.86256e-06,0.426043
443.616,-1.06424,-1.46825,0.425032,5.00961e-06,0.425027
443.664,-1.05375,-1.46657,0.424058,5.22232e-06,0.424053
443.712,-1.01973,-1.46489,0.42314,5.97477e-06,0.423134
443.76,-1.02274,-1.46321,0.422271,5.90472e-06,0.422265
443.808,-0.991718,-1.46153,0.421412,6.67588e-06,0.421405
443.856,-1.00173,-1.45985,0.420553,6.41764e-06,0.420546
443.904,-1.04974,-1.45816,0.419674,5.30922e-06,0.419669
443.952,-1.05025,-1.45647,0.41879,5.29925e-06,0.418784
444,-1.07326,-1.45477,0.417918,4.83918e-06,0.417913
444.048,-1.05675,-1.45306,0.417024,5.16603e-06,0.417019
444.096,-1.08276,-1.45136,0.416148,4.66194e-06,0.416143
444.144,-1.06875,-1.44964,0.415244,4.92806e-06,0.415239
444.192,-1.09176,-1.44792,0.414371,4.50022e-06,0.414366
444.24,-1.07226,-1.4462,0.413493,4.86147e-06,0.413488
444.288,-1.10227,-1.44446,0.412614,4.31831e-06,0.41261
444.336,-1.11077,-1.44273,0.41174,4.17609e-06,0.411736
444.384,-1.11077,-1.44098,0.410865,4.17664e-06,0.410861
444.432,-1.08625,-1.43923,0.41004,4.60225e-06,0.410035
444.48,-1.12226,-1.43748,0.409169,3.99227e-06,0.409165
444.528,-1.12377,-1.43571,0.408313,3.96908e-06,0.408309
444.576,-1.13828,-1.43394,0.407443,3.74843e-06,0.407439
444.624,-1.11426,-1.43217,0.406618,4.12213e-06,0.406614
444.672,-1.09576,-1.43038,0.405825,4.43549e-06,0.40582
444.72,-1.07575,-1.4286,0.405064,4.8012e-06,0.405059
444.768,-1.13028,-1.42681,0.404274,3.87089e-06,0.40427
444.816,-1.10827,-1.42501,0.403498,4.2233e-06,0.403494
444.864,-1.10327,-1.4232,0.402762,4.30815e-06,0.402758
444.912,-1.08126,-1.4214,0.40206,4.70037e-06,0.402055
444.96,-1.08776,-1.41958,0.401344,4.58165e-06,0.401339
445.008,-1.09727,-1.41777,0.400653,4.41331e-06,0.400649
445.056,-1.11027,-1.41594,0.399943,4.1929e-06,0.399938
445.104,-1.08976,-1.41411,0.399302,4.54745e-06,0.399298
445.152,-1.08476,-1.41228,0.398657,4.63883e-06,0.398653
445.2,-1.11227,-1.41044,0.398011,4.16161e-06,0.398007
445.248,-1.12777,-1.4086,0.397381,3.91479e-06,0.397377
445.296,-1.08026,-1.40675,0.39677,4.72416e-06,0.396765
445.344,-1.09676,-1.4049,0.396187,4.42645e-06,0.396182
445.392,-1.07876,-1.40304,0.395568,4.75341e-06,0.395563
445.44,-1.10427,-1.40117,0.39496,4.29826e-06,0.394956
445.488,-1.12877,-1.3993,0.394323,3.90207e-06,0.394319
445.536,-1.08676,-1.39742,0.393729,4.60744e-06,0.393724
445.584,-1.06775,-1.39553,0.393133,4.96769e-06,0.393128
445.632,-1.11127,-1.39363,0.392538,4.18335e-06,0.392534
445.68,-1.10677,-1.39173,0.391922,4.25888e-06,0.391918
445.728,-1.13277,-1.38981,0.391277,3.84361e-06,0.391273
445.776,-1.10476,-1.38789,0.390688,4.29418e-06,0.390684
445.824,-1.10577,-1.38596,0.390115,4.27758e-06,0.390111
445.872,-1.13379,-1.38402,0.389508,3.82986e-06,0.389504
445.92,-1.13578,-1.38207,0.388862,3.80027e-06,0.388858
445.968,-1.1803,-1.3801,0.388175,3.18764e-06,0.388172
446.016,-1.23181,-1.37811,0.387379,2.60083e-06,0.387377
446.064,-1.26082,-1.37609,0.38652,2.31944e-06,0.386517
446.112,-1.29934,-1.37405,0.385592,1.99222e-06,0.38559
446.16,-1.31735,-1.37199,0.384631,1.8556e-06,0.384629
446.208,-1.34285,-1.3699,0.383642,1.67794e-06,0.38364
446.256,-1.34585,-1.36779,0.382629,1.65843e-06,0.382628
446.304,-1.38186,-1.36565,0.381605,1.43866e-06,0.381604
446.352,-1.33435,-1.36349,0.380631,1.73615e-06,0.380629
446.4,-1.32735,-1.3613,0.379677,1.78513e-06,0.379675
446.448,-1.33935,-1.35909,0.378737,1.70274e-06,0.378735
446.496,-1.33386,-1.35685,0.377833,1.74039e-06,0.377831
446.544,-1.31384,-1.35459,0.37695,1.88395e-06,0.376948
446.592,-1.30334,-1.35231,0.376075,1.96416e-06,0.376073
446.64,-1.30885,-1.35,0.375238,1.9222e-06,0.375236
446.688,-1.27733,-1.34767,0.37443,2.17758e-06,0.374428
446.736,-1.25933,-1.34533,0.373707,2.33851e-06,0.373705
446.784,-1.25982,-1.34295,0.372973,2.33438e-06,0.37297
446.832,-1.28683,-1.34056,0.372278,2.09839e-06,0.372276
446.88,-1.28834,-1.33814,0.371562,2.0863e-06,0.37156
446.928,-1.26982,-1.3357,0.370889,2.24515e-06,0.370887
446.976,-1.26582,-1.33324,0.370252,2.28134e-06,0.370249
447.024,-1.25432,-1.33075,0.369627,2.38792e-06,0.369625
447.072,-1.23281,-1.32824,0.369035,2.60023e-06,0.369032
447.12,-1.25183,-1.32571,0.368472,2.41245e-06,0.368469
447.168,-1.27384,-1.32315,0.367908,2.21187e-06,0.367906
447.216,-1.27633,-1.32056,0.367314,2.19061e-06,0.367312
447.264,-1.27333,-1.31795,0.366701,2.21717e-06,0.366699
447.312,-1.28983,-1.3153,0.366098,2.07756e-06,0.366096
447.36,-1.25332,-1.31263,0.365539,2.4006e-06,0.365537
447.408,-1.26933,-1.30994,0.365038,2.25383e-06,0.365036
447.456,-1.24932,-1.30721,0.364533,2.43983e-06,0.364531
447.504,-1.29634,-1.30445,0.363974,2.02645e-06,0.363972
447.552,-1.26033,-1.30166,0.363431,2.33687e-06,0.363428
447.6,-1.25532,-1.29883,0.362923,2.38415e-06,0.362921
447.648,-1.26833,-1.29598,0.362433,2.2651e-06,0.362431
447.696,-1.33086,-1.29308,0.361875,1.76951e-06,0.361873
447.744,-1.30083,-1.29014,0.3613,1.99291e-06,0.361298
447.792,-1.33186,-1.28716,0.360687,1.76331e-06,0.360685
447.84,-1.36937,-1.28413,0.360013,1.52065e-06,0.360011
447.888,-1.42989,-1.28105,0.359243,1.19746e-06,0.359242
447.936,-1.42589,-1.27791,0.358419,1.21682e-06,0.358418
447.984,-1.47891,-1.27471,0.357558,9.87002e-07,0.357557
448.032,-1.44239,-1.27145,0.356728,1.14052e-06,0.356727
448.08,-1.46089,-1.26814,0.35591,1.06035e-06,0.355909
448.128,-1.41689,-1.26477,0.35513,1.2621e-06,0.355129
448.176,-1.42438,-1.26133,0.354367,1.2256e-06,0.354366
448.224,-1.41738,-1.25784,0.353614,1.2603e-06,0.353613
448.272,-1.41138,-1.25427,0.352864,1.29087e-06,0.352863
448.32,-1.42389,-1.25064,0.352159,1.22895e-06,0.352157
448.368,-1.41838,-1.24694,0.351464,1.25634e-06,0.351462
448.416,-1.43439,-1.24317,0.350795,1.17962e-06,0.350794
448.464,-1.41838,-1.23933,0.350162,1.25704e-06,0.35016
448.512,-1.41538,-1.23542,0.349559,1.2724e-06,0.349558
448.56,-1.36487,-1.23142,0.348955,1.55402e-06,0.348954
448.608,-1.40487,-1.22734,0.348379,1.32714e-06,0.348378
448.656,-1.38788,-1.22318,0.347798,1.41979e-06,0.347797
448.704,-1.40088,-1.21893,0.347259,1.34912e-06,0.347257
448.752,-1.37786,-1.21459,0.346748,1.47804e-06,0.346746
448.8,-1.36587,-1.21015,0.346278,1.55032e-06,0.346276
448.848,-1.38388,-1.20561,0.345756,1.44427e-06,0.345755
448.896,-1.40287,-1.20097,0.345272,1.34027e-06,0.345271
448.944,-1.36836,-1.19621,0.344768,1.53671e-06,0.344766
448.992,-1.38937,-1.19135,0.344312,1.41475e-06,0.344311
449.04,-1.36687,-1.18636,0.343902,1.54691e-06,0.3439
449.088,-1.38337,-1.18124,0.343477,1.44977e-06,0.343476
449.136,-1.35636,-1.17599,0.343068,1.61373e-06,0.343067
449.184,-1.36736,-1.17061,0.342683,1.5457e-06,0.342681
449.232,-1.33835,-1.16507,0.342309,1.73419e-06,0.342308
449.28,-1.37786,-1.15938,0.341969,1.48405e-06,0.341968
449.328,-1.40538,-1.15352,0.341571,1.33168e-06,0.34157
449.376,-1.38337,-1.14748,0.341209,1.45336e-06,0.341207
449.424,-1.34336,-1.14126,0.340919,1.70312e-06,0.340917
449.472,-1.35887,-1.13485,0.34062,1.60263e-06,0.340618
449.52,-1.33535,-1.12823,0.340363,1.7596e-06,0.340361
449.568,-1.36387,-1.12139,0.340111,1.57282e-06,0.34011
449.616,-1.31534,-1.11431,0.339902,1.90637e-06,0.339901
449.664,-1.35136,-1.10698,0.339707,1.65425e-06,0.339705
449.712,-1.30134,-1.09939,0.33961,2.01699e-06,0.339608
449.76,-1.31085,-1.09152,0.339508,1.94373e-06,0.339506
449.808,-1.33286,-1.08334,0.339405,1.78284e-06,0.339404
449.856,-1.39637,-1.07481,0.339157,1.38792e-06,0.339156
449.904,-1.40687,-1.06591,0.338894,1.33233e-06,0.338893
449.952,-1.42989,-1.0566,0.338553,1.21733e-06,0.338552
450,-1.44839,-1.04686,0.338166,1.13227e-06,0.338165
450.048,-1.4734,-1.03663,0.337783,1.02646e-06,0.337782
450.096,-1.4594,-1.02589,0.337419,1.08569e-06,0.337418
450.144,-1.4579,-1.01458,0.337074,1.09307e-06,0.337073
450.192,-1.48191,-1.00265,0.33672,9.94961e-07,0.336719
450.24,-1.51542,-0.990023,0.336333,8.72306e-07,0.336332
450.288,-1.51092,-0.97663,0.335954,8.88841e-07,0.335953
450.336,-1.51192,-0.962395,0.335643,8.86241e-07,0.335642
450.384,-1.49992,-0.947214,0.335351,9.3029e-07,0.33535
450.432,-1.52042,-0.930979,0.335123,8.58873e-07,0.335122
450.48,-1.4774,-0.913548,0.334909,1.01934e-06,0.334908
450.528,-1.50741,-0.894759,0.334712,9.06546e-07,0.334711
450.576,-1.4959,-0.874418,0.334565,9.50098e-07,0.334564
450.624,-1.48441,-0.852293,0.334488,9.958e-07,0.334487
450.672,-1.49341,-0.828099,0.334512,9.62656e-07,0.334511
450.72,-1.48191,-0.801458,0.334515,1.00934e-06,0.334514
450.768,-1.48441,-0.771923,0.334653,1.00147e-06,0.334652
450.816,-1.4449,-0.738905,0.334946,1.17347e-06,0.334945
450.864,-1.4654,-0.701619,0.335319,1.08495e-06,0.335318
450.912,-1.48991,-0.658996,0.335775,9.87723e-07,0.335774
450.96,-1.49141,-0.609556,0.336401,9.85214e-07,0.3364
451.008,-1.4554,-0.551146,0.337259,1.14046e-06,0.337258
451.056,-1.43888,-0.480491,0.338432,1.22328e-06,0.338431
451.104,-1.40838,-0.392263,0.340053,1.38821e-06,0.340051
451.152,-1.43339,-0.277059,0.342279,1.26718e-06,0.342278
451.2,-1.41938,-0.116295,0.345473,1.35336e-06,0.345472
451.248,-1.41289,0.132754,0.350519,1.41033e-06,0.350518
451.296,-1.38637,0.585559,0.359756,1.60893e-06,0.359754
451.344,-1.39637,1.43841,0.37814,1.627e-06,0.378138
451.392,-1.37136,1.65262,0.388824,1.84838e-06,0.388823
451.44,-1.38537,0.0914271,0.357918,1.61107e-06,0.357917
451.488,-1.38137,-0.916586,0.326324,1.49339e-06,0.326323
451.536,-1.38037,-0.937752,0.324791,1.49327e-06,0.324789
451.584,-1.37837,-0.922016,0.324892,1.50675e-06,0.324891
451.632,-1.35485,-0.904457,0.325122,1.6556e-06,0.325121
451.68,-1.34936,-0.885514,0.325387,1.69421e-06,0.325385
451.728,-1.33586,-0.865,0.325722,1.78971e-06,0.32572
451.776,-1.33186,-0.842674,0.326104,1.82111e-06,0.326102
451.824,-1.34385,-0.818234,0.326544,1.73977e-06,0.326543
451.872,-1.34186,-0.791307,0.327046,1.75691e-06,0.327044
451.92,-1.35136,-0.76141,0.327578,1.69569e-06,0.327577
451.968,-1.32886,-0.72794,0.328273,1.85777e-06,0.328272
452.016,-1.35936,-0.690066,0.328985,1.65114e-06,0.328984
452.064,-1.39437,-0.64667,0.329766,1.44211e-06,0.329765
452.112,-1.40838,-0.596181,0.330644,1.36917e-06,0.330643
452.16,-1.42638,-0.536303,0.331674,1.28041e-06,0.331672
452.208,-1.51842,-0.463501,0.332892,8.94331e-07,0.332892
452.256,-1.50392,-0.371968,0.33448,9.52933e-07,0.334479
452.304,-1.55594,-0.251299,0.336577,7.82033e-07,0.336576
452.352,-1.54443,-0.0805056,0.339701,8.27474e-07,0.339701
452.4,-1.52042,0.189976,0.344884,9.25269e-07,0.344883
452.448,-1.55243,0.695152,0.35471,8.39971e-07,0.354709
452.496,-1.56094,1.57549,0.373642,8.57058e-07,0.373641
452.544,-1.57244,1.5113,0.378097,8.30194e-07,0.378096
452.592,-1.54943,-0.231576,0.341812,8.23417e-07,0.341811
452.64,-1.54093,-0.93085,0.31782,7.93119e-07,0.317819
452.688,-1.51842,-0.935059,0.316824,8.65466e-07,0.316823
452.736,-1.51342,-0.919373,0.316715,8.83706e-07,0.316714
452.784,-1.52293,-0.902168,0.316666,8.52165e-07,0.316665
452.832,-1.49441,-0.883601,0.31668,9.55104e-07,0.316679
452.88,-1.4704,-0.863493,0.316797,1.05169e-06,0.316796
452.928,-1.48091,-0.841605,0.316975,1.01048e-06,0.316974
452.976,-1.48791,-0.817646,0.317218,9.84581e-07,0.317217
453.024,-1.47391,-0.791255,0.317538,1.04252e-06,0.317537
453.072,-1.43188,-0.761969,0.317935,1.23343e-06,0.317934
453.12,-1.42489,-0.729213,0.318505,1.27094e-06,0.318504
453.168,-1.44539,-0.692186,0.319121,1.17504e-06,0.31912
453.216,-1.43839,-0.649832,0.319873,1.21155e-06,0.319871
453.264,-1.37986,-0.600672,0.320824,1.53207e-06,0.320822
453.312,-1.39937,-0.542562,0.322013,1.42407e-06,0.322012
453.36,-1.37237,-0.4722,0.323417,1.592e-06,0.323415
453.408,-1.41138,-0.384257,0.325209,1.37262e-06,0.325208
453.456,-1.34186,-0.269331,0.327643,1.82052e-06,0.327641
453.504,-1.39237,-0.108854,0.331005,1.5066e-06,0.331003
453.552,-1.37786,0.139837,0.336115,1.62051e-06,0.336113
453.6,-1.38988,0.591349,0.345161,1.58743e-06,0.34516
453.648,-1.41138,1.43548,0.362832,1.53322e-06,0.362831
453.696,-1.39288,1.64249,0.373055,1.69659e-06,0.373054
453.744,-1.37286,0.0887969,0.343703,1.69218e-06,0.343702
453.792,-1.37737,-0.914393,0.313699,1.51745e-06,0.313698
453.84,-1.36687,-0.936902,0.312357,1.57527e-06,0.312356
453.888,-1.41138,-0.922491,0.312604,1.32243e-06,0.312603
453.936,-1.37087,-0.906372,0.312904,1.55388e-06,0.312903
453.984,-1.36336,-0.889027,0.313273,1.60265e-06,0.313271
454.032,-1.37386,-0.870298,0.313679,1.53952e-06,0.313678
454.08,-1.34285,-0.849976,0.314114,1.74277e-06,0.314112
454.128,-1.37537,-0.827818,0.314569,1.53499e-06,0.314567
454.176,-1.40587,-0.803511,0.315036,1.363e-06,0.315035
454.224,-1.40438,-0.776669,0.31553,1.37366e-06,0.315528
454.272,-1.37036,-0.746815,0.316157,1.57468e-06,0.316156
454.32,-1.37186,-0.713316,0.316882,1.569e-06,0.316881
454.368,-1.38637,-0.675325,0.317671,1.48551e-06,0.31767
454.416,-1.32986,-0.631701,0.318646,1.86291e-06,0.318644
454.464,-1.33786,-0.580844,0.319854,1.81127e-06,0.319852
454.512,-1.32135,-0.520368,0.321249,1.94137e-06,0.321247
454.56,-1.33935,-0.446603,0.322897,1.81715e-06,0.322896
454.608,-1.32535,-0.353486,0.324988,1.93251e-06,0.324986
454.656,-1.37686,-0.23005,0.327596,1.58938e-06,0.327595
454.704,-1.35887,-0.0539587,0.3313,1.72596e-06,0.331299
454.752,-1.42438,0.228155,0.337042,1.3557e-06,0.337041
454.8,-1.46991,0.760271,0.347518,1.16841e-06,0.347516
454.848,-1.4584,1.62731,0.366565,1.29069e-06,0.366564
454.896,-1.51392,1.41276,0.367961,1.04146e-06,0.36796
454.944,-1.50392,-0.373914,0.330565,9.74403e-07,0.330564
454.992,-1.55994,-0.932271,0.310922,7.3537e-07,0.310922
455.04,-1.53993,-0.932628,0.310242,7.95097e-07,0.310242
455.088,-1.52793,-0.918345,0.310198,8.34546e-07,0.310198
455.136,-1.54243,-0.902767,0.310185,7.88924e-07,0.310184
455.184,-1.56143,-0.885988,0.310151,7.32738e-07,0.310151
455.232,-1.56194,-0.867855,0.310159,7.32212e-07,0.310159
455.28,-1.56745,-0.848169,0.310182,7.17449e-07,0.310182
455.328,-1.54193,-0.826694,0.310252,7.94796e-07,0.310251
455.376,-1.54643,-0.803145,0.310407,7.82063e-07,0.310406
455.424,-1.49441,-0.77716,0.310684,9.62348e-07,0.310683
455.472,-1.53593,-0.74828,0.311007,8.18374e-07,0.311006
455.52,-1.51692,-0.715899,0.311399,8.84241e-07,0.311398
455.568,-1.4919,-0.679236,0.31191,9.78615e-07,0.311909
455.616,-1.47291,-0.637226,0.312559,1.05799e-06,0.312558
455.664,-1.49541,-0.588375,0.313353,9.71224e-07,0.313352
455.712,-1.49841,-0.530509,0.314331,9.63589e-07,0.31433
455.76,-1.45039,-0.460325,0.315667,1.17055e-06,0.315666
455.808,-1.4469,-0.372436,0.317351,1.19384e-06,0.31735
455.856,-1.4509,-0.257329,0.31963,1.18409e-06,0.319629
455.904,-1.4459,-0.0961938,0.322828,1.22036e-06,0.322826
455.952,-1.47191,0.154173,0.327787,1.11849e-06,0.327786
456,-1.43588,0.60912,0.336664,1.32499e-06,0.336662
456.048,-1.41389,1.44631,0.353866,1.5195e-06,0.353864
456.096,-1.38888,1.61729,0.363194,1.72148e-06,0.363192
456.144,-1.40538,0.0511609,0.334222,1.48414e-06,0.33422
456.192,-1.38988,-0.913283,0.3059,1.44418e-06,0.305899
456.24,-1.40738,-0.935047,0.304705,1.34237e-06,0.304703
456.288,-1.35685,-0.922112,0.305052,1.64056e-06,0.305051
456.336,-1.38286,-0.907645,0.305443,1.48181e-06,0.305442
456.384,-1.38186,-0.892115,0.305874,1.48933e-06,0.305873
456.432,-1.36636,-0.8754,0.306366,1.58534e-06,0.306365
456.48,-1.33386,-0.857335,0.306897,1.80496e-06,0.306895
456.528,-1.33035,-0.837729,0.307481,1.83271e-06,0.307479
456.576,-1.31935,-0.816341,0.308115,1.91702e-06,0.308113
456.624,-1.32084,-0.792878,0.308789,1.90892e-06,0.308787
456.672,-1.33386,-0.766975,0.309519,1.81653e-06,0.309517
456.72,-1.33786,-0.738161,0.310277,1.79166e-06,0.310275
456.768,-1.31034,-0.70584,0.311155,2.00204e-06,0.311153
456.816,-1.32684,-0.669214,0.312073,1.8804e-06,0.312071
456.864,-1.35585,-0.627204,0.313125,1.68159e-06,0.313123
456.912,-1.35936,-0.578288,0.314258,1.66403e-06,0.314256
456.96,-1.37886,-0.52026,0.315557,1.54671e-06,0.315556
457.008,-1.37537,-0.449749,0.317119,1.57571e-06,0.317117
457.056,-1.33335,-0.36128,0.319183,1.87148e-06,0.319181
457.104,-1.35485,-0.245099,0.321738,1.73222e-06,0.321736
457.152,-1.33935,-0.081866,0.325256,1.8612e-06,0.325254
457.2,-1.34985,0.173023,0.330571,1.8141e-06,0.330569
457.248,-1.36036,0.63819,0.339906,1.78901e-06,0.339904
457.296,-1.36687,1.47463,0.357512,1.83364e-06,0.35751
457.344,-1.37886,1.57874,0.3656,1.78797e-06,0.365598
457.392,-1.30834,-0.0260969,0.335286,2.16631e-06,0.335284
457.44,-1.32835,-0.914752,0.308516,1.84101e-06,0.308514
457.488,-1.32284,-0.932923,0.307598,1.87523e-06,0.307596
457.536,-1.33586,-0.920925,0.307966,1.78268e-06,0.307964
457.584,-1.34736,-0.90755,0.308353,1.70506e-06,0.308352
457.632,-1.37186,-0.893214,0.30876,1.54926e-06,0.308758
457.68,-1.37087,-0.877799,0.309135,1.5571e-06,0.309134
457.728,-1.40088,-0.861162,0.309477,1.38458e-06,0.309476
457.776,-1.43039,-0.843127,0.309765,1.2337e-06,0.309763
457.824,-1.48891,-0.823486,0.310008,9.8034e-07,0.310007
457.872,-1.50692,-0.801983,0.310223,9.14363e-07,0.310222
457.92,-1.50592,-0.778311,0.310467,9.19516e-07,0.310467
457.968,-1.52142,-0.75208,0.310725,8.66455e-07,0.310725
458.016,-1.50592,-0.722797,0.311066,9.23106e-07,0.311065
458.064,-1.52042,-0.689822,0.311502,8.73682e-07,0.311501
458.112,-1.4774,-0.652304,0.312089,1.03833e-06,0.312088
458.16,-1.48991,-0.609073,0.312803,9.91216e-07,0.312802
458.208,-1.4724,-0.558475,0.313676,1.06592e-06,0.313675
458.256,-1.53693,-0.498069,0.314692,8.29382e-07,0.314691
458.304,-1.48941,-0.424074,0.316013,1.00574e-06,0.316012
458.352,-1.48941,-0.330233,0.317765,1.01206e-06,0.317764
458.4,-1.47791,-0.205155,0.320177,1.06788e-06,0.320176
458.448,-1.4929,-0.0254938,0.323662,1.01807e-06,0.323661
458.496,-1.49692,0.264766,0.329251,1.02013e-06,0.32925
458.544,-1.4754,0.813213,0.33982,1.14704e-06,0.339819
458.592,-1.44839,1.64702,0.358129,1.34577e-06,0.358128
458.64,-1.48291,1.32491,0.357316,1.17199e-06,0.357315
458.688,-1.4664,-0.459851,0.320131,1.12143e-06,0.32013
458.736,-1.44739,-0.929172,0.303755,1.14742e-06,0.303754
458.784,-1.4684,-0.929219,0.303413,1.05515e-06,0.303412
458.832,-1.4634,-0.917428,0.303558,1.07709e-06,0.303557
458.88,-1.43488,-0.90462,0.30377,1.20671e-06,0.303769
458.928,-1.44088,-0.890892,0.303976,1.17959e-06,0.303975
458.976,-1.42589,-0.87614,0.304249,1.25294e-06,0.304248
459.024,-1.43388,-0.860234,0.304549,1.21532e-06,0.304548
459.072,-1.40838,-0.843019,0.304921,1.34586e-06,0.30492
459.12,-1.42489,-0.82431,0.305344,1.26254e-06,0.305342
459.168,-1.43239,-0.803876,0.305782,1.2274e-06,0.305781
459.216,-1.37437,-0.781438,0.306298,1.5462e-06,0.306296
459.264,-1.39738,-0.756651,0.306855,1.41424e-06,0.306854
459.312,-1.40338,-0.729082,0.307531,1.38378e-06,0.30753
459.36,-1.36636,-0.698162,0.30828,1.60531e-06,0.308279
459.408,-1.37737,-0.663146,0.309106,1.54068e-06,0.309105
459.456,-1.36036,-0.62304,0.310086,1.65242e-06,0.310084
459.504,-1.32986,-0.576456,0.311244,1.87013e-06,0.311242
459.552,-1.35236,-0.521388,0.312578,1.71744e-06,0.312576
459.6,-1.33786,-0.454809,0.314165,1.82701e-06,0.314163
459.648,-1.34985,-0.371874,0.316114,1.75213e-06,0.316113
459.696,-1.31034,-0.264188,0.318613,2.06297e-06,0.318611
459.744,-1.30485,-0.115624,0.321975,2.12864e-06,0.321973
459.792,-1.30285,0.10948,0.326832,2.17613e-06,0.32683
459.84,-1.28883,0.502967,0.334901,2.35509e-06,0.334898
459.888,-1.33186,1.25134,0.350201,2.07626e-06,0.350199
459.936,-1.30634,1.70135,0.364429,2.38823e-06,0.364426
459.984,-1.34536,0.476504,0.343926,1.93051e-06,0.343924
460.032,-1.29783,-0.861715,0.308971,2.09146e-06,0.308968
460.08,-1.28283,-0.931492,0.306047,2.1969e-06,0.306044
460.128,-1.31835,-0.922425,0.306404,1.91022e-06,0.306402
460.176,-1.32035,-0.911229,0.306818,1.8967e-06,0.306816
460.224,-1.30083,-0.899257,0.307296,2.05058e-06,0.307294
460.272,-1.33086,-0.886449,0.307773,1.82278e-06,0.307772
460.32,-1.30734,-0.872698,0.308238,2.0023e-06,0.308236
460.368,-1.33186,-0.857893,0.30872,1.81928e-06,0.308718
460.416,-1.31984,-0.841894,0.309233,1.90992e-06,0.309231
460.464,-1.32335,-0.824542,0.309803,1.88595e-06,0.309801
460.512,-1.30485,-0.805634,0.310387,2.03176e-06,0.310385
460.56,-1.32284,-0.784928,0.311002,1.89503e-06,0.311
460.608,-1.31484,-0.762129,0.311668,1.95904e-06,0.311666
460.656,-1.30334,-0.736868,0.312418,2.05382e-06,0.312416
460.704,-1.31185,-0.708672,0.313232,1.98985e-06,0.31323
460.752,-1.29683,-0.676927,0.314122,2.11617e-06,0.31412
460.8,-1.28633,-0.640826,0.315131,2.21143e-06,0.315129
460.848,-1.26833,-0.599275,0.316319,2.38128e-06,0.316317
460.896,-1.26482,-0.550733,0.317669,2.42259e-06,0.317666
460.944,-1.25532,-0.492935,0.319211,2.52528e-06,0.319208
460.992,-1.26233,-0.422427,0.321026,2.46797e-06,0.321023
461.04,-1.28383,-0.333544,0.323207,2.28039e-06,0.323205
461.088,-1.30334,-0.216195,0.32593,2.12757e-06,0.325928
461.136,-1.35036,-0.0502572,0.329529,1.78569e-06,0.329528
461.184,-1.38237,0.210775,0.334938,1.59921e-06,0.334937
461.232,-1.43588,0.688145,0.344412,1.33146e-06,0.344411
461.28,-1.44639,1.50372,0.36174,1.34253e-06,0.361738
461.328,-1.49441,1.50424,0.36731,1.1283e-06,0.367309
461.376,-1.4714,-0.131876,0.335077,1.12819e-06,0.335076
461.424,-1.50141,-0.910994,0.310345,9.28906e-07,0.310344
461.472,-1.51592,-0.926695,0.309198,8.74686e-07,0.309197
461.52,-1.49892,-0.917407,0.309116,9.36055e-07,0.309115
461.568,-1.50092,-0.907023,0.309063,9.29376e-07,0.309062
461.616,-1.49892,-0.895919,0.309023,9.37493e-07,0.309022
461.664,-1.52493,-0.88402,0.308968,8.46622e-07,0.308967
461.712,-1.52242,-0.871235,0.308925,8.55834e-07,0.308924
461.76,-1.4744,-0.857466,0.30896,1.03573e-06,0.308959
461.808,-1.50092,-0.842593,0.309045,9.33651e-07,0.309044
461.856,-1.46691,-0.826469,0.309213,1.0692e-06,0.309212
461.904,-1.4949,-0.808912,0.309371,9.58398e-07,0.30937
461.952,-1.4574,-0.789716,0.309614,1.11302e-06,0.309613
462,-1.4929,-0.76862,0.309899,9.68752e-07,0.309898
462.048,-1.4959,-0.745303,0.310229,9.58906e-07,0.310228
462.096,-1.46791,-0.719353,0.310611,1.07304e-06,0.31061
462.144,-1.4459,-0.69026,0.311097,1.17296e-06,0.311096
462.192,-1.46791,-0.657357,0.311707,1.07769e-06,0.311706
462.24,-1.42038,-0.619731,0.312408,1.30381e-06,0.312406
462.288,-1.43088,-0.576153,0.313285,1.25454e-06,0.313283
462.336,-1.41538,-0.524855,0.31433,1.33852e-06,0.314329
462.384,-1.42839,-0.46322,0.315583,1.27675e-06,0.315582
462.432,-1.37286,-0.387154,0.317228,1.59826e-06,0.317227
462.48,-1.37186,-0.289778,0.319364,1.615e-06,0.319363
462.528,-1.36187,-0.158365,0.322217,1.69458e-06,0.322215
462.576,-1.37087,0.0337148,0.326244,1.65547e-06,0.326242
462.624,-1.37136,0.351368,0.332724,1.68465e-06,0.332722
462.672,-1.37786,0.954608,0.344782,1.70095e-06,0.344781
462.72,-1.36387,1.69118,0.362607,1.88984e-06,0.362605
462.768,-1.32484,1.07344,0.355581,2.16115e-06,0.355579
462.816,-1.32084,-0.652143,0.316978,1.95601e-06,0.316976
462.864,-1.31384,-0.925196,0.306773,1.94504e-06,0.306771
462.912,-1.28233,-0.922782,0.306906,2.20253e-06,0.306904
462.96,-1.30234,-0.91394,0.30732,2.03631e-06,0.307318
463.008,-1.29783,-0.90442,0.307717,2.07432e-06,0.307715
463.056,-1.30885,-0.894276,0.308142,1.9874e-06,0.30814
463.104,-1.28983,-0.883447,0.308604,2.14415e-06,0.308602
463.152,-1.31835,-0.871852,0.30903,1.91718e-06,0.309028
463.2,-1.30485,-0.859405,0.309497,2.02409e-06,0.309495
463.248,-1.34186,-0.846,0.309932,1.75032e-06,0.30993
463.296,-1.31434,-0.831515,0.310391,1.95344e-06,0.310389
463.344,-1.35285,-0.81581,0.310858,1.67947e-06,0.310857
463.392,-1.32935,-0.798709,0.311336,1.84518e-06,0.311334
463.44,-1.30934,-0.780021,0.311944,1.99969e-06,0.311942
463.488,-1.32735,-0.75948,0.312511,1.86497e-06,0.312509
463.536,-1.31684,-0.736776,0.313124,1.94715e-06,0.313122
463.584,-1.35736,-0.711519,0.313772,1.66196e-06,0.313771
463.632,-1.32535,-0.68321,0.314504,1.88984e-06,0.314502
463.68,-1.32584,-0.651207,0.315345,1.89037e-06,0.315343
463.728,-1.32684,-0.614645,0.316283,1.88769e-06,0.316281
463.776,-1.30034,-0.572345,0.317355,2.10227e-06,0.317353
463.824,-1.31735,-0.522635,0.318586,1.97227e-06,0.318584
463.872,-1.30385,-0.463055,0.320028,2.08885e-06,0.320026
463.92,-1.30385,-0.389782,0.321771,2.09919e-06,0.321769
463.968,-1.34436,-0.296463,0.323914,1.79971e-06,0.323913
464.016,-1.27884,-0.171556,0.326747,2.35088e-06,0.326745
464.064,-1.24932,0.00852528,0.330744,2.67234e-06,0.330741
464.112,-1.24432,0.299761,0.337051,2.77494e-06,0.337049
464.16,-1.26733,0.843081,0.34829,2.616e-06,0.348288
464.208,-1.27033,1.62136,0.366517,2.71816e-06,0.366515
464.256,-1.30285,1.26464,0.36505,2.37904e-06,0.365047
464.304,-1.23381,-0.47338,0.328104,2.80635e-06,0.328101
464.352,-1.26633,-0.917233,0.312601,2.34905e-06,0.312599
464.4,-1.24783,-0.921175,0.312539,2.52466e-06,0.312536
464.448,-1.25432,-0.913762,0.312993,2.46199e-06,0.312991
464.496,-1.24481,-0.905684,0.313466,2.55772e-06,0.313464
464.544,-1.23681,-0.897098,0.313932,2.64149e-06,0.31393
464.592,-1.25232,-0.887958,0.314411,2.4861e-06,0.314408
464.64,-1.29434,-0.878203,0.314841,2.10712e-06,0.314839
464.688,-1.26233,-0.867773,0.31533,2.39307e-06,0.315327
464.736,-1.26533,-0.856592,0.3158,2.36675e-06,0.315798
464.784,-1.25083,-0.844574,0.316305,2.50854e-06,0.316302
464.832,-1.27384,-0.831617,0.316797,2.29257e-06,0.316795
464.88,-1.30134,-0.817598,0.317283,2.05848e-06,0.317281
464.928,-1.27333,-0.802382,0.317811,2.30194e-06,0.317809
464.976,-1.28483,-0.785803,0.318378,2.20218e-06,0.318376
465.024,-1.28433,-0.767661,0.318994,2.20943e-06,0.318992
465.072,-1.32684,-0.747703,0.31959,1.87031e-06,0.319588
465.12,-1.33535,-0.725612,0.320127,1.81128e-06,0.320125
465.168,-1.41689,-0.700999,0.320618,1.31453e-06,0.320617
465.216,-1.42989,-0.673362,0.321041,1.25112e-06,0.32104
465.264,-1.49441,-0.642056,0.321421,9.7159e-07,0.321421
465.312,-1.51991,-0.606225,0.321811,8.80613e-07,0.32181
465.36,-1.52442,-0.564716,0.322312,8.67541e-07,0.322312
465.408,-1.55294,-0.515874,0.322888,7.77661e-07,0.322887
465.456,-1.52542,-0.457311,0.323767,8.70472e-07,0.323767
465.504,-1.52442,-0.385284,0.324913,8.78169e-07,0.324912
465.552,-1.53242,-0.293624,0.326487,8.56049e-07,0.326486
465.6,-1.53493,-0.171167,0.328676,8.54429e-07,0.328675
465.648,-1.51142,0.00469724,0.332017,9.48202e-07,0.332016
465.696,-1.48291,0.287026,0.337483,1.07997e-06,0.337482
465.744,-1.48691,0.808949,0.347693,1.09626e-06,0.347692
465.792,-1.4579,1.58512,0.365026,1.29167e-06,0.365024
465.84,-1.46589,1.31679,0.364793,1.2517e-06,0.364792
465.888,-1.43688,-0.393952,0.328808,1.26617e-06,0.328807
465.936,-1.43139,-0.911308,0.310892,1.22415e-06,0.310891
465.984,-1.42839,-0.918921,0.310274,1.23691e-06,0.310273
466.032,-1.40387,-0.912456,0.310285,1.36338e-06,0.310283
466.08,-1.39688,-0.905317,0.310334,1.40234e-06,0.310332
466.128,-1.37786,-0.897733,0.310497,1.51259e-06,0.310495
466.176,-1.39537,-0.889665,0.310681,1.4123e-06,0.31068
466.224,-1.38037,-0.881059,0.310856,1.49946e-06,0.310854
466.272,-1.38086,-0.871862,0.311032,1.49753e-06,0.311031
466.32,-1.41038,-0.862015,0.311205,1.33356e-06,0.311204
466.368,-1.38688,-0.851447,0.311426,1.46447e-06,0.311425
466.416,-1.37186,-0.84008,0.311674,1.55526e-06,0.311672
466.464,-1.36636,-0.82782,0.311947,1.59087e-06,0.311945
466.512,-1.38788,-0.814557,0.312248,1.46252e-06,0.312247
466.56,-1.39337,-0.800154,0.312526,1.43259e-06,0.312525
466.608,-1.37737,-0.784464,0.312874,1.52778e-06,0.312873
466.656,-1.35136,-0.767306,0.313292,1.69525e-06,0.31329
466.704,-1.38788,-0.748448,0.313693,1.46936e-06,0.313691
466.752,-1.32184,-0.727619,0.314199,1.91035e-06,0.314197
466.8,-1.36287,-0.704483,0.31477,1.62704e-06,0.314768
466.848,-1.39237,-0.678596,0.315363,1.45059e-06,0.315362
466.896,-1.34135,-0.649406,0.316061,1.7783e-06,0.316059
466.944,-1.33835,-0.616184,0.316855,1.80365e-06,0.316854
466.992,-1.34585,-0.577947,0.317755,1.75555e-06,0.317753
467.04,-1.33135,-0.533336,0.318845,1.86484e-06,0.318843
467.088,-1.31034,-0.480384,0.320102,2.03365e-06,0.3201
467.136,-1.30934,-0.416151,0.321641,2.05059e-06,0.321639
467.184,-1.32435,-0.335917,0.323456,1.94287e-06,0.323454
467.232,-1.26882,-0.231602,0.325843,2.4364e-06,0.32584
467.28,-1.25732,-0.0878749,0.329113,2.5736e-06,0.329111
467.328,-1.27784,0.128462,0.333885,2.40564e-06,0.333882
467.376,-1.28583,0.499739,0.341685,2.38355e-06,0.341683
467.424,-1.26082,1.1864,0.356105,2.74016e-06,0.356102
467.472,-1.24032,1.65872,0.370462,3.08868e-06,0.370459
467.52,-1.24081,0.58668,0.352929,2.93393e-06,0.352926
467.568,-1.23981,-0.815123,0.316982,2.64301e-06,0.316979
467.616,-1.22931,-0.917133,0.312949,2.71762e-06,0.312946
467.664,-1.23332,-0.913991,0.313245,2.67504e-06,0.313242
467.712,-1.23181,-0.90842,0.313681,2.6921e-06,0.313679
467.76,-1.23581,-0.902487,0.31411,2.65101e-06,0.314107
467.808,-1.25432,-0.896209,0.314553,2.46515e-06,0.314551
467.856,-1.2168,-0.889555,0.315024,2.86053e-06,0.315021
467.904,-1.24632,-0.882495,0.315507,2.54682e-06,0.315505
467.952,-1.23181,-0.874982,0.315956,2.69854e-06,0.315954
468,-1.22631,-0.866979,0.316429,2.75949e-06,0.316427
468.048,-1.22381,-0.858427,0.316849,2.7885e-06,0.316846
468.096,-1.23832,-0.849283,0.317336,2.63484e-06,0.317333
468.144,-1.23732,-0.839478,0.317834,2.64712e-06,0.317831
468.192,-1.21882,-0.828943,0.318367,2.8501e-06,0.318364
468.24,-1.25532,-0.817591,0.318904,2.46921e-06,0.318901
468.288,-1.25432,-0.805316,0.319411,2.48115e-06,0.319409
468.336,-1.25083,-0.792005,0.319939,2.51799e-06,0.319936
468.384,-1.21131,-0.777528,0.320536,2.94663e-06,0.320533
468.432,-1.24032,-0.761721,0.321168,2.63036e-06,0.321165
468.48,-1.27433,-0.744384,0.321807,2.30234e-06,0.321804
468.528,-1.2158,-0.725282,0.322529,2.90545e-06,0.322526
468.576,-1.25332,-0.704123,0.32329,2.50877e-06,0.323287
468.624,-1.20731,-0.680532,0.324092,3.01402e-06,0.324089
468.672,-1.2128,-0.654044,0.324965,2.95476e-06,0.324962
468.72,-1.1903,-0.624064,0.32596,3.23633e-06,0.325957
468.768,-1.21931,-0.589786,0.327015,2.89259e-06,0.327012
468.816,-1.18879,-0.550133,0.328264,3.27232e-06,0.32826
468.864,-1.15678,-0.503589,0.329694,3.72548e-06,0.32969
468.912,-1.17428,-0.447941,0.331323,3.48963e-06,0.331319
468.96,-1.17879,-0.379808,0.333216,3.44379e-06,0.333212
469.008,-1.16078,-0.293689,0.335537,3.71917e-06,0.335534
469.056,-1.17479,-0.179877,0.338417,3.54516e-06,0.338413
469.104,-1.13128,-0.0193118,0.342381,4.25409e-06,0.342376
469.152,-1.09876,0.230871,0.348245,4.91333e-06,0.34824
469.2,-1.14427,0.676845,0.358105,4.21485e-06,0.358101
469.248,-1.14028,1.42121,0.375261,4.48118e-06,0.375256
469.296,-1.11677,1.49076,0.382683,5.00816e-06,0.382678
469.344,-1.12428,-0.00443348,0.353375,4.48343e-06,0.353371
469.392,-1.09076,-0.880516,0.326431,4.72139e-06,0.326427
469.44,-1.10376,-0.911481,0.325436,4.46505e-06,0.325431
469.488,-1.11977,-0.908361,0.32593,4.19197e-06,0.325926
469.536,-1.10176,-0.904365,0.326469,4.50256e-06,0.326464
469.584,-1.11577,-0.900148,0.326987,4.26125e-06,0.326983
469.632,-1.14228,-0.895705,0.327484,3.83871e-06,0.32748
469.68,-1.12177,-0.891021,0.327991,4.16413e-06,0.327987
469.728,-1.15229,-0.88607,0.328444,3.69229e-06,0.32844
469.776,-1.09527,-0.880836,0.328957,4.62734e-06,0.328952
469.824,-1.11777,-0.875299,0.32948,4.23523e-06,0.329476
469.872,-1.16879,-0.869426,0.329972,3.46324e-06,0.329969
469.92,-1.14929,-0.863175,0.330394,3.74243e-06,0.33039
469.968,-1.14278,-0.856526,0.330861,3.84174e-06,0.330857
470.016,-1.13379,-0.849444,0.331389,3.98283e-06,0.331385
470.064,-1.13728,-0.841884,0.331914,3.93037e-06,0.33191
470.112,-1.15929,-0.833791,0.332403,3.60496e-06,0.3324
470.16,-1.16229,-0.825108,0.332863,3.56468e-06,0.33286
470.208,-1.13928,-0.815784,0.333425,3.90666e-06,0.333421
470.256,-1.13978,-0.805739,0.333954,3.9016e-06,0.33395
470.304,-1.14228,-0.794895,0.334533,3.86634e-06,0.33453
470.352,-1.12226,-0.783155,0.335155,4.18804e-06,0.335151
470.4,-1.12026,-0.770404,0.33579,4.22507e-06,0.335785
470.448,-1.06424,-0.75652,0.336555,5.27735e-06,0.336549
470.496,-1.10577,-0.741345,0.337342,4.48324e-06,0.337338
470.544,-1.08276,-0.724674,0.338132,4.91585e-06,0.338127
470.592,-1.09176,-0.706285,0.338985,4.75022e-06,0.33898
470.64,-1.09576,-0.685888,0.339876,4.68241e-06,0.339871
470.688,-1.09325,-0.663123,0.340795,4.73656e-06,0.34079
470.736,-1.05074,-0.637553,0.341881,5.61321e-06,0.341875
470.784,-1.06524,-0.608592,0.343018,5.31112e-06,0.343013
470.832,-1.05724,-0.575466,0.344256,5.49425e-06,0.34425
470.88,-1.04174,-0.537149,0.345655,5.85687e-06,0.345649
470.928,-1.06175,-0.492198,0.347233,5.42814e-06,0.347228
470.976,-1.06375,-0.438504,0.348944,5.40509e-06,0.348938
471.024,-1.01524,-0.372902,0.350997,6.57648e-06,0.35099
471.072,-1.04774,-0.290283,0.353398,5.81566e-06,0.353393
471.12,-1.03123,-0.181767,0.356458,6.25208e-06,0.356452
471.168,-1.04825,-0.030254,0.360466,5.90281e-06,0.36046
471.216,-1.00924,0.201692,0.366254,6.98723e-06,0.366247
471.264,-1.08176,0.604976,0.375646,5.37424e-06,0.375641
471.312,-1.05425,1.30259,0.392214,6.24874e-06,0.392208
471.36,-1.02823,1.55246,0.403443,7.11523e-06,0.403436
471.408,-1.05175,0.274014,0.378587,6.0771e-06,0.37858
471.456,-1.03174,-0.843067,0.345097,5.98753e-06,0.345091
471.504,-1.05775,-0.903203,0.342677,5.35897e-06,0.342671
471.552,-1.06575,-0.902515,0.342982,5.19202e-06,0.342977
471.6,-1.05624,-0.900444,0.343369,5.39159e-06,0.343363
471.648,-1.07726,-0.898254,0.343721,4.96271e-06,0.343716
471.696,-1.08525,-0.895964,0.344065,4.80908e-06,0.34406
471.744,-1.06826,-0.893566,0.344404,5.1441e-06,0.344398
471.792,-1.06926,-0.891064,0.344797,5.12474e-06,0.344792
471.84,-1.02774,-0.888441,0.345175,6.03965e-06,0.345169
471.888,-1.07326,-0.885696,0.345578,5.04631e-06,0.345573
471.936,-1.09076,-0.882809,0.345924,4.70997e-06,0.345919
471.984,-1.04274,-0.879773,0.346284,5.69561e-06,0.346279
472.032,-1.04774,-0.876584,0.346689,5.58546e-06,0.346683
472.08,-1.03223,-0.873233,0.347142,5.93986e-06,0.347137
472.128,-1.02823,-0.86971,0.347626,6.03601e-06,0.34762
472.176,-1.03725,-0.865994,0.348092,5.82629e-06,0.348086
472.224,-1.00522,-0.862074,0.348597,6.61431e-06,0.34859
472.272,-1.00773,-0.857932,0.349089,6.55101e-06,0.349082
472.32,-0.989718,-0.853556,0.349631,7.03657e-06,0.349624
472.368,-1.01424,-0.848917,0.350131,6.3888e-06,0.350125
472.416,-1.00173,-0.843999,0.350679,6.71485e-06,0.350673
472.464,-1.06224,-0.838778,0.351213,5.28851e-06,0.351207
472.512,-1.00273,-0.833221,0.351772,6.6935e-06,0.351765
472.56,-1.00022,-0.827304,0.352344,6.76301e-06,0.352338
472.608,-0.995225,-0.820986,0.3529,6.90105e-06,0.352893
472.656,-1.00773,-0.814232,0.353477,6.57141e-06,0.353471
472.704,-1.00722,-0.806997,0.354065,6.588e-06,0.354058
472.752,-0.985227,-0.799236,0.354694,7.19028e-06,0.354687
472.8,-0.989718,-0.790893,0.355341,7.06796e-06,0.355334
472.848,-1.02173,-0.781894,0.355939,6.23202e-06,0.355933
472.896,-1.00273,-0.772158,0.35651,6.72253e-06,0.356503
472.944,-1.02073,-0.761608,0.357102,6.26566e-06,0.357096
472.992,-1.02324,-0.750137,0.357715,6.20889e-06,0.357709
473.04,-0.990226,-0.737638,0.358407,7.08034e-06,0.3584
473.088,-1.00273,-0.723965,0.359112,6.74538e-06,0.359106
473.136,-0.985719,-0.708942,0.359815,7.22213e-06,0.359808
473.184,-0.986719,-0.692375,0.360584,7.202e-06,0.360576
473.232,-1.01524,-0.67402,0.3614,6.44259e-06,0.361393
473.28,-1.00973,-0.653559,0.36223,6.59375e-06,0.362224
473.328,-1.03374,-0.630611,0.36309,6.00637e-06,0.363084
473.376,-1.02674,-0.604693,0.364057,6.18593e-06,0.36405
473.424,-0.98172,-0.575168,0.365117,7.40577e-06,0.36511
473.472,-0.992226,-0.541216,0.366355,7.12119e-06,0.366347
473.52,-0.999732,-0.501674,0.367687,6.93177e-06,0.36768
473.568,-0.975213,-0.454926,0.369187,7.66148e-06,0.369179
473.616,-0.97872,-0.398612,0.370935,7.58485e-06,0.370928
473.664,-0.973721,-0.329096,0.373059,7.77233e-06,0.373051
473.712,-0.961216,-0.240394,0.375667,8.21427e-06,0.375659
473.76,-0.959216,-0.121836,0.378992,8.34374e-06,0.378984
473.808,-0.979212,0.0477878,0.383489,7.79361e-06,0.383481
473.856,-0.960708,0.316214,0.390278,8.52498e-06,0.39027
473.904,-0.931698,0.793398,0.40197,9.83563e-06,0.40196
473.952,-0.966707,1.48014,0.420403,8.94715e-06,0.420394
474,-0.934697,1.30351,0.422393,1.01905e-05,0.422383
474.048,-0.936205,-0.260251,0.385889,9.24396e-06,0.38588
474.096,-0.917193,-0.872141,0.36342,9.37289e-06,0.363411
474.144,-0.911686,-0.893258,0.362884,9.55191e-06,0.362874
474.192,-0.903687,-0.893804,0.363342,9.85799e-06,0.363332
474.24,-0.922192,-0.893936,0.363764,9.16271e-06,0.363754
474.288,-0.926191,-0.894105,0.3642,9.01892e-06,0.364191
474.336,-0.960708,-0.894325,0.364631,7.86869e-06,0.364624
474.384,-0.914701,-0.894594,0.365052,9.43757e-06,0.365042
474.432,-0.975721,-0.894911,0.365403,7.41508e-06,0.365395
474.48,-0.942712,-0.895283,0.365795,8.44816e-06,0.365787
474.528,-0.933206,-0.89571,0.366133,8.77133e-06,0.366125
474.576,-0.926191,-0.896194,0.366465,9.0176e-06,0.366456
474.624,-0.988718,-0.896733,0.36672,7.0429e-06,0.366713
474.672,-0.959216,-0.897338,0.367034,7.91353e-06,0.367027
474.72,-0.964215,-0.898007,0.367312,7.75835e-06,0.367304
474.768,-0.94871,-0.898744,0.367579,8.2482e-06,0.367571
474.816,-0.895689,-0.89956,0.367902,1.01704e-05,0.367891
474.864,-0.949202,-0.900455,0.368194,8.23119e-06,0.368186
474.912,-0.921192,-0.901427,0.368466,9.19411e-06,0.368457
474.96,-0.936205,-0.902485,0.368728,8.6638e-06,0.36872
475.008,-0.960216,-0.903627,0.36894,7.8788e-06,0.368932
475.056,-0.939696,-0.904863,0.369194,8.54363e-06,0.369185
475.104,-0.943712,-0.906199,0.369453,8.40831e-06,0.369445
475.152,-0.9207,-0.907646,0.369772,9.20791e-06,0.369763
475.2,-0.960708,-0.909202,0.370055,7.86037e-06,0.370047
475.248,-0.911194,-0.910876,0.370376,9.55822e-06,0.370367
475.296,-0.931698,-0.912671,0.370669,8.8131e-06,0.37066
475.344,-0.904687,-0.914596,0.370994,9.8046e-06,0.370985
475.392,-0.889182,-0.916651,0.371282,1.04226e-05,0.371272
475.44,-0.908195,-0.918846,0.371571,9.66669e-06,0.371562
475.488,-0.873186,-0.921192,0.371926,1.10992e-05,0.371915
475.536,-0.86268,-0.92369,0.372253,1.15677e-05,0.372242
475.584,-0.881184,-0.92635,0.372602,1.07499e-05,0.372592
475.632,-0.86168,-0.929182,0.372995,1.16089e-05,0.372983
475.68,-0.852666,-0.932187,0.37336,1.20274e-05,0.373348
475.728,-0.86268,-0.935372,0.373718,1.1558e-05,0.373707
475.776,-0.855665,-0.938739,0.374039,1.18801e-05,0.374027
475.824,-0.891182,-0.9423,0.374375,1.03216e-05,0.374364
475.872,-0.887183,-0.94605,0.374642,1.04832e-05,0.374632
475.92,-0.890182,-0.95,0.374901,1.03568e-05,0.374891
475.968,-0.892182,-0.954155,0.375142,1.02722e-05,0.375132
476.016,-0.881184,-0.958521,0.375391,1.07251e-05,0.37538
476.064,-0.908686,-0.963098,0.375588,9.61732e-06,0.375578
476.112,-0.845175,-0.967894,0.375803,1.2357e-05,0.375791
476.16,-0.884692,-0.972914,0.375985,1.05665e-05,0.375974
476.208,-0.881676,-0.978162,0.376194,1.06892e-05,0.376184
476.256,-0.881184,-0.983645,0.376416,1.07057e-05,0.376406
476.304,-0.906687,-0.989347,0.376476,9.6753e-06,0.376467
476.352,-0.887691,-0.995278,0.376542,1.04252e-05,0.376532
476.4,-0.874677,-1.00145,0.376654,1.09705e-05,0.376643
476.448,-0.89369,-1.00786,0.376758,1.01717e-05,0.376748
476.496,-0.888183,-1.0145,0.37684,1.03905e-05,0.37683
476.544,-0.909686,-1.02137,0.376869,9.53916e-06,0.376859
476.592,-0.903687,-1.02848,0.376918,9.76299e-06,0.376908
476.64,-0.885691,-1.03582,0.376986,1.04771e-05,0.376975
476.688,-0.869678,-1.0434,0.377059,1.11554e-05,0.377048
476.736,-0.87217,-1.05121,0.377159,1.10398e-05,0.377148
476.784,-0.874186,-1.05924,0.377238,1.09458e-05,0.377227
476.832,-0.849666,-1.0675,0.37737,1.20524e-05,0.377358
476.88,-0.842668,-1.07597,0.377552,1.23827e-05,0.377539
476.928,-0.837161,-1.08466,0.377665,1.26472e-05,0.377652
476.976,-0.834161,-1.09355,0.377801,1.27897e-05,0.377788
477.024,-0.852666,-1.10263,0.377916,1.18799e-05,0.377905
477.072,-0.845175,-1.11189,0.37797,1.22285e-05,0.377958
477.12,-0.852666,-1.12133,0.378088,1.18636e-05,0.378076
477.168,-0.824164,-1.13094,0.378206,1.32688e-05,0.378193
477.216,-0.807659,-1.1407,0.378329,1.4153e-05,0.378315
477.264,-0.805151,-1.1506,0.378448,1.42836e-05,0.378433
477.312,-0.804152,-1.16064,0.378573,1.43296e-05,0.378559
477.36,-0.828671,-1.17079,0.378667,1.29965e-05,0.378654
477.408,-0.837161,-1.18103,0.378701,1.25582e-05,0.378689
477.456,-0.86368,-1.19137,0.378743,1.13001e-05,0.378732
477.504,-0.832162,-1.20178,0.378808,1.27892e-05,0.378795
477.552,-0.812658,-1.21226,0.37889,1.38033e-05,0.378876
477.6,-0.842668,-1.22278,0.378925,1.225e-05,0.378912
477.648,-0.83367,-1.23333,0.378891,1.26836e-05,0.378879
477.696,-0.858173,-1.2439,0.378838,1.1504e-05,0.378827
477.744,-0.840668,-1.25446,0.378794,1.23183e-05,0.378782
477.792,-0.848175,-1.26502,0.378745,1.19489e-05,0.378733
477.84,-0.834161,-1.27555,0.378759,1.26194e-05,0.378746
477.888,-0.854665,-1.28605,0.378714,1.16281e-05,0.378703
477.936,-0.854174,-1.2965,0.378658,1.16417e-05,0.378646
477.984,-0.841668,-1.30688,0.37862,1.2222e-05,0.378608
478.032,-0.87117,-1.31719,0.378528,1.08686e-05,0.378517
478.08,-0.885691,-1.32741,0.378409,1.02546e-05,0.378399
478.128,-0.880184,-1.33753,0.378292,1.04723e-05,0.378282
478.176,-0.86817,-1.34755,0.378198,1.09733e-05,0.378187
478.224,-0.911686,-1.35744,0.378073,9.23268e-06,0.378063
478.272,-0.874186,-1.36722,0.377986,1.06998e-05,0.377975
478.32,-0.86817,-1.37686,0.377881,1.09493e-05,0.37787
478.368,-0.853174,-1.38636,0.377794,1.16096e-05,0.377782
478.416,-0.852174,-1.39571,0.377719,1.16473e-05,0.377707
478.464,-0.832162,-1.40491,0.377697,1.25972e-05,0.377684
478.512,-0.839668,-1.41396,0.377708,1.22207e-05,0.377696
478.56,-0.879676,-1.42284,0.377661,1.04265e-05,0.37765
478.608,-0.863172,-1.43155,0.377631,1.11219e-05,0.37762
478.656,-0.879184,-1.44008,0.377569,1.04332e-05,0.377559
478.704,-0.855665,-1.44845,0.377532,1.14422e-05,0.37752
478.752,-0.840668,-1.45663,0.377485,1.21334e-05,0.377473
478.8,-0.842668,-1.46463,0.377461,1.20306e-05,0.377449
478.848,-0.841668,-1.47245,0.377479,1.20711e-05,0.377467
478.896,-0.801152,-1.48009,0.37755,1.41591e-05,0.377536
478.944,-0.814657,-1.48755,0.37762,1.34156e-05,0.377607
478.992,-0.802644,-1.49483,0.377717,1.40601e-05,0.377703
479.04,-0.767635,-1.50192,0.377802,1.61377e-05,0.377786
479.088,-0.801644,-1.50884,0.377894,1.41008e-05,0.37788
479.136,-0.800644,-1.51556,0.377962,1.41494e-05,0.377948
479.184,-0.806151,-1.52211,0.378056,1.38379e-05,0.378042
479.232,-0.81115,-1.52847,0.378138,1.35607e-05,0.378124
479.28,-0.827163,-1.53466,0.378184,1.27231e-05,0.378171
479.328,-0.837161,-1.54066,0.378172,1.22246e-05,0.37816
479.376,-0.811658,-1.54649,0.378214,1.35149e-05,0.3782
479.424,-0.826655,-1.55214,0.378279,1.27317e-05,0.378267
479.472,-0.815149,-1.55763,0.378383,1.33185e-05,0.37837
479.52,-0.844176,-1.56294,0.378425,1.18702e-05,0.378413
479.568,-0.808659,-1.56809,0.378473,1.36536e-05,0.37846
479.616,-0.846175,-1.57308,0.378516,1.17677e-05,0.378505
479.664,-0.836669,-1.57791,0.378543,1.22137e-05,0.378531
479.712,-0.814149,-1.58257,0.37856,1.33458e-05,0.378547
479.76,-0.828163,-1.58708,0.378572,1.26224e-05,0.37856
479.808,-0.824164,-1.59145,0.378611,1.28192e-05,0.378599
479.856,-0.830162,-1.59566,0.378662,1.25148e-05,0.37865
479.904,-0.838161,-1.59973,0.378656,1.21217e-05,0.378644
479.952,-0.86368,-1.60366,0.378658,1.09555e-05,0.378647
480,-0.843176,-1.60745,0.378644,1.18767e-05,0.378632
480.048,-0.84216,-1.61111,0.378726,1.19212e-05,0.378714
480.096,-0.819165,-1.61465,0.378832,1.30518e-05,0.378819
480.144,-0.806151,-1.61806,0.37894,1.3737e-05,0.378926
480.192,-0.792154,-1.62135,0.379097,1.45146e-05,0.379082
480.24,-0.813658,-1.62452,0.379186,1.33289e-05,0.379173
480.288,-0.792154,-1.62758,0.379308,1.45077e-05,0.379294
480.336,-0.78214,-1.63052,0.379455,1.50899e-05,0.37944
480.384,-0.796645,-1.63336,0.379554,1.42462e-05,0.37954
480.432,-0.777141,-1.63609,0.379707,1.53844e-05,0.379692
480.48,-0.765635,-1.63873,0.379909,1.60969e-05,0.379893
480.528,-0.756637,-1.64127,0.380129,1.66763e-05,0.380113
480.576,-0.772142,-1.64371,0.380308,1.56822e-05,0.380292
480.624,-0.824655,-1.64606,0.380414,1.27409e-05,0.380401
480.672,-0.801644,-1.64832,0.380539,1.39514e-05,0.380525
480.72,-0.771142,-1.65049,0.38068,1.57361e-05,0.380665
480.768,-0.765144,-1.65258,0.380859,1.6111e-05,0.380843
480.816,-0.801644,-1.6546,0.381032,1.39447e-05,0.381018
480.864,-0.791646,-1.65653,0.381156,1.45046e-05,0.381141
480.912,-0.799644,-1.65838,0.381269,1.40513e-05,0.381255
480.96,-0.81015,-1.66016,0.381374,1.3478e-05,0.381361
481.008,-0.829671,-1.66187,0.381485,1.24757e-05,0.381473
481.056,-0.791154,-1.66351,0.381607,1.4525e-05,0.381592
481.104,-0.831162,-1.66508,0.381682,1.23993e-05,0.381669
481.152,-0.786139,-1.66659,0.381791,1.48122e-05,0.381776
481.2,-0.811658,-1.66803,0.381908,1.33898e-05,0.381894
481.248,-0.80915,-1.66942,0.38199,1.35217e-05,0.381977
481.296,-0.821164,-1.67075,0.382089,1.28934e-05,0.382076
481.344,-0.796153,-1.67202,0.382198,1.42315e-05,0.382184
481.392,-0.820656,-1.67324,0.382261,1.29168e-05,0.382248
481.44,-0.830162,-1.6744,0.382301,1.24394e-05,0.382288
481.488,-0.801152,-1.67551,0.38241,1.39494e-05,0.382396
481.536,-0.805151,-1.67658,0.382522,1.37295e-05,0.382509
481.584,-0.827655,-1.6776,0.382618,1.25602e-05,0.382606
481.632,-0.793646,-1.67858,0.382754,1.4366e-05,0.382739
481.68,-0.802644,-1.67952,0.382877,1.38631e-05,0.382863
481.728,-0.784648,-1.68041,0.383041,1.48839e-05,0.383026
481.776,-0.822656,-1.68127,0.383183,1.28072e-05,0.38317
481.824,-0.791646,-1.68209,0.383362,1.4476e-05,0.383347
481.872,-0.792154,-1.68287,0.383476,1.44461e-05,0.383462
481.92,-0.765635,-1.68363,0.383689,1.60413e-05,0.383673
481.968,-0.765144,-1.68434,0.38385,1.60716e-05,0.383834
482.016,-0.777141,-1.68503,0.384018,1.53266e-05,0.384003
482.064,-0.75413,-1.68569,0.384215,1.67849e-05,0.384198
482.112,-0.734626,-1.68632,0.384444,1.81289e-05,0.384426
482.16,-0.742624,-1.68692,0.384694,1.7564e-05,0.384676
482.208,-0.740133,-1.6875,0.384937,1.7737e-05,0.38492
482.256,-0.75413,-1.68805,0.385153,1.67818e-05,0.385137
482.304,-0.756637,-1.68858,0.385363,1.66157e-05,0.385346
482.352,-0.778141,-1.68908,0.385554,1.52614e-05,0.385539
482.4,-0.799153,-1.68955,0.38568,1.40448e-05,0.385666
482.448,-0.779649,-1.69,0.385829,1.51697e-05,0.385814
482.496,-0.792154,-1.69043,0.385963,1.44377e-05,0.385949
482.544,-0.806151,-1.69084,0.386072,1.36603e-05,0.386058
482.592,-0.767143,-1.69122,0.38618,1.59367e-05,0.386164
482.64,-0.746131,-1.69159,0.386337,1.7316e-05,0.38632
482.688,-0.806151,-1.69194,0.386451,1.36592e-05,0.386437
482.736,-0.798153,-1.69226,0.386547,1.40975e-05,0.386533
482.784,-0.777649,-1.69257,0.386656,1.5287e-05,0.386641
482.832,-0.767143,-1.69286,0.386781,1.59347e-05,0.386765
482.88,-0.780648,-1.69313,0.38687,1.51062e-05,0.386855
482.928,-0.791646,-1.69339,0.386949,1.44634e-05,0.386935
482.976,-0.792646,-1.69363,0.386971,1.44061e-05,0.386957
483.024,-0.796645,-1.69385,0.38704,1.418e-05,0.387026
483.072,-0.796153,-1.69406,0.387113,1.42073e-05,0.387099
483.12,-0.768635,-1.69425,0.387231,1.58393e-05,0.387215
483.168,-0.798645,-1.69444,0.38733,1.40677e-05,0.387316
483.216,-0.764635,-1.69461,0.387438,1.60912e-05,0.387422
483.264,-0.777649,-1.69477,0.387581,1.52844e-05,0.387566
483.312,-0.772634,-1.69492,0.387722,1.55901e-05,0.387706
483.36,-0.755129,-1.69505,0.38786,1.67066e-05,0.387843
483.408,-0.760145,-1.69518,0.388009,1.63786e-05,0.387992
483.456,-0.728119,-1.6953,0.388185,1.85882e-05,0.388167
483.504,-0.740133,-1.69542,0.388428,1.77262e-05,0.388411
483.552,-0.780648,-1.69553,0.388625,1.51034e-05,0.388609
483.6,-0.787139,-1.69562,0.38876,1.47208e-05,0.388745
483.648,-0.734134,-1.69571,0.388937,1.8151e-05,0.388919
483.696,-0.772142,-1.69579,0.389112,1.56194e-05,0.389096
483.744,-0.734134,-1.69587,0.389307,1.81508e-05,0.389289
483.792,-0.760145,-1.69593,0.389485,1.63776e-05,0.389468
483.84,-0.757129,-1.69599,0.389649,1.65739e-05,0.389633
483.888,-0.734626,-1.69605,0.3898,1.81153e-05,0.389781
483.936,-0.756637,-1.69609,0.389955,1.6606e-05,0.389939
483.984,-0.776141,-1.69613,0.390109,1.53741e-05,0.390094
484.032,-0.749131,-1.69617,0.390282,1.71059e-05,0.390265
484.08,-0.825163,-1.6962,0.390377,1.26663e-05,0.390365
484.128,-0.753638,-1.69622,0.390516,1.68038e-05,0.390499
484.176,-0.755637,-1.69624,0.390686,1.66716e-05,0.390669
484.224,-0.767143,-1.69625,0.39083,1.59305e-05,0.390814
484.272,-0.78014,-1.69625,0.390941,1.51329e-05,0.390926
484.32,-0.759128,-1.69625,0.391002,1.64431e-05,0.390986
484.368,-0.771142,-1.69624,0.391081,1.56807e-05,0.391065
484.416,-0.762144,-1.69623,0.391189,1.62483e-05,0.391173
484.464,-0.722628,-1.69621,0.391291,1.89946e-05,0.391272
484.512,-0.761636,-1.69618,0.391375,1.6281e-05,0.391359
484.56,-0.749639,-1.69615,0.391469,1.70716e-05,0.391452
484.608,-0.745131,-1.69612,0.391596,1.73784e-05,0.391578
484.656,-0.745131,-1.69609,0.391691,1.73785e-05,0.391674
484.704,-0.763144,-1.69605,0.39179,1.61845e-05,0.391774
484.752,-0.741132,-1.696,0.391888,1.76554e-05,0.39187
484.8,-0.752638,-1.69595,0.391979,1.68707e-05,0.391962
484.848,-0.723628,-1.6959,0.392155,1.89201e-05,0.392136
484.896,-0.746131,-1.69585,0.392321,1.73103e-05,0.392304
484.944,-0.732626,-1.6958,0.392489,1.82593e-05,0.392471
484.992,-0.754638,-1.69575,0.392648,1.67382e-05,0.392631
485.04,-0.735625,-1.69569,0.392784,1.80443e-05,0.392766
485.088,-0.726627,-1.69563,0.392941,1.86976e-05,0.392922
485.136,-0.72212,-1.69557,0.393151,1.90337e-05,0.393132
485.184,-0.727627,-1.69551,0.393342,1.8624e-05,0.393323
485.232,-0.69511,-1.69545,0.393559,2.11779e-05,0.393538
485.28,-0.735625,-1.69539,0.393753,1.80447e-05,0.393735
485.328,-0.721628,-1.69532,0.393933,1.90711e-05,0.393914
485.376,-0.747623,-1.69526,0.394077,1.72093e-05,0.39406
485.424,-0.728627,-1.69519,0.39425,1.8551e-05,0.394232
485.472,-0.685112,-1.69512,0.394442,2.2032e-05,0.39442
485.52,-0.69511,-1.69505,0.39463,2.11786e-05,0.394608
485.568,-0.751638,-1.69498,0.394765,1.69387e-05,0.394748
485.616,-0.759128,-1.6949,0.394874,1.64448e-05,0.394857
485.664,-0.78314,-1.69482,0.394916,1.49562e-05,0.394901
485.712,-0.779141,-1.69473,0.39494,1.51945e-05,0.394925
485.76,-0.767635,-1.69464,0.39495,1.59015e-05,0.394934
485.808,-0.763636,-1.69455,0.395021,1.61549e-05,0.395005
485.856,-0.72112,-1.69446,0.395172,1.91107e-05,0.395153
485.904,-0.747623,-1.69436,0.395234,1.72105e-05,0.395217
485.952,-0.750638,-1.69427,0.395324,1.70067e-05,0.395307
486,-0.747131,-1.69417,0.395408,1.72442e-05,0.395391
486.048,-0.756129,-1.69407,0.395452,1.66419e-05,0.395436
486.096,-0.757637,-1.69396,0.395518,1.65432e-05,0.395502
486.144,-0.741132,-1.69385,0.395554,1.76583e-05,0.395537
486.192,-0.785647,-1.69374,0.395604,1.48099e-05,0.395589
486.24,-0.769634,-1.69363,0.395665,1.57775e-05,0.395649
486.288,-0.742132,-1.69352,0.395769,1.75892e-05,0.395751
486.336,-0.783648,-1.6934,0.395806,1.49278e-05,0.395791
486.384,-0.782648,-1.69329,0.395865,1.4987e-05,0.39585
486.432,-0.795153,-1.69317,0.395942,1.42645e-05,0.395927
486.48,-0.724628,-1.69305,0.396112,1.88496e-05,0.396094
486.528,-0.75113,-1.69294,0.396266,1.69754e-05,0.396249
486.576,-0.729627,-1.69282,0.396395,1.84812e-05,0.396376
486.624,-0.728119,-1.69271,0.396549,1.85918e-05,0.396531
486.672,-0.75413,-1.69259,0.39665,1.67759e-05,0.396633
486.72,-0.72012,-1.69247,0.396768,1.91892e-05,0.396749
486.768,-0.749639,-1.69236,0.396869,1.70765e-05,0.396852
486.816,-0.712122,-1.69224,0.397036,1.98058e-05,0.397016
486.864,-0.711122,-1.69212,0.397176,1.98844e-05,0.397156
486.912,-0.681604,-1.69201,0.397377,2.23448e-05,0.397355
486.96,-0.696617,-1.6919,0.397579,2.10578e-05,0.397558
487.008,-0.679113,-1.69179,0.397745,2.25662e-05,0.397723
487.056,-0.706107,-1.69167,0.397868,2.02831e-05,0.397848
487.104,-0.703616,-1.69156,0.398044,2.0484e-05,0.398024
487.152,-0.674098,-1.69145,0.398222,2.30185e-05,0.398199
487.2,-0.715613,-1.69133,0.398348,1.95358e-05,0.398328
487.248,-0.713122,-1.69121,0.39842,1.97292e-05,0.3984
487.296,-0.728119,-1.6911,0.398519,1.85941e-05,0.398501
487.344,-0.724628,-1.69098,0.398588,1.88526e-05,0.398569
487.392,-0.715122,-1.69086,0.398694,1.95745e-05,0.398674
487.44,-0.716121,-1.69074,0.398785,1.94975e-05,0.398766
487.488,-0.725119,-1.69062,0.398896,1.88165e-05,0.398877
487.536,-0.746623,-1.69049,0.398954,1.72838e-05,0.398936
487.584,-0.706107,-1.69037,0.399043,2.02851e-05,0.399023
487.632,-0.736133,-1.69024,0.39913,1.80156e-05,0.399112
487.68,-0.75113,-1.69011,0.399149,1.69791e-05,0.399132
487.728,-0.737133,-1.68998,0.399197,1.79449e-05,0.399179
487.776,-0.759128,-1.68985,0.399232,1.64512e-05,0.399216
487.824,-0.723628,-1.68972,0.399316,1.89291e-05,0.399297
487.872,-0.757637,-1.68958,0.399382,1.65487e-05,0.399366
487.92,-0.718121,-1.68945,0.399482,1.93459e-05,0.399462
487.968,-0.753638,-1.68932,0.399532,1.68127e-05,0.399515
488.016,-0.736133,-1.68918,0.39961,1.80171e-05,0.399592
488.064,-0.732118,-1.68905,0.399713,1.83055e-05,0.399694
488.112,-0.722628,-1.68891,0.399821,1.90052e-05,0.399802
488.16,-0.719629,-1.68878,0.399977,1.9232e-05,0.399957
488.208,-0.69411,-1.68866,0.400155,2.12728e-05,0.400134
488.256,-0.756637,-1.68852,0.400241,1.66156e-05,0.400225
488.304,-0.727119,-1.68839,0.400361,1.86716e-05,0.400342
488.352,-0.729119,-1.68826,0.400458,1.85248e-05,0.400439
488.4,-0.683112,-1.68813,0.400648,2.22186e-05,0.400626
488.448,-0.700617,-1.688,0.400788,2.07338e-05,0.400767
488.496,-0.680113,-1.68788,0.400955,2.2484e-05,0.400932
488.544,-0.673098,-1.68775,0.40114,2.31162e-05,0.401117
488.592,-0.685112,-1.68763,0.401311,2.20446e-05,0.401289
488.64,-0.69311,-1.6875,0.401424,2.13589e-05,0.401402
488.688,-0.684604,-1.68737,0.40158,2.20893e-05,0.401558
488.736,-0.666607,-1.68725,0.401706,2.37176e-05,0.401682
488.784,-0.69511,-1.68712,0.401849,2.11914e-05,0.401828
488.832,-0.733626,-1.687,0.40195,1.81996e-05,0.401931
488.88,-0.654594,-1.68687,0.402033,2.48715e-05,0.402008
488.928,-0.69111,-1.68675,0.402223,2.15296e-05,0.402202
488.976,-0.697109,-1.68662,0.402349,2.10254e-05,0.402328
489.024,-0.717121,-1.68649,0.402429,1.94269e-05,0.402409
489.072,-0.704616,-1.68637,0.402525,2.04113e-05,0.402504
489.12,-0.709123,-1.68624,0.402578,2.00512e-05,0.402558
489.168,-0.708123,-1.68611,0.402698,2.01307e-05,0.402678
489.216,-0.681113,-1.68598,0.402829,2.23986e-05,0.402807
489.264,-0.713614,-1.68585,0.402919,1.9699e-05,0.402899
489.312,-0.733118,-1.68572,0.40295,1.82379e-05,0.402931
489.36,-0.72112,-1.68558,0.402998,1.91236e-05,0.402978
489.408,-0.688603,-1.68545,0.403072,2.17462e-05,0.40305
489.456,-0.683112,-1.68531,0.403164,2.22234e-05,0.403142
489.504,-0.702108,-1.68518,0.403303,2.06164e-05,0.403282
489.552,-0.738625,-1.68505,0.403358,1.78462e-05,0.403341
489.6,-0.706107,-1.68491,0.403422,2.02936e-05,0.403402
489.648,-0.715122,-1.68478,0.403519,1.95836e-05,0.403499
489.696,-0.693618,-1.68464,0.403674,2.13207e-05,0.403653
489.744,-0.680113,-1.68451,0.403811,2.24898e-05,0.403789
489.792,-0.658593,-1.68438,0.403899,2.44862e-05,0.403875
489.84,-0.715613,-1.68425,0.404041,1.95464e-05,0.404021
489.888,-0.674606,-1.68411,0.404174,2.29852e-05,0.404151
489.936,-0.692602,-1.68399,0.404336,2.14076e-05,0.404314
489.984,-0.69411,-1.68385,0.40442,2.12806e-05,0.404399
490.032,-0.690111,-1.68372,0.404511,2.16198e-05,0.404489
490.08,-0.647087,-1.68359,0.404659,2.56268e-05,0.404634
490.128,-0.642088,-1.68346,0.404846,2.61383e-05,0.40482
490.176,-0.639089,-1.68334,0.405038,2.64502e-05,0.405011
490.224,-0.666607,-1.68321,0.40517,2.3725e-05,0.405146
490.272,-0.649595,-1.68308,0.405325,2.53751e-05,0.405299
490.32,-0.657101,-1.68296,0.40544,2.46336e-05,0.405416
490.368,-0.670607,-1.68283,0.405571,2.33537e-05,0.405548
490.416,-0.687603,-1.6827,0.405654,2.18369e-05,0.405633
490.464,-0.689111,-1.68257,0.405723,2.17073e-05,0.405701
490.512,-0.678097,-1.68244,0.405811,2.26732e-05,0.405788
490.56,-0.688111,-1.68231,0.405877,2.17937e-05,0.405855
490.608,-0.689602,-1.68217,0.405954,2.16659e-05,0.405932
490.656,-0.689111,-1.68204,0.406035,2.17082e-05,0.406013
490.704,-0.717121,-1.68191,0.406072,1.94337e-05,0.406053
490.752,-0.714613,-1.68177,0.406135,1.96275e-05,0.406116
490.8,-0.657593,-1.68163,0.406212,2.45883e-05,0.406188
490.848,-0.697617,-1.68149,0.406269,2.09915e-05,0.406248
490.896,-0.701616,-1.68135,0.406282,2.06626e-05,0.406262
490.944,-0.72312,-1.68121,0.406302,1.89795e-05,0.406283
490.992,-0.720629,-1.68106,0.406278,1.91675e-05,0.406259
491.04,-0.697109,-1.68092,0.406324,2.10346e-05,0.406303
491.088,-0.69511,-1.68077,0.406401,2.12017e-05,0.40638
491.136,-0.69111,-1.68063,0.406479,2.15397e-05,0.406457
491.184,-0.680604,-1.68048,0.406544,2.2453e-05,0.406522
491.232,-0.688111,-1.68034,0.406638,2.1797e-05,0.406616
491.28,-0.645596,-1.6802,0.406771,2.57849e-05,0.406745
491.328,-0.695618,-1.68006,0.406874,2.11604e-05,0.406853
491.376,-0.697109,-1.67991,0.40699,2.10362e-05,0.406969
491.424,-0.69511,-1.67977,0.407107,2.12034e-05,0.407086
491.472,-0.641596,-1.67963,0.407222,2.61968e-05,0.407195
491.52,-0.647087,-1.67949,0.407387,2.56348e-05,0.407361
491.568,-0.679605,-1.67936,0.407542,2.25438e-05,0.40752
491.616,-0.635598,-1.67922,0.407709,2.6826e-05,0.407683
491.664,-0.635598,-1.67909,0.407893,2.68263e-05,0.407866
491.712,-0.607079,-1.67896,0.408071,3.00266e-05,0.408041
491.76,-0.647087,-1.67883,0.40828,2.56361e-05,0.408255
491.808,-0.631091,-1.6787,0.408446,2.73092e-05,0.408418
491.856,-0.646595,-1.67858,0.408606,2.56865e-05,0.40858
491.904,-0.615586,-1.67845,0.40878,2.90353e-05,0.408751
491.952,-0.658101,-1.67833,0.408964,2.45452e-05,0.40894
492,-0.63209,-1.6782,0.409136,2.72025e-05,0.409108
492.048,-0.663592,-1.67808,0.409243,2.40188e-05,0.409219
492.096,-0.69111,-1.67795,0.40931,2.15441e-05,0.409289
492.144,-0.670607,-1.67782,0.409403,2.33626e-05,0.409379
492.192,-0.647087,-1.67769,0.409523,2.56383e-05,0.409497
492.24,-0.655102,-1.67757,0.409655,2.48393e-05,0.40963
492.288,-0.737625,-1.67744,0.409696,1.79273e-05,0.409678
492.336,-0.687111,-1.6773,0.409735,2.18884e-05,0.409713
492.384,-0.689602,-1.67717,0.409763,2.16742e-05,0.409741
492.432,-0.664608,-1.67703,0.409834,2.39245e-05,0.40981
492.48,-0.698617,-1.6769,0.409869,2.09161e-05,0.409849
492.528,-0.710123,-1.67676,0.409875,1.99866e-05,0.409855
492.576,-0.694618,-1.67661,0.409851,2.12497e-05,0.40983
492.624,-0.705124,-1.67647,0.409864,2.03858e-05,0.409844
492.672,-0.667607,-1.67632,0.40989,2.36439e-05,0.409866
492.72,-0.678097,-1.67618,0.40995,2.26841e-05,0.409927
492.768,-0.691602,-1.67603,0.409988,2.15054e-05,0.409967
492.816,-0.650103,-1.67588,0.410045,2.53381e-05,0.410019
492.864,-0.663592,-1.67574,0.410137,2.40231e-05,0.410113
492.912,-0.658101,-1.6756,0.410265,2.45503e-05,0.41024
492.96,-0.653594,-1.67545,0.410383,2.49918e-05,0.410358
493.008,-0.645088,-1.67531,0.410473,2.58464e-05,0.410447
493.056,-0.653102,-1.67517,0.410557,2.50409e-05,0.410532
493.104,-0.643088,-1.67503,0.410711,2.6052e-05,0.410685
493.152,-0.653102,-1.67489,0.410845,2.50415e-05,0.410819
493.2,-0.641596,-1.67475,0.41097,2.62066e-05,0.410944
493.248,-0.622076,-1.67461,0.411136,2.83084e-05,0.411107
493.296,-0.657101,-1.67448,0.411265,2.46496e-05,0.41124
493.344,-0.63309,-1.67434,0.411423,2.71033e-05,0.411395
493.392,-0.653594,-1.67421,0.411525,2.49942e-05,0.4115
493.44,-0.612586,-1.67407,0.411644,2.93913e-05,0.411615
493.488,-0.647595,-1.67393,0.41177,2.55943e-05,0.411744
493.536,-0.632582,-1.6738,0.411922,2.71589e-05,0.411895
493.584,-0.663592,-1.67367,0.412023,2.40269e-05,0.411999
493.632,-0.673606,-1.67353,0.412076,2.30949e-05,0.412053
493.68,-0.713122,-1.67339,0.412068,1.97562e-05,0.412049
493.728,-0.685112,-1.67324,0.412055,2.20689e-05,0.412033
493.776,-0.710614,-1.6731,0.41207,1.99534e-05,0.41205
493.824,-0.648087,-1.67295,0.412115,2.55465e-05,0.41209
493.872,-0.706107,-1.67281,0.412145,2.03124e-05,0.412125
493.92,-0.675097,-1.67266,0.41216,2.29607e-05,0.412137
493.968,-0.680113,-1.67251,0.412159,2.25104e-05,0.412137
494.016,-0.703616,-1.67235,0.412182,2.05141e-05,0.412162
494.064,-0.669607,-1.6722,0.412155,2.34652e-05,0.412132
494.112,-0.707615,-1.67204,0.412095,2.01929e-05,0.412075
494.16,-0.670099,-1.67188,0.412083,2.34202e-05,0.412059
494.208,-0.677097,-1.67172,0.412093,2.27817e-05,0.41207
494.256,-0.682604,-1.67156,0.412113,2.22915e-05,0.412091
494.304,-0.674098,-1.6714,0.412124,2.30539e-05,0.412101
494.352,-0.684604,-1.67123,0.412123,2.21166e-05,0.412101
494.4,-0.673606,-1.67107,0.412136,2.30993e-05,0.412113
494.448,-0.672606,-1.67091,0.412164,2.3191e-05,0.412141
494.496,-0.652102,-1.67075,0.412243,2.51486e-05,0.412218
494.544,-0.649103,-1.67058,0.412326,2.54487e-05,0.412301
494.592,-0.657593,-1.67043,0.412412,2.46094e-05,0.412387
494.64,-0.678097,-1.67026,0.412447,2.26944e-05,0.412424
494.688,-0.643596,-1.6701,0.412515,2.60096e-05,0.412489
494.736,-0.628583,-1.66994,0.412614,2.75996e-05,0.412586
494.784,-0.657593,-1.66979,0.412712,2.46106e-05,0.412687
494.832,-0.667099,-1.66963,0.412842,2.37035e-05,0.412819
494.88,-0.630091,-1.66948,0.413004,2.74366e-05,0.412977
494.928,-0.625584,-1.66933,0.413109,2.793e-05,0.413081
494.976,-0.670607,-1.66917,0.413213,2.33781e-05,0.413189
495.024,-0.654102,-1.66902,0.413287,2.49539e-05,0.413262
495.072,-0.655593,-1.66887,0.413375,2.48076e-05,0.41335
495.12,-0.644596,-1.66871,0.413455,2.59098e-05,0.413429
495.168,-0.653102,-1.66856,0.413544,2.50536e-05,0.413519
495.216,-0.646087,-1.66841,0.413643,2.57581e-05,0.413617
495.264,-0.687111,-1.66826,0.413697,2.19035e-05,0.413675
495.312,-0.644596,-1.6681,0.413766,2.5911e-05,0.41374
495.36,-0.679113,-1.66795,0.413765,2.26074e-05,0.413742
495.408,-0.647595,-1.66779,0.413809,2.56063e-05,0.413783
495.456,-0.687111,-1.66763,0.413801,2.19046e-05,0.413779
495.504,-0.682112,-1.66747,0.413822,2.23418e-05,0.4138
495.552,-0.696617,-1.66731,0.413822,2.10975e-05,0.413801
495.6,-0.656102,-1.66715,0.413854,2.47611e-05,0.413829
495.648,-0.672606,-1.66699,0.413875,2.3198e-05,0.413851
495.696,-0.690111,-1.66682,0.413876,2.16478e-05,0.413854
495.744,-0.711122,-1.66666,0.413804,1.99232e-05,0.413784
495.792,-0.666099,-1.66649,0.413803,2.38031e-05,0.41378
495.84,-0.683112,-1.66632,0.413811,2.22557e-05,0.413789
495.888,-0.714122,-1.66615,0.4138,1.96892e-05,0.41378
495.936,-0.686111,-1.66598,0.413784,2.19941e-05,0.413762
495.984,-0.701616,-1.6658,0.413732,2.06872e-05,0.413712
496.032,-0.675097,-1.66563,0.41374,2.29731e-05,0.413717
496.08,-0.671606,-1.66546,0.413782,2.32925e-05,0.413758
496.128,-0.634598,-1.66528,0.413824,2.69609e-05,0.413797
496.176,-0.641596,-1.66512,0.413921,2.62259e-05,0.413895
496.224,-0.618077,-1.66495,0.414013,2.87805e-05,0.413984
496.272,-0.636089,-1.66478,0.4141,2.68035e-05,0.414073
496.32,-0.609587,-1.66462,0.414219,2.97632e-05,0.414189
496.368,-0.636598,-1.66445,0.414315,2.67504e-05,0.414288
496.416,-0.636089,-1.66429,0.414395,2.68045e-05,0.414368
496.464,-0.643088,-1.66413,0.414496,2.60737e-05,0.41447
496.512,-0.611587,-1.66397,0.414623,2.95304e-05,0.414593
496.56,-0.617077,-1.66381,0.414786,2.8897e-05,0.414757
496.608,-0.639597,-1.66365,0.41489,2.64369e-05,0.414864
496.656,-0.616585,-1.6635,0.414967,2.89539e-05,0.414938
496.704,-0.619585,-1.66334,0.415105,2.86131e-05,0.415077
496.752,-0.628583,-1.66319,0.415219,2.76139e-05,0.415192
496.8,-0.633582,-1.66303,0.415308,2.70741e-05,0.415281
496.848,-0.650595,-1.66288,0.415388,2.53141e-05,0.415362
496.896,-0.659101,-1.66272,0.41541,2.44776e-05,0.415386
496.944,-0.650103,-1.66256,0.415429,2.53639e-05,0.415404
496.992,-0.658593,-1.6624,0.41546,2.45274e-05,0.415435
497.04,-0.660101,-1.66224,0.415462,2.4382e-05,0.415437
497.088,-0.674606,-1.66208,0.415494,2.3024e-05,0.415471
497.136,-0.627091,-1.66192,0.415507,2.77798e-05,0.415479
497.184,-0.654594,-1.66176,0.415561,2.49193e-05,0.415536
497.232,-0.645088,-1.66159,0.415565,2.58735e-05,0.415539
497.28,-0.669607,-1.66143,0.415568,2.34845e-05,0.415545
497.328,-0.6621,-1.66126,0.415558,2.41919e-05,0.415534
497.376,-0.708615,-1.66109,0.41555,2.01301e-05,0.41553
497.424,-0.673606,-1.66092,0.415519,2.31172e-05,0.415496
497.472,-0.672606,-1.66075,0.415534,2.3209e-05,0.41551
497.52,-0.647595,-1.66058,0.41559,2.56204e-05,0.415565
497.568,-0.6651,-1.66042,0.415612,2.39084e-05,0.415588
497.616,-0.652102,-1.66025,0.415651,2.51688e-05,0.415626
497.664,-0.647087,-1.66008,0.415684,2.56729e-05,0.415659
497.712,-0.646595,-1.65991,0.415732,2.57231e-05,0.415706
497.76,-0.640597,-1.65974,0.415776,2.63405e-05,0.415749
497.808,-0.662592,-1.65957,0.415821,2.41481e-05,0.415796
497.856,-0.652594,-1.6594,0.415891,2.51215e-05,0.415866
497.904,-0.659101,-1.65924,0.415948,2.44841e-05,0.415924
497.952,-0.633582,-1.65907,0.41601,2.70823e-05,0.415983
498,-0.63309,-1.6589,0.416038,2.71353e-05,0.416011
498.048,-0.635598,-1.65873,0.416123,2.68681e-05,0.416096
498.096,-0.618077,-1.65857,0.416216,2.87946e-05,0.416187
498.144,-0.633582,-1.65841,0.416318,2.70837e-05,0.416291
498.192,-0.601572,-1.65824,0.416418,3.07358e-05,0.416387
498.24,-0.615586,-1.65808,0.416514,2.90805e-05,0.416485
498.288,-0.628091,-1.65792,0.416606,2.76787e-05,0.416579
498.336,-0.608079,-1.65776,0.416714,2.99567e-05,0.416684
498.384,-0.650595,-1.6576,0.416771,2.53243e-05,0.416746
498.432,-0.643596,-1.65744,0.416828,2.60347e-05,0.416802
498.48,-0.666099,-1.65728,0.416851,2.38198e-05,0.416827
498.528,-0.642596,-1.65712,0.416896,2.61384e-05,0.41687
498.576,-0.643596,-1.65695,0.416918,2.60357e-05,0.416891
498.624,-0.659593,-1.65679,0.416994,2.44412e-05,0.416969
498.672,-0.676097,-1.65663,0.416986,2.28982e-05,0.416963
498.72,-0.678605,-1.65646,0.416952,2.26727e-05,0.416929
498.768,-0.655102,-1.65629,0.416945,2.48797e-05,0.41692
498.816,-0.674098,-1.65612,0.416927,2.30808e-05,0.416904
498.864,-0.684604,-1.65595,0.416944,2.21425e-05,0.416922
498.912,-0.679113,-1.65578,0.41692,2.26284e-05,0.416897
498.96,-0.69511,-1.6556,0.416859,2.12426e-05,0.416837
499.008,-0.677097,-1.65542,0.416805,2.28101e-05,0.416783
499.056,-0.666099,-1.65524,0.416793,2.38235e-05,0.416769
499.104,-0.643596,-1.65507,0.416814,2.60395e-05,0.416788
499.152,-0.639597,-1.65489,0.416827,2.64546e-05,0.4168
499.2,-0.636598,-1.65471,0.416882,2.67704e-05,0.416855
499.248,-0.612078,-1.65454,0.416974,2.94943e-05,0.416944
499.296,-0.63209,-1.65437,0.417079,2.72521e-05,0.417052
499.344,-0.628583,-1.6542,0.417151,2.76328e-05,0.417123
499.392,-0.622076,-1.65403,0.41719,2.83529e-05,0.417162
499.44,-0.642596,-1.65386,0.417238,2.6145e-05,0.417212
499.488,-0.60308,-1.65369,0.417314,3.05639e-05,0.417283
499.536,-0.594082,-1.65352,0.417444,3.16705e-05,0.417413
499.584,-0.596573,-1.65336,0.41758,3.13607e-05,0.417549
499.632,-0.601081,-1.6532,0.417705,3.08075e-05,0.417674
499.68,-0.599573,-1.65304,0.417854,3.0992e-05,0.417823
499.728,-0.603572,-1.65288,0.417984,3.05064e-05,0.417954
499.776,-0.597082,-1.65272,0.41812,3.12993e-05,0.418088
499.824,-0.60308,-1.65257,0.418231,3.05665e-05,0.4182
499.872,-0.597082,-1.65241,0.418337,3.13001e-05,0.418305
499.92,-0.629583,-1.65226,0.418436,2.7528e-05,0.418408
499.968,-0.619585,-1.6521,0.418531,2.86376e-05,0.418502
500.016,-0.628583,-1.65195,0.418607,2.76376e-05,0.418579
500.064,-0.647595,-1.65179,0.418631,2.56376e-05,0.418605
500.112,-0.636089,-1.65163,0.418653,2.68305e-05,0.418626
500.16,-0.618077,-1.65147,0.418716,2.88102e-05,0.418687
500.208,-0.652102,-1.65131,0.418739,2.51859e-05,0.418714
500.256,-0.647087,-1.65115,0.41877,2.56904e-05,0.418745
500.304,-0.655593,-1.65099,0.418715,2.48415e-05,0.41869
500.352,-0.645596,-1.65082,0.418747,2.58429e-05,0.418721
500.4,-0.641088,-1.65066,0.418767,2.63076e-05,0.418741
500.448,-0.638597,-1.6505,0.418791,2.65682e-05,0.418765
500.496,-0.616077,-1.65033,0.418834,2.90412e-05,0.418805
500.544,-0.650103,-1.65017,0.418864,2.5388e-05,0.418839
500.592,-0.629091,-1.65,0.418882,2.75863e-05,0.418855
500.64,-0.651103,-1.64983,0.418915,2.52885e-05,0.418889
500.688,-0.636598,-1.64967,0.418931,2.67807e-05,0.418904
500.736,-0.617077,-1.6495,0.418973,2.89286e-05,0.418944
500.784,-0.649595,-1.64933,0.418972,2.54406e-05,0.418947
500.832,-0.626092,-1.64916,0.419012,2.7917e-05,0.418984
500.88,-0.633582,-1.649,0.419062,2.71031e-05,0.419034
500.928,-0.631582,-1.64883,0.419104,2.73185e-05,0.419077
500.976,-0.615586,-1.64866,0.41915,2.91014e-05,0.419121
501.024,-0.625092,-1.6485,0.419209,2.80289e-05,0.419181
501.072,-0.608079,-1.64833,0.419251,2.99783e-05,0.419221
501.12,-0.592574,-1.64817,0.419351,3.18728e-05,0.419319
501.168,-0.603572,-1.648,0.419471,3.05178e-05,0.41944
501.216,-0.583576,-1.64784,0.419601,3.30273e-05,0.419568
501.264,-0.605571,-1.64769,0.419715,3.02784e-05,0.419685
501.312,-0.588575,-1.64753,0.419827,3.23821e-05,0.419795
501.36,-0.60408,-1.64737,0.419916,3.04581e-05,0.419885
501.408,-0.595082,-1.64722,0.420039,3.15609e-05,0.420007
501.456,-0.606571,-1.64706,0.420143,3.01604e-05,0.420112
501.504,-0.590575,-1.64691,0.420249,3.21288e-05,0.420216
501.552,-0.577561,-1.64675,0.420371,3.38245e-05,0.420337
501.6,-0.615078,-1.6466,0.420463,2.91645e-05,0.420434
501.648,-0.63509,-1.64645,0.42052,2.69474e-05,0.420493
501.696,-0.666099,-1.64629,0.420563,2.38398e-05,0.420539
501.744,-0.639597,-1.64614,0.420574,2.64723e-05,0.420548
501.792,-0.598081,-1.64598,0.420611,3.1192e-05,0.42058
501.84,-0.592574,-1.64582,0.420719,3.18785e-05,0.420687
501.888,-0.642088,-1.64567,0.420794,2.62139e-05,0.420768
501.936,-0.626583,-1.64551,0.420803,2.78705e-05,0.420775
501.984,-0.659101,-1.64535,0.420786,2.45101e-05,0.420762
502.032,-0.667099,-1.64519,0.42077,2.37478e-05,0.420746
502.08,-0.642596,-1.64503,0.420781,2.61626e-05,0.420755
502.128,-0.631091,-1.64486,0.420766,2.73799e-05,0.420739
502.176,-0.653102,-1.64469,0.420751,2.50993e-05,0.420726
502.224,-0.643596,-1.64453,0.420753,2.60604e-05,0.420727
502.272,-0.629091,-1.64436,0.420753,2.75982e-05,0.420726
502.32,-0.623076,-1.64419,0.420771,2.82624e-05,0.420743
502.368,-0.667607,-1.64402,0.420748,2.37023e-05,0.420725
502.416,-0.616077,-1.64385,0.420773,2.90556e-05,0.420744
502.464,-0.584576,-1.64368,0.420853,3.29075e-05,0.42082
502.512,-0.590067,-1.64352,0.420972,3.22016e-05,0.420939
502.56,-0.60508,-1.64336,0.421069,3.03473e-05,0.421038
502.608,-0.608571,-1.64319,0.421151,2.99319e-05,0.421121
502.656,-0.627583,-1.64303,0.421175,2.77659e-05,0.421148
502.704,-0.634598,-1.64287,0.421262,2.70071e-05,0.421235
502.752,-0.615078,-1.6427,0.421339,2.91732e-05,0.42131
502.8,-0.599573,-1.64254,0.421449,3.10168e-05,0.421418
502.848,-0.555566,-1.64239,0.42161,3.6908e-05,0.421574
502.896,-0.575562,-1.64223,0.421758,3.41046e-05,0.421724
502.944,-0.560057,-1.64208,0.421914,3.62597e-05,0.421877
502.992,-0.595574,-1.64193,0.422057,3.15123e-05,0.422025
503.04,-0.591574,-1.64178,0.42213,3.20146e-05,0.422098
503.088,-0.566055,-1.64163,0.422293,3.54116e-05,0.422258
503.136,-0.597082,-1.64148,0.422369,3.13262e-05,0.422338
503.184,-0.57507,-1.64134,0.422523,3.41732e-05,0.422489
503.232,-0.573562,-1.64119,0.422656,3.43778e-05,0.422621
503.28,-0.599573,-1.64104,0.422745,3.10204e-05,0.422714
503.328,-0.646595,-1.64089,0.422767,2.57605e-05,0.422741
503.376,-0.631091,-1.64074,0.422815,2.73885e-05,0.422788
503.424,-0.578561,-1.64059,0.42291,3.3707e-05,0.422876
503.472,-0.621093,-1.64045,0.42298,2.84929e-05,0.422951
503.52,-0.593066,-1.6403,0.423048,3.18301e-05,0.423016
503.568,-0.60208,-1.64015,0.423106,3.07166e-05,0.423075
503.616,-0.601572,-1.64,0.423161,3.07787e-05,0.42313
503.664,-0.621093,-1.63984,0.423191,2.84942e-05,0.423162
503.712,-0.618077,-1.63969,0.423208,2.88361e-05,0.423179
503.76,-0.591066,-1.63954,0.42325,3.20844e-05,0.423218
503.808,-0.597573,-1.63938,0.42328,3.12704e-05,0.423249
503.856,-0.568563,-1.63923,0.423348,3.50689e-05,0.423313
503.904,-0.597082,-1.63908,0.423443,3.13319e-05,0.423412
503.952,-0.613586,-1.63892,0.423453,2.93541e-05,0.423423
504,-0.605571,-1.63877,0.423509,3.0299e-05,0.423479
504.048,-0.57407,-1.63861,0.423578,3.43156e-05,0.423543
504.096,-0.576561,-1.63846,0.423685,3.39799e-05,0.423651
504.144,-0.562564,-1.63831,0.42378,3.59126e-05,0.423744
504.192,-0.561565,-1.63816,0.423951,3.60551e-05,0.423915
504.24,-0.567563,-1.63802,0.424114,3.52109e-05,0.424079
504.288,-0.560565,-1.63788,0.424272,3.61986e-05,0.424236
504.336,-0.563056,-1.63774,0.424447,3.58444e-05,0.424411
504.384,-0.559057,-1.6376,0.424585,3.64157e-05,0.424548
504.432,-0.562564,-1.63746,0.424722,3.59149e-05,0.424686
504.48,-0.54706,-1.63732,0.424885,3.81844e-05,0.424847
504.528,-0.534554,-1.63719,0.425091,4.01189e-05,0.425051
504.576,-0.542552,-1.63706,0.425288,3.88713e-05,0.425249
504.624,-0.535554,-1.63693,0.425484,3.99616e-05,0.425444
504.672,-0.563056,-1.6368,0.425623,3.5847e-05,0.425587
504.72,-0.584576,-1.63667,0.425716,3.29251e-05,0.425683
504.768,-0.596082,-1.63654,0.425821,3.14621e-05,0.425789
504.816,-0.568071,-1.63641,0.425972,3.51446e-05,0.425937
504.864,-0.581069,-1.63629,0.426084,3.33856e-05,0.42605
504.912,-0.583576,-1.63615,0.426169,3.30568e-05,0.426136
504.96,-0.584576,-1.63602,0.426257,3.29268e-05,0.426224
505.008,-0.557565,-1.63589,0.426354,3.66357e-05,0.426317
505.056,-0.594082,-1.63576,0.426439,3.17135e-05,0.426407
505.104,-0.60608,-1.63563,0.426469,3.02454e-05,0.426439
505.152,-0.625584,-1.63549,0.426484,2.80023e-05,0.426456
505.2,-0.57407,-1.63536,0.426561,3.43242e-05,0.426527
505.248,-0.594082,-1.63522,0.426625,3.17148e-05,0.426593
505.296,-0.590575,-1.63508,0.426672,3.21578e-05,0.42664
505.344,-0.588575,-1.63494,0.426647,3.24132e-05,0.426614
505.392,-0.60308,-1.6348,0.426657,3.0608e-05,0.426626
505.44,-0.609587,-1.63465,0.426646,2.98314e-05,0.426617
505.488,-0.585576,-1.6345,0.426673,3.28007e-05,0.42664
505.536,-0.586576,-1.63436,0.426752,3.26718e-05,0.42672
505.584,-0.585576,-1.63422,0.42682,3.28015e-05,0.426787
505.632,-0.580577,-1.63407,0.42687,3.34562e-05,0.426837
505.68,-0.582576,-1.63392,0.42692,3.31933e-05,0.426887
505.728,-0.567055,-1.63378,0.42699,3.52931e-05,0.426955
505.776,-0.572562,-1.63363,0.427063,3.45338e-05,0.427029
505.824,-0.547551,-1.63349,0.427153,3.81214e-05,0.427115
505.872,-0.565056,-1.63334,0.427255,3.55743e-05,0.427219
505.92,-0.52354,-1.6332,0.42742,4.19161e-05,0.427378
505.968,-0.57507,-1.63307,0.427549,3.41948e-05,0.427514
506.016,-0.557057,-1.63293,0.427664,3.67177e-05,0.427627
506.064,-0.566055,-1.63279,0.427765,3.54355e-05,0.427729
506.112,-0.523048,-1.63265,0.427935,4.19994e-05,0.427893
506.16,-0.533554,-1.63252,0.428096,4.02921e-05,0.428056
506.208,-0.535554,-1.63239,0.428304,3.99754e-05,0.428264
506.256,-0.528047,-1.63226,0.428464,4.11792e-05,0.428423
506.304,-0.51305,-1.63213,0.428631,4.36934e-05,0.428587
506.352,-0.546551,-1.632,0.428775,3.82766e-05,0.428736
506.4,-0.556566,-1.63187,0.428882,3.6792e-05,0.428845
506.448,-0.580577,-1.63174,0.428941,3.34621e-05,0.428908
506.496,-0.553058,-1.63161,0.428989,3.73062e-05,0.428951
506.544,-0.556058,-1.63148,0.429092,3.68671e-05,0.429055
506.592,-0.538553,-1.63135,0.429179,3.95076e-05,0.42914
506.64,-0.54406,-1.63121,0.429276,3.86576e-05,0.429238
506.688,-0.556058,-1.63108,0.429356,3.68682e-05,0.429319
506.736,-0.592066,-1.63095,0.429371,3.19789e-05,0.429339
506.784,-0.578069,-1.63081,0.429425,3.37978e-05,0.429392
506.832,-0.579069,-1.63067,0.429493,3.36648e-05,0.429459
506.88,-0.566564,-1.63054,0.429555,3.53705e-05,0.429519
506.928,-0.568563,-1.63039,0.429559,3.50925e-05,0.429524
506.976,-0.570563,-1.63026,0.429617,3.48167e-05,0.429582
507.024,-0.581577,-1.63011,0.429638,3.33343e-05,0.429605
507.072,-0.558057,-1.62997,0.429699,3.65811e-05,0.429662
507.12,-0.557565,-1.62983,0.42977,3.66527e-05,0.429733
507.168,-0.562056,-1.62969,0.429832,3.60084e-05,0.429796
507.216,-0.549059,-1.62955,0.429924,3.79063e-05,0.429886
507.264,-0.510051,-1.62941,0.430081,4.42235e-05,0.430036
507.312,-0.519541,-1.62928,0.430238,4.25965e-05,0.430195
507.36,-0.573562,-1.62914,0.43035,3.44094e-05,0.430316
507.408,-0.518049,-1.62901,0.430469,4.28491e-05,0.430426
507.456,-0.54506,-1.62887,0.430564,3.85121e-05,0.430525
507.504,-0.498037,-1.62874,0.430728,4.63756e-05,0.430682
507.552,-0.541553,-1.62861,0.430878,3.90503e-05,0.430839
507.6,-0.538045,-1.62848,0.431,3.95956e-05,0.43096
507.648,-0.536554,-1.62835,0.43111,3.98301e-05,0.43107
507.696,-0.513542,-1.62822,0.431268,4.36216e-05,0.431225
507.744,-0.510543,-1.62809,0.431425,4.41421e-05,0.431381
507.792,-0.518541,-1.62797,0.43158,4.27693e-05,0.431537
507.84,-0.509035,-1.62784,0.431731,4.44067e-05,0.431687
507.888,-0.508543,-1.62772,0.431908,4.44935e-05,0.431864
507.936,-0.512542,-1.6276,0.432067,4.37964e-05,0.432023
507.984,-0.519049,-1.62748,0.432209,4.26852e-05,0.432166
508.032,-0.572562,-1.62735,0.43229,3.45504e-05,0.432256
508.08,-0.57307,-1.62723,0.432362,3.44814e-05,0.432327
508.128,-0.562564,-1.6271,0.432423,3.59433e-05,0.432387
508.176,-0.539045,-1.62698,0.432518,3.94441e-05,0.432478
508.224,-0.553058,-1.62685,0.432568,3.73198e-05,0.43253
508.272,-0.559057,-1.62672,0.432631,3.64459e-05,0.432594
508.32,-0.561056,-1.62659,0.432646,3.61595e-05,0.43261
508.368,-0.574562,-1.62645,0.432692,3.42808e-05,0.432658
508.416,-0.540061,-1.62632,0.432707,3.9288e-05,0.432668
508.464,-0.57507,-1.62618,0.432729,3.42128e-05,0.432695
508.512,-0.525048,-1.62605,0.432813,4.16899e-05,0.432771
508.56,-0.560057,-1.62591,0.432847,3.63045e-05,0.432811
508.608,-0.566055,-1.62577,0.432848,3.54545e-05,0.432812
508.656,-0.571071,-1.62563,0.432903,3.47591e-05,0.432868
508.704,-0.596082,-1.62549,0.432923,3.14886e-05,0.432892
508.752,-0.54306,-1.62534,0.432964,3.8828e-05,0.432925
508.8,-0.586576,-1.6252,0.432992,3.26946e-05,0.432959
508.848,-0.555566,-1.62506,0.433022,3.69568e-05,0.432985
508.896,-0.551567,-1.62491,0.433123,3.75459e-05,0.433086
508.944,-0.526556,-1.62477,0.433249,4.14463e-05,0.433208
508.992,-0.533554,-1.62464,0.433354,4.03163e-05,0.433314
509.04,-0.540553,-1.6245,0.433467,3.92172e-05,0.433428
509.088,-0.519049,-1.62436,0.433609,4.26953e-05,0.433566
509.136,-0.527556,-1.62422,0.433738,4.12846e-05,0.433697
509.184,-0.528047,-1.62409,0.433856,4.12049e-05,0.433815
509.232,-0.496038,-1.62396,0.434042,4.67605e-05,0.433995
509.28,-0.511051,-1.62383,0.434191,4.40679e-05,0.434147
509.328,-0.484024,-1.6237,0.434396,4.90345e-05,0.434347
509.376,-0.481025,-1.62358,0.434562,4.96195e-05,0.434513
509.424,-0.513542,-1.62345,0.434707,4.36375e-05,0.434664
509.472,-0.481025,-1.62333,0.43486,4.96204e-05,0.434811
509.52,-0.491531,-1.6232,0.43501,4.76034e-05,0.434963
509.568,-0.486532,-1.62308,0.435161,4.85534e-05,0.435113
509.616,-0.511543,-1.62296,0.43529,4.39853e-05,0.435246
509.664,-0.525048,-1.62284,0.435419,4.17001e-05,0.435378
509.712,-0.533554,-1.62271,0.435494,4.03222e-05,0.435453
509.76,-0.508035,-1.62259,0.435573,4.46003e-05,0.435528
509.808,-0.525048,-1.62246,0.435674,4.17013e-05,0.435633
509.856,-0.506036,-1.62234,0.435804,4.49549e-05,0.435759
509.904,-0.538553,-1.62221,0.435893,3.95351e-05,0.435853
509.952,-0.511543,-1.62209,0.435981,4.39882e-05,0.435937
510,-0.525048,-1.62196,0.436037,4.17029e-05,0.435995
510.048,-0.54306,-1.62183,0.436076,3.88384e-05,0.436038
510.096,-0.557057,-1.6217,0.436116,3.67491e-05,0.436079
510.144,-0.547551,-1.62157,0.436148,3.81561e-05,0.43611
510.192,-0.555058,-1.62144,0.436193,3.70413e-05,0.436156
510.24,-0.537553,-1.6213,0.436231,3.96943e-05,0.436191
510.288,-0.526556,-1.62117,0.436298,4.14577e-05,0.436257
510.336,-0.547551,-1.62103,0.436336,3.81576e-05,0.436298
510.384,-0.549059,-1.62089,0.436369,3.79314e-05,0.436331
510.432,-0.512051,-1.62076,0.436437,4.39044e-05,0.436393
510.48,-0.530555,-1.62062,0.436519,4.08094e-05,0.436478
510.528,-0.497038,-1.62049,0.436649,4.65885e-05,0.436602
510.576,-0.534554,-1.62036,0.436753,4.01705e-05,0.436713
510.624,-0.512051,-1.62022,0.436898,4.39062e-05,0.436854
510.672,-0.513542,-1.62009,0.436971,4.36487e-05,0.436927
510.72,-0.48504,-1.61996,0.437139,4.88519e-05,0.43709
510.768,-0.501037,-1.61983,0.437276,4.58604e-05,0.437231
510.816,-0.49553,-1.61971,0.43744,4.68696e-05,0.437393
510.864,-0.475534,-1.61958,0.437585,5.07231e-05,0.437534
510.912,-0.479533,-1.61946,0.437748,4.99284e-05,0.437699
510.96,-0.46252,-1.61934,0.437913,5.34002e-05,0.43786
511.008,-0.482532,-1.61921,0.438035,4.93412e-05,0.437985
511.056,-0.484532,-1.61909,0.438146,4.89534e-05,0.438097
511.104,-0.497038,-1.61897,0.438296,4.65939e-05,0.43825
511.152,-0.470027,-1.61885,0.438456,5.18417e-05,0.438404
511.2,-0.491531,-1.61873,0.438608,4.76196e-05,0.438561
511.248,-0.51305,-1.61861,0.438715,4.37385e-05,0.438671
511.296,-0.525048,-1.61849,0.438791,4.17139e-05,0.43875
511.344,-0.531047,-1.61836,0.438846,4.07372e-05,0.438806
511.392,-0.501037,-1.61824,0.438925,4.5866e-05,0.438879
511.44,-0.48604,-1.61812,0.439043,4.86662e-05,0.438995
511.488,-0.51305,-1.61799,0.439126,4.37405e-05,0.439082
511.536,-0.510543,-1.61787,0.439176,4.41765e-05,0.439132
511.584,-0.509035,-1.61774,0.439261,4.44409e-05,0.439217
511.632,-0.518541,-1.61761,0.439351,4.28031e-05,0.439308
511.68,-0.534554,-1.61749,0.439397,4.01792e-05,0.439357
511.728,-0.514542,-1.61736,0.439439,4.34856e-05,0.439395
511.776,-0.532554,-1.61722,0.439448,4.04987e-05,0.439408
511.824,-0.505036,-1.61709,0.439482,4.51509e-05,0.439437
511.872,-0.476026,-1.61696,0.439602,5.06347e-05,0.439551
511.92,-0.505544,-1.61683,0.439674,4.50613e-05,0.439629
511.968,-0.51305,-1.6167,0.439732,4.37449e-05,0.439689
512.016,-0.52354,-1.61656,0.439741,4.19693e-05,0.439699
512.064,-0.498037,-1.61643,0.439831,4.64191e-05,0.439784
512.112,-0.477025,-1.6163,0.440012,5.04377e-05,0.439962
512.16,-0.477025,-1.61617,0.44013,5.04382e-05,0.44008
512.208,-0.476026,-1.61604,0.44026,5.06383e-05,0.440209
512.256,-0.491531,-1.61591,0.440367,4.76298e-05,0.440319
512.304,-0.45803,-1.61579,0.440559,5.43708e-05,0.440504
512.352,-0.477534,-1.61566,0.440686,5.0339e-05,0.440635
512.4,-0.469519,-1.61554,0.440834,5.19589e-05,0.440782
512.448,-0.449015,-1.61542,0.440993,5.63436e-05,0.440937
512.496,-0.460521,-1.6153,0.441155,5.38402e-05,0.441101
512.544,-0.451015,-1.61518,0.441361,5.59012e-05,0.441305
512.592,-0.439509,-1.61507,0.441553,5.85014e-05,0.441495
512.64,-0.471027,-1.61495,0.441696,5.16526e-05,0.441645
512.688,-0.438018,-1.61484,0.441853,5.88481e-05,0.441795
512.736,-0.474534,-1.61472,0.441967,5.09427e-05,0.441916
512.784,-0.466028,-1.61461,0.442116,5.26843e-05,0.442063
512.832,-0.464028,-1.61449,0.442235,5.31026e-05,0.442181
512.88,-0.480025,-1.61438,0.442362,4.98508e-05,0.442312
512.928,-0.49553,-1.61426,0.442445,4.68891e-05,0.442398
512.976,-0.460029,-1.61415,0.442581,5.39497e-05,0.442527
513.024,-0.443016,-1.61404,0.442761,5.77009e-05,0.442703
513.072,-0.46252,-1.61393,0.442892,5.34222e-05,0.442839
513.12,-0.477534,-1.61381,0.442985,5.03461e-05,0.442934
513.168,-0.472535,-1.6137,0.443067,5.13507e-05,0.443016
513.216,-0.45503,-1.61358,0.443186,5.50281e-05,0.443131
513.264,-0.492039,-1.61347,0.443276,4.75432e-05,0.443229
513.312,-0.482532,-1.61335,0.44333,4.93632e-05,0.44328
513.36,-0.480533,-1.61323,0.44338,4.97552e-05,0.44333
513.408,-0.483532,-1.61311,0.443437,4.91695e-05,0.443388
513.456,-0.45803,-1.61299,0.44354,5.43824e-05,0.443486
513.504,-0.426004,-1.61287,0.44365,6.17177e-05,0.443588
513.552,-0.452014,-1.61275,0.443782,5.56912e-05,0.443726
513.6,-0.480025,-1.61263,0.443879,4.98574e-05,0.443829
513.648,-0.470027,-1.61252,0.443985,5.18667e-05,0.443933
513.696,-0.446524,-1.6124,0.444139,5.69139e-05,0.444082
513.744,-0.45603,-1.61229,0.444286,5.48166e-05,0.444232
513.792,-0.449015,-1.61217,0.444437,5.63575e-05,0.444381
513.84,-0.480533,-1.61206,0.444565,4.97596e-05,0.444516
513.888,-0.445524,-1.61195,0.444758,5.71411e-05,0.444701
513.936,-0.428511,-1.61184,0.444964,6.11141e-05,0.444903
513.984,-0.421005,-1.61173,0.445124,6.29541e-05,0.445061
514.032,-0.45503,-1.61162,0.445231,5.50363e-05,0.445176
514.08,-0.431019,-1.61151,0.445379,6.05132e-05,0.445319
514.128,-0.4045,-1.61141,0.445563,6.71972e-05,0.445495
514.176,-0.457521,-1.6113,0.445702,5.44986e-05,0.445648
514.224,-0.444016,-1.6112,0.445878,5.74858e-05,0.44582
514.272,-0.414006,-1.6111,0.446097,6.47221e-05,0.446032
514.32,-0.476534,-1.611,0.446238,5.05562e-05,0.446188
514.368,-0.443525,-1.61089,0.446379,5.7599e-05,0.446322
514.416,-0.465028,-1.61079,0.446488,5.29082e-05,0.446435
514.464,-0.458521,-1.61069,0.446623,5.42863e-05,0.446569
514.512,-0.483024,-1.61058,0.446654,4.92778e-05,0.446605
514.56,-0.413007,-1.61047,0.44678,6.49813e-05,0.446715
514.608,-0.466028,-1.61036,0.446867,5.27013e-05,0.446814
514.656,-0.433019,-1.61026,0.447021,6.00428e-05,0.446961
514.704,-0.446016,-1.61015,0.447098,5.70381e-05,0.447041
514.752,-0.476026,-1.61004,0.447153,5.06614e-05,0.447102
514.8,-0.425512,-1.60993,0.44729,6.18516e-05,0.447228
514.848,-0.464028,-1.60982,0.447364,5.31215e-05,0.447311
514.896,-0.481533,-1.60971,0.447413,4.95723e-05,0.447364
514.944,-0.477025,-1.60959,0.447463,5.04634e-05,0.447413
514.992,-0.464028,-1.60948,0.447544,5.31229e-05,0.447491
515.04,-0.475026,-1.60936,0.447576,5.08646e-05,0.447525
515.088,-0.481533,-1.60924,0.447633,4.95741e-05,0.447584
515.136,-0.470027,-1.60913,0.447712,5.18801e-05,0.44766
515.184,-0.445016,-1.60901,0.447784,5.72688e-05,0.447727
515.232,-0.433019,-1.60889,0.447874,6.00491e-05,0.447814
515.28,-0.425512,-1.60877,0.448033,6.1857e-05,0.447971
515.328,-0.451523,-1.60866,0.448158,5.58169e-05,0.448102
515.376,-0.451523,-1.60854,0.448281,5.58173e-05,0.448225
515.424,-0.45703,-1.60843,0.44837,5.46165e-05,0.448316
515.472,-0.437018,-1.60831,0.448465,5.91104e-05,0.448406
515.52,-0.425004,-1.60819,0.448579,6.19841e-05,0.448517
515.568,-0.414498,-1.60808,0.448743,6.46113e-05,0.448678
515.616,-0.4065,-1.60797,0.44889,6.6686e-05,0.448823
515.664,-0.433019,-1.60785,0.449041,6.00538e-05,0.448981
515.712,-0.407008,-1.60774,0.449188,6.65534e-05,0.449122
515.76,-0.428511,-1.60763,0.449317,6.11337e-05,0.449256
515.808,-0.445016,-1.60752,0.449448,5.72753e-05,0.44939
515.856,-0.4065,-1.60741,0.449591,6.66888e-05,0.449525
515.904,-0.399501,-1.6073,0.449759,6.85588e-05,0.449691
515.952,-0.417514,-1.6072,0.449894,6.38504e-05,0.44983
516,-0.453522,-1.60709,0.449988,5.53843e-05,0.449932
516.048,-0.423512,-1.60698,0.450123,6.23561e-05,0.450061
516.096,-0.434018,-1.60687,0.450221,5.98216e-05,0.450161
516.144,-0.438018,-1.60675,0.450286,5.88844e-05,0.450228
516.192,-0.435018,-1.60664,0.450361,5.95868e-05,0.450301
516.24,-0.433019,-1.60652,0.45043,6.00599e-05,0.45037
516.288,-0.454014,-1.60641,0.450491,5.52797e-05,0.450436
516.336,-0.451523,-1.60629,0.450536,5.58269e-05,0.45048
516.384,-0.443016,-1.60617,0.4506,5.77354e-05,0.450542
516.432,-0.496038,-1.60605,0.450616,4.68243e-05,0.450569
516.48,-0.467028,-1.60593,0.450649,5.25113e-05,0.450596
516.528,-0.427512,-1.6058,0.45069,6.13842e-05,0.450629
516.576,-0.443016,-1.60568,0.450743,5.77376e-05,0.450685
516.624,-0.447524,-1.60555,0.450803,5.67191e-05,0.450746
516.672,-0.464028,-1.60542,0.450856,5.31392e-05,0.450803
516.72,-0.411007,-1.6053,0.450931,6.55224e-05,0.450866
516.768,-0.443016,-1.60517,0.450983,5.77398e-05,0.450925
516.816,-0.452523,-1.60504,0.451037,5.56121e-05,0.450982
516.864,-0.420513,-1.60491,0.451099,6.31093e-05,0.451036
516.912,-0.421513,-1.60479,0.451238,6.28611e-05,0.451175
516.96,-0.419005,-1.60466,0.451373,6.34875e-05,0.45131
517.008,-0.437509,-1.60454,0.451477,5.90126e-05,0.451418
517.056,-0.447016,-1.60441,0.451544,5.6838e-05,0.451488
517.104,-0.427512,-1.60428,0.451616,6.13913e-05,0.451555
517.152,-0.426512,-1.60416,0.451679,6.16349e-05,0.451617
517.2,-0.405008,-1.60403,0.45181,6.71001e-05,0.451743
517.248,-0.411007,-1.6039,0.451909,6.55293e-05,0.451843
517.296,-0.382997,-1.60378,0.452048,7.31972e-05,0.451975
517.344,-0.387996,-1.60366,0.452212,7.17666e-05,0.452141
517.392,-0.400501,-1.60354,0.45234,6.83081e-05,0.452271
517.44,-0.4075,-1.60342,0.452464,6.64461e-05,0.452397
517.488,-0.411499,-1.60329,0.452538,6.54052e-05,0.452473
517.536,-0.421005,-1.60317,0.452652,6.29952e-05,0.452589
517.584,-0.4055,-1.60305,0.452749,6.69749e-05,0.452682
517.632,-0.425512,-1.60292,0.452786,6.18846e-05,0.452724
517.68,-0.420005,-1.6028,0.452845,6.32463e-05,0.452781
517.728,-0.43351,-1.60267,0.452868,5.99609e-05,0.452808
517.776,-0.417514,-1.60254,0.45293,6.3873e-05,0.452866
517.824,-0.385504,-1.60241,0.453051,7.24832e-05,0.452979
517.872,-0.428003,-1.60229,0.453137,6.12815e-05,0.453076
517.92,-0.441509,-1.60216,0.453198,5.80981e-05,0.45314
517.968,-0.428511,-1.60203,0.453258,6.11598e-05,0.453197
518.016,-0.450015,-1.6019,0.453294,5.61792e-05,0.453238
518.064,-0.484024,-1.60176,0.45328,4.91165e-05,0.45323
518.112,-0.474534,-1.60163,0.453276,5.09935e-05,0.453225
518.16,-0.470027,-1.60148,0.453243,5.19102e-05,0.453191
518.208,-0.43551,-1.60134,0.453254,5.94951e-05,0.453195
518.256,-0.449015,-1.6012,0.453254,5.64046e-05,0.453198
518.304,-0.468519,-1.60106,0.453283,5.22221e-05,0.453231
518.352,-0.45803,-1.60091,0.453293,5.44323e-05,0.453239
518.4,-0.479533,-1.60077,0.453287,4.99995e-05,0.453237
518.448,-0.447524,-1.60062,0.453305,5.67404e-05,0.453248
518.496,-0.425512,-1.60047,0.453372,6.18961e-05,0.45331
518.544,-0.408499,-1.60033,0.45344,6.61997e-05,0.453374
518.592,-0.401501,-1.60019,0.453541,6.80562e-05,0.453473
518.64,-0.43451,-1.60004,0.453601,5.97365e-05,0.453542
518.688,-0.391995,-1.5999,0.453717,7.0662e-05,0.453646
518.736,-0.415006,-1.59976,0.453827,6.45226e-05,0.453763
518.784,-0.419005,-1.59962,0.45392,6.35119e-05,0.453856
518.832,-0.410499,-1.59948,0.454021,6.56831e-05,0.453955
518.88,-0.387996,-1.59934,0.454147,7.17902e-05,0.454076
518.928,-0.386996,-1.5992,0.454257,7.2075e-05,0.454185
518.976,-0.386996,-1.59907,0.454418,7.20758e-05,0.454346
519.024,-0.399501,-1.59893,0.45452,6.86024e-05,0.454451
519.072,-0.440509,-1.5988,0.454604,5.8343e-05,0.454546
519.12,-0.390503,-1.59866,0.454735,7.10862e-05,0.454664
519.168,-0.409007,-1.59853,0.454828,6.6076e-05,0.454762
519.216,-0.394502,-1.59839,0.454932,6.99735e-05,0.454862
519.264,-0.426004,-1.59826,0.455001,6.17864e-05,0.454939
519.312,-0.409499,-1.59813,0.45508,6.59498e-05,0.455014
519.36,-0.449523,-1.59799,0.455132,5.63052e-05,0.455076
519.408,-0.415006,-1.59785,0.455176,6.45319e-05,0.455111
519.456,-0.409007,-1.59772,0.455262,6.60801e-05,0.455196
519.504,-0.435018,-1.59758,0.455317,5.96279e-05,0.455257
519.552,-0.430511,-1.59744,0.45535,6.06997e-05,0.45529
519.6,-0.418005,-1.5973,0.455423,6.37745e-05,0.455359
519.648,-0.395502,-1.59716,0.455462,6.97042e-05,0.455392
519.696,-0.418514,-1.59702,0.455478,6.3648e-05,0.455415
519.744,-0.409007,-1.59687,0.455501,6.60843e-05,0.455435
519.792,-0.430511,-1.59673,0.455515,6.0703e-05,0.455455
519.84,-0.425512,-1.59659,0.455551,6.19144e-05,0.455489
519.888,-0.417006,-1.59644,0.455623,6.4031e-05,0.455559
519.936,-0.428003,-1.5963,0.455668,6.13094e-05,0.455607
519.984,-0.417514,-1.59615,0.455748,6.3904e-05,0.455684
520.032,-0.402009,-1.59601,0.455822,6.79413e-05,0.455754
520.08,-0.401009,-1.59587,0.455914,6.82109e-05,0.455846
520.128,-0.416006,-1.59573,0.455969,6.42879e-05,0.455905
520.176,-0.417514,-1.59558,0.456044,6.39068e-05,0.45598
520.224,-0.368983,-1.59544,0.456162,7.74123e-05,0.456084
520.272,-0.390503,-1.5953,0.456259,7.11044e-05,0.456188
520.32,-0.364492,-1.59517,0.456402,7.87994e-05,0.456323
520.368,-0.387504,-1.59503,0.456527,7.19533e-05,0.456456
520.416,-0.378997,-1.59489,0.456643,7.44129e-05,0.456568
520.464,-0.387504,-1.59476,0.456764,7.19548e-05,0.456692
520.512,-0.361985,-1.59463,0.45689,7.95871e-05,0.45681
520.56,-0.353478,-1.5945,0.457065,8.23074e-05,0.456983
520.608,-0.342972,-1.59437,0.45724,8.57956e-05,0.457154
520.656,-0.37649,-1.59424,0.457367,7.51574e-05,0.457292
520.704,-0.362493,-1.59411,0.457477,7.94306e-05,0.457398
520.752,-0.391503,-1.59399,0.457603,7.08312e-05,0.457532
520.8,-0.381997,-1.59386,0.457717,7.35423e-05,0.457644
520.848,-0.390995,-1.59374,0.457823,7.09749e-05,0.457752
520.896,-0.417514,-1.59361,0.457885,6.39164e-05,0.457821
520.944,-0.430511,-1.59348,0.457913,6.0718e-05,0.457852
520.992,-0.431019,-1.59335,0.457975,6.05969e-05,0.457914
521.04,-0.355478,-1.59322,0.458119,8.16678e-05,0.458038
521.088,-0.414498,-1.59309,0.458185,6.4685e-05,0.45812
521.136,-0.389995,-1.59296,0.458238,7.12599e-05,0.458167
521.184,-0.385504,-1.59283,0.458315,7.25361e-05,0.458242
521.232,-0.381997,-1.5927,0.458423,7.35488e-05,0.45835
521.28,-0.390995,-1.59257,0.458518,7.09811e-05,0.458447
521.328,-0.375998,-1.59244,0.458563,7.53139e-05,0.458488
521.376,-0.393994,-1.59231,0.458618,7.01465e-05,0.458548
521.424,-0.392994,-1.59218,0.458674,7.04248e-05,0.458603
521.472,-0.393994,-1.59204,0.45874,7.01479e-05,0.45867
521.52,-0.426004,-1.59191,0.458776,6.18162e-05,0.458714
521.568,-0.387504,-1.59178,0.458891,7.19711e-05,0.458819
521.616,-0.347988,-1.59165,0.45899,8.41301e-05,0.458906
521.664,-0.348988,-1.59152,0.459125,8.37994e-05,0.459042
521.712,-0.361493,-1.59139,0.459245,7.97614e-05,0.459165
521.76,-0.366984,-1.59127,0.459372,7.80509e-05,0.459294
521.808,-0.349987,-1.59114,0.459517,8.34715e-05,0.459433
521.856,-0.348988,-1.59102,0.459639,8.38026e-05,0.459555
521.904,-0.34548,-1.59089,0.459793,8.49725e-05,0.459708
521.952,-0.331483,-1.59078,0.459994,8.98032e-05,0.459904
522,-0.347988,-1.59066,0.460176,8.41365e-05,0.460092
522.048,-0.384488,-1.59054,0.460321,7.28405e-05,0.460248
522.096,-0.351987,-1.59043,0.460506,8.28193e-05,0.460423
522.144,-0.336974,-1.59032,0.460694,8.78797e-05,0.460607
522.192,-0.334974,-1.59021,0.460872,8.85773e-05,0.460783
522.24,-0.354986,-1.5901,0.46103,8.1846e-05,0.460948
522.288,-0.302965,-1.59,0.461239,0.000100516,0.461139
522.336,-0.360985,-1.58989,0.461362,7.99308e-05,0.461282
522.384,-0.335974,-1.58978,0.461514,8.82311e-05,0.461426
522.432,-0.382997,-1.58967,0.461612,7.32757e-05,0.461539
522.48,-0.389995,-1.58956,0.461675,7.12783e-05,0.461604
522.528,-0.371491,-1.58945,0.461767,7.66842e-05,0.461691
522.576,-0.365984,-1.58934,0.461879,7.83712e-05,0.461801
522.624,-0.351479,-1.58923,0.461959,8.29933e-05,0.461876
522.672,-0.384996,-1.58912,0.462045,7.27023e-05,0.461972
522.72,-0.378997,-1.589,0.462077,7.44463e-05,0.462003
522.768,-0.359477,-1.58889,0.462146,8.04144e-05,0.462065
522.816,-0.37349,-1.58877,0.462214,7.60848e-05,0.462138
522.864,-0.369491,-1.58866,0.462267,7.72969e-05,0.462189
522.912,-0.368983,-1.58854,0.462317,7.74529e-05,0.462239
522.96,-0.364492,-1.58842,0.46238,7.88398e-05,0.462301
523.008,-0.363493,-1.5883,0.462396,7.91525e-05,0.462317
523.056,-0.372491,-1.58818,0.462459,7.63893e-05,0.462383
523.104,-0.356986,-1.58805,0.462503,8.12148e-05,0.462422
523.152,-0.386996,-1.58793,0.462516,7.21369e-05,0.462444
523.2,-0.360493,-1.5878,0.462575,8.00989e-05,0.462495
523.248,-0.331975,-1.58768,0.462689,8.96501e-05,0.4626
523.296,-0.342481,-1.58756,0.462804,8.60069e-05,0.462718
523.344,-0.350479,-1.58743,0.462912,8.3333e-05,0.462828
523.392,-0.329467,-1.58731,0.463047,9.05449e-05,0.462957
523.44,-0.357494,-1.58719,0.46314,8.10572e-05,0.463059
523.488,-0.336482,-1.58707,0.463257,8.80723e-05,0.463169
523.536,-0.359985,-1.58696,0.463382,8.02649e-05,0.463302
523.584,-0.306472,-1.58684,0.463585,9.91567e-05,0.463485
523.632,-0.326468,-1.58673,0.463749,9.1628e-05,0.463657
523.68,-0.320469,-1.58662,0.463942,9.38256e-05,0.463848
523.728,-0.315962,-1.58651,0.464149,9.55116e-05,0.464053
523.776,-0.293459,-1.58641,0.46438,0.00010439,0.464276
523.824,-0.322469,-1.58631,0.464551,9.30898e-05,0.464458
523.872,-0.300965,-1.58621,0.464767,0.000101342,0.464666
523.92,-0.322977,-1.58611,0.464948,9.29046e-05,0.464856
523.968,-0.292459,-1.58601,0.465164,0.000104806,0.465059
524.016,-0.384488,-1.58591,0.465277,7.28661e-05,0.465204
524.064,-0.327468,-1.58581,0.465414,9.12733e-05,0.465322
524.112,-0.372491,-1.58571,0.46549,7.64037e-05,0.465414
524.16,-0.361493,-1.58561,0.465585,7.97965e-05,0.465505
524.208,-0.320977,-1.58551,0.465701,9.36454e-05,0.465607
524.256,-0.295458,-1.58541,0.465902,0.000103576,0.465799
524.304,-0.328467,-1.58531,0.466041,9.0917e-05,0.46595
524.352,-0.318978,-1.58522,0.466221,9.439e-05,0.466127
524.4,-0.299965,-1.58512,0.466363,0.000101751,0.466261
524.448,-0.330483,-1.58503,0.466479,9.01979e-05,0.466388
524.496,-0.333483,-1.58493,0.466578,8.91364e-05,0.466489
524.544,-0.325976,-1.58483,0.466696,9.18194e-05,0.466604
524.592,-0.31847,-1.58473,0.466818,9.45831e-05,0.466723
524.64,-0.307472,-1.58464,0.466981,9.87825e-05,0.466882
524.688,-0.326468,-1.58454,0.467104,9.16433e-05,0.467013
524.736,-0.305472,-1.58445,0.46725,9.95671e-05,0.467151
524.784,-0.280953,-1.58435,0.467398,0.000109691,0.467289
524.832,-0.315962,-1.58426,0.467555,9.55279e-05,0.467459
524.88,-0.264957,-1.58418,0.467811,0.000116846,0.467694
524.928,-0.300457,-1.58409,0.468069,0.000101562,0.467968
524.976,-0.289951,-1.58401,0.468312,0.000105865,0.468206
525.024,-0.28846,-1.58393,0.468536,0.000106491,0.468429
525.072,-0.277462,-1.58385,0.468741,0.000111218,0.46863
525.12,-0.272955,-1.58378,0.468993,0.000113216,0.46888
525.168,-0.251451,-1.58371,0.469226,0.000123251,0.469103
525.216,-0.234439,-1.58364,0.469464,0.000131815,0.469332
525.264,-0.248436,-1.58357,0.469706,0.000124728,0.469581
525.312,-0.249452,-1.5835,0.469963,0.00012423,0.469839
525.36,-0.243945,-1.58344,0.470249,0.000126961,0.470122
525.408,-0.277462,-1.58338,0.470458,0.000111222,0.470347
525.456,-0.275446,-1.58332,0.470648,0.000112112,0.470536
525.504,-0.208936,-1.58326,0.470944,0.000145783,0.470798
525.552,-0.229931,-1.58321,0.471238,0.000134186,0.471104
525.6,-0.225932,-1.58316,0.47152,0.000136322,0.471384
525.648,-0.249943,-1.58311,0.471763,0.000123992,0.471639
525.696,-0.265448,-1.58305,0.471962,0.000116629,0.471845
525.744,-0.270447,-1.583,0.472174,0.00011435,0.47206
525.792,-0.239946,-1.58296,0.472437,0.000128987,0.472308
525.84,-0.251451,-1.58291,0.472658,0.000123258,0.472535
525.888,-0.277954,-1.58286,0.472856,0.000111011,0.472745
525.936,-0.256942,-1.58282,0.473051,0.000120615,0.472931
525.984,-0.25845,-1.58277,0.473229,0.0001199,0.473109
526.032,-0.245944,-1.58272,0.473421,0.00012597,0.473295
526.08,-0.274463,-1.58267,0.473543,0.000112554,0.473431
526.128,-0.237946,-1.58262,0.473705,0.000130012,0.473575
526.176,-0.295458,-1.58257,0.473797,0.000103599,0.473694
526.224,-0.246944,-1.58251,0.473955,0.000125475,0.473829
526.272,-0.25745,-1.58246,0.47415,0.000120377,0.474029
526.32,-0.244944,-1.58242,0.474377,0.000126471,0.47425
526.368,-0.253943,-1.58237,0.474564,0.000122057,0.474442
526.416,-0.265448,-1.58232,0.474751,0.000116636,0.474635
526.464,-0.232439,-1.58227,0.474959,0.000132874,0.474826
526.512,-0.206936,-1.58223,0.475258,0.00014695,0.475111
526.56,-0.207428,-1.58219,0.475518,0.000146665,0.475371
526.608,-0.200429,-1.58216,0.475806,0.000150774,0.475655
526.656,-0.212427,-1.58212,0.476048,0.0001438,0.475904
526.704,-0.206936,-1.58208,0.476299,0.000146952,0.476152
526.752,-0.218426,-1.58205,0.476563,0.000140435,0.476422
526.8,-0.153915,-1.58202,0.47691,0.000181165,0.476728
526.848,-0.215934,-1.582,0.477164,0.000141824,0.477022
526.896,-0.168912,-1.58197,0.477489,0.000170753,0.477318
526.944,-0.16642,-1.58195,0.477802,0.00017244,0.477629
526.992,-0.155915,-1.58194,0.478154,0.000179742,0.477974
527.04,-0.210935,-1.58192,0.478402,0.000144651,0.478257
527.088,-0.169911,-1.5819,0.478731,0.000170081,0.478561
527.136,-0.196922,-1.58189,0.478982,0.00015288,0.478829
527.184,-0.172419,-1.58188,0.479299,0.000168406,0.47913
527.232,-0.143901,-1.58187,0.479629,0.000188471,0.479441
527.28,-0.173911,-1.58186,0.479891,0.000167418,0.479723
527.328,-0.184925,-1.58185,0.480136,0.000160295,0.479976
527.376,-0.164421,-1.58184,0.480403,0.000173808,0.480229
527.424,-0.143901,-1.58184,0.480688,0.000188471,0.480499
527.472,-0.168912,-1.58183,0.48094,0.000170755,0.480769
527.52,-0.147408,-1.58183,0.481183,0.00018588,0.480997
527.568,-0.163913,-1.58182,0.481449,0.000174157,0.481275
527.616,-0.176418,-1.58182,0.481701,0.000165769,0.481535
527.664,-0.168912,-1.58181,0.481944,0.000170755,0.481773
527.712,-0.191415,-1.58181,0.482159,0.000156241,0.482002
527.76,-0.17691,-1.5818,0.482386,0.000165448,0.48222
527.808,-0.173911,-1.5818,0.482615,0.000167419,0.482448
527.856,-0.189924,-1.58179,0.482828,0.000157164,0.482671
527.904,-0.163405,-1.58179,0.483122,0.000174507,0.482947
527.952,-0.160405,-1.58179,0.483384,0.000176586,0.483208
528,-0.155915,-1.58179,0.483622,0.000179744,0.483442
528.048,-0.122397,-1.58179,0.483924,0.000205164,0.483718
528.096,-0.136902,-1.5818,0.484279,0.00019375,0.484085
528.144,-0.125905,-1.58181,0.484625,0.000202344,0.484422
528.192,-0.128904,-1.58182,0.484937,0.000199963,0.484737
528.24,-0.114399,-1.58183,0.485282,0.000211742,0.48507
528.288,-0.0688677,-1.58185,0.485686,0.000253409,0.485432
528.336,-0.0968945,-1.58187,0.486047,0.000226883,0.48582
528.384,-0.0893879,-1.5819,0.486413,0.000233702,0.486179
528.432,-0.0578701,-1.58192,0.486807,0.000264642,0.486542
528.48,-0.0658684,-1.58195,0.487201,0.000256423,0.486944
528.528,-0.0693758,-1.58199,0.487599,0.000252899,0.487346
528.576,-0.0388578,-1.58203,0.488064,0.000285247,0.487778
528.624,-0.0883881,-1.58206,0.488399,0.000234623,0.488165
528.672,-0.0388578,-1.58211,0.488829,0.000285246,0.488544
528.72,-0.0513633,-1.58215,0.489224,0.000271517,0.488952
528.768,-0.0488721,-1.5822,0.489643,0.000274197,0.489369
528.816,-0.0723752,-1.58225,0.490011,0.000249919,0.489761
528.864,-0.0673763,-1.58231,0.490393,0.000254895,0.490138
528.912,-0.0378581,-1.58236,0.490829,0.000286367,0.490542
528.96,-0.0328591,-1.58243,0.491267,0.000292067,0.490975
529.008,-0.0353668,-1.58249,0.491679,0.000289191,0.49139
529.056,-0.0258606,-1.58256,0.492128,0.000300237,0.491828
529.104,-0.0348587,-1.58262,0.492502,0.000289769,0.492212
529.152,-0.0218615,-1.58269,0.492901,0.000305006,0.492596
529.2,-0.0178624,-1.58276,0.493321,0.000309852,0.493011
529.248,-0.0208617,-1.58284,0.493777,0.000306207,0.493471
529.296,-0.00335731,-1.58292,0.494241,0.000328084,0.493913
529.344,0.0171628,-1.58301,0.49476,0.000355724,0.494405
529.392,0.0306681,-1.5831,0.495228,0.000375169,0.494853
529.44,0.0161631,-1.58319,0.495701,0.00035432,0.495347
529.488,0.029652,-1.58329,0.496217,0.000373664,0.495844
529.536,0.060678,-1.58339,0.496794,0.000422252,0.496372
529.584,0.0776744,-1.58351,0.497392,0.000451486,0.49694
529.632,0.157215,-1.58364,0.498222,0.000617468,0.497604
529.68,0.270747,-1.5838,0.49937,0.000964543,0.498406
529.728,0.649387,-1.58418,0.503998,0.00419962,0.499798
529.776,0.875977,-1.58485,0.511521,0.00982309,0.501698
529.824,0.921,-1.58549,0.515313,0.0115653,0.503748
529.872,0.84146,-1.58583,0.514368,0.00865317,0.505715
529.92,0.726419,-1.58615,0.513148,0.00562859,0.507519
529.968,0.63539,-1.58648,0.513102,0.00397982,0.509122
530.016,0.553358,-1.58682,0.513406,0.00290233,0.510504
530.064,0.467328,-1.58715,0.513779,0.00207908,0.5117
530.112,0.388804,-1.58749,0.51425,0.00153085,0.512719
530.16,0.341781,-1.58783,0.514876,0.00127372,0.513602
530.208,0.282253,-1.58816,0.515361,0.00100874,0.514353
530.256,0.224741,-1.58848,0.515789,0.000804885,0.514984
530.304,0.220725,-1.58881,0.516369,0.000792269,0.515577
530.352,0.191715,-1.58914,0.516827,0.000706892,0.51612
530.4,0.184225,-1.58945,0.517291,0.000686364,0.516605
530.448,0.144709,-1.58976,0.517627,0.000587553,0.517039
530.496,0.152707,-1.59006,0.518031,0.000606321,0.517424
530.544,0.125205,-1.59035,0.518327,0.000544119,0.517783
530.592,0.169212,-1.59065,0.51881,0.000646959,0.518163
530.64,0.180718,-1.59094,0.519266,0.000676887,0.518589
530.688,0.156706,-1.59122,0.519614,0.000615881,0.518998
530.736,0.1492,-1.5915,0.51995,0.000597947,0.519352
530.784,0.167212,-1.59177,0.520359,0.000641837,0.519717
530.832,0.126697,-1.59203,0.520613,0.000547253,0.520065
530.88,0.162213,-1.59229,0.521054,0.000629316,0.520424
530.928,0.172211,-1.59255,0.521427,0.000654541,0.520772
530.976,0.157706,-1.5928,0.521736,0.000618233,0.521118
531.024,0.190224,-1.59305,0.522179,0.00070255,0.521476
531.072,0.174211,-1.59329,0.522499,0.000659671,0.52184
531.12,0.175211,-1.59353,0.522875,0.000662257,0.522213
531.168,0.189224,-1.59377,0.52332,0.000699756,0.522621
531.216,0.270256,-1.59402,0.52402,0.000961938,0.523058
531.264,0.269748,-1.59426,0.524531,0.000960004,0.52357
531.312,0.273255,-1.59451,0.525067,0.000973286,0.524094
531.36,0.270256,-1.59475,0.525596,0.000961883,0.524634
531.408,0.285252,-1.59501,0.526212,0.00102014,0.525192
531.456,0.302265,-1.59526,0.526845,0.00109048,0.525755
531.504,0.346272,-1.59552,0.52766,0.00129555,0.526364
531.552,0.331275,-1.59578,0.528215,0.00122167,0.526994
531.6,0.405309,-1.59606,0.529302,0.00163168,0.527671
531.648,0.422813,-1.59634,0.530113,0.00174695,0.528366
531.696,0.602381,-1.59673,0.532753,0.00350346,0.529249
531.744,0.937997,-1.59763,0.542919,0.0122815,0.530637
531.792,1.09306,-1.59881,0.553335,0.0209861,0.532349
531.84,1.10306,-1.59967,0.555807,0.0216891,0.534118
531.888,1.03004,-1.60026,0.552785,0.0169622,0.535823
531.936,0.930998,-1.60064,0.549357,0.0119746,0.537383
531.984,0.809959,-1.60098,0.546426,0.00769135,0.538734
532.032,0.697917,-1.6013,0.544934,0.00504646,0.539887
532.08,0.601873,-1.60164,0.544313,0.00349531,0.540818
532.128,0.542361,-1.60199,0.544386,0.00277831,0.541608
532.176,0.485324,-1.60234,0.544522,0.00222714,0.542295
532.224,0.454822,-1.60269,0.544879,0.001978,0.542901
532.272,0.405309,-1.60302,0.54503,0.00163081,0.543399
532.32,0.363793,-1.60334,0.545198,0.00138663,0.543812
532.368,0.344781,-1.60365,0.545468,0.00128721,0.544181
532.416,0.309264,-1.60395,0.545592,0.00112006,0.544472
532.464,0.317262,-1.60424,0.545878,0.00115568,0.544722
532.512,0.323769,-1.60452,0.546164,0.00118549,0.544978
532.56,0.323769,-1.60479,0.5464,0.00118547,0.545215
532.608,0.312263,-1.60506,0.546613,0.0011332,0.54548
532.656,0.344273,-1.60533,0.547069,0.00128449,0.545785
532.704,0.329276,-1.60557,0.547274,0.00121124,0.546062
532.752,0.359777,-1.60583,0.547726,0.00136476,0.546361
532.8,0.376298,-1.60608,0.548147,0.00145579,0.546691
532.848,0.398802,-1.60633,0.548621,0.00158951,0.547032
532.896,0.424304,-1.60659,0.549178,0.00175577,0.547422
532.944,0.400801,-1.60682,0.549442,0.00160191,0.54784
532.992,0.441317,-1.60707,0.550146,0.00187605,0.54827
533.04,0.412307,-1.60731,0.55036,0.00167541,0.548685
533.088,0.428812,-1.60755,0.550909,0.00178676,0.549122
533.136,0.475834,-1.60781,0.551736,0.00214561,0.549591
533.184,0.508335,-1.60807,0.552536,0.00243415,0.550102
533.232,0.504844,-1.60832,0.553029,0.00240136,0.550628
533.28,0.511335,-1.60857,0.553641,0.00246253,0.551178
533.328,0.554866,-1.60885,0.55468,0.0029144,0.551766
533.376,0.535346,-1.60909,0.555015,0.00270246,0.552312
533.424,0.567355,-1.60938,0.555977,0.00305826,0.552919
533.472,0.649387,-1.6097,0.557758,0.00419147,0.553567
533.52,0.958517,-1.61054,0.567757,0.0132005,0.554556
533.568,1.23911,-1.61234,0.589079,0.0331515,0.555928
533.616,1.31514,-1.61386,0.598545,0.0410829,0.557462
533.664,1.2191,-1.61443,0.590195,0.0312325,0.558962
533.712,1.07956,-1.61463,0.580357,0.0200396,0.560318
533.76,0.944503,-1.61478,0.57401,0.012554,0.561456
533.808,0.878485,-1.61508,0.57232,0.00989063,0.56243
533.856,0.785439,-1.61531,0.570278,0.00701176,0.563266
533.904,0.69341,-1.61554,0.568904,0.00495539,0.563948
533.952,0.642388,-1.61578,0.568577,0.00407882,0.564498
534,0.601873,-1.61602,0.568464,0.00349147,0.564973
534.048,0.533346,-1.61623,0.568033,0.00268017,0.565353
534.096,0.523349,-1.61645,0.568263,0.00257835,0.565684
534.144,0.476834,-1.61664,0.568075,0.00215252,0.565922
534.192,0.443317,-1.61683,0.568017,0.00188931,0.566127
534.24,0.500337,-1.61704,0.568687,0.00235817,0.566329
534.288,0.459821,-1.61721,0.56856,0.00201463,0.566545
534.336,0.472327,-1.61739,0.568847,0.00211501,0.566732
534.384,0.508844,-1.61758,0.569399,0.00243718,0.566962
534.432,0.536854,-1.61777,0.569911,0.00271648,0.567195
534.48,0.566356,-1.61796,0.570558,0.00304449,0.567513
534.528,0.57737,-1.61815,0.571022,0.00317659,0.567846
534.576,0.600873,-1.61835,0.5717,0.00347745,0.568223
534.624,0.608871,-1.61855,0.572213,0.003586,0.568627
534.672,0.588367,-1.61872,0.572322,0.00331395,0.569008
534.72,0.646896,-1.61895,0.573602,0.00414878,0.569454
534.768,0.619377,-1.61913,0.573627,0.00373348,0.569893
534.816,0.653386,-1.61935,0.574593,0.00425291,0.57034
534.864,0.672398,-1.61957,0.575378,0.00457301,0.570805
534.912,0.728927,-1.61985,0.577,0.00566765,0.571333
534.96,0.721421,-1.62008,0.577396,0.00550891,0.571887
535.008,0.78344,-1.62038,0.579417,0.00695685,0.57246
535.056,1.11507,-1.62149,0.595812,0.0225233,0.573289
535.104,1.36217,-1.62369,0.620875,0.0464302,0.574445
535.152,1.41168,-1.62533,0.628148,0.0523969,0.575751
535.2,1.38818,-1.62643,0.626587,0.0495229,0.577064
535.248,1.22061,-1.62652,0.609612,0.0313446,0.578268
535.296,1.11357,-1.62663,0.601709,0.0224033,0.579306
535.344,0.940996,-1.62655,0.592529,0.0123864,0.580143
535.392,0.871978,-1.62665,0.590454,0.00964973,0.580805
535.44,0.802944,-1.62678,0.588813,0.00747846,0.581335
535.488,0.760937,-1.6269,0.58817,0.00639085,0.58178
535.536,0.700917,-1.62697,0.587197,0.00509429,0.582103
535.584,0.677905,-1.62709,0.587063,0.00466733,0.582396
535.632,0.683904,-1.62719,0.587409,0.00477516,0.582634
535.68,0.600873,-1.62723,0.586296,0.0034751,0.58282
535.728,0.635882,-1.62734,0.586986,0.00397493,0.583012
535.776,0.6644,-1.62746,0.587652,0.00443292,0.583219
535.824,0.613886,-1.62751,0.587076,0.00365326,0.583423
535.872,0.651895,-1.62762,0.587851,0.00422606,0.583625
535.92,0.654894,-1.62771,0.588131,0.00427476,0.583856
535.968,0.703916,-1.62784,0.589263,0.00515228,0.584111
536.016,0.714422,-1.62794,0.589754,0.00536164,0.584393
536.064,0.740925,-1.62809,0.590633,0.00592655,0.584706
536.112,0.757937,-1.62822,0.591365,0.00631857,0.585047
536.16,0.763936,-1.62836,0.591872,0.00646252,0.585409
536.208,0.806959,-1.62854,0.59339,0.00759008,0.585799
536.256,0.83497,-1.62873,0.594644,0.00842071,0.586224
536.304,0.845967,-1.62893,0.595441,0.00876931,0.586671
536.352,0.887483,-1.62921,0.597387,0.0102094,0.587178
536.4,0.906987,-1.62949,0.598678,0.0109581,0.58772
536.448,1.18809,-1.63075,0.616816,0.0283852,0.588431
536.496,1.4922,-1.63351,0.65193,0.0625076,0.589423
536.544,1.60375,-1.63585,0.667188,0.0766135,0.590574
536.592,1.51972,-1.63687,0.657759,0.0660056,0.591753
536.64,1.40617,-1.63724,0.64451,0.0516723,0.592837
536.688,1.20859,-1.63691,0.623964,0.0302067,0.593757
536.736,1.11656,-1.63687,0.617101,0.0226061,0.594495
536.784,0.973514,-1.63666,0.608944,0.0138921,0.595052
536.832,0.930507,-1.63667,0.607414,0.0119207,0.595493
536.88,0.881484,-1.63661,0.60581,0.00998309,0.595827
536.928,0.801452,-1.63652,0.60351,0.00743149,0.596078
536.976,0.795945,-1.6365,0.603557,0.00728053,0.596277
537.024,0.789947,-1.63648,0.603588,0.00711934,0.596469
537.072,0.791946,-1.63647,0.60382,0.00717271,0.596647
537.12,0.736434,-1.63638,0.602602,0.00582328,0.596779
537.168,0.758937,-1.63637,0.603253,0.00633841,0.596915
537.216,0.75243,-1.63632,0.603235,0.0061852,0.59705
537.264,0.767935,-1.63631,0.603743,0.00655628,0.597187
537.312,0.746432,-1.63625,0.603383,0.00604708,0.597336
537.36,0.746923,-1.63621,0.60352,0.00605831,0.597461
537.408,0.793946,-1.63623,0.604851,0.00722656,0.597625
537.456,0.808959,-1.63623,0.60546,0.00764224,0.597817
537.504,0.84246,-1.63629,0.606704,0.00865179,0.598052
537.552,0.86298,-1.63633,0.607635,0.00932998,0.598305
537.6,0.890482,-1.63642,0.608903,0.0103158,0.598587
537.648,0.935997,-1.6366,0.611088,0.0121577,0.59893
537.696,0.960516,-1.63677,0.612592,0.0132677,0.599324
537.744,1.00952,-1.63699,0.615477,0.0157577,0.599719
537.792,1.1936,-1.63787,0.62909,0.0288549,0.600236
537.84,1.51322,-1.64045,0.666147,0.0651593,0.600988
537.888,1.69128,-1.64312,0.688869,0.086937,0.601933
537.936,1.66127,-1.64466,0.686449,0.0834816,0.602967
537.984,1.4932,-1.64493,0.666519,0.0625782,0.60394
538.032,1.30915,-1.64463,0.645091,0.0403245,0.604766
538.08,1.16559,-1.64423,0.631845,0.0264358,0.605409
538.128,1.06705,-1.64396,0.625051,0.0191736,0.605877
538.176,0.982512,-1.6437,0.62053,0.0143316,0.606199
538.224,0.901988,-1.64347,0.617168,0.01075,0.606418
538.272,0.859964,-1.64326,0.615767,0.0092224,0.606545
538.32,0.809451,-1.64301,0.614254,0.00765224,0.606602
538.368,0.81145,-1.64285,0.614366,0.00770943,0.606657
538.416,0.792454,-1.64264,0.613868,0.00718291,0.606685
538.464,0.803452,-1.64247,0.614188,0.00748365,0.606704
538.512,0.816449,-1.6423,0.614584,0.00785429,0.606729
538.56,0.811958,-1.64214,0.614487,0.00772443,0.606763
538.608,0.833462,-1.64201,0.615189,0.00836539,0.606823
538.656,0.850475,-1.6419,0.615821,0.00890723,0.606914
538.704,0.865471,-1.64176,0.616419,0.00941168,0.607007
538.752,0.857965,-1.64164,0.61626,0.00915607,0.607104
538.8,0.90048,-1.6416,0.617943,0.010693,0.60725
538.848,0.909495,-1.64155,0.618476,0.0110477,0.607429
538.896,0.936505,-1.64151,0.619785,0.0121752,0.60761
538.944,0.957009,-1.6415,0.620927,0.0130989,0.607828
538.992,0.973022,-1.64154,0.62194,0.0138629,0.608077
539.04,1.02254,-1.64166,0.624831,0.0164775,0.608353
539.088,1.08056,-1.6419,0.628744,0.020065,0.608679
539.136,1.31364,-1.64314,0.649968,0.0408252,0.609143
539.184,1.57075,-1.64572,0.68226,0.072441,0.609819
539.232,1.7168,-1.64799,0.70038,0.0897245,0.610656
539.28,1.60076,-1.64882,0.687688,0.0761661,0.611522
539.328,1.45369,-1.64879,0.669846,0.0575429,0.612304
539.376,1.27163,-1.64823,0.649237,0.0363197,0.612917
539.424,1.10706,-1.64759,0.635224,0.0218957,0.613328
539.472,0.978513,-1.64707,0.62768,0.0141277,0.613552
539.52,0.912494,-1.64674,0.624832,0.0111636,0.613668
539.568,0.880976,-1.64647,0.623691,0.00995699,0.613734
539.616,0.888991,-1.6462,0.623989,0.0102523,0.613737
539.664,0.889974,-1.64595,0.624036,0.0102892,0.613747
539.712,0.856473,-1.64565,0.622839,0.00910327,0.613736
539.76,0.838969,-1.64536,0.622247,0.00853512,0.613712
539.808,0.865471,-1.64517,0.623133,0.00940918,0.613724
539.856,0.865979,-1.64491,0.623153,0.00942693,0.613726
539.904,0.859964,-1.64468,0.622948,0.00922139,0.613726
539.952,0.887483,-1.64447,0.62394,0.0101975,0.613743
540,0.908495,-1.64431,0.62479,0.0110055,0.613785
540.048,0.876485,-1.64403,0.623608,0.00979698,0.613811
540.096,0.883484,-1.64383,0.623884,0.0100505,0.613834
540.144,0.900988,-1.64366,0.624589,0.010711,0.613878
540.192,0.931506,-1.64354,0.625908,0.0119572,0.61395
540.24,0.963516,-1.64343,0.62746,0.0134028,0.614057
540.288,0.970006,-1.64335,0.627918,0.0137141,0.614204
540.336,0.993018,-1.64325,0.629214,0.0148699,0.614344
540.384,1.00752,-1.64322,0.630154,0.0156411,0.614513
540.432,1.02354,-1.64317,0.631226,0.0165325,0.614693
540.48,1.04055,-1.6432,0.632427,0.0175264,0.614901
540.528,1.04255,-1.64312,0.632747,0.0176466,0.615101
540.576,1.04804,-1.64315,0.633295,0.0179797,0.615315
540.624,1.11556,-1.64337,0.638094,0.0225213,0.615573
540.672,1.20961,-1.64379,0.646165,0.0302847,0.61588
540.72,1.43669,-1.64563,0.671751,0.0554212,0.616329
540.768,1.64327,-1.64813,0.698331,0.0813368,0.616994
540.816,1.70529,-1.64986,0.706204,0.088452,0.617752
540.864,1.58474,-1.65032,0.69266,0.0741685,0.618492
540.912,1.40868,-1.65,0.671044,0.051929,0.619115
540.96,1.24211,-1.64932,0.65293,0.0333497,0.61958
541.008,1.09406,-1.64864,0.640818,0.0209756,0.619843
541.056,0.959517,-1.64803,0.633145,0.0132093,0.619936
541.104,0.913986,-1.64761,0.631161,0.0112231,0.619938
541.152,0.886975,-1.64723,0.630068,0.0101765,0.619892
541.2,0.83597,-1.64677,0.628211,0.00844017,0.619771
541.248,0.86398,-1.64643,0.629003,0.00935698,0.619646
541.296,0.856965,-1.64608,0.628657,0.0091194,0.619538
541.344,0.851966,-1.64571,0.628382,0.00895361,0.619428
541.392,0.829463,-1.64532,0.627542,0.00824045,0.619301
541.44,0.789439,-1.64487,0.626226,0.00710124,0.619124
541.488,0.808959,-1.64451,0.626585,0.00763739,0.618948
541.536,0.822956,-1.64416,0.626839,0.00804497,0.618794
541.584,0.798453,-1.64376,0.625977,0.0073448,0.618632
541.632,0.794946,-1.64337,0.625713,0.00724958,0.618464
541.68,0.75443,-1.64293,0.624479,0.00622874,0.61825
541.728,0.747923,-1.64252,0.624095,0.00607822,0.618016
541.776,0.742924,-1.64211,0.623742,0.00596498,0.617777
541.824,0.72542,-1.6417,0.623117,0.00558364,0.617533
541.872,0.725928,-1.64129,0.622879,0.00559456,0.617284
541.92,0.709423,-1.64086,0.622257,0.00525579,0.617001
541.968,0.712914,-1.64045,0.622048,0.00532597,0.616722
542.016,0.674906,-1.64,0.621041,0.00460971,0.616432
542.064,0.688903,-1.63958,0.620995,0.00486222,0.616132
542.112,0.634882,-1.63912,0.619769,0.00395614,0.615813
542.16,0.639897,-1.63869,0.619508,0.00403301,0.615475
542.208,0.670399,-1.63828,0.619688,0.00453177,0.615156
542.256,0.675906,-1.63786,0.619469,0.00462808,0.614841
542.304,0.650387,-1.63742,0.618729,0.0041986,0.614531
542.352,0.668399,-1.637,0.618712,0.00449778,0.614214
542.4,0.658401,-1.63656,0.618222,0.00432949,0.613893
542.448,0.638389,-1.63612,0.617572,0.00401058,0.613561
542.496,0.655402,-1.6357,0.617533,0.00428044,0.613252
542.544,0.620885,-1.63525,0.616684,0.00375051,0.612933
542.592,0.640897,-1.63484,0.616684,0.00404968,0.612634
542.64,0.63739,-1.63441,0.616336,0.00399577,0.61234
542.688,0.628391,-1.63398,0.61588,0.00386046,0.61202
542.736,0.608379,-1.63353,0.615258,0.00357511,0.611683
542.784,0.647387,-1.63312,0.615516,0.00415208,0.611363
542.832,0.610379,-1.63267,0.614647,0.00360292,0.611044
542.88,0.624884,-1.63225,0.614546,0.00380938,0.610736
542.928,0.632391,-1.63183,0.614381,0.00392074,0.61046
542.976,0.613378,-1.63139,0.613804,0.00364504,0.610159
543.024,0.604872,-1.63096,0.613385,0.00352792,0.609857
543.072,0.565356,-1.63051,0.612561,0.00302984,0.609531
543.12,0.584368,-1.63007,0.612437,0.00326044,0.609176
543.168,0.565864,-1.62963,0.611862,0.003036,0.608826
543.216,0.571863,-1.62919,0.611581,0.00310719,0.608473
543.264,0.543361,-1.62873,0.610886,0.00278337,0.608103
543.312,0.512335,-1.62826,0.610169,0.00246837,0.607701
543.36,0.51835,-1.62781,0.609814,0.00252668,0.607288
543.408,0.511335,-1.62735,0.609314,0.00245899,0.606855
543.456,0.491339,-1.62687,0.608687,0.0022755,0.606411
543.504,0.456822,-1.62639,0.607916,0.00198984,0.605926
543.552,0.46482,-1.62592,0.607513,0.00205281,0.60546
543.6,0.451315,-1.62544,0.606929,0.00194779,0.604981
543.648,0.410307,-1.62493,0.606103,0.00166015,0.604443
543.696,0.428304,-1.62445,0.605689,0.00178091,0.603908
543.744,0.37879,-1.62393,0.604812,0.00146802,0.603344
543.792,0.382789,-1.62343,0.604248,0.0014912,0.602757
543.84,0.352287,-1.62292,0.603503,0.00132362,0.602179
543.888,0.363285,-1.62241,0.602984,0.00138185,0.601602
543.936,0.353287,-1.62189,0.602339,0.00132891,0.60101
543.984,0.359286,-1.62136,0.601771,0.00136052,0.60041
544.032,0.34578,-1.62083,0.601068,0.00129056,0.599778
544.08,0.303757,-1.62029,0.600241,0.00109477,0.599147
544.128,0.284253,-1.61975,0.599511,0.00101423,0.598497
544.176,0.225233,-1.61919,0.598561,0.00080455,0.597757
544.224,0.252243,-1.61864,0.597967,0.000894605,0.597072
544.272,0.238738,-1.61807,0.597179,0.000848446,0.59633
544.32,0.207728,-1.6175,0.596341,0.000751178,0.59559
544.368,0.166704,-1.61691,0.595429,0.000639324,0.59479
544.416,0.159214,-1.61632,0.594569,0.000620792,0.593948
544.464,0.154199,-1.61572,0.593722,0.000608693,0.593113
544.512,0.133203,-1.61511,0.592808,0.000560456,0.592247
544.56,0.111683,-1.61449,0.59186,0.000514963,0.591345
544.608,0.0931792,-1.61386,0.590919,0.000478802,0.59044
544.656,0.0486642,-1.61322,0.589885,0.000401815,0.589483
544.704,0.0331594,-1.61257,0.588879,0.000378019,0.588501
544.752,0.0346673,-1.61191,0.587857,0.000380291,0.587476
544.8,-0.00835623,-1.61123,0.586742,0.000320987,0.586421
544.848,-0.0523631,-1.61054,0.585569,0.000269863,0.585299
544.896,-0.0518714,-1.60985,0.584454,0.000270401,0.584184
544.944,-0.0768824,-1.60913,0.583275,0.000245011,0.58303
544.992,-0.0803898,-1.60841,0.582119,0.000241657,0.581878
545.04,-0.0598697,-1.60768,0.581001,0.000262047,0.580739
545.088,-0.125905,-1.60693,0.579788,0.000201956,0.579586
545.136,-0.153407,-1.60617,0.578531,0.000181193,0.578349
545.184,-0.17791,-1.6054,0.577244,0.0001645,0.577079
545.232,-0.177418,-1.60461,0.575991,0.000164829,0.575827
545.28,-0.185416,-1.60382,0.574718,0.000159716,0.574558
545.328,-0.251943,-1.603,0.573372,0.00012283,0.573249
545.376,-0.25645,-1.60218,0.572045,0.000120671,0.571925
545.424,-0.238946,-1.60134,0.570697,0.000129315,0.570568
545.472,-0.25545,-1.60049,0.569355,0.000121164,0.569234
545.52,-0.28546,-1.59962,0.567996,0.00010763,0.567888
545.568,-0.316962,-1.59875,0.566634,9.50458e-05,0.566539
545.616,-0.310963,-1.59786,0.565274,9.73311e-05,0.565177
545.664,-0.327976,-1.59696,0.563919,9.10122e-05,0.563828
545.712,-0.336482,-1.59605,0.56256,8.80113e-05,0.562472
545.76,-0.350479,-1.59512,0.56115,8.32835e-05,0.561067
545.808,-0.353986,-1.59418,0.559748,8.21435e-05,0.559666
545.856,-0.422513,-1.59323,0.55829,6.26677e-05,0.558227
545.904,-0.363984,-1.59227,0.556904,7.89742e-05,0.556825
545.952,-0.387996,-1.5913,0.555536,7.18333e-05,0.555465
546,-0.380489,-1.59032,0.554128,7.40008e-05,0.554054
546.048,-0.414498,-1.58933,0.55273,6.47028e-05,0.552666
546.096,-0.466028,-1.58832,0.551258,5.27892e-05,0.551205
546.144,-0.447524,-1.5873,0.549835,5.67973e-05,0.549778
546.192,-0.450523,-1.58627,0.54841,5.61326e-05,0.548354
546.24,-0.477025,-1.58523,0.546992,5.05564e-05,0.546941
546.288,-0.467028,-1.58418,0.545564,5.25975e-05,0.545512
546.336,-0.477025,-1.58313,0.544151,5.05645e-05,0.5441
546.384,-0.497038,-1.58206,0.542723,4.67243e-05,0.542676
546.432,-0.527047,-1.58097,0.54125,4.15034e-05,0.541208
546.48,-0.543552,-1.57988,0.539739,3.88864e-05,0.5397
546.528,-0.538045,-1.57877,0.538242,3.97452e-05,0.538202
546.576,-0.551567,-1.57765,0.536748,3.76806e-05,0.53671
546.624,-0.607571,-1.57653,0.535271,3.02029e-05,0.535241
546.672,-0.565056,-1.57539,0.533812,3.5731e-05,0.533776
546.72,-0.612078,-1.57424,0.53228,2.96749e-05,0.53225
546.768,-0.601081,-1.57307,0.530759,3.09956e-05,0.530728
546.816,-0.648595,-1.5719,0.529241,2.5692e-05,0.529215
546.864,-0.649103,-1.57072,0.527704,2.56428e-05,0.527678
546.912,-0.686111,-1.56952,0.526145,2.2156e-05,0.526122
546.96,-0.665608,-1.56831,0.524608,2.40281e-05,0.524584
547.008,-0.679605,-1.56709,0.523093,2.27372e-05,0.52307
547.056,-0.649595,-1.56587,0.521623,2.56024e-05,0.521597
547.104,-0.679605,-1.56463,0.52014,2.27415e-05,0.520117
547.152,-0.670607,-1.56338,0.518661,2.35669e-05,0.518637
547.2,-0.69311,-1.56213,0.51716,2.15637e-05,0.517138
547.248,-0.686603,-1.56086,0.515665,2.21275e-05,0.515643
547.296,-0.660101,-1.55959,0.51422,2.45729e-05,0.514196
547.344,-0.704124,-1.55831,0.512783,2.06512e-05,0.512763
547.392,-0.686111,-1.55702,0.511322,2.2177e-05,0.5113
547.44,-0.723628,-1.55572,0.509853,1.91231e-05,0.509834
547.488,-0.702108,-1.55441,0.508417,2.08226e-05,0.508396
547.536,-0.746623,-1.5531,0.507005,1.74654e-05,0.506987
547.584,-0.744623,-1.55178,0.505555,1.76057e-05,0.505537
547.632,-0.731626,-1.55045,0.504162,1.85355e-05,0.504143
547.68,-0.738133,-1.54911,0.502786,1.80668e-05,0.502768
547.728,-0.756637,-1.54777,0.501393,1.67945e-05,0.501376
547.776,-0.770142,-1.54642,0.499976,1.59232e-05,0.499961
547.824,-0.772142,-1.54506,0.498589,1.57995e-05,0.498573
547.872,-0.787647,-1.54369,0.497181,1.4862e-05,0.497166
547.92,-0.794645,-1.54232,0.495774,1.44581e-05,0.49576
547.968,-0.81015,-1.54094,0.494401,1.36002e-05,0.494387
548.016,-0.819656,-1.53955,0.492995,1.31001e-05,0.492982
548.064,-0.818165,-1.53815,0.491579,1.3179e-05,0.491566
548.112,-0.821656,-1.53674,0.490152,1.29998e-05,0.490139
548.16,-0.865171,-1.53533,0.488726,1.0947e-05,0.488715
548.208,-0.851666,-1.5339,0.487295,1.15484e-05,0.487283
548.256,-0.825163,-1.53247,0.485889,1.2825e-05,0.485876
548.304,-0.876677,-1.53102,0.484458,1.04638e-05,0.484448
548.352,-0.890182,-1.52957,0.483056,9.921e-06,0.483046
548.4,-0.875185,-1.52811,0.481643,1.05279e-05,0.481633
548.448,-0.889182,-1.52665,0.480256,9.96248e-06,0.480246
548.496,-0.905687,-1.52517,0.478816,9.33443e-06,0.478807
548.544,-0.938696,-1.52368,0.477371,8.19369e-06,0.477363
548.592,-0.916701,-1.52218,0.475983,8.93884e-06,0.475974
548.64,-0.925191,-1.52068,0.474592,8.64487e-06,0.474583
548.688,-0.909194,-1.51917,0.473234,9.2101e-06,0.473225
548.736,-0.915193,-1.51765,0.471877,8.99535e-06,0.471868
548.784,-0.938696,-1.51613,0.470517,8.19837e-06,0.470509
548.832,-0.938205,-1.5146,0.469177,8.21527e-06,0.469169
548.88,-0.911194,-1.51306,0.467884,9.14183e-06,0.467875
548.928,-0.896689,-1.51152,0.466655,9.68233e-06,0.466645
548.976,-0.899688,-1.50997,0.465434,9.56935e-06,0.465425
549.024,-0.937205,-1.50842,0.464222,8.25164e-06,0.464214
549.072,-0.95271,-1.50686,0.462925,7.76209e-06,0.462918
549.12,-0.925191,-1.5053,0.461737,8.65492e-06,0.461728
549.168,-0.930206,-1.50373,0.460542,8.48606e-06,0.460533
549.216,-0.943712,-1.50215,0.459295,8.04595e-06,0.459287
549.264,-0.918192,-1.50057,0.45812,8.90082e-06,0.458111
549.312,-0.924699,-1.49899,0.457005,8.67588e-06,0.456997
549.36,-0.950202,-1.49741,0.455866,7.845e-06,0.455858
549.408,-0.948202,-1.49582,0.454715,7.90819e-06,0.454708
549.456,-0.954709,-1.49422,0.453584,7.70834e-06,0.453576
549.504,-0.981212,-1.49262,0.452413,6.94263e-06,0.452406
549.552,-0.971722,-1.49101,0.451279,7.20884e-06,0.451272
549.6,-0.980212,-1.48939,0.45013,6.97182e-06,0.450123
549.648,-0.98272,-1.48777,0.448988,6.9039e-06,0.448981
549.696,-0.999732,-1.48614,0.447824,6.45575e-06,0.447817
549.744,-1.00422,-1.48451,0.446666,6.34297e-06,0.44666
549.792,-1.01073,-1.48287,0.445517,6.18269e-06,0.445511
549.84,-0.973213,-1.48122,0.444399,7.17176e-06,0.444392
549.888,-1.01173,-1.47957,0.443306,6.15984e-06,0.4433
549.936,-0.998224,-1.47791,0.442183,6.49837e-06,0.442177
549.984,-1.02324,-1.47624,0.441091,5.88748e-06,0.441085
550.032,-1.00322,-1.47457,0.440004,6.37285e-06,0.439998
550.08,-1.03774,-1.47289,0.438893,5.56086e-06,0.438887
550.128,-1.02823,-1.4712,0.437782,5.7745e-06,0.437776
550.176,-1.05274,-1.4695,0.436664,5.24218e-06,0.436659
550.224,-1.05125,-1.4678,0.435539,5.27385e-06,0.435533
550.272,-1.05274,-1.46609,0.434425,5.24353e-06,0.43442
550.32,-1.04225,-1.46437,0.433369,5.46618e-06,0.433364
550.368,-1.05074,-1.46265,0.432327,5.2865e-06,0.432322
550.416,-1.04974,-1.46092,0.431286,5.30812e-06,0.431281
550.464,-1.03423,-1.45918,0.430278,5.64431e-06,0.430272
550.512,-1.04425,-1.45744,0.429298,5.42599e-06,0.429293
550.56,-1.02974,-1.45569,0.428337,5.74689e-06,0.428331
550.608,-0.992717,-1.45394,0.427396,6.65335e-06,0.427389
550.656,-1.04874,-1.45218,0.426433,5.33264e-06,0.426427
550.704,-1.02874,-1.45042,0.425481,5.77193e-06,0.425475
550.752,-1.04125,-1.44865,0.424563,5.49432e-06,0.424557
550.8,-1.04825,-1.44688,0.423638,5.34514e-06,0.423633
550.848,-1.03423,-1.4451,0.422748,5.65029e-06,0.422742
550.896,-1.05425,-1.44331,0.421841,5.22131e-06,0.421835
550.944,-1.03623,-1.44152,0.421004,5.60732e-06,0.420999
550.992,-1.03674,-1.43973,0.420187,5.59682e-06,0.420182
551.04,-1.04325,-1.43793,0.419354,5.45546e-06,0.419349
551.088,-1.07575,-1.43612,0.41851,4.79848e-06,0.418506
551.136,-1.04874,-1.43431,0.417663,5.3398e-06,0.417658
551.184,-1.07675,-1.43249,0.416797,4.78086e-06,0.416793
551.232,-1.08026,-1.43066,0.415912,4.71569e-06,0.415907
551.28,-1.04425,-1.42883,0.41505,5.43766e-06,0.415044
551.328,-1.07775,-1.42698,0.414209,4.76398e-06,0.414204
551.376,-1.05125,-1.42513,0.413365,5.29079e-06,0.41336
551.424,-1.09476,-1.42327,0.412529,4.45543e-06,0.412524
551.472,-1.09227,-1.4214,0.411696,4.50014e-06,0.411692
551.52,-1.07726,-1.41953,0.410871,4.77592e-06,0.410866
551.568,-1.14378,-1.41764,0.410016,3.67221e-06,0.410012
551.616,-1.08476,-1.41575,0.40923,4.63762e-06,0.409225
551.664,-1.11377,-1.41385,0.408408,4.13583e-06,0.408404
551.712,-1.10877,-1.41193,0.407582,4.21896e-06,0.407578
551.76,-1.12428,-1.41001,0.406786,3.96875e-06,0.406782
551.808,-1.11277,-1.40808,0.405968,4.154e-06,0.405964
551.856,-1.09927,-1.40614,0.405172,4.38239e-06,0.405168
551.904,-1.11377,-1.40419,0.404402,4.13882e-06,0.404398
551.952,-1.09676,-1.40223,0.403665,4.42733e-06,0.40366
552,-1.08925,-1.40026,0.402943,4.56132e-06,0.402938
552.048,-1.12777,-1.39828,0.402193,3.91781e-06,0.402189
552.096,-1.09927,-1.39629,0.401484,4.38562e-06,0.401479
552.144,-1.07726,-1.3943,0.400836,4.78495e-06,0.400832
552.192,-1.08976,-1.3923,0.40017,4.55489e-06,0.400166
552.24,-1.12277,-1.39028,0.399513,3.99838e-06,0.399509
552.288,-1.08876,-1.38826,0.398825,4.5743e-06,0.39882
552.336,-1.09676,-1.38623,0.398175,4.43264e-06,0.398171
552.384,-1.10527,-1.38418,0.397525,4.28675e-06,0.397521
552.432,-1.08625,-1.38213,0.396872,4.62198e-06,0.396867
552.48,-1.10877,-1.38006,0.39624,4.22903e-06,0.396235
552.528,-1.11277,-1.37798,0.395577,4.16336e-06,0.395572
552.576,-1.15429,-1.37588,0.394852,3.53389e-06,0.394848
552.624,-1.1933,-1.37377,0.394069,3.02946e-06,0.394066
552.672,-1.24081,-1.37162,0.393186,2.51118e-06,0.393184
552.72,-1.29283,-1.36946,0.392256,2.04481e-06,0.392254
552.768,-1.27182,-1.36727,0.391299,2.22224e-06,0.391297
552.816,-1.31284,-1.36505,0.390296,1.88993e-06,0.390294
552.864,-1.31935,-1.3628,0.389242,1.84226e-06,0.38924
552.912,-1.33686,-1.36052,0.388191,1.7194e-06,0.388189
552.96,-1.31935,-1.35821,0.387148,1.84289e-06,0.387146
553.008,-1.32535,-1.35588,0.386119,1.80002e-06,0.386117
553.056,-1.31584,-1.35351,0.385104,1.86927e-06,0.385102
553.104,-1.34485,-1.35112,0.384112,1.66707e-06,0.38411
553.152,-1.34685,-1.3487,0.383092,1.65424e-06,0.383091
553.2,-1.31835,-1.34625,0.382131,1.85183e-06,0.382129
553.248,-1.31835,-1.34377,0.381177,1.85218e-06,0.381175
553.296,-1.29383,-1.34126,0.380297,2.04103e-06,0.380295
553.344,-1.32835,-1.33873,0.379377,1.78108e-06,0.379375
553.392,-1.34585,-1.33616,0.378483,1.66234e-06,0.378481
553.44,-1.31484,-1.33356,0.377607,1.87946e-06,0.377606
553.488,-1.31284,-1.33093,0.376801,1.89474e-06,0.376799
553.536,-1.32184,-1.32828,0.375998,1.8289e-06,0.375996
553.584,-1.30485,-1.32559,0.37524,1.95637e-06,0.375238
553.632,-1.25882,-1.32288,0.374555,2.34713e-06,0.374553
553.68,-1.28033,-1.32014,0.373889,2.15633e-06,0.373887
553.728,-1.26233,-1.31738,0.373247,2.31576e-06,0.373245
553.776,-1.26533,-1.31457,0.372599,2.28895e-06,0.372596
553.824,-1.25332,-1.31174,0.371968,2.40076e-06,0.371965
553.872,-1.26482,-1.30887,0.371326,2.29452e-06,0.371323
553.92,-1.24332,-1.30598,0.370775,2.49859e-06,0.370772
553.968,-1.23632,-1.30305,0.370237,2.56923e-06,0.370235
554.016,-1.23981,-1.30009,0.369725,2.53458e-06,0.369723
554.064,-1.2323,-1.2971,0.369214,2.61148e-06,0.369212
554.112,-1.2323,-1.29407,0.36873,2.61207e-06,0.368727
554.16,-1.24883,-1.291,0.368225,2.44752e-06,0.368223
554.208,-1.28433,-1.28789,0.367664,2.1276e-06,0.367662
554.256,-1.30434,-1.28472,0.366995,1.96626e-06,0.366993
554.304,-1.38388,-1.2815,0.36624,1.4362e-06,0.366239
554.352,-1.39288,-1.27823,0.36548,1.38636e-06,0.365479
554.4,-1.38888,-1.2749,0.364694,1.40879e-06,0.364693
554.448,-1.4419,-1.2715,0.36382,1.14273e-06,0.363819
554.496,-1.4419,-1.26804,0.362909,1.14303e-06,0.362908
554.544,-1.4704,-1.26451,0.361973,1.02152e-06,0.361972
554.592,-1.45139,-1.26091,0.361068,1.10153e-06,0.361066
554.64,-1.43939,-1.25724,0.360214,1.15533e-06,0.360213
554.688,-1.47991,-1.2535,0.359359,9.84651e-07,0.359358
554.736,-1.4419,-1.24969,0.358517,1.14458e-06,0.358516
554.784,-1.43588,-1.2458,0.357681,1.17245e-06,0.35768
554.832,-1.4579,-1.24182,0.356851,1.07508e-06,0.356849
554.88,-1.42338,-1.23777,0.356074,1.23259e-06,0.356073
554.928,-1.42989,-1.23363,0.355287,1.20166e-06,0.355286
554.976,-1.43688,-1.2294,0.354561,1.16924e-06,0.35456
555.024,-1.43188,-1.22508,0.353824,1.19295e-06,0.353823
555.072,-1.43788,-1.22066,0.353121,1.16538e-06,0.353119
555.12,-1.42739,-1.21614,0.352441,1.21512e-06,0.35244
555.168,-1.41589,-1.21152,0.351804,1.27208e-06,0.351803
555.216,-1.37237,-1.20679,0.351197,1.51133e-06,0.351196
555.264,-1.36236,-1.20196,0.35065,1.57291e-06,0.350648
555.312,-1.34436,-1.19701,0.350171,1.68947e-06,0.350169
555.36,-1.37337,-1.19194,0.349673,1.50702e-06,0.349671
555.408,-1.34336,-1.18675,0.349205,1.69744e-06,0.349204
555.456,-1.38437,-1.18142,0.348726,1.44403e-06,0.348724
555.504,-1.32786,-1.17595,0.348312,1.80615e-06,0.34831
555.552,-1.34436,-1.17034,0.347957,1.69279e-06,0.347956
555.6,-1.32384,-1.16457,0.347601,1.83657e-06,0.347599
555.648,-1.34385,-1.15864,0.347263,1.69764e-06,0.347262
555.696,-1.31484,-1.15254,0.346955,1.90474e-06,0.346953
555.744,-1.31085,-1.14626,0.346691,1.93598e-06,0.34669
555.792,-1.32435,-1.13978,0.346404,1.83622e-06,0.346402
555.84,-1.31234,-1.13309,0.346099,1.92645e-06,0.346097
555.888,-1.29985,-1.12619,0.345842,2.02495e-06,0.34584
555.936,-1.29934,-1.11905,0.345617,2.03008e-06,0.345615
555.984,-1.32986,-1.11166,0.3454,1.80038e-06,0.345399
556.032,-1.37886,-1.104,0.345106,1.48418e-06,0.345104
556.08,-1.4429,-1.09603,0.344695,1.15299e-06,0.344694
556.128,-1.4644,-1.08773,0.344214,1.05968e-06,0.344213
556.176,-1.48691,-1.07908,0.343678,9.70111e-07,0.343677
556.224,-1.4949,-1.07004,0.34311,9.4054e-07,0.343109
556.272,-1.4929,-1.0606,0.342545,9.48653e-07,0.342544
556.32,-1.53593,-1.0507,0.34197,8.00883e-07,0.34197
556.368,-1.53393,-1.04032,0.341396,8.07844e-07,0.341395
556.416,-1.54493,-1.0294,0.340798,7.74093e-07,0.340798
556.464,-1.55343,-1.0179,0.340227,7.49123e-07,0.340226
556.512,-1.53142,-1.00576,0.339692,8.1793e-07,0.339691
556.56,-1.54143,-0.992914,0.33918,7.86917e-07,0.33918
556.608,-1.52742,-0.979292,0.338701,8.32547e-07,0.3387
556.656,-1.50892,-0.964814,0.338331,8.9665e-07,0.338331
556.704,-1.50292,-0.949374,0.337989,9.1918e-07,0.337988
556.752,-1.52893,-0.932857,0.337688,8.30361e-07,0.337687
556.8,-1.49341,-0.915123,0.337441,9.56715e-07,0.33744
556.848,-1.50341,-0.89601,0.337267,9.20902e-07,0.337266
556.896,-1.47491,-0.875319,0.337169,1.03223e-06,0.337168
556.944,-1.43588,-0.852809,0.337148,1.2063e-06,0.337147
556.992,-1.42189,-0.82819,0.337257,1.27714e-06,0.337256
557.04,-1.4419,-0.801079,0.337398,1.18228e-06,0.337396
557.088,-1.44439,-0.771001,0.337606,1.17318e-06,0.337605
557.136,-1.43739,-0.737349,0.337948,1.20893e-06,0.337947
557.184,-1.41038,-0.699309,0.338426,1.34871e-06,0.338424
557.232,-1.39738,-0.655779,0.339058,1.4241e-06,0.339056
557.28,-1.39637,-0.605206,0.339871,1.43484e-06,0.339869
557.328,-1.36736,-0.545333,0.340942,1.61577e-06,0.34094
557.376,-1.37286,-0.47268,0.342326,1.58881e-06,0.342325
557.424,-1.39237,-0.381548,0.344131,1.47996e-06,0.344129
557.472,-1.39237,-0.261737,0.346522,1.49172e-06,0.34652
557.52,-1.37986,-0.0927796,0.350008,1.58448e-06,0.350006
557.568,-1.38488,0.173493,0.355556,1.57934e-06,0.355555
557.616,-1.35136,0.6688,0.365797,1.85659e-06,0.365795
557.664,-1.36787,1.55323,0.385638,1.83512e-06,0.385637
557.712,-1.38086,1.54929,0.392002,1.77334e-06,0.392
557.76,-1.35987,-0.170303,0.355771,1.75004e-06,0.355769
557.808,-1.36087,-0.930193,0.32961,1.61623e-06,0.329608
557.856,-1.32735,-0.936148,0.328741,1.84157e-06,0.328739
557.904,-1.37986,-0.91965,0.328865,1.49814e-06,0.328863
557.952,-1.38086,-0.901511,0.329018,1.49416e-06,0.329016
558,-1.38137,-0.881915,0.32916,1.49325e-06,0.329158
558.048,-1.43688,-0.860647,0.329284,1.20089e-06,0.329282
558.096,-1.49041,-0.837435,0.32934,9.73495e-07,0.329339
558.144,-1.50492,-0.811944,0.329384,9.20913e-07,0.329383
558.192,-1.56945,-0.78376,0.329419,7.15024e-07,0.329418
558.24,-1.53393,-0.752345,0.329489,8.24601e-07,0.329488
558.288,-1.54293,-0.717012,0.329661,7.9776e-07,0.32966
558.336,-1.53993,-0.676833,0.329972,8.09535e-07,0.329971
558.384,-1.55043,-0.630522,0.330414,7.79104e-07,0.330414
558.432,-1.53193,-0.576242,0.331018,8.41357e-07,0.331018
558.48,-1.53744,-0.511263,0.331888,8.26902e-07,0.331887
558.528,-1.53193,-0.431273,0.333126,8.49677e-07,0.333125
558.576,-1.51991,-0.328938,0.334861,8.97096e-07,0.33486
558.624,-1.51892,-0.190492,0.337355,9.08842e-07,0.337354
558.672,-1.50141,0.0136107,0.341244,9.8667e-07,0.341243
558.72,-1.51192,0.358608,0.348009,9.66622e-07,0.348008
558.768,-1.52042,1.03874,0.361536,9.72376e-07,0.361535
558.816,-1.47991,1.78257,0.380656,1.20306e-06,0.380655
558.864,-1.46389,0.933852,0.367829,1.23988e-06,0.367827
558.912,-1.47391,-0.770886,0.325418,1.05557e-06,0.325417
558.96,-1.4644,-0.9416,0.31772,1.07119e-06,0.317719
559.008,-1.4734,-0.929179,0.31758,1.03444e-06,0.317579
559.056,-1.47391,-0.912249,0.31762,1.03361e-06,0.317619
559.104,-1.44839,-0.893961,0.317744,1.14479e-06,0.317743
559.152,-1.4704,-0.874191,0.317913,1.05088e-06,0.317912
559.2,-1.41138,-0.852715,0.318153,1.329e-06,0.318152
559.248,-1.48241,-0.829262,0.318415,1.00535e-06,0.318414
559.296,-1.44039,-0.803485,0.318724,1.18916e-06,0.318723
559.344,-1.44139,-0.774962,0.319106,1.18685e-06,0.319105
559.392,-1.47391,-0.743138,0.319546,1.04605e-06,0.319545
559.44,-1.43388,-0.707299,0.320131,1.2284e-06,0.32013
559.488,-1.4559,-0.666477,0.320839,1.12925e-06,0.320837
559.536,-1.42739,-0.619316,0.321643,1.26804e-06,0.321642
559.584,-1.4549,-0.563892,0.32262,1.14177e-06,0.322618
559.632,-1.43288,-0.497311,0.323878,1.25122e-06,0.323877
559.68,-1.43688,-0.414961,0.325466,1.23845e-06,0.325464
559.728,-1.46791,-0.30891,0.327562,1.10328e-06,0.327561
559.776,-1.41389,-0.164046,0.330498,1.37884e-06,0.330496
559.824,-1.42538,0.0527623,0.334874,1.33583e-06,0.334873
559.872,-1.43388,0.427562,0.342367,1.32125e-06,0.342365
559.92,-1.42739,1.16574,0.357198,1.41515e-06,0.357197
559.968,-1.41889,1.77273,0.374315,1.53439e-06,0.374313
