t,v_pre,v_post,i,i_fast,i_slow
0,-0.670099,-1.57615,-0.627097,-0.00199477,-0.625102
0.6,-0.652594,-1.57558,-0.627551,-0.00210184,-0.62545
1.2,-0.664608,-1.57502,-0.627799,-0.00202764,-0.625771
1.8,-0.654594,-1.57445,-0.628183,-0.00208917,-0.626094
2.4,-0.634598,-1.57387,-0.628663,-0.00221773,-0.626445
3,-0.674098,-1.57332,-0.628734,-0.00197073,-0.626764
3.6,-0.618077,-1.57273,-0.629451,-0.00232978,-0.627121
4.2,-0.634598,-1.57216,-0.62967,-0.0022175,-0.627452
4.8,-0.669607,-1.5716,-0.629766,-0.00199716,-0.627768
5.4,-0.607079,-1.57101,-0.630529,-0.00240733,-0.628121
6,-0.608571,-1.57043,-0.630879,-0.00239655,-0.628482
6.6,-0.647087,-1.56986,-0.630996,-0.00213598,-0.62886
7.2,-0.644596,-1.56928,-0.631374,-0.00215186,-0.629222
7.8,-0.628091,-1.5687,-0.631825,-0.00226056,-0.629564
8.4,-0.639597,-1.56812,-0.632079,-0.00218409,-0.629895
9,-0.652594,-1.56756,-0.632292,-0.00210082,-0.630191
9.6,-0.628583,-1.56697,-0.632772,-0.00225701,-0.630515
10.2,-0.611078,-1.56639,-0.633202,-0.00237809,-0.630824
10.8,-0.636089,-1.56582,-0.63333,-0.0022068,-0.631123
11.4,-0.63509,-1.56525,-0.633642,-0.00221332,-0.631428
12,-0.641596,-1.56468,-0.633891,-0.00217063,-0.631721
12.6,-0.637089,-1.5641,-0.634213,-0.00219999,-0.632013
13.2,-0.645596,-1.56352,-0.634472,-0.0021447,-0.632327
13.8,-0.617585,-1.56294,-0.634962,-0.00233182,-0.63263
14.4,-0.648087,-1.56237,-0.635069,-0.00212864,-0.632941
15,-0.643596,-1.56179,-0.635411,-0.00215732,-0.633253
15.6,-0.651103,-1.56122,-0.635648,-0.0021094,-0.633539
16.2,-0.682112,-1.56066,-0.635713,-0.00192261,-0.63379
16.8,-0.645088,-1.56008,-0.63619,-0.00214751,-0.634043
17.4,-0.649595,-1.55951,-0.6364,-0.00211871,-0.634281
18,-0.643596,-1.55894,-0.63668,-0.00215695,-0.634523
18.6,-0.622076,-1.55836,-0.637108,-0.00230011,-0.634807
19.2,-0.671606,-1.55781,-0.637056,-0.0019836,-0.635072
19.8,-0.625584,-1.55723,-0.637603,-0.00227598,-0.635327
20.4,-0.631091,-1.55666,-0.637859,-0.00223876,-0.63562
21,-0.617585,-1.55608,-0.63826,-0.00233086,-0.635929
21.6,-0.608079,-1.55551,-0.638608,-0.00239791,-0.63621
22.2,-0.622076,-1.55493,-0.638813,-0.00229964,-0.636514
22.8,-0.641088,-1.55437,-0.638953,-0.00217258,-0.63678
23.4,-0.597082,-1.55378,-0.639541,-0.00247772,-0.637064
24,-0.588067,-1.55319,-0.639944,-0.00254523,-0.637399
24.6,-0.633582,-1.55262,-0.639944,-0.00222162,-0.637723
25.2,-0.577069,-1.55203,-0.640664,-0.00263001,-0.638034
25.8,-0.595082,-1.55145,-0.640855,-0.00249221,-0.638363
26.4,-0.588575,-1.55086,-0.64124,-0.00254101,-0.638699
27,-0.598081,-1.55027,-0.641516,-0.0024698,-0.639046
27.6,-0.591066,-1.54968,-0.641894,-0.002522,-0.639372
28.2,-0.596573,-1.54909,-0.642177,-0.00248078,-0.639696
28.8,-0.624584,-1.54852,-0.64226,-0.00228159,-0.639979
29.4,-0.612586,-1.54793,-0.642638,-0.00236476,-0.640273
30,-0.600081,-1.54733,-0.64303,-0.00245467,-0.640575
30.6,-0.608079,-1.54675,-0.64327,-0.00239664,-0.640873
31.2,-0.622076,-1.54617,-0.643448,-0.00229842,-0.64115
31.8,-0.627583,-1.54559,-0.643659,-0.00226084,-0.641398
32.4,-0.612078,-1.545,-0.644025,-0.00236793,-0.641657
33,-0.609587,-1.54441,-0.644306,-0.00238553,-0.64192
33.6,-0.630582,-1.54384,-0.64439,-0.00224043,-0.642149
34.2,-0.645596,-1.54327,-0.644512,-0.00214207,-0.64237
34.8,-0.649103,-1.5427,-0.644689,-0.00211967,-0.642569
35.4,-0.624584,-1.54211,-0.645068,-0.00228071,-0.642787
36,-0.652102,-1.54154,-0.645117,-0.0021006,-0.643016
36.6,-0.631091,-1.54097,-0.645463,-0.00223664,-0.643227
37.2,-0.660592,-1.5404,-0.645471,-0.00204783,-0.643423
37.8,-0.669607,-1.53984,-0.645611,-0.00199333,-0.643618
38.4,-0.647087,-1.53926,-0.645949,-0.00213203,-0.643817
39,-0.644088,-1.53869,-0.646173,-0.00215115,-0.644022
39.6,-0.63209,-1.53811,-0.646487,-0.00222959,-0.644258
40.2,-0.608571,-1.53753,-0.646929,-0.00239179,-0.644537
40.8,-0.608571,-1.53695,-0.647214,-0.0023917,-0.644822
41.4,-0.60508,-1.53637,-0.647518,-0.00241669,-0.645101
42,-0.596082,-1.53578,-0.647857,-0.00248242,-0.645374
42.6,-0.573562,-1.53519,-0.648305,-0.00265499,-0.64565
43.2,-0.585068,-1.53461,-0.648499,-0.00256524,-0.645934
43.8,-0.584576,-1.53402,-0.648801,-0.00256892,-0.646232
44.4,-0.593066,-1.53344,-0.649005,-0.00250453,-0.6465
45,-0.585576,-1.53285,-0.649353,-0.00256108,-0.646792
45.6,-0.596573,-1.53227,-0.649542,-0.00247825,-0.647064
46.2,-0.594082,-1.53167,-0.649848,-0.00249667,-0.647351
46.8,-0.607571,-1.53108,-0.650039,-0.002398,-0.647641
47.4,-0.561056,-1.53048,-0.650705,-0.00275519,-0.647949
48,-0.569071,-1.52988,-0.650946,-0.00268996,-0.648256
48.6,-0.570563,-1.52928,-0.651226,-0.00267791,-0.648548
49.2,-0.615586,-1.5287,-0.651159,-0.00234094,-0.648818
49.8,-0.582068,-1.52809,-0.651684,-0.0025873,-0.649097
50.4,-0.600081,-1.52751,-0.651808,-0.00245172,-0.649356
51,-0.587575,-1.52691,-0.652147,-0.00254492,-0.649602
51.6,-0.623076,-1.52633,-0.652111,-0.00228882,-0.649822
52.2,-0.608079,-1.52574,-0.652432,-0.00239359,-0.650039
52.8,-0.614586,-1.52514,-0.652618,-0.00234744,-0.650271
53.4,-0.607079,-1.52455,-0.652884,-0.00240058,-0.650483
54,-0.60208,-1.52397,-0.653124,-0.00243661,-0.650687
54.6,-0.610587,-1.52338,-0.653277,-0.00237539,-0.650902
55.2,-0.611078,-1.52279,-0.653496,-0.00237182,-0.651124
55.8,-0.63209,-1.52221,-0.653537,-0.00222744,-0.65131
56.4,-0.637597,-1.52163,-0.65367,-0.00219102,-0.651479
57,-0.621093,-1.52105,-0.653965,-0.00230168,-0.651663
57.6,-0.627583,-1.52046,-0.654126,-0.0022574,-0.651868
58.2,-0.617077,-1.51988,-0.65436,-0.00232929,-0.65203
58.8,-0.630091,-1.51931,-0.654452,-0.0022404,-0.652212
59.4,-0.609587,-1.51871,-0.654813,-0.00238183,-0.652432
60,-0.648087,-1.51814,-0.654742,-0.00212295,-0.652619
60.6,-0.564056,-1.51753,-0.655581,-0.0027285,-0.652852
61.2,-0.567563,-1.51693,-0.655826,-0.00269998,-0.653127
61.8,-0.585068,-1.51635,-0.655944,-0.00256241,-0.653381
62.4,-0.616585,-1.51577,-0.655936,-0.00233213,-0.653604
63,-0.609079,-1.51518,-0.656214,-0.00238493,-0.653829
63.6,-0.576561,-1.51457,-0.656699,-0.00262804,-0.654071
64.2,-0.581577,-1.51398,-0.656904,-0.00258889,-0.654315
64.8,-0.559057,-1.51337,-0.657348,-0.00276882,-0.654579
65.4,-0.567563,-1.51278,-0.657536,-0.0026993,-0.654836
66,-0.529047,-1.51216,-0.658142,-0.00302799,-0.655114
66.6,-0.564564,-1.51156,-0.658126,-0.00272337,-0.655402
67.2,-0.558565,-1.51096,-0.658418,-0.00277248,-0.655645
67.8,-0.582068,-1.51037,-0.65846,-0.00258453,-0.655876
68.4,-0.571071,-1.50976,-0.658796,-0.0026707,-0.656125
69,-0.560565,-1.50915,-0.659116,-0.00275568,-0.65636
69.6,-0.57407,-1.50855,-0.659237,-0.0026467,-0.65659
70.2,-0.623584,-1.50797,-0.659044,-0.00228281,-0.656761
70.8,-0.583068,-1.50737,-0.65952,-0.00257636,-0.656943
71.4,-0.588067,-1.50677,-0.659679,-0.00253809,-0.657141
72,-0.598573,-1.50618,-0.659784,-0.00245961,-0.657325
72.6,-0.589575,-1.50557,-0.660068,-0.00252651,-0.657541
73.2,-0.599573,-1.50497,-0.660214,-0.0024521,-0.657762
73.8,-0.595082,-1.50437,-0.660434,-0.00248512,-0.657949
74.4,-0.559565,-1.50376,-0.660938,-0.00276301,-0.658175
75,-0.587067,-1.50317,-0.660923,-0.00254512,-0.658378
75.6,-0.592574,-1.50258,-0.661044,-0.00250353,-0.65854
76.2,-0.608571,-1.50199,-0.661071,-0.00238665,-0.658685
76.8,-0.608571,-1.5014,-0.66122,-0.00238656,-0.658834
77.4,-0.57407,-1.50079,-0.661653,-0.00264545,-0.659007
78,-0.577069,-1.50019,-0.661849,-0.00262177,-0.659227
78.6,-0.599573,-1.4996,-0.661865,-0.0024513,-0.659414
79.2,-0.562056,-1.49899,-0.662352,-0.00274175,-0.65961
79.8,-0.570071,-1.49839,-0.662478,-0.00267684,-0.659801
80.4,-0.580069,-1.49779,-0.662606,-0.00259802,-0.660008
81,-0.552058,-1.49717,-0.663056,-0.00282449,-0.660232
81.6,-0.550059,-1.49656,-0.663327,-0.00284128,-0.660486
82.2,-0.556058,-1.49595,-0.663516,-0.00279077,-0.660726
82.8,-0.573562,-1.49534,-0.663604,-0.00264859,-0.660955
83.4,-0.541061,-1.49473,-0.664074,-0.00291829,-0.661155
84,-0.54606,-1.49411,-0.664256,-0.00287497,-0.661381
84.6,-0.580069,-1.49352,-0.664186,-0.00259735,-0.661588
85.2,-0.566055,-1.4929,-0.664503,-0.00270821,-0.661795
85.8,-0.548551,-1.49227,-0.664887,-0.00285336,-0.662034
86.4,-0.527047,-1.49165,-0.665323,-0.00304232,-0.662281
87,-0.551059,-1.49103,-0.66537,-0.00283187,-0.662538
87.6,-0.561565,-1.49041,-0.665502,-0.00274435,-0.662758
88.2,-0.532046,-1.48978,-0.665977,-0.00299695,-0.66298
88.8,-0.556566,-1.48917,-0.665975,-0.00278539,-0.663189
89.4,-0.560057,-1.48854,-0.666157,-0.00275641,-0.6634
90,-0.57307,-1.48793,-0.666252,-0.00265129,-0.663601
90.6,-0.562056,-1.48731,-0.666515,-0.00273981,-0.663776
91.2,-0.586067,-1.4867,-0.666497,-0.00255019,-0.663947
91.8,-0.572562,-1.48608,-0.666755,-0.00265502,-0.6641
92.4,-0.581069,-1.48547,-0.666848,-0.00258834,-0.66426
93,-0.580577,-1.48485,-0.667011,-0.00259205,-0.664419
93.6,-0.607079,-1.48426,-0.666927,-0.00239473,-0.664532
94.2,-0.570071,-1.48363,-0.667362,-0.00267444,-0.664688
94.8,-0.590067,-1.48302,-0.667368,-0.00251935,-0.664848
95.4,-0.589067,-1.48241,-0.667505,-0.00252679,-0.664979
96,-0.60408,-1.48181,-0.667512,-0.00241592,-0.665096
96.6,-0.591574,-1.4812,-0.667711,-0.00250776,-0.665203
97.2,-0.587067,-1.48059,-0.667888,-0.00254164,-0.665346
97.8,-0.578561,-1.47999,-0.66807,-0.00260693,-0.665463
98.4,-0.584068,-1.47937,-0.668194,-0.00256432,-0.66563
99,-0.579069,-1.47876,-0.66841,-0.00260278,-0.665808
99.6,-0.586576,-1.47815,-0.668501,-0.002545,-0.665956
100.2,-0.542061,-1.47752,-0.66904,-0.00290656,-0.666133
100.8,-0.557565,-1.47691,-0.669081,-0.00277503,-0.666306
101.4,-0.596573,-1.47631,-0.668923,-0.00246987,-0.666453
102,-0.551059,-1.47568,-0.669457,-0.00282923,-0.666628
102.6,-0.55255,-1.47506,-0.669621,-0.00281656,-0.666804
103.2,-0.579577,-1.47445,-0.669545,-0.00259816,-0.666947
103.8,-0.565564,-1.47382,-0.669854,-0.00270905,-0.667145
104.4,-0.57307,-1.47321,-0.669961,-0.00264892,-0.667312
105,-0.550551,-1.47257,-0.670347,-0.00283299,-0.667514
105.6,-0.559565,-1.47195,-0.670453,-0.00275769,-0.667695
106.2,-0.547551,-1.47132,-0.670739,-0.00285825,-0.66788
106.8,-0.558565,-1.4707,-0.670831,-0.00276572,-0.668065
107.4,-0.558057,-1.47006,-0.671044,-0.00276981,-0.668274
108,-0.550059,-1.46943,-0.671302,-0.00283661,-0.668466
108.6,-0.55255,-1.4688,-0.671456,-0.00281549,-0.66864
109.2,-0.559565,-1.46817,-0.671578,-0.00275705,-0.668821
109.8,-0.554566,-1.46754,-0.671793,-0.00279839,-0.668995
110.4,-0.565056,-1.46692,-0.671833,-0.00271203,-0.669121
111,-0.57607,-1.4663,-0.671886,-0.00262421,-0.669262
111.6,-0.571071,-1.46567,-0.672052,-0.00266356,-0.669389
112.2,-0.564056,-1.46504,-0.672253,-0.00271983,-0.669533
112.8,-0.543552,-1.4644,-0.672579,-0.00289135,-0.669688
113.4,-0.571562,-1.46379,-0.672478,-0.00265935,-0.669819
114,-0.565564,-1.46316,-0.672651,-0.0027073,-0.669944
114.6,-0.582576,-1.46253,-0.67265,-0.00257313,-0.670077
115.2,-0.549551,-1.4619,-0.673043,-0.00283962,-0.670203
115.8,-0.551567,-1.46127,-0.673151,-0.00282248,-0.670329
116.4,-0.581069,-1.46066,-0.673021,-0.00258445,-0.670437
117,-0.601081,-1.46005,-0.672967,-0.00243444,-0.670532
117.6,-0.562564,-1.45941,-0.673381,-0.00273103,-0.67065
118.2,-0.563564,-1.45878,-0.673496,-0.00272278,-0.670774
118.8,-0.560565,-1.45815,-0.673659,-0.00274716,-0.670912
119.4,-0.582576,-1.45754,-0.673607,-0.00257235,-0.671034
120,-0.57307,-1.4569,-0.67382,-0.0026463,-0.671174
120.6,-0.571071,-1.45627,-0.673962,-0.00266204,-0.6713
121.2,-0.538553,-1.45562,-0.674395,-0.00293323,-0.671462
121.8,-0.534046,-1.45498,-0.6746,-0.00297283,-0.671627
122.4,-0.51705,-1.45433,-0.674956,-0.00312732,-0.671828
123,-0.542552,-1.4537,-0.674895,-0.0028981,-0.671997
123.6,-0.526556,-1.45304,-0.675233,-0.00303965,-0.672193
124.2,-0.521049,-1.45239,-0.675479,-0.00308988,-0.672389
124.8,-0.533046,-1.45174,-0.675557,-0.00298113,-0.672576
125.4,-0.507035,-1.45108,-0.675981,-0.00322151,-0.67276
126,-0.527047,-1.45043,-0.675983,-0.00303472,-0.672948
126.6,-0.49553,-1.44976,-0.676484,-0.00333368,-0.67315
127.2,-0.515542,-1.4491,-0.676506,-0.00314042,-0.673365
127.8,-0.502545,-1.44843,-0.676831,-0.00326441,-0.673567
128.4,-0.561565,-1.44779,-0.67648,-0.00273725,-0.673743
129,-0.509035,-1.4471,-0.677115,-0.00320157,-0.673913
129.6,-0.54506,-1.44645,-0.676954,-0.00287523,-0.674079
130.2,-0.54506,-1.44579,-0.677097,-0.00287511,-0.674222
130.8,-0.563564,-1.44514,-0.677062,-0.00272053,-0.674341
131.4,-0.531047,-1.44448,-0.67744,-0.00299764,-0.674443
132,-0.539553,-1.44381,-0.677493,-0.0029224,-0.67457
132.6,-0.557565,-1.44315,-0.67748,-0.00276934,-0.674711
133.2,-0.551059,-1.44249,-0.677651,-0.00282354,-0.674827
133.8,-0.584068,-1.44185,-0.677464,-0.00255848,-0.674906
134.4,-0.554058,-1.44119,-0.677791,-0.00279815,-0.674993
135,-0.57507,-1.44053,-0.677724,-0.00262794,-0.675096
135.6,-0.565056,-1.43987,-0.677903,-0.00270757,-0.675196
136.2,-0.556058,-1.43921,-0.678078,-0.00278117,-0.675297
136.8,-0.560057,-1.43856,-0.678125,-0.00274806,-0.675377
137.4,-0.570071,-1.4379,-0.678132,-0.00266702,-0.675465
138,-0.568071,-1.43724,-0.678234,-0.00268288,-0.675551
138.6,-0.54306,-1.43657,-0.678547,-0.0028907,-0.675656
139.2,-0.54606,-1.43591,-0.678637,-0.00286483,-0.675772
139.8,-0.521049,-1.43525,-0.678964,-0.00308666,-0.675877
140.4,-0.517541,-1.43457,-0.679139,-0.00311899,-0.67602
141,-0.511051,-1.43389,-0.679374,-0.00317983,-0.676194
141.6,-0.51305,-1.43321,-0.679524,-0.00316079,-0.676363
142.2,-0.511051,-1.43253,-0.679695,-0.00317956,-0.676516
142.8,-0.534046,-1.43187,-0.679622,-0.00296866,-0.676653
143.4,-0.51405,-1.43118,-0.679956,-0.00315099,-0.676805
144,-0.49553,-1.43047,-0.680309,-0.00332977,-0.676979
144.6,-0.507543,-1.42979,-0.680369,-0.00321246,-0.677157
145.2,-0.504036,-1.4291,-0.680573,-0.0032461,-0.677327
145.8,-0.504544,-1.4284,-0.680753,-0.00324105,-0.677512
146.4,-0.520049,-1.42771,-0.680757,-0.00309446,-0.677662
147,-0.524556,-1.42702,-0.680861,-0.003053,-0.677808
147.6,-0.531555,-1.42632,-0.680944,-0.00298979,-0.677954
148.2,-0.52354,-1.42562,-0.681164,-0.00306201,-0.678102
148.8,-0.519541,-1.42492,-0.681353,-0.00309862,-0.678254
149.4,-0.562564,-1.42423,-0.681119,-0.00272519,-0.678394
150,-0.523048,-1.42351,-0.681595,-0.00306611,-0.678529
150.6,-0.558057,-1.42283,-0.681388,-0.00276187,-0.678626
151.2,-0.530555,-1.42211,-0.68175,-0.00299796,-0.678752
151.8,-0.562056,-1.42143,-0.68157,-0.00272886,-0.678841
152.4,-0.502545,-1.4207,-0.682233,-0.00325891,-0.678974
153,-0.517541,-1.42,-0.682222,-0.00311623,-0.679106
153.6,-0.542552,-1.4193,-0.682101,-0.00289204,-0.679209
154.2,-0.548059,-1.41861,-0.682125,-0.00284479,-0.679281
154.8,-0.54506,-1.41789,-0.682259,-0.00287024,-0.679388
155.4,-0.577561,-1.41721,-0.682045,-0.00260476,-0.67944
156,-0.559057,-1.41649,-0.682278,-0.00275257,-0.679526
156.6,-0.577069,-1.4158,-0.682214,-0.00260836,-0.679606
157.2,-0.52354,-1.41507,-0.682755,-0.00306005,-0.679695
157.8,-0.538553,-1.41436,-0.682723,-0.00292588,-0.679797
158.4,-0.530555,-1.41365,-0.682894,-0.00299641,-0.679898
159,-0.505544,-1.41292,-0.683252,-0.00322836,-0.680024
159.6,-0.517541,-1.4122,-0.683287,-0.00311475,-0.680173
160.2,-0.509035,-1.41148,-0.683488,-0.00319464,-0.680293
160.8,-0.49253,-1.41073,-0.683812,-0.00335565,-0.680456
161.4,-0.51605,-1.41001,-0.683718,-0.00312822,-0.68059
162,-0.503036,-1.40927,-0.683992,-0.00325187,-0.68074
162.6,-0.527047,-1.40855,-0.683892,-0.00302699,-0.680865
163.2,-0.49453,-1.4078,-0.684334,-0.00333511,-0.680999
163.8,-0.457521,-1.40703,-0.684905,-0.00372386,-0.681181
164.4,-0.503544,-1.40629,-0.684605,-0.00324635,-0.681359
165,-0.475026,-1.40552,-0.685077,-0.00353427,-0.681543
165.6,-0.487531,-1.40476,-0.685134,-0.00340479,-0.681729
166.2,-0.494038,-1.404,-0.68525,-0.00333922,-0.681911
166.8,-0.484024,-1.40322,-0.685543,-0.00344025,-0.682103
167.4,-0.488531,-1.40245,-0.68567,-0.00339418,-0.682276
168,-0.480025,-1.40166,-0.685948,-0.00348118,-0.682467
168.6,-0.478533,-1.40089,-0.686132,-0.00349653,-0.682635
169.2,-0.497529,-1.40011,-0.6861,-0.00330386,-0.682797
169.8,-0.504544,-1.39933,-0.686178,-0.00323532,-0.682943
170.4,-0.516542,-1.39856,-0.686178,-0.00312146,-0.683056
171,-0.499545,-1.39778,-0.686439,-0.0032836,-0.683155
171.6,-0.520541,-1.39701,-0.686319,-0.00308415,-0.683235
172.2,-0.510051,-1.39623,-0.686518,-0.00318202,-0.683336
172.8,-0.507035,-1.39543,-0.686666,-0.00321061,-0.683455
173.4,-0.549551,-1.39467,-0.686371,-0.00282802,-0.683543
174,-0.54306,-1.39389,-0.68649,-0.0028832,-0.683607
174.6,-0.499545,-1.39307,-0.687003,-0.00328266,-0.68372
175.2,-0.553058,-1.3923,-0.686625,-0.00279817,-0.683827
175.8,-0.503544,-1.39148,-0.687191,-0.00324343,-0.683948
176.4,-0.499037,-1.3907,-0.687314,-0.00328716,-0.684027
177,-0.514542,-1.38991,-0.68723,-0.00313847,-0.684091
177.6,-0.489039,-1.38909,-0.687613,-0.00338628,-0.684227
178.2,-0.489039,-1.38827,-0.687752,-0.00338612,-0.684366
178.8,-0.533046,-1.38748,-0.687439,-0.00296948,-0.684469
179.4,-0.507035,-1.38666,-0.687774,-0.00320889,-0.684565
180,-0.501037,-1.38585,-0.687932,-0.00326665,-0.684665
180.6,-0.482532,-1.38501,-0.688256,-0.00345175,-0.684804
181.2,-0.493038,-1.38419,-0.688275,-0.00334515,-0.68493
181.8,-0.472535,-1.38335,-0.688624,-0.0035558,-0.685069
182.4,-0.500037,-1.38253,-0.688482,-0.00327574,-0.685206
183,-0.482532,-1.38169,-0.68877,-0.00345105,-0.685319
183.6,-0.470027,-1.38084,-0.68904,-0.00358192,-0.685458
184.2,-0.496038,-1.38,-0.688907,-0.00331452,-0.685593
184.8,-0.474534,-1.37914,-0.689282,-0.00353376,-0.685748
185.4,-0.467028,-1.37827,-0.689518,-0.00361352,-0.685904
186,-0.45503,-1.3774,-0.689815,-0.00374483,-0.68607
186.6,-0.472535,-1.37653,-0.689795,-0.00355432,-0.686241
187.2,-0.477534,-1.37565,-0.68992,-0.00350157,-0.686419
187.8,-0.46452,-1.37477,-0.690221,-0.00363984,-0.686581
188.4,-0.468027,-1.37389,-0.690317,-0.0036018,-0.686716
189,-0.512051,-1.37303,-0.689991,-0.00315862,-0.686833
189.6,-0.472535,-1.37212,-0.690535,-0.00355336,-0.686982
190.2,-0.498529,-1.37124,-0.6904,-0.00328823,-0.687112
190.8,-0.475026,-1.37035,-0.690715,-0.0035267,-0.687188
191.4,-0.461521,-1.36945,-0.69095,-0.00367133,-0.687279
192,-0.495038,-1.36857,-0.69067,-0.0033221,-0.687348
192.6,-0.46652,-1.36765,-0.69109,-0.00361665,-0.687474
193.2,-0.482532,-1.36674,-0.69106,-0.0034479,-0.687612
193.8,-0.500545,-1.36586,-0.69094,-0.00326746,-0.687673
194.4,-0.510543,-1.36495,-0.690925,-0.0031713,-0.687754
195,-0.474534,-1.36402,-0.691384,-0.0035305,-0.687853
195.6,-0.49253,-1.3631,-0.691313,-0.00334591,-0.687967
196.2,-0.503544,-1.3622,-0.691265,-0.00323764,-0.688027
196.8,-0.503036,-1.36128,-0.691328,-0.00324236,-0.688086
197.4,-0.494038,-1.36035,-0.691491,-0.00333034,-0.68816
198,-0.504036,-1.35941,-0.691496,-0.00323234,-0.688263
198.6,-0.514542,-1.35848,-0.691473,-0.00313246,-0.688341
199.2,-0.485532,-1.35754,-0.69184,-0.0034153,-0.688425
199.8,-0.462029,-1.35657,-0.692193,-0.00366289,-0.68853
200.4,-0.471535,-1.35561,-0.692218,-0.00356037,-0.688658
201,-0.470535,-1.35465,-0.692343,-0.00357079,-0.688772
201.6,-0.452523,-1.35366,-0.69269,-0.00376744,-0.688923
202.2,-0.46252,-1.35268,-0.692747,-0.00365665,-0.689091
202.8,-0.473534,-1.3517,-0.692779,-0.00353837,-0.689241
203.4,-0.443016,-1.35068,-0.69327,-0.00387494,-0.689395
204,-0.43351,-1.34966,-0.693577,-0.00398596,-0.689591
204.6,-0.439509,-1.34867,-0.693631,-0.00391515,-0.689716
205.2,-0.447524,-1.34765,-0.693687,-0.00382256,-0.689865
205.8,-0.446016,-1.34662,-0.693865,-0.00383953,-0.690026
206.4,-0.446016,-1.34557,-0.694043,-0.00383928,-0.690204
207,-0.414498,-1.34451,-0.694598,-0.00421676,-0.690382
207.6,-0.468027,-1.34348,-0.694135,-0.00359512,-0.69054
208.2,-0.431511,-1.34241,-0.694715,-0.00400799,-0.690707
208.8,-0.441017,-1.34135,-0.694748,-0.00389587,-0.690852
209.4,-0.445016,-1.34028,-0.694847,-0.00384948,-0.690998
210,-0.462029,-1.3392,-0.694794,-0.003659,-0.691135
210.6,-0.448523,-1.33813,-0.695049,-0.00380898,-0.69124
211.2,-0.449015,-1.33704,-0.695166,-0.00380315,-0.691363
211.8,-0.416006,-1.33591,-0.695702,-0.00419568,-0.691507
212.4,-0.447016,-1.33481,-0.695496,-0.00382534,-0.69167
213,-0.438018,-1.33369,-0.695729,-0.00392898,-0.6918
213.6,-0.504544,-1.33261,-0.695118,-0.00322216,-0.691896
214.2,-0.462029,-1.33146,-0.695664,-0.00365727,-0.692006
214.8,-0.48604,-1.33034,-0.695501,-0.00340446,-0.692097
215.4,-0.447524,-1.32918,-0.696031,-0.00381825,-0.692212
216,-0.484024,-1.32806,-0.695728,-0.0034245,-0.692304
216.6,-0.491531,-1.32691,-0.695736,-0.00334848,-0.692388
217.2,-0.475026,-1.32575,-0.69598,-0.0035171,-0.692463
217.8,-0.46452,-1.32457,-0.696188,-0.00362869,-0.69256
218.4,-0.462029,-1.32339,-0.696313,-0.00365547,-0.692657
219,-0.43651,-1.32218,-0.696716,-0.00394389,-0.692772
219.6,-0.454522,-1.32099,-0.696623,-0.0037376,-0.692885
220.2,-0.442508,-1.31977,-0.69688,-0.00387348,-0.693007
220.8,-0.425004,-1.31854,-0.697216,-0.00408044,-0.693136
221.4,-0.438018,-1.3173,-0.697194,-0.00392505,-0.693269
222,-0.439509,-1.31606,-0.697309,-0.00390735,-0.693402
222.6,-0.453014,-1.31481,-0.697278,-0.003753,-0.693525
223.2,-0.401009,-1.31352,-0.698033,-0.00438118,-0.693652
223.8,-0.416514,-1.31223,-0.698008,-0.00418327,-0.693825
224.4,-0.436018,-1.31097,-0.697873,-0.00394696,-0.693926
225,-0.448523,-1.30966,-0.697852,-0.00380234,-0.69405
225.6,-0.43651,-1.30835,-0.698109,-0.00394055,-0.694169
226.2,-0.43351,-1.30702,-0.698277,-0.00397558,-0.694301
226.8,-0.407008,-1.30566,-0.698753,-0.00430159,-0.694452
227.4,-0.426004,-1.30433,-0.698625,-0.00406477,-0.69456
228,-0.425512,-1.30296,-0.69876,-0.00407039,-0.69469
228.6,-0.427512,-1.30158,-0.698865,-0.00404588,-0.694819
229.2,-0.426512,-1.30019,-0.698998,-0.0040576,-0.694941
229.8,-0.446016,-1.29881,-0.69887,-0.00382831,-0.695042
230.4,-0.450523,-1.29741,-0.698896,-0.00377693,-0.695119
231,-0.461029,-1.296,-0.698857,-0.00366023,-0.695196
231.6,-0.459521,-1.29457,-0.698938,-0.00367638,-0.695262
232.2,-0.443016,-1.29311,-0.699224,-0.00386132,-0.695363
232.8,-0.437018,-1.29165,-0.699373,-0.00393057,-0.695443
233.4,-0.46552,-1.2902,-0.699131,-0.00361029,-0.69552
234,-0.468027,-1.28872,-0.699149,-0.00358309,-0.695566
234.6,-0.447016,-1.2872,-0.699459,-0.00381421,-0.695645
235.2,-0.441017,-1.28569,-0.699608,-0.00388261,-0.695725
235.8,-0.446016,-1.28415,-0.699641,-0.00382487,-0.695816
236.4,-0.442508,-1.2826,-0.69978,-0.00386467,-0.695915
237,-0.454014,-1.28106,-0.699711,-0.00373411,-0.695977
237.6,-0.446524,-1.27947,-0.699867,-0.00381799,-0.696049
238.2,-0.420005,-1.27786,-0.700257,-0.00413131,-0.696126
238.8,-0.438509,-1.27626,-0.700108,-0.00390946,-0.696198
239.4,-0.4075,-1.2746,-0.700582,-0.00428713,-0.696295
240,-0.412007,-1.27294,-0.700633,-0.00422957,-0.696403
240.6,-0.417514,-1.27125,-0.700699,-0.00416037,-0.696539
241.2,-0.383996,-1.26951,-0.701295,-0.00459621,-0.696699
241.8,-0.425512,-1.26781,-0.700893,-0.00406162,-0.696831
242.4,-0.388504,-1.26602,-0.701526,-0.00453403,-0.696992
243,-0.407008,-1.26427,-0.701388,-0.00429069,-0.697097
243.6,-0.412007,-1.26245,-0.701461,-0.00422685,-0.697234
244.2,-0.391503,-1.26062,-0.701853,-0.00449226,-0.697361
244.8,-0.341973,-1.25873,-0.702724,-0.00520435,-0.697519
245.4,-0.392994,-1.25687,-0.702141,-0.00447135,-0.69767
246,-0.388995,-1.25496,-0.702341,-0.00452433,-0.697816
246.6,-0.396994,-1.25302,-0.702369,-0.00441742,-0.697951
247.2,-0.4055,-1.25105,-0.702406,-0.00430649,-0.6981
247.8,-0.39901,-1.24908,-0.702584,-0.00438994,-0.698194
248.4,-0.375998,-1.24703,-0.703025,-0.00470036,-0.698324
249,-0.381489,-1.24498,-0.703082,-0.00462365,-0.698458
249.6,-0.383488,-1.2429,-0.703186,-0.00459565,-0.698591
250.2,-0.4045,-1.24082,-0.702975,-0.00431661,-0.698658
250.8,-0.431019,-1.2387,-0.702717,-0.00398843,-0.698728
251.4,-0.427003,-1.23654,-0.702806,-0.00403587,-0.698771
252,-0.413498,-1.23433,-0.703047,-0.00420087,-0.698846
252.6,-0.39901,-1.23208,-0.703323,-0.00438536,-0.698937
253.2,-0.420005,-1.22982,-0.703159,-0.00411914,-0.69904
253.8,-0.404008,-1.22751,-0.703414,-0.0043194,-0.699094
254.4,-0.427003,-1.22518,-0.703189,-0.00403306,-0.699156
255,-0.428003,-1.22281,-0.703225,-0.00402048,-0.699205
255.6,-0.4065,-1.22037,-0.703551,-0.00428561,-0.699265
256.2,-0.418005,-1.21792,-0.703445,-0.00414071,-0.699305
256.8,-0.378997,-1.21539,-0.704017,-0.00464958,-0.699367
257.4,-0.391503,-1.21284,-0.703916,-0.0044791,-0.699437
258,-0.439017,-1.21026,-0.703374,-0.00388775,-0.699487
258.6,-0.392994,-1.20757,-0.704032,-0.00445782,-0.699575
259.2,-0.387504,-1.20486,-0.704193,-0.00453048,-0.699662
259.8,-0.37549,-1.20208,-0.70445,-0.00469448,-0.699756
260.4,-0.362985,-1.19926,-0.704718,-0.00487147,-0.699847
261,-0.342972,-1.19636,-0.705115,-0.00516905,-0.699946
261.6,-0.369983,-1.19343,-0.704824,-0.00476945,-0.700055
262.2,-0.37349,-1.19041,-0.704878,-0.00471908,-0.700159
262.8,-0.379489,-1.18735,-0.70488,-0.00463477,-0.700245
263.4,-0.337482,-1.18416,-0.705601,-0.00525011,-0.700351
264,-0.360493,-1.18096,-0.705361,-0.00490215,-0.700459
264.6,-0.362493,-1.17767,-0.705414,-0.00487211,-0.700542
265.2,-0.346988,-1.17428,-0.705746,-0.0051008,-0.700645
265.8,-0.332483,-1.17082,-0.706063,-0.00532427,-0.700739
266.4,-0.337482,-1.16727,-0.706094,-0.00524466,-0.70085
267,-0.34648,-1.16364,-0.706059,-0.00510517,-0.700954
267.6,-0.353986,-1.15994,-0.706008,-0.00499141,-0.701017
268.2,-0.359477,-1.15614,-0.705981,-0.00490947,-0.701071
268.8,-0.379997,-1.15227,-0.705708,-0.00461779,-0.70109
269.4,-0.350987,-1.14821,-0.706193,-0.00503246,-0.701161
270,-0.356478,-1.1441,-0.70615,-0.00494976,-0.7012
270.6,-0.370983,-1.13989,-0.705948,-0.00473963,-0.701209
271.2,-0.397993,-1.13558,-0.705546,-0.00437258,-0.701173
271.8,-0.37349,-1.13111,-0.70585,-0.00470187,-0.701148
272.4,-0.37449,-1.12651,-0.705802,-0.00468659,-0.701115
273,-0.356986,-1.12175,-0.706058,-0.00493548,-0.701122
273.6,-0.349987,-1.11685,-0.706144,-0.00503768,-0.701107
274.2,-0.362985,-1.11182,-0.705921,-0.00484529,-0.701076
274.8,-0.341973,-1.1066,-0.706194,-0.00515583,-0.701038
275.4,-0.385504,-1.10124,-0.70553,-0.00452849,-0.701001
276,-0.379489,-1.09566,-0.705565,-0.00460864,-0.700956
276.6,-0.368983,-1.0899,-0.705633,-0.0047532,-0.70088
277.2,-0.398501,-1.08398,-0.705105,-0.00435209,-0.700753
277.8,-0.359985,-1.07776,-0.705533,-0.0048784,-0.700655
278.4,-0.357986,-1.07132,-0.705475,-0.00490553,-0.700569
279,-0.366492,-1.06466,-0.705242,-0.00478107,-0.700461
279.6,-0.352987,-1.05771,-0.705291,-0.00497477,-0.700316
280.2,-0.340973,-1.05043,-0.705371,-0.00515324,-0.700218
280.8,-0.342481,-1.04286,-0.705234,-0.0051278,-0.700106
281.4,-0.322977,-1.03493,-0.705427,-0.00543096,-0.699996
282,-0.311963,-1.02661,-0.705497,-0.00560858,-0.699889
282.6,-0.353986,-1.01797,-0.704694,-0.00494782,-0.699746
283.2,-0.337974,-1.00886,-0.704752,-0.005186,-0.699566
283.8,-0.332483,-0.999261,-0.704659,-0.00526813,-0.699391
284.4,-0.31847,-0.989162,-0.704688,-0.00548854,-0.6992
285,-0.335482,-0.978528,-0.704188,-0.0052147,-0.698973
285.6,-0.317961,-0.967217,-0.704243,-0.00548935,-0.698753
286.2,-0.294966,-0.955242,-0.704376,-0.00587267,-0.698504
286.8,-0.288968,-0.942515,-0.704222,-0.00597338,-0.698249
287.4,-0.305964,-0.929,-0.703595,-0.00567488,-0.69792
288,-0.314962,-0.91453,-0.703082,-0.00552036,-0.697562
288.6,-0.327468,-0.899066,-0.702441,-0.00531405,-0.697127
289.2,-0.353478,-0.882452,-0.701525,-0.0049138,-0.696612
289.8,-0.316962,-0.864444,-0.701522,-0.00547064,-0.696052
290.4,-0.316962,-0.844949,-0.7009,-0.00546401,-0.695436
291,-0.322469,-0.823724,-0.7001,-0.00536831,-0.694731
291.6,-0.34448,-0.800475,-0.69896,-0.00502128,-0.693939
292.2,-0.312471,-0.77484,-0.698549,-0.00551323,-0.693036
292.8,-0.323977,-0.746394,-0.697342,-0.00531865,-0.692023
293.4,-0.330975,-0.714596,-0.696043,-0.00519894,-0.690844
294,-0.34448,-0.678705,-0.694448,-0.00498333,-0.689465
294.6,-0.315962,-0.63755,-0.693322,-0.00540988,-0.687912
295.2,-0.332975,-0.589884,-0.691225,-0.0051281,-0.686097
295.8,-0.34548,-0.53372,-0.688816,-0.00492381,-0.683893
296.4,-0.310471,-0.465925,-0.686629,-0.00544022,-0.681188
297,-0.328975,-0.381641,-0.682923,-0.00512243,-0.677801
297.6,-0.342972,-0.272384,-0.678277,-0.00488055,-0.673397
298.2,-0.300965,-0.121749,-0.672841,-0.00547752,-0.667363
298.8,-0.323977,0.106192,-0.663327,-0.00504466,-0.658283
299.4,-0.321977,0.504464,-0.647621,-0.00495286,-0.642668
300,-0.325468,1.25997,-0.6171,-0.00466984,-0.61243
300.6,-0.300965,1.69838,-0.589865,-0.00479625,-0.585069
301.2,-0.302965,0.460408,-0.632422,-0.00511034,-0.627311
301.8,-0.301965,-0.855158,-0.702425,-0.00569077,-0.696735
302.4,-0.302457,-0.919913,-0.7086,-0.00573046,-0.70287
303,-0.304964,-0.907034,-0.708309,-0.00568393,-0.702625
303.6,-0.293967,-0.891629,-0.708089,-0.00586685,-0.702222
304.2,-0.277462,-0.874977,-0.707938,-0.00615478,-0.701784
304.8,-0.256942,-0.856992,-0.707809,-0.00653339,-0.701276
305.4,-0.270955,-0.83748,-0.706981,-0.00626003,-0.700721
306,-0.274463,-0.81622,-0.706256,-0.00618709,-0.700068
306.6,-0.261449,-0.792861,-0.705766,-0.00642104,-0.699345
307.2,-0.249943,-0.767043,-0.705167,-0.006633,-0.698534
307.8,-0.295966,-0.738443,-0.703354,-0.00577679,-0.697577
308.4,-0.272447,-0.706364,-0.702629,-0.00618172,-0.696447
309,-0.25645,-0.670022,-0.701612,-0.00646714,-0.695144
309.6,-0.258941,-0.628412,-0.700021,-0.00640294,-0.693618
310.2,-0.25945,-0.580079,-0.698178,-0.00637406,-0.691804
310.8,-0.300965,-0.523035,-0.695177,-0.00561578,-0.689561
311.4,-0.265448,-0.453826,-0.693041,-0.00621264,-0.686829
312,-0.291967,-0.367455,-0.689089,-0.00571204,-0.683377
312.6,-0.264957,-0.254773,-0.684999,-0.00614509,-0.678854
313.2,-0.282953,-0.0982485,-0.678316,-0.00576966,-0.672547
313.8,-0.276954,0.141662,-0.668702,-0.00578724,-0.662914
314.4,-0.273447,0.568084,-0.651797,-0.00569745,-0.646099
315,-0.256942,1.35575,-0.619528,-0.00568238,-0.613845
315.6,-0.243437,1.6428,-0.597265,-0.00569758,-0.591568
316.2,-0.265448,0.239394,-0.648156,-0.0057941,-0.642362
316.8,-0.25545,-0.879033,-0.711917,-0.0065514,-0.705365
317.4,-0.272447,-0.917726,-0.715671,-0.00626318,-0.709408
318,-0.241437,-0.904703,-0.715983,-0.00686068,-0.709122
318.6,-0.277462,-0.88973,-0.714881,-0.00616038,-0.70872
319.2,-0.244944,-0.873511,-0.715064,-0.00677664,-0.708287
319.8,-0.245944,-0.856046,-0.714544,-0.00674928,-0.707794
320.4,-0.244944,-0.837067,-0.714002,-0.0067613,-0.707241
321,-0.25845,-0.816373,-0.713109,-0.00648779,-0.706621
321.6,-0.251451,-0.793704,-0.712522,-0.00661436,-0.705907
322.2,-0.235946,-0.768714,-0.712003,-0.00691435,-0.705089
322.8,-0.20592,-0.740902,-0.711726,-0.00754356,-0.704182
323.4,-0.190923,-0.709767,-0.711003,-0.00787013,-0.703133
324,-0.19643,-0.674626,-0.709659,-0.00772615,-0.701933
324.6,-0.162405,-0.634455,-0.709036,-0.0085214,-0.700515
325.2,-0.199921,-0.587959,-0.70642,-0.00760559,-0.698814
325.8,-0.170911,-0.533135,-0.705023,-0.00825776,-0.696765
326.4,-0.204937,-0.467128,-0.701675,-0.00743737,-0.694237
327,-0.221933,-0.38543,-0.698045,-0.00703684,-0.691008
327.6,-0.201429,-0.279932,-0.694222,-0.0074278,-0.686795
328.2,-0.16942,-0.135612,-0.689104,-0.00809163,-0.681012
328.8,-0.173419,0.0799446,-0.68025,-0.0078912,-0.672358
329.4,-0.174419,0.449007,-0.665363,-0.00769255,-0.65767
330,-0.194431,1.1536,-0.636222,-0.00693495,-0.629287
330.6,-0.209428,1.71763,-0.603932,-0.00629813,-0.597634
331.2,-0.182417,0.684187,-0.63851,-0.00720246,-0.631308
331.8,-0.183417,-0.807681,-0.715334,-0.00804185,-0.707292
332.4,-0.197922,-0.917754,-0.724937,-0.00780832,-0.717129
333,-0.19743,-0.906735,-0.724876,-0.00781544,-0.717061
333.6,-0.190415,-0.892402,-0.72471,-0.00797206,-0.716738
334.2,-0.183925,-0.876917,-0.724484,-0.00811856,-0.716366
334.8,-0.136411,-0.860126,-0.725297,-0.00933047,-0.715966
335.4,-0.181417,-0.842085,-0.723631,-0.00816121,-0.715469
336,-0.173419,-0.822344,-0.723273,-0.00834598,-0.714927
336.6,-0.179926,-0.800846,-0.722453,-0.00817622,-0.714277
337.2,-0.186924,-0.777173,-0.72152,-0.00799715,-0.713523
337.8,-0.187416,-0.75096,-0.72063,-0.0079725,-0.712657
338.4,-0.161913,-0.721694,-0.720247,-0.00858027,-0.711667
339,-0.160405,-0.688712,-0.719154,-0.00860079,-0.710553
339.6,-0.165404,-0.651311,-0.717698,-0.00845511,-0.709243
340.2,-0.154407,-0.608237,-0.716397,-0.00871049,-0.707687
340.8,-0.115399,-0.557747,-0.715597,-0.00974063,-0.705856
341.4,-0.136411,-0.497815,-0.712711,-0.00912198,-0.703589
342,-0.144409,-0.424639,-0.709604,-0.00886889,-0.700735
342.6,-0.1489,-0.332164,-0.705758,-0.00870196,-0.697056
343.2,-0.11589,-0.209454,-0.70165,-0.00951783,-0.692132
343.8,-0.0818813,-0.0346305,-0.695496,-0.0104057,-0.68509
344.4,-0.0898796,0.243504,-0.683873,-0.00999215,-0.67388
345,-0.0703756,0.759098,-0.663564,-0.0102518,-0.653312
345.6,-0.0803898,1.57927,-0.626234,-0.00939329,-0.616841
346.2,-0.0488721,1.39908,-0.623118,-0.0102307,-0.612887
346.8,-0.0688677,-0.314488,-0.695252,-0.0107678,-0.684485
347.4,-0.0703756,-0.907982,-0.736685,-0.0113526,-0.725333
348,-0.0583782,-0.911947,-0.738482,-0.0117739,-0.726708
348.6,-0.0348587,-0.89847,-0.739213,-0.0126037,-0.726609
349.2,-0.0388578,-0.883661,-0.738897,-0.0124455,-0.726451
349.8,-0.0408738,-0.867787,-0.738579,-0.01236,-0.726219
350.4,-0.0823894,-0.850695,-0.736831,-0.0109312,-0.725899
351,-0.0823894,-0.832081,-0.736413,-0.0109186,-0.725494
351.6,-0.059378,-0.811636,-0.736701,-0.0116666,-0.725035
352.2,-0.0973862,-0.789408,-0.73488,-0.0104201,-0.72446
352.8,-0.0358585,-0.764533,-0.736306,-0.0124625,-0.723844
353.4,-0.0728833,-0.737245,-0.734242,-0.0111615,-0.723081
354,-0.0373664,-0.706539,-0.73453,-0.0123629,-0.722167
354.6,-0.0573784,-0.671876,-0.732706,-0.0116334,-0.721072
355.2,-0.0138632,-0.63215,-0.732954,-0.0131816,-0.719773
355.8,-0.0358585,-0.586225,-0.730531,-0.0123246,-0.718207
356.4,-0.0163545,-0.532062,-0.729291,-0.0130044,-0.716287
357,0.000150131,-0.466868,-0.72748,-0.0135916,-0.713888
357.6,-0.00584857,-0.386178,-0.724103,-0.0132885,-0.710815
358.2,0.0536632,-0.282009,-0.722473,-0.0157031,-0.70677
358.8,0.0536632,-0.139938,-0.716703,-0.0155653,-0.701138
359.4,0.0741833,0.0713666,-0.708955,-0.0163073,-0.692648
360,0.0851809,0.430917,-0.694656,-0.0164697,-0.678186
360.6,0.122189,1.11723,-0.667635,-0.0175546,-0.65008
361.2,0.240246,1.71949,-0.640158,-0.023334,-0.616824
361.8,0.632391,0.772415,-0.719493,-0.0709546,-0.648538
362.4,0.83297,-0.76246,-0.857706,-0.128822,-0.728884
363,0.89399,-0.89331,-0.892168,-0.149674,-0.742494
363.6,0.827955,-0.875818,-0.872985,-0.129285,-0.7437
364.2,0.713914,-0.857397,-0.843376,-0.0987823,-0.744593
364.8,0.609379,-0.837517,-0.821205,-0.0759601,-0.745245
365.4,0.509335,-0.816605,-0.804051,-0.0583921,-0.745659
366,0.495338,-0.793001,-0.802013,-0.0561689,-0.745845
366.6,0.389787,-0.768007,-0.787852,-0.0420901,-0.745762
367.2,0.324277,-0.740224,-0.780456,-0.0350257,-0.74543
367.8,0.278254,-0.708964,-0.775554,-0.0307163,-0.744837
368.4,0.237738,-0.673594,-0.771315,-0.027326,-0.743989
369,0.22874,-0.633144,-0.769429,-0.0265686,-0.74286
369.6,0.214235,-0.586154,-0.76682,-0.0254184,-0.741401
370.2,0.171212,-0.530961,-0.761928,-0.0223975,-0.73953
370.8,0.183717,-0.464362,-0.760238,-0.0231189,-0.737119
371.4,0.127696,-0.38195,-0.753528,-0.0195792,-0.733949
372,0.173211,-0.274877,-0.751878,-0.02217,-0.729708
372.6,0.17921,-0.127832,-0.746076,-0.0223499,-0.723726
373.2,0.176719,0.0925252,-0.736481,-0.0218918,-0.714589
373.8,0.17921,0.471894,-0.720332,-0.0215436,-0.698789
374.4,0.183717,1.19275,-0.688849,-0.0208453,-0.668003
375,0.192715,1.70714,-0.656578,-0.0203557,-0.636222
375.6,0.193715,0.60074,-0.697636,-0.0216716,-0.675965
376.2,0.190224,-0.823412,-0.779029,-0.023948,-0.755081
376.8,0.212727,-0.914753,-0.790146,-0.0258297,-0.764316
377.4,0.214235,-0.902772,-0.790383,-0.025925,-0.764458
378,0.232231,-0.887275,-0.791672,-0.027262,-0.76441
378.6,0.25875,-0.8705,-0.793682,-0.0293623,-0.764319
379.2,0.233739,-0.852685,-0.791489,-0.0273202,-0.764168
379.8,0.274747,-0.833076,-0.794582,-0.0306499,-0.763932
380.4,0.273747,-0.811649,-0.794132,-0.0305226,-0.763609
381,0.317262,-0.787699,-0.797665,-0.0344464,-0.763218
381.6,0.332767,-0.761218,-0.798648,-0.035914,-0.762734
382.2,0.31577,-0.731903,-0.7963,-0.0341834,-0.762117
382.8,0.340781,-0.69885,-0.797918,-0.0365838,-0.761334
383.4,0.366284,-0.661245,-0.79951,-0.0391806,-0.760329
384,0.368792,-0.61768,-0.798422,-0.0393465,-0.759076
384.6,0.318262,-0.567726,-0.791539,-0.034072,-0.757467
385.2,0.356286,-0.507192,-0.793163,-0.0377431,-0.75542
385.8,0.453823,-0.432077,-0.801895,-0.0491076,-0.752788
386.4,0.806451,-0.325555,-0.868163,-0.118981,-0.749181
387,1.06854,-0.161764,-0.945278,-0.201897,-0.743381
387.6,1.12707,0.0900975,-0.953702,-0.21995,-0.733752
388.2,1.06154,0.525442,-0.907381,-0.191158,-0.716223
388.8,0.917001,1.33961,-0.817504,-0.136645,-0.680859
389.4,0.859473,1.69204,-0.769637,-0.115714,-0.653924
390,0.698917,0.287533,-0.796878,-0.0862739,-0.710604
390.6,0.617377,-0.890224,-0.862157,-0.0775369,-0.78462
391.2,0.529855,-0.931086,-0.852221,-0.0620987,-0.790123
391.8,0.501829,-0.917692,-0.84805,-0.0575963,-0.790454
392.4,0.454314,-0.902773,-0.841186,-0.050636,-0.79055
393,0.432811,-0.886152,-0.838244,-0.0477108,-0.790533
393.6,0.354778,-0.86945,-0.828828,-0.0384435,-0.790385
394.2,0.337274,-0.850595,-0.826671,-0.0365712,-0.7901
394.8,0.343273,-0.830169,-0.826865,-0.0371413,-0.789724
395.4,0.350288,-0.807607,-0.827053,-0.0378209,-0.789232
396,0.345272,-0.783047,-0.825856,-0.0372396,-0.788616
396.6,0.345272,-0.755844,-0.825022,-0.0371766,-0.787846
397.2,0.372283,-0.725199,-0.826918,-0.0399966,-0.786922
397.8,0.381789,-0.690345,-0.826797,-0.0409727,-0.785824
398.4,0.383297,-0.650839,-0.825549,-0.0410424,-0.784506
399,0.401801,-0.605131,-0.825973,-0.0430667,-0.782906
399.6,0.393803,-0.551846,-0.822899,-0.0419892,-0.78091
400.2,0.439809,-0.486892,-0.825843,-0.047435,-0.778408
400.8,0.460313,-0.406418,-0.825113,-0.0498983,-0.775214
401.4,0.462821,-0.303853,-0.820899,-0.0499182,-0.770981
402,0.449315,-0.165126,-0.812772,-0.0477121,-0.76506
402.6,0.448316,0.0398386,-0.803136,-0.0469852,-0.756151
403.2,0.514334,0.384817,-0.796052,-0.054942,-0.74111
403.8,0.495338,1.04931,-0.76179,-0.0501045,-0.711685
404.4,0.503845,1.73352,-0.720903,-0.0483894,-0.672514
405,0.548851,0.899175,-0.757091,-0.0567186,-0.700372
405.6,0.542361,-0.741656,-0.852762,-0.0628259,-0.789937
406.2,0.55385,-0.914737,-0.872955,-0.0660733,-0.806881
406.8,0.614886,-0.901211,-0.884616,-0.0773482,-0.807268
407.4,0.621377,-0.882358,-0.885777,-0.0785476,-0.807229
408,0.883976,-0.855462,-0.953252,-0.146173,-0.807079
408.6,1.1956,-0.8137,-1.06591,-0.259323,-0.806588
409.2,1.28813,-0.769488,-1.10057,-0.294529,-0.806044
409.8,1.24311,-0.726839,-1.08194,-0.276377,-0.805565
410.4,1.12256,-0.684499,-1.03395,-0.228976,-0.804969
411,0.968007,-0.640018,-0.975858,-0.171795,-0.804063
411.6,0.906495,-0.588143,-0.95358,-0.150848,-0.802732
412.2,0.78244,-0.529835,-0.914831,-0.113969,-0.800862
412.8,0.697917,-0.45885,-0.890917,-0.092664,-0.798253
413.4,0.63739,-0.37106,-0.873965,-0.0792445,-0.79472
414,0.582877,-0.256564,-0.858219,-0.0684227,-0.789797
414.6,0.55285,-0.0967658,-0.845323,-0.0626458,-0.782677
415.2,0.538345,0.148841,-0.830954,-0.0593981,-0.771556
415.8,0.519349,0.590013,-0.80661,-0.0549848,-0.751625
416.4,0.483324,1.39453,-0.760587,-0.0473562,-0.713231
417,0.476834,1.61953,-0.735,-0.0449932,-0.690007
417.6,0.472327,0.155307,-0.801596,-0.0484837,-0.753112
418.2,0.498829,-0.882163,-0.879992,-0.0568624,-0.823129
418.8,0.495338,-0.911111,-0.883845,-0.0565794,-0.827266
419.4,0.57537,-0.894499,-0.896888,-0.069824,-0.827064
420,0.57737,-0.875939,-0.896823,-0.0701063,-0.826717
420.6,0.587368,-0.855308,-0.898157,-0.0718546,-0.826302
421.2,0.617886,-0.832724,-0.903435,-0.0776126,-0.825823
421.8,0.613886,-0.808204,-0.901929,-0.076705,-0.825224
422.4,0.63739,-0.78091,-0.905814,-0.0812971,-0.824517
423,0.631391,-0.750421,-0.903555,-0.0799168,-0.823639
423.6,0.705408,-0.714516,-0.918472,-0.0959022,-0.82257
424.2,0.716913,-0.674425,-0.919662,-0.0983833,-0.821279
424.8,0.729927,-0.628883,-0.920968,-0.101246,-0.819723
425.4,0.754938,-0.573267,-0.924806,-0.107118,-0.817688
426,0.822464,-0.506595,-0.939975,-0.124798,-0.815177
426.6,1.13908,-0.405542,-1.0427,-0.231331,-0.811368
427.2,1.36717,-0.256357,-1.11951,-0.314142,-0.805371
427.8,1.4667,-0.0402809,-1.13971,-0.343432,-0.796274
428.4,1.38467,0.304683,-1.0906,-0.309492,-0.781113
429,1.22911,0.962575,-0.995488,-0.244185,-0.751303
429.6,1.11407,1.76837,-0.897007,-0.191313,-0.705695
430.2,1.00352,1.05542,-0.889134,-0.161282,-0.727852
430.8,0.886483,-0.708832,-0.969723,-0.143866,-0.825857
431.4,0.795945,-0.935239,-0.968898,-0.120575,-0.848322
432,0.768443,-0.923004,-0.961694,-0.113026,-0.848668
432.6,0.714914,-0.90616,-0.947783,-0.0993254,-0.848457
433.2,0.707915,-0.887599,-0.94566,-0.0975351,-0.848125
433.8,0.651895,-0.868408,-0.932456,-0.0847862,-0.847669
434.4,0.637881,-0.846881,-0.928811,-0.0817312,-0.84708
435,0.678397,-0.822655,-0.93671,-0.0903339,-0.846376
435.6,0.658401,-0.796365,-0.931317,-0.085797,-0.84552
436.2,0.670399,-0.76752,-0.932802,-0.0882513,-0.844551
436.8,0.680905,-0.735083,-0.933786,-0.0904033,-0.843383
437.4,0.663892,-0.698371,-0.928428,-0.0864552,-0.841972
438,0.698917,-0.656313,-0.934386,-0.0940477,-0.840338
438.6,0.723928,-0.606509,-0.937951,-0.0996488,-0.838302
439.2,0.739433,-0.547384,-0.93887,-0.10306,-0.83581
439.8,0.697917,-0.477308,-0.925495,-0.0927713,-0.832723
440.4,0.791946,-0.385987,-0.944188,-0.115485,-0.828703
441,0.791455,-0.268926,-0.937853,-0.114517,-0.823337
441.6,0.804943,-0.106779,-0.932724,-0.116962,-0.815762
442.2,0.84346,0.148674,-0.929415,-0.125649,-0.803766
442.8,0.864472,0.612463,-0.910023,-0.127972,-0.782052
443.4,0.920001,1.46173,-0.876013,-0.136257,-0.739757
444,1.15459,1.62352,-0.922371,-0.204208,-0.718162
444.6,1.43818,0.109551,-1.11068,-0.322456,-0.788229
445.2,1.57075,-0.858347,-1.25159,-0.393017,-0.858577
445.8,1.52572,-0.867466,-1.24308,-0.380543,-0.862532
446.4,1.43318,-0.83545,-1.21146,-0.349245,-0.862214
447,1.27363,-0.804214,-1.15125,-0.289548,-0.8617
447.6,1.13107,-0.773093,-1.09455,-0.23352,-0.861034
448.2,0.993018,-0.740853,-1.04178,-0.181644,-0.86014
448.8,0.936505,-0.703514,-1.02069,-0.161785,-0.858904
449.4,0.879976,-0.661127,-1.00045,-0.143157,-0.85729
450,0.851966,-0.612681,-0.989526,-0.13422,-0.855306
450.6,0.790455,-0.55669,-0.969124,-0.116314,-0.85281
451.2,0.746923,-0.489392,-0.95423,-0.104543,-0.849687
451.8,0.748939,-0.404194,-0.950139,-0.104491,-0.845648
452.4,0.798453,-0.293143,-0.956902,-0.116563,-0.840339
453,0.75243,-0.141881,-0.93658,-0.103662,-0.832918
453.6,0.765936,0.0852696,-0.927374,-0.10555,-0.821824
454.2,0.779441,0.480816,-0.909043,-0.106359,-0.802684
454.8,0.777933,1.24204,-0.866012,-0.100961,-0.765051
455.4,0.784948,1.72256,-0.826687,-0.0977341,-0.728953
456,0.836461,0.512347,-0.897739,-0.117614,-0.780125
456.6,0.837461,-0.843768,-0.999886,-0.131185,-0.868701
457.2,0.882484,-0.909515,-1.02316,-0.146167,-0.876996
457.8,0.913986,-0.88925,-1.03274,-0.156161,-0.876578
458.4,0.938505,-0.865114,-1.03998,-0.1641,-0.87588
459,0.965515,-0.837891,-1.04813,-0.173073,-0.875053
459.6,0.989527,-0.807901,-1.05527,-0.181176,-0.874091
460.2,1.11307,-0.770881,-1.09948,-0.226591,-0.87289
460.8,1.40018,-0.715397,-1.20609,-0.335134,-0.870957
461.4,1.65978,-0.644882,-1.28115,-0.412774,-0.868372
462,1.67428,-0.568084,-1.2798,-0.414324,-0.865472
462.6,1.55173,-0.481793,-1.24135,-0.379342,-0.862009
463.2,1.33065,-0.385168,-1.16111,-0.303317,-0.857789
463.8,1.1956,-0.261225,-1.10259,-0.250519,-0.852071
464.4,1.06454,-0.0954248,-1.04364,-0.199577,-0.844063
465,0.958009,0.15849,-0.991817,-0.160264,-0.831553
465.6,0.911494,0.619439,-0.950525,-0.141541,-0.808983
466.2,0.873978,1.45325,-0.889096,-0.123522,-0.765574
466.8,0.818957,1.59293,-0.850185,-0.106149,-0.744036
467.4,0.807959,0.0336977,-0.931818,-0.113767,-0.818051
468,0.806959,-0.893052,-1.0109,-0.123134,-0.887766
468.6,0.825955,-0.908786,-1.01975,-0.128968,-0.890779
469.2,0.833462,-0.889296,-1.02111,-0.131017,-0.890088
469.8,0.837969,-0.867097,-1.02138,-0.132167,-0.889217
470.4,0.828955,-0.843445,-1.0176,-0.129322,-0.888276
471,0.847967,-0.817396,-1.02195,-0.134738,-0.887214
471.6,0.832462,-0.788596,-1.01587,-0.129904,-0.885962
472.2,0.878485,-0.755382,-1.02808,-0.143538,-0.884545
472.8,0.90148,-0.717269,-1.03332,-0.150458,-0.882858
473.4,0.909495,-0.674145,-1.03355,-0.152629,-0.880922
474,0.983511,-0.621592,-1.05556,-0.176986,-0.878571
474.6,1.00803,-0.558927,-1.06056,-0.184907,-0.875653
475.2,1.03804,-0.483104,-1.06686,-0.194774,-0.872085
475.8,1.05555,-0.388652,-1.06751,-0.199969,-0.867538
476.4,1.13058,-0.260206,-1.08735,-0.226039,-0.861309
477,1.44469,-0.051113,-1.18793,-0.336579,-0.851353
477.6,1.66977,0.321484,-1.2248,-0.391403,-0.8334
478.2,1.7058,1.07443,-1.17805,-0.381345,-0.7967
478.8,1.56773,1.84879,-1.0728,-0.326597,-0.746199
479.4,1.35815,0.845806,-1.06717,-0.281883,-0.785287
480,1.18109,-0.831545,-1.14288,-0.251862,-0.89102
480.6,1.09706,-0.955179,-1.12851,-0.222941,-0.905571
481.2,0.980512,-0.942287,-1.08488,-0.179474,-0.905411
481.8,0.887483,-0.926804,-1.0528,-0.147923,-0.904876
482.4,0.868979,-0.908678,-1.04609,-0.141937,-0.904148
483,0.867471,-0.888762,-1.0446,-0.141297,-0.903301
483.6,0.831954,-0.867726,-1.03272,-0.130396,-0.902326
484.2,0.81245,-0.845303,-1.02585,-0.124577,-0.901276
484.8,0.789439,-0.820756,-1.01803,-0.117963,-0.900071
485.4,0.820448,-0.7923,-1.02515,-0.126452,-0.898697
486,0.831462,-0.760987,-1.02655,-0.129392,-0.897161
486.6,0.848967,-0.724864,-1.02964,-0.134261,-0.895381
487.2,0.842968,-0.685339,-1.02556,-0.132151,-0.893404
487.8,0.854965,-0.638582,-1.02638,-0.135329,-0.891048
488.4,0.881976,-0.584956,-1.03146,-0.143103,-0.888358
489,0.877485,-0.519783,-1.02612,-0.141136,-0.884987
489.6,0.913986,-0.440222,-1.03277,-0.151858,-0.880915
490.2,0.876485,-0.339638,-1.0149,-0.139257,-0.875638
490.8,0.866979,-0.206189,-1.00394,-0.135271,-0.86867
491.4,0.899989,-0.00921095,-1.00202,-0.143534,-0.858487
492,0.947503,0.318908,-0.997177,-0.155369,-0.841808
492.6,0.965007,0.951057,-0.964744,-0.154823,-0.809921
493.2,0.937505,1.74226,-0.898758,-0.137541,-0.761217
493.8,0.98002,1.08642,-0.935439,-0.153831,-0.781608
494.4,1.01203,-0.660824,-1.06909,-0.185085,-0.884006
495,1.05155,-0.911733,-1.11481,-0.205008,-0.909806
495.6,1.03653,-0.89579,-1.10888,-0.199275,-0.909602
496.2,1.03053,-0.871755,-1.1054,-0.196759,-0.908645
496.8,1.09255,-0.843281,-1.12724,-0.219714,-0.907523
497.4,1.37967,-0.799833,-1.23532,-0.329478,-0.905842
498,1.63476,-0.744624,-1.31253,-0.408914,-0.903615
498.6,1.67177,-0.687482,-1.31812,-0.41679,-0.901331
499.2,1.59625,-0.626625,-1.29438,-0.395551,-0.898825
499.8,1.40018,-0.562648,-1.22783,-0.331888,-0.895939
500.4,1.1976,-0.492283,-1.14742,-0.254894,-0.892528
501,1.09306,-0.410284,-1.1025,-0.214045,-0.88845
501.6,1.02554,-0.305332,-1.07118,-0.188173,-0.883007
502.2,0.899989,-0.162877,-1.02026,-0.144888,-0.875375
502.8,0.83597,0.0449031,-0.988688,-0.124328,-0.864361
503.4,0.854474,0.402466,-0.972643,-0.126776,-0.845867
504,0.813958,1.09064,-0.921102,-0.110849,-0.810252
504.6,0.819449,1.7385,-0.87203,-0.106097,-0.765933
505.2,0.788947,0.815906,-0.905608,-0.103571,-0.802037
505.8,0.777933,-0.770477,-1.01559,-0.113529,-0.902057
506.4,0.778949,-0.911867,-1.03324,-0.115744,-0.917498
507,0.814958,-0.896962,-1.0426,-0.125697,-0.916898
507.6,0.764444,-0.878643,-1.0275,-0.111656,-0.915841
508.2,0.759429,-0.858825,-1.02493,-0.110205,-0.914724
508.8,0.770934,-0.836187,-1.02653,-0.113079,-0.913447
509.4,0.721421,-0.813161,-1.01242,-0.100323,-0.912094
510,0.738925,-0.787199,-1.0151,-0.104482,-0.910617
510.6,0.713914,-0.759185,-1.00715,-0.0981824,-0.908968
511.2,0.727419,-0.727675,-1.00839,-0.101254,-0.907135
511.8,0.69241,-0.692168,-0.997793,-0.092757,-0.905036
512.4,0.712914,-0.651087,-0.999965,-0.0972854,-0.902679
513,0.697409,-0.604876,-0.99341,-0.0933957,-0.900014
513.6,0.664892,-0.551889,-0.982807,-0.0858818,-0.896925
514.2,0.680397,-0.487457,-0.982137,-0.0889039,-0.893233
514.8,0.655402,-0.408723,-0.971838,-0.0831194,-0.888719
515.4,0.649387,-0.308434,-0.964421,-0.0813625,-0.883058
516,0.642388,-0.173215,-0.954818,-0.0792707,-0.875548
516.6,0.630391,0.0224941,-0.940862,-0.0759745,-0.864887
517.2,0.607871,0.344469,-0.918166,-0.0703291,-0.847837
517.8,0.618885,0.954094,-0.885861,-0.0696552,-0.816206
518.4,0.597873,1.69402,-0.832031,-0.0622581,-0.769773
519,0.626884,1.07047,-0.857471,-0.0687253,-0.788746
519.6,0.602872,-0.639703,-0.961389,-0.072827,-0.888562
520.2,0.595874,-0.907723,-0.988537,-0.0736615,-0.914875
520.8,0.587876,-0.899476,-0.986692,-0.0721448,-0.914547
521.4,0.559865,-0.884244,-0.980469,-0.0670092,-0.913459
522,0.547851,-0.868054,-0.977169,-0.064866,-0.912303
522.6,0.540853,-0.850582,-0.97467,-0.0636133,-0.911056
523.2,0.542853,-0.831545,-0.973595,-0.0638739,-0.909721
523.8,0.536854,-0.810523,-0.971055,-0.0627887,-0.908266
524.4,0.456822,-0.788626,-0.957338,-0.0506175,-0.90672
525,0.503337,-0.763907,-0.962331,-0.0572769,-0.905054
525.6,0.474834,-0.736883,-0.95619,-0.0529716,-0.903218
526.2,0.448824,-0.706896,-0.950472,-0.0492805,-0.901191
526.8,0.438809,-0.673531,-0.946826,-0.0478577,-0.898968
527.4,0.435318,-0.635133,-0.943745,-0.0472911,-0.896454
528,0.430811,-0.591227,-0.940214,-0.0465857,-0.893628
528.6,0.388804,-0.54,-0.931752,-0.0413812,-0.890371
529.2,0.364285,-0.479363,-0.925109,-0.0385215,-0.886588
529.8,0.352287,-0.40522,-0.919147,-0.037087,-0.88206
530.4,0.311771,-0.311973,-0.909386,-0.0329264,-0.876459
531,0.312771,-0.187818,-0.902002,-0.032765,-0.869237
531.6,0.294267,-0.0111374,-0.890039,-0.030767,-0.859272
532.2,0.277746,0.270582,-0.872885,-0.0288633,-0.844022
532.8,0.280762,0.787863,-0.84523,-0.0281964,-0.817034
533.4,0.20622,1.56918,-0.793503,-0.0215735,-0.771929
534,0.218234,1.3411,-0.791389,-0.0222604,-0.769129
534.6,0.182717,-0.342178,-0.879235,-0.0224213,-0.856813
535.2,0.164213,-0.894145,-0.92571,-0.0224326,-0.903278
535.8,0.126697,-0.899403,-0.923883,-0.0201618,-0.903721
536.4,0.120698,-0.888155,-0.922184,-0.0198023,-0.902381
537,0.129696,-0.875779,-0.921267,-0.0203076,-0.900959
537.6,0.127205,-0.862635,-0.919612,-0.0201458,-0.899466
538.2,0.0761829,-0.848722,-0.915267,-0.0173663,-0.897901
538.8,0.0811818,-0.833572,-0.913864,-0.0176033,-0.89626
539.4,0.046173,-0.817384,-0.910429,-0.0158856,-0.894543
540,0.0411577,-0.7998,-0.908367,-0.0156383,-0.892729
540.6,0.055171,-0.780413,-0.907121,-0.0162691,-0.890852
541.2,0.0581704,-0.759235,-0.905286,-0.0163898,-0.888896
541.8,0.0231616,-0.736196,-0.901577,-0.014781,-0.886796
542.4,0.00565714,-0.710624,-0.898562,-0.0140229,-0.88454
543,0.0126556,-0.682061,-0.896393,-0.0142867,-0.882106
543.6,-0.0258606,-0.649936,-0.892204,-0.0127405,-0.879464
544.2,-0.0773741,-0.613488,-0.887491,-0.0109298,-0.876562
544.8,-0.0588699,-0.571337,-0.884877,-0.0115094,-0.873368
545.4,-0.0968945,-0.522113,-0.880046,-0.0102618,-0.869784
546,-0.0953866,-0.463539,-0.875953,-0.0102697,-0.865683
546.6,-0.13841,-0.392055,-0.869881,-0.00900783,-0.860873
547.2,-0.130395,-0.301684,-0.864257,-0.00917119,-0.855086
547.8,-0.164421,-0.182343,-0.856015,-0.00823437,-0.847781
548.4,-0.152915,-0.0132008,-0.846417,-0.00842978,-0.837987
549,-0.158406,0.252378,-0.831602,-0.00815982,-0.823442
549.6,-0.16942,0.730708,-0.806262,-0.00766922,-0.798593
550.2,-0.20592,1.48859,-0.763025,-0.0065302,-0.756495
550.8,-0.230931,1.41613,-0.751956,-0.00598752,-0.745969
551.4,-0.289459,-0.169553,-0.828174,-0.00555871,-0.822615
552,-0.238946,-0.87893,-0.883642,-0.00689008,-0.876752
552.6,-0.303473,-0.895337,-0.883426,-0.00570441,-0.877721
553.2,-0.316962,-0.886985,-0.881616,-0.00547785,-0.876138
553.8,-0.340481,-0.877688,-0.879524,-0.00510535,-0.874418
554.4,-0.355986,-0.867749,-0.877545,-0.00487245,-0.872672
555,-0.363493,-0.857214,-0.875635,-0.00476181,-0.870873
555.6,-0.421513,-0.845984,-0.873018,-0.0040041,-0.869014
556.2,-0.393503,-0.833945,-0.871459,-0.00434893,-0.86711
556.8,-0.401009,-0.821033,-0.869405,-0.00424945,-0.865155
557.4,-0.393994,-0.807107,-0.867495,-0.0043353,-0.86316
558,-0.421513,-0.792098,-0.865094,-0.00399066,-0.861104
558.6,-0.441017,-0.775862,-0.8627,-0.00376168,-0.858938
559.2,-0.444016,-0.758152,-0.860408,-0.0037241,-0.856684
559.8,-0.453522,-0.738737,-0.857975,-0.00361573,-0.854359
560.4,-0.469027,-0.717364,-0.855397,-0.00344788,-0.851949
561,-0.495038,-0.693723,-0.85259,-0.00318594,-0.849404
561.6,-0.473534,-0.6673,-0.850132,-0.00339124,-0.846741
562.2,-0.497529,-0.637644,-0.84704,-0.00315128,-0.843889
562.8,-0.520541,-0.603994,-0.843741,-0.00293608,-0.840805
563.4,-0.533046,-0.565369,-0.840269,-0.00282173,-0.837447
564,-0.540553,-0.520371,-0.836537,-0.00275147,-0.833785
564.6,-0.534554,-0.467083,-0.8325,-0.00279183,-0.829708
565.2,-0.538045,-0.402603,-0.82782,-0.00275177,-0.825068
565.8,-0.537045,-0.322257,-0.822406,-0.00274615,-0.81966
566.4,-0.573562,-0.218187,-0.815521,-0.00244664,-0.813075
567,-0.572562,-0.0755289,-0.807034,-0.00243226,-0.804601
567.6,-0.624092,0.137406,-0.79485,-0.00205804,-0.792792
568.2,-0.607571,0.496661,-0.776291,-0.00211485,-0.774177
568.8,-0.615586,1.14375,-0.743412,-0.00198069,-0.741431
569.4,-0.623584,1.61667,-0.710068,-0.00185033,-0.708217
570,-0.640597,0.65295,-0.745674,-0.00185007,-0.743824
570.6,-0.643088,-0.761198,-0.828014,-0.00204252,-0.825971
571.2,-0.664608,-0.888758,-0.838659,-0.00194345,-0.836715
571.8,-0.683112,-0.886021,-0.83714,-0.00183888,-0.835301
572.4,-0.679605,-0.879959,-0.835435,-0.00185756,-0.833577
573,-0.695618,-0.873519,-0.833603,-0.00177002,-0.831833
573.6,-0.717121,-0.866743,-0.831714,-0.00165909,-0.830055
574.2,-0.716121,-0.859585,-0.829923,-0.00166331,-0.82826
574.8,-0.700617,-0.852006,-0.828202,-0.00174142,-0.82646
575.4,-0.754638,-0.844006,-0.826088,-0.00148088,-0.824607
576,-0.75213,-0.835495,-0.824222,-0.00149124,-0.822731
576.6,-0.773142,-0.826452,-0.82221,-0.00139959,-0.82081
577.2,-0.779649,-0.816789,-0.820246,-0.00137178,-0.818875
577.8,-0.794154,-0.806462,-0.818204,-0.00131266,-0.816892
578.4,-0.784139,-0.795365,-0.816254,-0.00135166,-0.814902
579,-0.765144,-0.78344,-0.814285,-0.00142964,-0.812855
579.6,-0.796153,-0.770561,-0.812071,-0.00130191,-0.810769
580.2,-0.81315,-0.756624,-0.809844,-0.00123626,-0.808608
580.8,-0.793646,-0.741435,-0.807743,-0.00130932,-0.806434
581.4,-0.80466,-0.724854,-0.805455,-0.00126556,-0.804189
582,-0.829163,-0.706665,-0.803031,-0.00117473,-0.801856
582.6,-0.827655,-0.686582,-0.800627,-0.00117856,-0.799448
583.2,-0.817657,-0.664301,-0.798136,-0.00121267,-0.796923
583.8,-0.83167,-0.63938,-0.795467,-0.00116104,-0.794306
584.4,-0.854665,-0.611331,-0.7926,-0.0010819,-0.791518
585,-0.822164,-0.579451,-0.78971,-0.00119007,-0.78852
585.6,-0.83067,-0.542793,-0.786491,-0.00115749,-0.785334
586.2,-0.84016,-0.500123,-0.78298,-0.00112206,-0.781858
586.8,-0.851666,-0.449611,-0.779107,-0.00108065,-0.778026
587.4,-0.848175,-0.388584,-0.774794,-0.00108783,-0.773706
588,-0.87217,-0.312852,-0.7697,-0.00100763,-0.768693
588.6,-0.860172,-0.215396,-0.763678,-0.00103814,-0.76264
589.2,-0.886183,-0.0832383,-0.755996,-0.000952473,-0.755043
589.8,-0.895181,0.110126,-0.745608,-0.000916091,-0.744692
590.4,-0.910686,0.426188,-0.729828,-0.00085762,-0.728971
591,-0.905687,0.990673,-0.702919,-0.000839957,-0.702079
591.6,-0.914193,1.57539,-0.669026,-0.000780784,-0.668245
592.2,-0.9207,0.95258,-0.685951,-0.000786529,-0.685164
592.8,-0.929206,-0.607553,-0.763583,-0.000855098,-0.762728
593.4,-0.963707,-0.87402,-0.783773,-0.000793081,-0.78298
594,-0.957217,-0.878719,-0.782891,-0.000809215,-0.782082
594.6,-0.973213,-0.876206,-0.781303,-0.00077124,-0.780532
595.2,-0.931698,-0.873447,-0.779843,-0.000873212,-0.77897
595.8,-0.985227,-0.870607,-0.778144,-0.000743716,-0.7774
596.4,-1.02324,-0.867681,-0.776479,-0.00066355,-0.775815
597,-1.00373,-0.864652,-0.774931,-0.000703347,-0.774227
597.6,-0.971722,-0.861515,-0.773419,-0.000773981,-0.772645
598.2,-0.993225,-0.858272,-0.771781,-0.000725546,-0.771055
598.8,-0.993717,-0.854898,-0.770204,-0.000724325,-0.769479
599.4,-0.972722,-0.85139,-0.768681,-0.000771177,-0.76791
600,-0.990718,-0.847745,-0.767056,-0.000730536,-0.766325
600.6,-1.00222,-0.843934,-0.765469,-0.000705615,-0.764764
601.2,-0.977212,-0.839956,-0.763953,-0.000760327,-0.763193
601.8,-0.990226,-0.835793,-0.762353,-0.000731065,-0.761622
602.4,-0.998224,-0.831427,-0.76077,-0.00071356,-0.760057
603,-0.997733,-0.826844,-0.759197,-0.000714407,-0.758483
603.6,-0.968214,-0.822006,-0.757727,-0.000780222,-0.756947
604.2,-0.997225,-0.816925,-0.756088,-0.000715051,-0.755373
604.8,-0.999732,-0.811556,-0.754493,-0.00070946,-0.753784
605.4,-1.01473,-0.805878,-0.752861,-0.000678048,-0.752183
606,-1.00173,-0.799859,-0.751275,-0.000704706,-0.75057
606.6,-0.967215,-0.79346,-0.749742,-0.000781164,-0.748961
607.2,-1.00422,-0.786657,-0.748028,-0.000698888,-0.747329
607.8,-1.02623,-0.779393,-0.746352,-0.000653986,-0.745698
608.4,-1.02523,-0.771633,-0.744678,-0.000655629,-0.744023
609,-1.03974,-0.763315,-0.742957,-0.000627417,-0.742329
609.6,-1.03774,-0.75438,-0.741234,-0.000630834,-0.740603
610.2,-1.05325,-0.744751,-0.739459,-0.000601833,-0.738857
610.8,-1.06875,-0.734358,-0.73762,-0.000574136,-0.737046
611.4,-1.08126,-0.723098,-0.735735,-0.000552628,-0.735182
612,-1.04874,-0.710842,-0.733919,-0.000608721,-0.73331
612.6,-1.05624,-0.697462,-0.732012,-0.000594682,-0.731417
613.2,-1.09776,-0.682807,-0.729983,-0.000524631,-0.729458
613.8,-1.07226,-0.666684,-0.727968,-0.000565727,-0.727402
614.4,-1.09227,-0.648853,-0.725807,-0.0005322,-0.725275
615,-1.07775,-0.629017,-0.723636,-0.00055518,-0.723081
615.6,-1.04325,-0.606814,-0.721422,-0.000614791,-0.720807
616.2,-1.08276,-0.581792,-0.718965,-0.000545278,-0.71842
616.8,-1.08476,-0.553363,-0.716408,-0.000541053,-0.715867
617.4,-1.11327,-0.520742,-0.713623,-0.000495738,-0.713128
618,-1.12828,-0.482866,-0.710646,-0.000472799,-0.710173
618.6,-1.10376,-0.438267,-0.707441,-0.000507429,-0.706934
619.2,-1.10276,-0.384801,-0.703845,-0.000507245,-0.703338
619.8,-1.09527,-0.319239,-0.699749,-0.000516628,-0.699232
620.4,-1.08026,-0.236369,-0.694962,-0.000537601,-0.694424
621,-1.06275,-0.127191,-0.689088,-0.000562695,-0.688526
621.6,-1.07275,0.0254884,-0.681423,-0.000540908,-0.680882
622.2,-1.10577,0.258212,-0.670449,-0.000482904,-0.669966
622.8,-1.11177,0.653063,-0.653028,-0.000462774,-0.652565
623.4,-1.09025,1.27982,-0.624835,-0.000473066,-0.624362
624,-1.09527,1.43936,-0.608882,-0.000454868,-0.608427
624.6,-1.08625,0.228988,-0.652308,-0.000501467,-0.651807
625.2,-1.07976,-0.793976,-0.707757,-0.000555666,-0.707201
625.8,-1.07526,-0.860723,-0.711908,-0.000567446,-0.71134
626.4,-1.12177,-0.863834,-0.710852,-0.00049375,-0.710358
627,-1.14178,-0.865443,-0.709687,-0.000465052,-0.709222
627.6,-1.1793,-0.867184,-0.708472,-0.000415633,-0.708056
628.2,-1.22531,-0.869116,-0.707201,-0.000362131,-0.706838
628.8,-1.24081,-0.871239,-0.70596,-0.000345729,-0.705614
629.4,-1.30334,-0.873571,-0.704649,-0.000286669,-0.704363
630,-1.31884,-0.876119,-0.703369,-0.00027369,-0.703095
630.6,-1.33086,-0.878899,-0.702062,-0.000264052,-0.701797
631.2,-1.35585,-0.881915,-0.700753,-0.000245032,-0.700508
631.8,-1.33735,-0.88518,-0.699481,-0.000259064,-0.699222
632.4,-1.34685,-0.888699,-0.698221,-0.000251839,-0.697969
633,-1.34836,-0.892483,-0.696991,-0.000250762,-0.69674
633.6,-1.34536,-0.896548,-0.695754,-0.000253091,-0.695501
634.2,-1.34086,-0.900896,-0.694556,-0.000256605,-0.694299
634.8,-1.34685,-0.905537,-0.693379,-0.000252103,-0.693127
635.4,-1.36387,-0.910485,-0.692198,-0.000239638,-0.691959
636,-1.33986,-0.915747,-0.691052,-0.000257613,-0.690794
636.6,-1.32335,-0.921324,-0.68995,-0.000270777,-0.689679
637.2,-1.33535,-0.927231,-0.688844,-0.000261305,-0.688583
637.8,-1.34336,-0.933469,-0.687768,-0.000255199,-0.687513
638.4,-1.32635,-0.940046,-0.686733,-0.000268665,-0.686465
639,-1.32084,-0.946967,-0.685712,-0.000273256,-0.685439
639.6,-1.31234,-0.954232,-0.684726,-0.000280442,-0.684446
640.2,-1.30334,-0.961844,-0.683776,-0.000288247,-0.683488
640.8,-1.26533,-0.969799,-0.682912,-0.0003232,-0.682589
641.4,-1.30183,-0.978105,-0.681999,-0.000289846,-0.681709
642,-1.27182,-0.986756,-0.68117,-0.000317306,-0.680853
642.6,-1.29683,-0.995753,-0.680308,-0.000294546,-0.680013
643.2,-1.26182,-1.00509,-0.679529,-0.000327334,-0.679202
643.8,-1.27333,-1.01475,-0.678739,-0.000316425,-0.678422
644.4,-1.28533,-1.02475,-0.677961,-0.000305434,-0.677656
645,-1.27584,-1.03505,-0.67724,-0.000314451,-0.676926
645.6,-1.25582,-1.04566,-0.67657,-0.000334115,-0.676236
646.2,-1.24232,-1.05657,-0.675917,-0.000348156,-0.675569
646.8,-1.26082,-1.06775,-0.675252,-0.000329596,-0.674922
647.4,-1.27284,-1.07921,-0.67458,-0.000318161,-0.674262
648,-1.31735,-1.09092,-0.673859,-0.00027861,-0.673581
648.6,-1.36587,-1.10288,-0.6731,-0.000241069,-0.672859
649.2,-1.37286,-1.11506,-0.672348,-0.000236241,-0.672112
649.8,-1.41238,-1.12745,-0.671547,-0.000210003,-0.671337
650.4,-1.4584,-1.14002,-0.670712,-0.000183072,-0.670529
651,-1.4724,-1.15277,-0.669877,-0.000175685,-0.669702
651.6,-1.48941,-1.16566,-0.669026,-0.000167079,-0.668859
652.2,-1.4814,-1.17867,-0.66822,-0.000171281,-0.668048
652.8,-1.48891,-1.19178,-0.667396,-0.000167604,-0.667228
653.4,-1.46791,-1.20497,-0.666601,-0.000178642,-0.666422
654,-1.48541,-1.21822,-0.665786,-0.000169644,-0.665616
654.6,-1.4774,-1.2315,-0.664991,-0.000173913,-0.664817
655.2,-1.48841,-1.24479,-0.664183,-0.0001684,-0.664015
655.8,-1.50341,-1.25807,-0.663372,-0.000161126,-0.663211
656.4,-1.4909,-1.27132,-0.662598,-0.00016742,-0.66243
657,-1.4584,-1.28451,-0.661858,-0.00018471,-0.661674
657.6,-1.4519,-1.29763,-0.66113,-0.000188502,-0.660942
658.2,-1.46589,-1.31066,-0.660379,-0.000180898,-0.660198
658.8,-1.4624,-1.32358,-0.659636,-0.000182947,-0.659453
659.4,-1.4694,-1.33637,-0.6589,-0.000179287,-0.65872
660,-1.4579,-1.34901,-0.658185,-0.000185726,-0.657999
660.6,-1.42089,-1.3615,-0.657519,-0.000207685,-0.657311
661.2,-1.40487,-1.37381,-0.656839,-0.000218065,-0.656621
661.8,-1.41838,-1.38594,-0.656143,-0.000209566,-0.655933
662.4,-1.39537,-1.39787,-0.655477,-0.000224702,-0.655252
663,-1.41438,-1.40959,-0.654784,-0.000212401,-0.654571
663.6,-1.38186,-1.42109,-0.654156,-0.000234321,-0.653922
664.2,-1.37237,-1.43236,-0.653524,-0.000241251,-0.653282
664.8,-1.35036,-1.4434,-0.6529,-0.000257886,-0.652642
665.4,-1.35787,-1.45421,-0.65225,-0.000252312,-0.651998
666,-1.34436,-1.46476,-0.651631,-0.000262909,-0.651368
666.6,-1.36436,-1.47507,-0.650976,-0.000247764,-0.650728
667.2,-1.35787,-1.48513,-0.650344,-0.000252788,-0.650091
667.8,-1.35336,-1.49493,-0.649723,-0.000256381,-0.649467
668.4,-1.34736,-1.50447,-0.649094,-0.000261186,-0.648833
669,-1.36787,-1.51376,-0.648417,-0.00024575,-0.648171
669.6,-1.40238,-1.5228,-0.64769,-0.000221707,-0.647468
670.2,-1.42889,-1.53159,-0.64691,-0.000204878,-0.646706
670.8,-1.4909,-1.54013,-0.64605,-0.000170194,-0.64588
671.4,-1.50141,-1.54842,-0.645182,-0.000164999,-0.645017
672,-1.55543,-1.55647,-0.644232,-0.000140388,-0.644092
672.6,-1.53993,-1.56428,-0.643306,-0.00014714,-0.643159
673.2,-1.58744,-1.57185,-0.642313,-0.000127656,-0.642185
673.8,-1.58844,-1.57919,-0.641325,-0.00012733,-0.641197
674.4,-1.56294,-1.58629,-0.640362,-0.000137511,-0.640224
675,-1.58244,-1.59317,-0.639367,-0.000129752,-0.639237
675.6,-1.58595,-1.59982,-0.638383,-0.000128445,-0.638255
676.2,-1.59044,-1.60625,-0.637404,-0.000126776,-0.637278
676.8,-1.56694,-1.61246,-0.636423,-0.000136087,-0.636287
677.4,-1.57494,-1.61847,-0.635429,-0.000132909,-0.635296
678,-1.56745,-1.62427,-0.634455,-0.000135977,-0.634319
678.6,-1.52742,-1.62986,-0.633502,-0.000153372,-0.633348
679.2,-1.53844,-1.63526,-0.632523,-0.000148437,-0.632375
679.8,-1.53893,-1.64047,-0.631564,-0.000148264,-0.631416
680.4,-1.53093,-1.64549,-0.630628,-0.00015191,-0.630476
681,-1.51342,-1.65033,-0.629703,-0.000160145,-0.629543
681.6,-1.50692,-1.65499,-0.628789,-0.000163347,-0.628626
682.2,-1.50392,-1.65948,-0.627898,-0.000164868,-0.627733
682.8,-1.49792,-1.66381,-0.627008,-0.000167904,-0.62684
683.4,-1.46489,-1.66796,-0.62616,-0.000185433,-0.625974
684,-1.4579,-1.67196,-0.625301,-0.000189411,-0.625111
684.6,-1.45139,-1.67581,-0.624462,-0.000193189,-0.624269
685.2,-1.47291,-1.67952,-0.623588,-0.000181155,-0.623407
685.8,-1.4499,-1.68307,-0.622758,-0.00019414,-0.622564
686.4,-1.41138,-1.68649,-0.621968,-0.000217955,-0.62175
687,-1.4519,-1.68978,-0.621146,-0.000193057,-0.620953
687.6,-1.43188,-1.69294,-0.620344,-0.000205037,-0.620139
688.2,-1.43588,-1.69597,-0.619533,-0.00020263,-0.61933
688.8,-1.4499,-1.69889,-0.6187,-0.000194325,-0.618505
689.4,-1.42789,-1.70169,-0.617895,-0.00020762,-0.617687
690,-1.40338,-1.70437,-0.617124,-0.000223487,-0.6169
690.6,-1.43939,-1.70695,-0.616286,-0.000200642,-0.616086
691.2,-1.42389,-1.70943,-0.615495,-0.000210223,-0.615284
691.8,-1.4634,-1.71181,-0.614642,-0.000186757,-0.614455
692.4,-1.49341,-1.7141,-0.613765,-0.000170707,-0.613595
693,-1.52893,-1.71631,-0.61283,-0.000153478,-0.612677
693.6,-1.56894,-1.71843,-0.611835,-0.000136142,-0.611699
694.2,-1.60695,-1.72047,-0.610822,-0.000121489,-0.6107
694.8,-1.62747,-1.72243,-0.609786,-0.00011425,-0.609672
695.4,-1.61745,-1.72432,-0.608759,-0.000117747,-0.608641
696,-1.62596,-1.72614,-0.607719,-0.000114794,-0.607605
696.6,-1.62347,-1.72789,-0.606676,-0.000115667,-0.606561
697.2,-1.62747,-1.72958,-0.605626,-0.000114299,-0.605512
697.8,-1.65197,-1.7312,-0.604575,-0.000106211,-0.604469
698.4,-1.62547,-1.73276,-0.603566,-0.000115009,-0.603451
699,-1.62596,-1.73426,-0.602559,-0.00011485,-0.602445
699.6,-1.58795,-1.73571,-0.601585,-0.000128729,-0.601457
700.2,-1.61245,-1.7371,-0.600603,-0.000119618,-0.600483
700.8,-1.56394,-1.73843,-0.599676,-0.000138365,-0.599538
701.4,-1.59746,-1.73972,-0.598729,-0.000125141,-0.598604
702,-1.56294,-1.74096,-0.597802,-0.000138801,-0.597663
702.6,-1.56543,-1.74215,-0.596877,-0.000137778,-0.596739
703.2,-1.51342,-1.74329,-0.595999,-0.000161045,-0.595838
703.8,-1.54992,-1.74439,-0.595117,-0.000144356,-0.594973
704.4,-1.52391,-1.74544,-0.594276,-0.000156078,-0.59412
705,-1.46791,-1.74645,-0.593479,-0.000184634,-0.593294
705.6,-1.51942,-1.74743,-0.592621,-0.000158213,-0.592463
706.2,-1.4664,-1.74836,-0.591827,-0.000185492,-0.591642
706.8,-1.50392,-1.74926,-0.590983,-0.000165762,-0.590817
707.4,-1.4449,-1.75013,-0.590233,-0.000197869,-0.590035
708,-1.4794,-1.75095,-0.58946,-0.000178429,-0.589281
708.6,-1.4694,-1.75175,-0.588704,-0.000183869,-0.58852
709.2,-1.4734,-1.75251,-0.587937,-0.000181685,-0.587755
709.8,-1.4599,-1.75325,-0.587176,-0.000189203,-0.586987
710.4,-1.49641,-1.75396,-0.586393,-0.000169584,-0.586223
711,-1.48891,-1.75464,-0.585608,-0.000173452,-0.585435
711.6,-1.4694,-1.75529,-0.584841,-0.000183908,-0.584657
712.2,-1.4949,-1.75592,-0.584064,-0.000170373,-0.583893
712.8,-1.47191,-1.75653,-0.583343,-0.000182543,-0.58316
713.4,-1.50192,-1.75711,-0.582577,-0.000166838,-0.58241
714,-1.45039,-1.75767,-0.581869,-0.000194726,-0.581674
714.6,-1.47891,-1.7582,-0.581129,-0.00017877,-0.58095
715.2,-1.49441,-1.75872,-0.580393,-0.000170653,-0.580222
715.8,-1.48341,-1.75922,-0.579667,-0.00017638,-0.579491
716.4,-1.49941,-1.7597,-0.578914,-0.000168123,-0.578746
717,-1.52593,-1.76016,-0.578128,-0.000155274,-0.577973
717.6,-1.54443,-1.76061,-0.577317,-0.000146896,-0.57717
718.2,-1.60845,-1.76105,-0.576456,-0.000121236,-0.576334
718.8,-1.59246,-1.76148,-0.575573,-0.000127198,-0.575446
719.4,-1.64546,-1.76189,-0.574641,-0.000108504,-0.574533
720,-1.64746,-1.7623,-0.57371,-0.000107858,-0.573603
720.6,-1.63797,-1.76269,-0.572819,-0.000110974,-0.572708
721.2,-1.59995,-1.76307,-0.571951,-0.000124384,-0.571827
721.8,-1.65348,-1.76345,-0.571055,-0.000105936,-0.570949
722.4,-1.66147,-1.76381,-0.570153,-0.000103428,-0.57005
723,-1.61345,-1.76416,-0.569272,-0.000119454,-0.569153
723.6,-1.61496,-1.7645,-0.56841,-0.000118917,-0.568291
724.2,-1.57694,-1.76483,-0.567608,-0.000133286,-0.567474
724.8,-1.56845,-1.76516,-0.566785,-0.000136726,-0.566648
725.4,-1.55994,-1.76547,-0.566011,-0.000140262,-0.565871
726,-1.58444,-1.76577,-0.56522,-0.000130326,-0.56509
726.6,-1.57294,-1.76606,-0.564474,-0.000134904,-0.564339
727.2,-1.54593,-1.76634,-0.563725,-0.00014629,-0.563579
727.8,-1.56043,-1.76661,-0.562979,-0.000140065,-0.562839
728.4,-1.54743,-1.76687,-0.562254,-0.000145635,-0.562108
729,-1.54693,-1.76713,-0.561539,-0.000145859,-0.561393
729.6,-1.52742,-1.76738,-0.560836,-0.000154648,-0.560681
730.2,-1.55743,-1.76761,-0.560127,-0.000141339,-0.559986
730.8,-1.54893,-1.76784,-0.559411,-0.000144993,-0.559266
731.4,-1.53793,-1.76807,-0.558711,-0.000149857,-0.558561
732,-1.52342,-1.76828,-0.558024,-0.000156523,-0.557867
732.6,-1.51792,-1.76849,-0.557357,-0.000159131,-0.557198
733.2,-1.50392,-1.76869,-0.556726,-0.000165955,-0.55656
733.8,-1.52642,-1.76888,-0.556078,-0.000155126,-0.555922
734.4,-1.51692,-1.76907,-0.555438,-0.000159615,-0.555279
735,-1.50892,-1.76925,-0.554798,-0.000163491,-0.554635
735.6,-1.51142,-1.76942,-0.554157,-0.000162268,-0.553995
736.2,-1.51292,-1.76959,-0.553528,-0.000161546,-0.553367
736.8,-1.52642,-1.76975,-0.552912,-0.000155134,-0.552757
737.4,-1.46891,-1.7699,-0.552362,-0.000184341,-0.552178
738,-1.50741,-1.77005,-0.551764,-0.00016424,-0.5516
738.6,-1.48741,-1.77019,-0.551187,-0.000174392,-0.551013
739.2,-1.49792,-1.77033,-0.550614,-0.000168985,-0.550445
739.8,-1.50041,-1.77046,-0.550045,-0.000167728,-0.549877
740.4,-1.44939,-1.77058,-0.54954,-0.000195462,-0.549345
741,-1.44088,-1.77069,-0.549038,-0.000200514,-0.548837
741.6,-1.42739,-1.7708,-0.548526,-0.000208793,-0.548318
742.2,-1.42939,-1.7709,-0.54802,-0.000207546,-0.547813
742.8,-1.4654,-1.771,-0.547486,-0.000186302,-0.5473
743.4,-1.42138,-1.77109,-0.547029,-0.000212597,-0.546817
744,-1.49041,-1.77118,-0.546483,-0.000172841,-0.546311
744.6,-1.48791,-1.77127,-0.545942,-0.000174147,-0.545768
745.2,-1.52542,-1.77136,-0.545332,-0.000155615,-0.545176
745.8,-1.55443,-1.77144,-0.54468,-0.000142649,-0.544537
746.4,-1.56645,-1.77153,-0.544021,-0.000137601,-0.543883
747,-1.58595,-1.77161,-0.543325,-0.000129783,-0.543195
747.6,-1.59295,-1.7717,-0.542615,-0.000127088,-0.542488
748.2,-1.60345,-1.77179,-0.54189,-0.000123147,-0.541767
748.8,-1.62896,-1.77187,-0.541168,-0.000114079,-0.541054
749.4,-1.57244,-1.77196,-0.540506,-0.000135151,-0.540371
750,-1.59595,-1.77204,-0.539825,-0.000125952,-0.539699
750.6,-1.63446,-1.77212,-0.539111,-0.000112212,-0.538999
751.2,-1.62296,-1.77221,-0.538423,-0.000116152,-0.538307
751.8,-1.59095,-1.77229,-0.537762,-0.000127857,-0.537634
752.4,-1.57944,-1.77236,-0.537134,-0.000132347,-0.537002
753,-1.55343,-1.77244,-0.536526,-0.000143086,-0.536382
753.6,-1.57144,-1.77251,-0.535894,-0.000135561,-0.535758
754.2,-1.58095,-1.77258,-0.535281,-0.000131751,-0.535149
754.8,-1.57144,-1.77265,-0.534671,-0.000135562,-0.534535
755.4,-1.54893,-1.77272,-0.534083,-0.000145036,-0.533938
756,-1.59646,-1.77279,-0.533449,-0.000125766,-0.533323
756.6,-1.55092,-1.77285,-0.532862,-0.000144169,-0.532718
757.2,-1.55143,-1.77291,-0.53231,-0.00014395,-0.532166
757.8,-1.51592,-1.77297,-0.531781,-0.000160131,-0.53162
758.4,-1.51342,-1.77302,-0.531271,-0.000161333,-0.53111
759,-1.52493,-1.77307,-0.530755,-0.000155861,-0.530599
759.6,-1.49741,-1.77312,-0.530266,-0.000169271,-0.530097
760.2,-1.49241,-1.77316,-0.529777,-0.000171828,-0.529605
760.8,-1.4599,-1.7732,-0.529347,-0.00018943,-0.529158
761.4,-1.4754,-1.77323,-0.528901,-0.000180823,-0.52872
762,-1.47291,-1.77326,-0.528461,-0.00018218,-0.528278
762.6,-1.47091,-1.77329,-0.528026,-0.000183276,-0.527843
763.2,-1.45139,-1.77331,-0.527615,-0.000194325,-0.527421
763.8,-1.4499,-1.77333,-0.527232,-0.000195197,-0.527037
764.4,-1.4439,-1.77335,-0.526859,-0.00019874,-0.52666
765,-1.4449,-1.77336,-0.526485,-0.000198145,-0.526287
765.6,-1.42789,-1.77336,-0.526131,-0.000208517,-0.525923
766.2,-1.39738,-1.77336,-0.525831,-0.000228489,-0.525602
766.8,-1.38837,-1.77335,-0.525546,-0.00023475,-0.525311
767.4,-1.42538,-1.77335,-0.525198,-0.000210091,-0.524988
768,-1.39237,-1.77333,-0.524903,-0.000231951,-0.524671
768.6,-1.41438,-1.77332,-0.524574,-0.000217135,-0.524357
769.2,-1.39688,-1.7733,-0.524274,-0.000228837,-0.524045
769.8,-1.41589,-1.77327,-0.52395,-0.000216155,-0.523734
770.4,-1.41389,-1.77325,-0.52363,-0.000217454,-0.523413
771,-1.43688,-1.77322,-0.523291,-0.000202964,-0.523088
771.6,-1.40638,-1.77319,-0.522982,-0.000222404,-0.522759
772.2,-1.38837,-1.77315,-0.522689,-0.000234747,-0.522454
772.8,-1.39988,-1.77311,-0.52239,-0.000226786,-0.522163
773.4,-1.4584,-1.77307,-0.522023,-0.000190277,-0.521833
774,-1.42338,-1.77303,-0.521731,-0.000211351,-0.52152
774.6,-1.40787,-1.77298,-0.521466,-0.000221409,-0.521245
775.2,-1.42189,-1.77294,-0.521148,-0.000212297,-0.520936
775.8,-1.4584,-1.77289,-0.520766,-0.000190275,-0.520575
776.4,-1.51742,-1.77285,-0.520326,-0.000159408,-0.520167
777,-1.53644,-1.77281,-0.519872,-0.000150572,-0.519722
777.6,-1.54943,-1.77277,-0.51938,-0.000144815,-0.519235
778.2,-1.56645,-1.77273,-0.518868,-0.000137611,-0.51873
778.8,-1.57594,-1.77269,-0.518343,-0.000133749,-0.518209
779.4,-1.60596,-1.77266,-0.517784,-0.00012223,-0.517662
780,-1.60145,-1.77263,-0.517221,-0.000123894,-0.517098
780.6,-1.59495,-1.77261,-0.516686,-0.000126335,-0.516559
781.2,-1.59195,-1.77258,-0.516136,-0.000127477,-0.516008
781.8,-1.63846,-1.77256,-0.515569,-0.000110877,-0.515458
782.4,-1.60045,-1.77253,-0.515038,-0.000124265,-0.514913
783,-1.59395,-1.77251,-0.514494,-0.000126714,-0.514368
783.6,-1.55994,-1.77249,-0.514026,-0.000140321,-0.513885
784.2,-1.56594,-1.77246,-0.513547,-0.000137819,-0.513409
784.8,-1.56694,-1.77244,-0.513074,-0.000137406,-0.512937
785.4,-1.56845,-1.77242,-0.512594,-0.000136786,-0.512457
786,-1.53944,-1.77239,-0.512155,-0.00014922,-0.512006
786.6,-1.51492,-1.77236,-0.51174,-0.000160607,-0.511579
787.2,-1.51542,-1.77234,-0.511341,-0.000160362,-0.51118
787.8,-1.51842,-1.77231,-0.51094,-0.000158925,-0.510781
788.4,-1.52842,-1.77227,-0.510531,-0.00015423,-0.510376
789,-1.52442,-1.77224,-0.510123,-0.000156091,-0.509967
789.6,-1.50741,-1.77221,-0.509751,-0.000164262,-0.509587
790.2,-1.50041,-1.77217,-0.509395,-0.000167746,-0.509228
790.8,-1.53993,-1.77214,-0.508997,-0.000148998,-0.508848
791.4,-1.50641,-1.77209,-0.508668,-0.000164754,-0.508503
792,-1.50892,-1.77205,-0.508335,-0.000163519,-0.508171
792.6,-1.4704,-1.77201,-0.508017,-0.000183541,-0.507833
793.2,-1.51043,-1.77196,-0.50766,-0.00016278,-0.507497
793.8,-1.4929,-1.77191,-0.507332,-0.000171562,-0.50716
794.4,-1.46891,-1.77186,-0.507018,-0.000184363,-0.506833
795,-1.49892,-1.77181,-0.506653,-0.000168494,-0.506485
795.6,-1.47191,-1.77176,-0.506366,-0.000182711,-0.506183
796.2,-1.46489,-1.7717,-0.50607,-0.000186594,-0.505884
796.8,-1.46389,-1.77165,-0.505775,-0.000187154,-0.505588
797.4,-1.4744,-1.77159,-0.505458,-0.000181349,-0.505276
798,-1.4579,-1.77153,-0.505172,-0.00019055,-0.504981
798.6,-1.44039,-1.77146,-0.504907,-0.000200819,-0.504706
799.2,-1.45139,-1.77139,-0.504637,-0.000194303,-0.504442
799.8,-1.42889,-1.77132,-0.504395,-0.000207868,-0.504187
800.4,-1.40938,-1.77125,-0.504204,-0.000220387,-0.503984
801,-1.39637,-1.77117,-0.504019,-0.000229157,-0.50379
801.6,-1.41489,-1.77109,-0.503811,-0.000216776,-0.503594
802.2,-1.39437,-1.771,-0.503634,-0.000230533,-0.503404
802.8,-1.40387,-1.77092,-0.503456,-0.000224053,-0.503232
803.4,-1.35436,-1.77082,-0.503344,-0.000259915,-0.503084
804,-1.38737,-1.77073,-0.503181,-0.000235418,-0.502945
804.6,-1.38688,-1.77063,-0.503029,-0.000235764,-0.502793
805.2,-1.37537,-1.77053,-0.502889,-0.000244039,-0.502645
805.8,-1.38988,-1.77042,-0.502735,-0.00023365,-0.502501
806.4,-1.37237,-1.77031,-0.502611,-0.000246241,-0.502364
807,-1.36087,-1.7702,-0.50248,-0.000254883,-0.502225
807.6,-1.36236,-1.77009,-0.502371,-0.000253744,-0.502117
808.2,-1.38337,-1.76997,-0.502232,-0.000238248,-0.501994
808.8,-1.36937,-1.76985,-0.50212,-0.000248459,-0.501871
809.4,-1.36687,-1.76973,-0.502007,-0.000250332,-0.501757
810,-1.40687,-1.76961,-0.501859,-0.000222029,-0.501637
810.6,-1.39037,-1.76948,-0.501753,-0.000233293,-0.501519
811.2,-1.4559,-1.76936,-0.50151,-0.000191671,-0.501318
811.8,-1.44539,-1.76923,-0.501292,-0.000197805,-0.501094
812.4,-1.46289,-1.76911,-0.501035,-0.000187688,-0.500848
813,-1.4949,-1.76899,-0.500718,-0.000170507,-0.500548
813.6,-1.59246,-1.76888,-0.500277,-0.000127255,-0.50015
814.2,-1.59646,-1.76878,-0.499843,-0.000125736,-0.499717
814.8,-1.64097,-1.76868,-0.499381,-0.00011002,-0.499271
815.4,-1.62045,-1.76858,-0.498925,-0.000117004,-0.498808
816,-1.61996,-1.76848,-0.498455,-0.000117176,-0.498338
816.6,-1.62847,-1.76839,-0.497993,-0.000114224,-0.497878
817.2,-1.63346,-1.76831,-0.497523,-0.000112523,-0.49741
817.8,-1.59746,-1.76822,-0.497102,-0.000125356,-0.496976
818.4,-1.61845,-1.76814,-0.496653,-0.000117705,-0.496535
819,-1.59195,-1.76805,-0.496239,-0.000127442,-0.496112
819.6,-1.55943,-1.76797,-0.495831,-0.000140497,-0.495691
820.2,-1.56143,-1.76789,-0.495428,-0.000139656,-0.495288
820.8,-1.55143,-1.76781,-0.495065,-0.000143907,-0.494921
821.4,-1.54093,-1.76773,-0.494724,-0.000148513,-0.494575
822,-1.53844,-1.76765,-0.4944,-0.000149626,-0.49425
822.6,-1.52091,-1.76757,-0.494084,-0.000157698,-0.493926
823.2,-1.50992,-1.76748,-0.493772,-0.000162985,-0.493609
823.8,-1.48841,-1.7674,-0.493505,-0.000173842,-0.493331
824.4,-1.50741,-1.76731,-0.493239,-0.000164214,-0.493075
825,-1.4714,-1.76722,-0.493015,-0.00018294,-0.492832
825.6,-1.48741,-1.76713,-0.492781,-0.000174361,-0.492606
826.2,-1.51792,-1.76703,-0.492535,-0.000159118,-0.492376
826.8,-1.4439,-1.76694,-0.492369,-0.000198665,-0.49217
827.4,-1.44839,-1.76684,-0.492175,-0.000196006,-0.491979
828,-1.47291,-1.76674,-0.491981,-0.000182109,-0.491799
828.6,-1.41238,-1.76663,-0.491847,-0.000218354,-0.491629
829.2,-1.4604,-1.76653,-0.491643,-0.000189066,-0.491454
829.8,-1.43388,-1.76641,-0.491507,-0.000204715,-0.491302
830.4,-1.4439,-1.7663,-0.491332,-0.000198657,-0.491134
831,-1.44739,-1.76619,-0.491138,-0.000196587,-0.490941
831.6,-1.4704,-1.76608,-0.490916,-0.000183477,-0.490732
832.2,-1.4449,-1.76597,-0.49075,-0.000198058,-0.490552
832.8,-1.42089,-1.76585,-0.490614,-0.000212845,-0.490401
833.4,-1.43039,-1.76573,-0.490462,-0.000206861,-0.490255
834,-1.43788,-1.76561,-0.490286,-0.000202265,-0.490084
834.6,-1.43039,-1.76549,-0.490151,-0.000206858,-0.489944
835.2,-1.47391,-1.76536,-0.489974,-0.000181549,-0.489792
835.8,-1.44088,-1.76524,-0.489819,-0.000200449,-0.489619
836.4,-1.46589,-1.76511,-0.489635,-0.000185963,-0.489449
837,-1.40887,-1.76498,-0.489538,-0.000220641,-0.489318
837.6,-1.40538,-1.76485,-0.489411,-0.000222961,-0.489188
838.2,-1.40088,-1.76471,-0.489306,-0.000225994,-0.48908
838.8,-1.41589,-1.76458,-0.489188,-0.000216043,-0.488972
839.4,-1.42389,-1.76444,-0.489082,-0.000210921,-0.488871
840,-1.40088,-1.7643,-0.489004,-0.000225988,-0.488778
840.6,-1.37637,-1.76415,-0.488983,-0.000243216,-0.48874
841.2,-1.37337,-1.764,-0.488954,-0.000245411,-0.488709
841.8,-1.33135,-1.76384,-0.488978,-0.000278366,-0.4887
842.4,-1.37586,-1.76369,-0.488912,-0.00024358,-0.488668
843,-1.39437,-1.76353,-0.488834,-0.00023043,-0.488603
843.6,-1.36987,-1.76337,-0.48881,-0.000247997,-0.488562
844.2,-1.36787,-1.76321,-0.488792,-0.000249486,-0.488542
844.8,-1.39388,-1.76305,-0.488738,-0.000230764,-0.488507
845.4,-1.34736,-1.76288,-0.488765,-0.000265301,-0.4885
846,-1.32886,-1.7627,-0.48881,-0.000280435,-0.488529
846.6,-1.33235,-1.76253,-0.488827,-0.000277511,-0.488549
847.2,-1.37937,-1.76235,-0.488758,-0.000241013,-0.488517
847.8,-1.42538,-1.76218,-0.488639,-0.000209951,-0.488429
848.4,-1.4489,-1.76201,-0.488478,-0.000195651,-0.488282
849,-1.50041,-1.76185,-0.488224,-0.000167643,-0.488056
849.6,-1.52493,-1.76169,-0.487942,-0.000155756,-0.487786
850.2,-1.57795,-1.76154,-0.487597,-0.000132855,-0.487465
850.8,-1.56794,-1.76139,-0.487251,-0.000136904,-0.487114
851.4,-1.62247,-1.76124,-0.486852,-0.000116248,-0.486735
852,-1.58095,-1.7611,-0.486498,-0.000131662,-0.486366
852.6,-1.58295,-1.76097,-0.486126,-0.000130873,-0.485995
853.2,-1.63846,-1.76083,-0.485715,-0.000110799,-0.485605
853.8,-1.61745,-1.76071,-0.485328,-0.000118006,-0.48521
854.4,-1.60996,-1.76058,-0.484943,-0.000120686,-0.484822
855,-1.58895,-1.76046,-0.484568,-0.000128536,-0.48444
855.6,-1.60245,-1.76034,-0.484208,-0.000123432,-0.484085
856.2,-1.61845,-1.76022,-0.483834,-0.000117649,-0.483716
856.8,-1.60445,-1.76011,-0.483468,-0.000122693,-0.483345
857.4,-1.55943,-1.75999,-0.483162,-0.00014043,-0.483021
858,-1.55794,-1.75987,-0.482864,-0.000141059,-0.482723
858.6,-1.54443,-1.75976,-0.4826,-0.000146889,-0.482453
859.2,-1.53793,-1.75964,-0.482338,-0.000149783,-0.482188
859.8,-1.54343,-1.75953,-0.482081,-0.000147328,-0.481934
860.4,-1.48791,-1.75941,-0.481893,-0.000174024,-0.481719
861,-1.4794,-1.75929,-0.481685,-0.000178519,-0.481507
861.6,-1.48941,-1.75917,-0.481488,-0.000173236,-0.481315
862.2,-1.51342,-1.75905,-0.481278,-0.000161199,-0.481117
862.8,-1.48391,-1.75892,-0.481112,-0.000176119,-0.480936
863.4,-1.44088,-1.7588,-0.480989,-0.000200372,-0.480789
864,-1.4499,-1.75867,-0.480852,-0.000195026,-0.480657
864.6,-1.47991,-1.75854,-0.480691,-0.000178239,-0.480513
865.2,-1.47291,-1.75841,-0.480548,-0.000182019,-0.480366
865.8,-1.4489,-1.75827,-0.480429,-0.000195607,-0.480234
866.4,-1.43988,-1.75814,-0.480351,-0.000200966,-0.48015
867,-1.42489,-1.758,-0.480285,-0.000210209,-0.480075
867.6,-1.43839,-1.75785,-0.480187,-0.000201863,-0.479985
868.2,-1.43739,-1.75771,-0.48011,-0.000202468,-0.479907
868.8,-1.46389,-1.75756,-0.47998,-0.000186997,-0.479793
869.4,-1.41938,-1.75742,-0.479932,-0.000213702,-0.479718
870,-1.42538,-1.75727,-0.479837,-0.00020989,-0.479627
870.6,-1.40938,-1.75711,-0.479794,-0.000220202,-0.479574
871.2,-1.39838,-1.75696,-0.479738,-0.000227583,-0.47951
871.8,-1.45439,-1.7568,-0.479617,-0.000192396,-0.479424
872.4,-1.42689,-1.75664,-0.479579,-0.000208935,-0.47937
873,-1.42789,-1.75648,-0.47953,-0.000208308,-0.479322
873.6,-1.40687,-1.75632,-0.479494,-0.000221854,-0.479272
874.2,-1.42889,-1.75616,-0.479416,-0.00020768,-0.479208
874.8,-1.42939,-1.75599,-0.479384,-0.000207362,-0.479176
875.4,-1.38888,-1.75582,-0.479366,-0.000234148,-0.479132
876,-1.41038,-1.75565,-0.479316,-0.000219523,-0.479096
876.6,-1.43488,-1.75548,-0.479232,-0.000203969,-0.479028
877.2,-1.43639,-1.75531,-0.47915,-0.000203047,-0.478947
877.8,-1.42839,-1.75513,-0.479097,-0.000207974,-0.478889
878.4,-1.40587,-1.75496,-0.479069,-0.000222502,-0.478846
879,-1.40338,-1.75478,-0.479051,-0.000224168,-0.478826
879.6,-1.36836,-1.7546,-0.479065,-0.00024899,-0.478816
880.2,-1.36336,-1.75441,-0.47906,-0.000252748,-0.478807
880.8,-1.33686,-1.75423,-0.47914,-0.000273651,-0.478867
881.4,-1.34985,-1.75403,-0.479177,-0.000263188,-0.478913
882,-1.36787,-1.75384,-0.47919,-0.000249347,-0.478941
882.6,-1.38737,-1.75365,-0.479186,-0.000235179,-0.478951
883.2,-1.31835,-1.75345,-0.47931,-0.00028925,-0.479021
883.8,-1.32735,-1.75325,-0.479394,-0.000281547,-0.479113
884.4,-1.33735,-1.75304,-0.479463,-0.000273228,-0.47919
885,-1.36287,-1.75284,-0.479512,-0.000253097,-0.479259
885.6,-1.33335,-1.75263,-0.479604,-0.000276517,-0.479328
886.2,-1.32684,-1.75241,-0.47968,-0.000281962,-0.479398
886.8,-1.32484,-1.7522,-0.47978,-0.000283654,-0.479496
887.4,-1.34885,-1.75198,-0.479855,-0.000263946,-0.479591
888,-1.32335,-1.75176,-0.479969,-0.000284918,-0.479684
888.6,-1.33586,-1.75154,-0.480045,-0.000274428,-0.479771
889.2,-1.33386,-1.75132,-0.480128,-0.000276075,-0.479852
889.8,-1.35185,-1.75109,-0.480155,-0.000261569,-0.479893
890.4,-1.36336,-1.75087,-0.480166,-0.000252695,-0.479913
891,-1.38237,-1.75065,-0.480166,-0.000238688,-0.479927
891.6,-1.37986,-1.75043,-0.48019,-0.000240486,-0.47995
892.2,-1.36436,-1.7502,-0.480236,-0.000251928,-0.479984
892.8,-1.33386,-1.74997,-0.480319,-0.000276053,-0.480043
893.4,-1.37437,-1.74975,-0.48031,-0.000244469,-0.480065
894,-1.34936,-1.74952,-0.480336,-0.000263505,-0.480073
894.6,-1.35085,-1.74929,-0.480367,-0.000262326,-0.480105
895.2,-1.36736,-1.74907,-0.480381,-0.000249656,-0.480132
895.8,-1.34636,-1.74884,-0.480424,-0.000265875,-0.480159
896.4,-1.36536,-1.74861,-0.480416,-0.00025115,-0.480165
897,-1.38888,-1.74838,-0.480391,-0.000234044,-0.480157
897.6,-1.36536,-1.74816,-0.480417,-0.000251143,-0.480166
898.2,-1.34485,-1.74792,-0.480495,-0.000267065,-0.480228
898.8,-1.33135,-1.74769,-0.480553,-0.000278098,-0.480275
899.4,-1.32786,-1.74746,-0.480614,-0.000281021,-0.480333
900,-1.31584,-1.74722,-0.480718,-0.000291324,-0.480427
900.6,-1.30183,-1.74698,-0.480842,-0.000303822,-0.480538
901.2,-1.29383,-1.74674,-0.480963,-0.000311191,-0.480651
901.8,-1.31034,-1.7465,-0.481056,-0.000296162,-0.48076
902.4,-1.30834,-1.74626,-0.481158,-0.000297939,-0.48086
903,-1.33386,-1.74601,-0.481227,-0.000275988,-0.480951
903.6,-1.29634,-1.74577,-0.481367,-0.000308842,-0.481058
904.2,-1.28433,-1.74552,-0.481511,-0.000320165,-0.48119
904.8,-1.29834,-1.74527,-0.481621,-0.000306987,-0.481314
905.4,-1.28333,-1.74501,-0.481782,-0.000321117,-0.481461
906,-1.31884,-1.74476,-0.481872,-0.000288674,-0.481583
906.6,-1.35085,-1.74451,-0.481926,-0.000262251,-0.481664
907.2,-1.37286,-1.74426,-0.481944,-0.000245496,-0.481699
907.8,-1.40838,-1.74401,-0.481888,-0.000220691,-0.481667
908.4,-1.41889,-1.74377,-0.481815,-0.000213843,-0.481601
909,-1.4734,-1.74354,-0.481654,-0.000181589,-0.481472
909.6,-1.4959,-1.74331,-0.481471,-0.000169736,-0.481302
910.2,-1.53993,-1.74308,-0.481221,-0.00014874,-0.481072
910.8,-1.55543,-1.74287,-0.480948,-0.00014198,-0.480806
911.4,-1.55494,-1.74266,-0.480669,-0.000142188,-0.480527
912,-1.51542,-1.74245,-0.480445,-0.000160076,-0.480285
912.6,-1.51642,-1.74224,-0.480221,-0.000159595,-0.480062
913.2,-1.53993,-1.74204,-0.479978,-0.000148731,-0.479829
913.8,-1.53793,-1.74185,-0.479719,-0.000149624,-0.479569
914.4,-1.51642,-1.74166,-0.47947,-0.000159589,-0.479311
915,-1.52293,-1.74147,-0.479227,-0.000156503,-0.479071
915.6,-1.53593,-1.74128,-0.478994,-0.000150519,-0.478843
916.2,-1.52193,-1.7411,-0.478748,-0.00015697,-0.478591
916.8,-1.49241,-1.74092,-0.478568,-0.000171498,-0.478397
917.4,-1.4959,-1.74074,-0.478376,-0.00016971,-0.478206
918,-1.4774,-1.74056,-0.478209,-0.000179392,-0.47803
918.6,-1.47291,-1.74038,-0.478059,-0.000181823,-0.477878
919.2,-1.4614,-1.7402,-0.477918,-0.000188204,-0.47773
919.8,-1.47791,-1.74002,-0.477771,-0.000179113,-0.477592
920.4,-1.4479,-1.73984,-0.477664,-0.000195979,-0.477468
921,-1.41138,-1.73965,-0.477619,-0.000218657,-0.477401
921.6,-1.43839,-1.73947,-0.477533,-0.000201642,-0.477332
922.2,-1.42839,-1.73929,-0.477488,-0.000207777,-0.47728
922.8,-1.42389,-1.7391,-0.477432,-0.000210602,-0.477221
923.4,-1.37737,-1.73891,-0.477437,-0.000242123,-0.477195
924,-1.39937,-1.73872,-0.477421,-0.000226666,-0.477194
924.6,-1.38186,-1.73853,-0.477431,-0.000238879,-0.477192
925.2,-1.35936,-1.73833,-0.477469,-0.000255552,-0.477214
925.8,-1.37386,-1.73814,-0.477471,-0.000244672,-0.477226
926.4,-1.39637,-1.73794,-0.47748,-0.000228703,-0.477251
927,-1.36887,-1.73774,-0.477546,-0.000248361,-0.477298
927.6,-1.34385,-1.73753,-0.477612,-0.000267701,-0.477345
928.2,-1.35936,-1.73732,-0.477654,-0.000255536,-0.477399
928.8,-1.36536,-1.73711,-0.477694,-0.000250978,-0.477443
929.4,-1.33835,-1.7369,-0.47779,-0.000272148,-0.477518
930,-1.36036,-1.73669,-0.477857,-0.000254762,-0.477602
930.6,-1.36436,-1.73647,-0.47792,-0.000251722,-0.477669
931.2,-1.37036,-1.73625,-0.477956,-0.000247231,-0.477708
931.8,-1.40487,-1.73604,-0.477963,-0.000222918,-0.47774
932.4,-1.35236,-1.73581,-0.478061,-0.000260932,-0.4778
933,-1.32235,-1.73559,-0.478181,-0.000285497,-0.477895
933.6,-1.40238,-1.73537,-0.478158,-0.00022458,-0.477934
934.2,-1.32886,-1.73514,-0.478285,-0.000279974,-0.478005
934.8,-1.33435,-1.73491,-0.478378,-0.000275398,-0.478102
935.4,-1.33886,-1.73468,-0.478469,-0.000271697,-0.478197
936,-1.32584,-1.73444,-0.47857,-0.000282505,-0.478287
936.6,-1.34336,-1.73421,-0.478648,-0.000268043,-0.47838
937.2,-1.29583,-1.73397,-0.4788,-0.000309095,-0.478491
937.8,-1.29534,-1.73373,-0.478931,-0.000309547,-0.478621
938.4,-1.26033,-1.73348,-0.479117,-0.0003438,-0.478773
939,-1.30183,-1.73324,-0.47923,-0.000303572,-0.478926
939.6,-1.25933,-1.73299,-0.479409,-0.000344822,-0.479065
940.2,-1.26582,-1.73273,-0.479587,-0.000338171,-0.479248
940.8,-1.25382,-1.73248,-0.47978,-0.000350551,-0.47943
941.4,-1.25833,-1.73221,-0.48,-0.000345841,-0.479654
942,-1.26782,-1.73195,-0.480179,-0.000336134,-0.479843
942.6,-1.24581,-1.73168,-0.480409,-0.00035906,-0.48005
943.2,-1.23981,-1.73141,-0.480607,-0.00036557,-0.480241
943.8,-1.24181,-1.73114,-0.480849,-0.000363379,-0.480486
944.4,-1.22331,-1.73086,-0.481113,-0.0003841,-0.480729
945,-1.21331,-1.73058,-0.481387,-0.00039578,-0.480991
945.6,-1.2038,-1.73029,-0.481674,-0.000407214,-0.481267
946.2,-1.19281,-1.73,-0.48199,-0.000420856,-0.481569
946.8,-1.1913,-1.7297,-0.482287,-0.000422755,-0.481864
947.4,-1.20531,-1.7294,-0.482574,-0.000405357,-0.482168
948,-1.1803,-1.7291,-0.482924,-0.000436909,-0.482487
948.6,-1.1853,-1.72879,-0.483235,-0.000430403,-0.482804
949.2,-1.1803,-1.72848,-0.483529,-0.000436893,-0.483092
949.8,-1.16679,-1.72817,-0.483865,-0.000454934,-0.48341
950.4,-1.17379,-1.72786,-0.484164,-0.000445481,-0.483718
951,-1.1873,-1.72754,-0.484447,-0.000427799,-0.484019
951.6,-1.19281,-1.72722,-0.484718,-0.000420786,-0.484297
952.2,-1.16278,-1.72689,-0.485065,-0.000460408,-0.484604
952.8,-1.16779,-1.72657,-0.485347,-0.000453529,-0.484893
953.4,-1.19079,-1.72624,-0.485613,-0.000423312,-0.485189
954,-1.17029,-1.72591,-0.485949,-0.000450137,-0.485499
954.6,-1.17279,-1.72558,-0.486243,-0.000446758,-0.485797
955.2,-1.1863,-1.72525,-0.486518,-0.000429024,-0.486089
955.8,-1.16729,-1.72491,-0.48686,-0.000454175,-0.486406
956.4,-1.1903,-1.72457,-0.487128,-0.000423894,-0.486705
957,-1.1883,-1.72423,-0.487406,-0.000426434,-0.486979
957.6,-1.15878,-1.72389,-0.487739,-0.000465877,-0.487273
958.2,-1.13628,-1.72355,-0.488097,-0.000498374,-0.487598
958.8,-1.14727,-1.7232,-0.488412,-0.000482204,-0.48793
959.4,-1.15978,-1.72285,-0.488731,-0.000464454,-0.488266
960,-1.16329,-1.7225,-0.489074,-0.000459586,-0.488614
960.6,-1.12277,-1.72214,-0.489515,-0.000518918,-0.488996
961.2,-1.13978,-1.72178,-0.489859,-0.00049311,-0.489366
961.8,-1.13678,-1.72142,-0.490235,-0.000497552,-0.489737
962.4,-1.12277,-1.72105,-0.490648,-0.000518884,-0.49013
963,-1.08976,-1.72068,-0.491107,-0.00057283,-0.490534
963.6,-1.08976,-1.7203,-0.491552,-0.000572817,-0.490979
964.2,-1.09776,-1.71992,-0.491965,-0.000559237,-0.491406
964.8,-1.05375,-1.71954,-0.492477,-0.000638057,-0.491839
965.4,-1.06324,-1.71915,-0.492919,-0.000620154,-0.492299
966,-1.06524,-1.71876,-0.493379,-0.000616435,-0.492763
966.6,-1.05524,-1.71837,-0.493872,-0.000635167,-0.493237
967.2,-1.08126,-1.71797,-0.49429,-0.000587525,-0.493702
967.8,-1.05175,-1.71757,-0.494819,-0.000641816,-0.494177
968.4,-1.07075,-1.71717,-0.495242,-0.000606288,-0.494636
969,-1.06024,-1.71677,-0.495721,-0.000625664,-0.495095
969.6,-1.08425,-1.71636,-0.496127,-0.000582212,-0.495545
970.2,-1.09476,-1.71595,-0.496536,-0.000564152,-0.495971
970.8,-1.06424,-1.71554,-0.49699,-0.000618165,-0.496372
971.4,-1.09627,-1.71513,-0.49735,-0.000561581,-0.496788
972,-1.07626,-1.71472,-0.497783,-0.000596277,-0.497187
972.6,-1.07826,-1.71431,-0.498181,-0.0005927,-0.497589
973.2,-1.10776,-1.7139,-0.49853,-0.000542533,-0.497987
973.8,-1.08026,-1.71348,-0.498969,-0.00058913,-0.49838
974.4,-1.06024,-1.71307,-0.499407,-0.000625525,-0.498782
975,-1.06775,-1.71265,-0.499823,-0.000611596,-0.499211
975.6,-1.08876,-1.71223,-0.50018,-0.000574258,-0.499606
976.2,-1.09227,-1.71181,-0.500555,-0.00056824,-0.499986
976.8,-1.08276,-1.7114,-0.50092,-0.000584646,-0.500335
977.4,-1.07826,-1.71098,-0.501283,-0.000592582,-0.50069
978,-1.07375,-1.71056,-0.501644,-0.000600625,-0.501043
978.6,-1.07026,-1.71014,-0.502044,-0.000606927,-0.501437
979.2,-1.13028,-1.70973,-0.502306,-0.000506997,-0.501799
979.8,-1.04125,-1.7093,-0.502845,-0.000662015,-0.502183
980.4,-1.04074,-1.70888,-0.503261,-0.000663007,-0.502598
981,-1.06524,-1.70845,-0.503641,-0.000616055,-0.503025
981.6,-1.04574,-1.70803,-0.504119,-0.000653116,-0.503465
982.2,-1.05274,-1.7076,-0.50455,-0.000639546,-0.50391
982.8,-1.02424,-1.70716,-0.505036,-0.000696547,-0.50434
983.4,-1.01224,-1.70673,-0.50554,-0.000722021,-0.504818
984,-1.04674,-1.70629,-0.505915,-0.000651095,-0.505264
984.6,-1.00924,-1.70585,-0.506466,-0.000728501,-0.505738
985.2,-1.03323,-1.70541,-0.506879,-0.000677947,-0.506201
985.8,-1.00573,-1.70497,-0.507423,-0.000736158,-0.506686
986.4,-1.00373,-1.70452,-0.507911,-0.000740561,-0.507171
987,-1.02124,-1.70407,-0.508342,-0.000702705,-0.507639
987.6,-0.999732,-1.70362,-0.508878,-0.000749447,-0.508128
988.2,-1.02774,-1.70317,-0.509279,-0.000689101,-0.50859
988.8,-1.01573,-1.70272,-0.509763,-0.000714338,-0.509049
989.4,-1.01724,-1.70227,-0.51021,-0.000711099,-0.509499
990,-1.03925,-1.70182,-0.510589,-0.000665695,-0.509923
990.6,-1.00473,-1.70137,-0.511114,-0.000738207,-0.510376
991.2,-1.00822,-1.70091,-0.511537,-0.000730506,-0.510806
991.8,-1.00973,-1.70046,-0.511978,-0.000727194,-0.511251
992.4,-1.00122,-1.7,-0.512447,-0.000745944,-0.511701
993,-0.993225,-1.69954,-0.512946,-0.000764013,-0.512182
993.6,-1.02224,-1.69908,-0.513312,-0.000700394,-0.512612
994.2,-0.995717,-1.69863,-0.513792,-0.000758291,-0.513034
994.8,-1.00573,-1.69816,-0.514232,-0.000735858,-0.513496
995.4,-1.00673,-1.6977,-0.514688,-0.000733637,-0.513954
996,-0.986719,-1.69724,-0.515197,-0.000778945,-0.514418
996.6,-1.00924,-1.69678,-0.515579,-0.000728105,-0.514851
997.2,-1.02623,-1.69632,-0.51597,-0.000691937,-0.515278
997.8,-0.989718,-1.69585,-0.516493,-0.000771913,-0.515721
998.4,-0.995225,-1.69538,-0.516931,-0.000759261,-0.516172
999,-0.988718,-1.69492,-0.517401,-0.000774185,-0.516626
999.6,-0.987227,-1.69445,-0.517861,-0.00077763,-0.517083
1000.2,-0.991226,-1.69398,-0.518325,-0.000768347,-0.517557
1000.8,-0.961708,-1.6935,-0.518894,-0.00083936,-0.518055
1001.4,-0.976213,-1.69303,-0.519339,-0.000803647,-0.518536
1002,-0.951202,-1.69255,-0.519891,-0.000866144,-0.519025
1002.6,-0.965215,-1.69207,-0.520341,-0.000830516,-0.519511
1003.2,-0.933697,-1.69159,-0.520898,-0.000912714,-0.519985
1003.8,-0.914701,-1.69111,-0.521484,-0.000966116,-0.520518
1004.4,-0.948202,-1.69062,-0.521936,-0.00087386,-0.521062
1005,-0.942204,-1.69014,-0.522438,-0.000889677,-0.521548
1005.6,-0.937696,-1.68965,-0.522954,-0.000901742,-0.522052
1006.2,-0.933206,-1.68916,-0.523454,-0.000913926,-0.52254
1006.8,-0.94871,-1.68868,-0.523921,-0.000872429,-0.523049
1007.4,-0.948202,-1.68819,-0.524408,-0.000873732,-0.523534
1008,-0.933697,-1.68769,-0.524965,-0.000912501,-0.524053
1008.6,-0.923699,-1.6872,-0.525502,-0.000940209,-0.524562
1009.2,-0.948202,-1.68671,-0.525915,-0.000873655,-0.525041
1009.8,-0.951202,-1.68621,-0.526377,-0.000865815,-0.525511
1010.4,-0.951202,-1.68572,-0.52683,-0.00086579,-0.525964
1011,-0.929206,-1.68522,-0.527353,-0.00092472,-0.526428
1011.6,-0.945203,-1.68473,-0.527766,-0.000881434,-0.526884
1012.2,-0.945203,-1.68424,-0.528228,-0.000881408,-0.527347
1012.8,-0.934205,-1.68374,-0.528757,-0.000910897,-0.527846
1013.4,-0.953709,-1.68325,-0.529148,-0.000859184,-0.528288
1014,-0.956217,-1.68275,-0.529588,-0.000852729,-0.528735
1014.6,-0.950202,-1.68226,-0.530015,-0.000868206,-0.529146
1015.2,-0.959216,-1.68177,-0.530378,-0.000845053,-0.529533
1015.8,-0.947711,-1.68128,-0.530825,-0.000874658,-0.52995
1016.4,-0.944711,-1.68079,-0.531249,-0.000882525,-0.530366
1017,-0.953709,-1.68029,-0.531667,-0.000859032,-0.530808
1017.6,-0.944711,-1.6798,-0.532116,-0.000882473,-0.531234
1018.2,-0.937205,-1.6793,-0.532571,-0.000902511,-0.531669
1018.8,-0.951202,-1.67881,-0.532953,-0.000865432,-0.532088
1019.4,-0.969214,-1.67833,-0.533315,-0.000819951,-0.532495
1020,-0.945203,-1.67783,-0.533817,-0.00088107,-0.532936
1020.6,-0.919192,-1.67732,-0.534409,-0.000952423,-0.533457
1021.2,-0.947203,-1.67683,-0.534811,-0.000875756,-0.533935
1021.8,-0.904195,-1.67632,-0.535404,-0.000996112,-0.534408
1022.4,-0.924191,-1.67583,-0.535825,-0.000938186,-0.534887
1023,-0.899688,-1.67532,-0.536366,-0.00100959,-0.535357
1023.6,-0.904687,-1.67482,-0.536844,-0.000994556,-0.53585
1024.2,-0.908195,-1.67431,-0.537344,-0.000984135,-0.53636
1024.8,-0.909686,-1.6738,-0.537832,-0.00097972,-0.536852
1025.4,-0.864679,-1.67329,-0.538501,-0.00112102,-0.53738
1026,-0.87017,-1.67277,-0.538993,-0.00110271,-0.537891
1026.6,-0.874677,-1.67226,-0.539512,-0.0010879,-0.538424
1027.2,-0.844176,-1.67174,-0.54013,-0.00119188,-0.538938
1027.8,-0.867171,-1.67122,-0.540582,-0.00111256,-0.53947
1028.4,-0.870678,-1.67071,-0.54107,-0.0011009,-0.539969
1029,-0.873677,-1.67019,-0.541575,-0.00109102,-0.540484
1029.6,-0.865171,-1.66966,-0.542127,-0.00111913,-0.541008
1030.2,-0.897689,-1.66914,-0.542521,-0.00101527,-0.541506
1030.8,-0.927191,-1.66863,-0.542883,-0.000929395,-0.541953
1031.4,-0.908686,-1.66811,-0.543395,-0.000982322,-0.542413
1032,-0.913685,-1.66759,-0.543824,-0.000967695,-0.542857
1032.6,-0.899688,-1.66707,-0.544324,-0.00100909,-0.543315
1033.2,-0.906195,-1.66655,-0.544776,-0.000989585,-0.543786
1033.8,-0.891182,-1.66603,-0.545275,-0.00103506,-0.54424
1034.4,-0.89069,-1.66551,-0.545723,-0.00103655,-0.544686
1035,-0.89918,-1.66499,-0.546128,-0.0010105,-0.545118
1035.6,-0.885691,-1.66447,-0.5466,-0.00105212,-0.545548
1036.2,-0.884692,-1.66395,-0.547031,-0.00105524,-0.545976
1036.8,-0.902688,-1.66344,-0.547362,-0.000999847,-0.546362
1037.4,-0.897689,-1.66293,-0.5478,-0.0010149,-0.546785
1038,-0.876677,-1.6624,-0.548343,-0.00108077,-0.547262
1038.6,-0.867679,-1.66188,-0.548831,-0.00111024,-0.547721
1039.2,-0.87217,-1.66136,-0.54928,-0.00109538,-0.548184
1039.8,-0.884183,-1.66084,-0.549659,-0.00105665,-0.548602
1040.4,-0.849666,-1.66032,-0.550206,-0.00117165,-0.549035
1041,-0.84116,-1.65979,-0.550729,-0.00120183,-0.549527
1041.6,-0.867679,-1.65927,-0.551131,-0.00111007,-0.550021
1042.2,-0.859172,-1.65875,-0.551601,-0.00113867,-0.550463
1042.8,-0.861172,-1.65822,-0.552042,-0.00113183,-0.55091
1043.4,-0.828671,-1.65769,-0.552651,-0.00124745,-0.551404
1044,-0.848666,-1.65716,-0.553093,-0.00117494,-0.551918
1044.6,-0.850666,-1.65663,-0.553557,-0.00116789,-0.552389
1045.2,-0.873677,-1.65611,-0.553924,-0.0010901,-0.552834
1045.8,-0.835161,-1.65558,-0.554513,-0.00122329,-0.55329
1046.4,-0.83467,-1.65504,-0.555014,-0.00122506,-0.553789
1047,-0.84016,-1.65451,-0.555471,-0.00120505,-0.554266
1047.6,-0.86268,-1.65398,-0.555871,-0.00112645,-0.554745
1048.2,-0.856665,-1.65344,-0.556361,-0.00114688,-0.555214
1048.8,-0.876677,-1.65291,-0.556753,-0.00108015,-0.555673
1049.4,-0.860172,-1.65238,-0.557242,-0.00113483,-0.556108
1050,-0.884183,-1.65185,-0.557602,-0.00105608,-0.556546
1050.6,-0.874186,-1.65132,-0.558017,-0.00108813,-0.556929
1051.2,-0.882676,-1.6508,-0.558397,-0.00106079,-0.557336
1051.8,-0.853174,-1.65026,-0.558906,-0.00115871,-0.557747
1052.4,-0.856665,-1.64973,-0.559336,-0.00114663,-0.55819
1053,-0.821164,-1.64919,-0.559938,-0.00127514,-0.558663
1053.6,-0.886691,-1.64867,-0.56012,-0.00104798,-0.559072
1054.2,-0.852666,-1.64814,-0.560658,-0.00116032,-0.559498
1054.8,-0.86268,-1.64761,-0.561044,-0.00112602,-0.559918
1055.4,-0.851174,-1.64707,-0.56153,-0.00116544,-0.560364
1056,-0.877677,-1.64655,-0.561842,-0.00107651,-0.560765
1056.6,-0.856173,-1.64602,-0.562285,-0.00114806,-0.561137
1057.2,-0.830162,-1.64549,-0.562778,-0.00124098,-0.561537
1057.8,-0.854174,-1.64496,-0.563089,-0.00115488,-0.561935
1058.4,-0.842668,-1.64443,-0.563543,-0.00119531,-0.562348
1059,-0.821656,-1.6439,-0.564028,-0.00127286,-0.562755
1059.6,-0.851666,-1.64338,-0.564324,-0.00116347,-0.563161
1060.2,-0.835161,-1.64285,-0.564784,-0.00122236,-0.563562
1060.8,-0.828163,-1.64231,-0.565249,-0.00124819,-0.564001
1061.4,-0.81115,-1.64178,-0.56577,-0.00131336,-0.564457
1062,-0.837161,-1.64125,-0.566095,-0.00121495,-0.564881
1062.6,-0.80366,-1.64071,-0.566674,-0.00134304,-0.565331
1063.2,-0.790155,-1.64017,-0.567168,-0.00139839,-0.56577
1063.8,-0.787139,-1.63963,-0.567652,-0.00141102,-0.566241
1064.4,-0.812658,-1.6391,-0.567988,-0.00130723,-0.566681
1065,-0.813658,-1.63857,-0.568413,-0.00130328,-0.56711
1065.6,-0.78214,-1.63802,-0.569018,-0.00143214,-0.567586
1066.2,-0.799153,-1.63748,-0.569404,-0.00136102,-0.568043
1066.8,-0.787139,-1.63693,-0.569933,-0.00141079,-0.568522
1067.4,-0.784648,-1.63639,-0.570432,-0.0014213,-0.56901
1068,-0.808659,-1.63584,-0.570794,-0.00132271,-0.569471
1068.6,-0.81015,-1.6353,-0.571235,-0.00131678,-0.569918
1069.2,-0.807151,-1.63476,-0.571676,-0.00132861,-0.570348
1069.8,-0.826655,-1.63421,-0.572036,-0.00125323,-0.570783
1070.4,-0.851174,-1.63367,-0.57234,-0.0011645,-0.571175
1071,-0.824164,-1.63313,-0.572817,-0.00126253,-0.571554
1071.6,-0.81215,-1.63259,-0.573263,-0.00130871,-0.571954
1072.2,-0.808659,-1.63204,-0.573706,-0.00132241,-0.572384
1072.8,-0.798645,-1.6315,-0.574172,-0.0013626,-0.572809
1073.4,-0.81015,-1.63095,-0.574551,-0.00131643,-0.573235
1074,-0.796645,-1.63041,-0.574999,-0.00137068,-0.573629
1074.6,-0.802644,-1.62987,-0.575374,-0.00134625,-0.574028
1075.2,-0.831162,-1.62933,-0.575616,-0.00123607,-0.574379
1075.8,-0.817657,-1.62879,-0.57603,-0.00128702,-0.574743
1076.4,-0.815657,-1.62825,-0.576413,-0.0012947,-0.575118
1077,-0.844176,-1.62772,-0.576651,-0.00118873,-0.575462
1077.6,-0.783648,-1.62718,-0.577255,-0.00142477,-0.57583
1078.2,-0.801152,-1.62664,-0.577553,-0.00135201,-0.576201
1078.8,-0.837161,-1.62611,-0.577784,-0.00121384,-0.57657
1079.4,-0.782648,-1.62557,-0.578372,-0.0014289,-0.576943
1080,-0.800152,-1.62503,-0.578719,-0.00135593,-0.577363
1080.6,-0.78314,-1.62449,-0.579187,-0.0014267,-0.57776
1081.2,-0.793646,-1.62395,-0.579547,-0.0013825,-0.578165
1081.8,-0.81115,-1.6234,-0.579886,-0.0013119,-0.578574
1082.4,-0.792646,-1.62286,-0.580357,-0.00138656,-0.57897
1083,-0.807659,-1.62233,-0.580673,-0.0013256,-0.579347
1083.6,-0.756129,-1.62177,-0.581348,-0.00154653,-0.579802
1084.2,-0.736133,-1.62121,-0.581908,-0.0016418,-0.580266
1084.8,-0.779649,-1.62067,-0.582148,-0.00144135,-0.580706
1085.4,-0.763144,-1.62012,-0.582659,-0.00151426,-0.581145
1086,-0.776141,-1.61957,-0.582999,-0.00145646,-0.581542
1086.6,-0.775633,-1.61902,-0.583402,-0.00145863,-0.581943
1087.2,-0.760636,-1.61847,-0.583869,-0.00152552,-0.582343
1087.8,-0.770634,-1.61792,-0.584241,-0.00148051,-0.582761
1088.4,-0.785647,-1.61738,-0.584572,-0.00141543,-0.583157
1089,-0.769634,-1.61682,-0.58505,-0.00148485,-0.583565
1089.6,-0.784139,-1.61628,-0.585377,-0.00142174,-0.583955
1090.2,-0.797645,-1.61573,-0.5857,-0.00136538,-0.584335
1090.8,-0.770634,-1.61518,-0.586195,-0.00148027,-0.584714
1091.4,-0.789646,-1.61463,-0.586483,-0.00139836,-0.585085
1092,-0.796645,-1.61408,-0.586817,-0.00136934,-0.585448
1092.6,-0.780648,-1.61353,-0.587256,-0.00143643,-0.58582
1093.2,-0.789155,-1.61299,-0.587588,-0.00140028,-0.586188
1093.8,-0.794154,-1.61245,-0.587893,-0.00137945,-0.586513
1094.4,-0.778141,-1.6119,-0.588282,-0.00144711,-0.586835
1095,-0.790646,-1.61136,-0.588581,-0.00139391,-0.587187
1095.6,-0.780648,-1.61081,-0.588989,-0.0014362,-0.587553
1096.2,-0.784139,-1.61026,-0.589341,-0.00142122,-0.58792
1096.8,-0.764144,-1.60971,-0.589797,-0.0015088,-0.588288
1097.4,-0.755637,-1.60917,-0.5902,-0.00154764,-0.588653
1098,-0.777141,-1.60862,-0.590466,-0.00145116,-0.589015
1098.6,-0.771634,-1.60808,-0.590855,-0.00147522,-0.589379
1099.2,-0.793646,-1.60753,-0.591122,-0.00138114,-0.589741
1099.8,-0.777649,-1.60698,-0.591567,-0.00144881,-0.590118
1100.4,-0.759637,-1.60643,-0.592047,-0.00152898,-0.590518
1101,-0.765635,-1.60588,-0.592412,-0.00150173,-0.59091
1101.6,-0.768143,-1.60532,-0.5928,-0.00149046,-0.59131
1102.2,-0.775141,-1.60477,-0.593149,-0.00145953,-0.59169
1102.8,-0.762636,-1.60422,-0.593591,-0.00151512,-0.592075
1103.4,-0.733626,-1.60366,-0.594135,-0.00165242,-0.592483
1104,-0.743624,-1.6031,-0.594495,-0.00160368,-0.592891
1104.6,-0.738625,-1.60254,-0.59492,-0.00162778,-0.593293
1105.2,-0.678097,-1.60196,-0.59569,-0.00195068,-0.593739
1105.8,-0.771634,-1.60142,-0.595613,-0.00147463,-0.594139
1106.4,-0.708615,-1.60084,-0.596348,-0.00178045,-0.594567
1107,-0.715613,-1.60028,-0.596727,-0.00174352,-0.594983
1107.6,-0.701108,-1.59971,-0.597214,-0.00182074,-0.595394
1108.2,-0.715613,-1.59915,-0.597543,-0.0017434,-0.595799
1108.8,-0.72412,-1.59858,-0.597896,-0.00169955,-0.596196
1109.4,-0.734134,-1.59802,-0.598245,-0.00164935,-0.596596
1110,-0.718121,-1.59745,-0.59871,-0.0017302,-0.59698
1110.6,-0.745131,-1.59689,-0.598921,-0.00159587,-0.597325
1111.2,-0.747131,-1.59633,-0.599251,-0.0015863,-0.597665
1111.8,-0.727119,-1.59576,-0.599732,-0.00168409,-0.598048
1112.4,-0.775633,-1.59521,-0.599811,-0.00145654,-0.598354
1113,-0.702616,-1.59463,-0.600522,-0.001812,-0.59871
1113.6,-0.750638,-1.59408,-0.600622,-0.00156953,-0.599053
1114.2,-0.753638,-1.59352,-0.600918,-0.00155545,-0.599363
1114.8,-0.755637,-1.59296,-0.60122,-0.00154613,-0.599674
1115.4,-0.723628,-1.5924,-0.601706,-0.00170142,-0.600005
1116,-0.746623,-1.59184,-0.601924,-0.00158828,-0.600336
1116.6,-0.748131,-1.59129,-0.602215,-0.00158108,-0.600634
1117.2,-0.747623,-1.59073,-0.602549,-0.00158343,-0.600966
1117.8,-0.726627,-1.59017,-0.602985,-0.001686,-0.601299
1118.4,-0.749639,-1.58961,-0.603202,-0.0015738,-0.601628
1119,-0.779649,-1.58907,-0.603353,-0.00143861,-0.601915
1119.6,-0.77365,-1.58851,-0.603658,-0.00146462,-0.602193
1120.2,-0.741132,-1.58795,-0.604129,-0.0016142,-0.602515
1120.8,-0.709615,-1.58739,-0.604634,-0.0017737,-0.602861
1121.4,-0.700108,-1.58682,-0.605072,-0.00182478,-0.603247
1122,-0.726119,-1.58626,-0.605293,-0.00168816,-0.603604
1122.6,-0.735134,-1.5857,-0.605609,-0.0016432,-0.603966
1123.2,-0.705615,-1.58514,-0.606103,-0.00179479,-0.604308
1123.8,-0.723628,-1.58457,-0.606406,-0.00170061,-0.604705
1124.4,-0.734626,-1.58401,-0.60669,-0.00164553,-0.605045
1125,-0.701108,-1.58344,-0.607205,-0.00181896,-0.605387
1125.6,-0.730626,-1.58288,-0.607389,-0.00166522,-0.605724
1126.2,-0.696109,-1.5823,-0.607943,-0.00184622,-0.606097
1126.8,-0.729627,-1.58174,-0.608135,-0.00167009,-0.606465
1127.4,-0.720629,-1.58118,-0.608501,-0.00171559,-0.606785
1128,-0.724628,-1.58061,-0.608811,-0.00169513,-0.607115
1128.6,-0.703616,-1.58004,-0.609262,-0.001805,-0.607457
1129.2,-0.715613,-1.57948,-0.60954,-0.00174133,-0.607799
1129.8,-0.713122,-1.57891,-0.609896,-0.00175429,-0.608142
1130.4,-0.701108,-1.57834,-0.610276,-0.0018184,-0.608458
1131,-0.716121,-1.57778,-0.610513,-0.00173851,-0.608775
1131.6,-0.746623,-1.57722,-0.610649,-0.00158688,-0.609062
1132.2,-0.715613,-1.57665,-0.611112,-0.00174104,-0.60937
1132.8,-0.690111,-1.57608,-0.611588,-0.00187893,-0.609709
1133.4,-0.711122,-1.57552,-0.611807,-0.00176445,-0.610042
1134,-0.722628,-1.57496,-0.612047,-0.00170472,-0.610343
1134.6,-0.711614,-1.57439,-0.6124,-0.00176174,-0.610638
1135.2,-0.739133,-1.57383,-0.612543,-0.0016225,-0.610921
1135.8,-0.731118,-1.57327,-0.612864,-0.00166181,-0.611202
1136.4,-0.712122,-1.57271,-0.613239,-0.00175889,-0.61148
1137,-0.712122,-1.57214,-0.613553,-0.00175883,-0.611795
1137.6,-0.696109,-1.57157,-0.613968,-0.00184503,-0.612123
1138.2,-0.725628,-1.57102,-0.614116,-0.00168909,-0.612427
1138.8,-0.697617,-1.57045,-0.614578,-0.0018366,-0.612741
1139.4,-0.725628,-1.56989,-0.614708,-0.00168898,-0.613019
1140,-0.690111,-1.56932,-0.6152,-0.00187816,-0.613321
1140.6,-0.709615,-1.56875,-0.615436,-0.0017717,-0.613665
1141.2,-0.696109,-1.56818,-0.615837,-0.00184465,-0.613992
1141.8,-0.709615,-1.56762,-0.616069,-0.00177158,-0.614298
1142.4,-0.667607,-1.56703,-0.616676,-0.00200858,-0.614668
1143,-0.72212,-1.56647,-0.616691,-0.00170644,-0.614985
1143.6,-0.708123,-1.5659,-0.617091,-0.00177932,-0.615311
1144.2,-0.675097,-1.56532,-0.617596,-0.0019639,-0.615632
1144.8,-0.695618,-1.56475,-0.617804,-0.00184698,-0.615957
1145.4,-0.690602,-1.56417,-0.618177,-0.00187482,-0.616302
1146,-0.670099,-1.56359,-0.61864,-0.00199326,-0.616646
1146.6,-0.653594,-1.563,-0.619126,-0.00209398,-0.617032
1147.2,-0.6611,-1.56242,-0.619428,-0.00204745,-0.617381
1147.8,-0.673098,-1.56184,-0.619721,-0.00197526,-0.617745
1148.4,-0.687603,-1.56126,-0.619964,-0.00189138,-0.618073
1149,-0.69111,-1.56069,-0.620262,-0.00187158,-0.61839
1149.6,-0.683112,-1.5601,-0.620628,-0.0019168,-0.618711
1150.2,-0.651594,-1.55951,-0.621129,-0.00210608,-0.619023
1150.8,-0.69111,-1.55894,-0.621226,-0.00187138,-0.619354
1151.4,-0.701616,-1.55836,-0.621462,-0.00181345,-0.619648
1152,-0.687111,-1.55778,-0.621836,-0.00189376,-0.619942
1152.6,-0.697109,-1.5572,-0.622048,-0.00183793,-0.62021
1153.2,-0.705124,-1.55662,-0.622283,-0.00179434,-0.620489
1153.8,-0.708123,-1.55605,-0.622523,-0.00177826,-0.620745
1154.4,-0.699617,-1.55547,-0.622824,-0.00182401,-0.621
1155,-0.683604,-1.5549,-0.623159,-0.00191339,-0.621246
1155.6,-0.701108,-1.55433,-0.623321,-0.00181577,-0.621506
1156.2,-0.701108,-1.55376,-0.623553,-0.0018157,-0.621737
1156.8,-0.693618,-1.55319,-0.623825,-0.00185676,-0.621968
1157.4,-0.698617,-1.55262,-0.624027,-0.00182915,-0.622198
1158,-0.726119,-1.55206,-0.624125,-0.00168468,-0.62244
1158.6,-0.689602,-1.55148,-0.624596,-0.00187899,-0.622717
1159.2,-0.686603,-1.5509,-0.624884,-0.00189585,-0.622988
1159.8,-0.683112,-1.55033,-0.625163,-0.00191567,-0.623248
1160.4,-0.688603,-1.54976,-0.625418,-0.00188442,-0.623533
1161,-0.696617,-1.54918,-0.625658,-0.00183974,-0.623819
1161.6,-0.643088,-1.54859,-0.626292,-0.00215888,-0.624133
1162.2,-0.687111,-1.54802,-0.62632,-0.00189264,-0.624427
1162.8,-0.651103,-1.54743,-0.626849,-0.00210764,-0.624741
1163.4,-0.646087,-1.54685,-0.6272,-0.00213939,-0.62506
1164,-0.655593,-1.54627,-0.627457,-0.0020794,-0.625378
1164.6,-0.6631,-1.54568,-0.627719,-0.00203319,-0.625686
1165.2,-0.652594,-1.5451,-0.628083,-0.00209797,-0.625985
1165.8,-0.657593,-1.54451,-0.62836,-0.00206679,-0.626293
1166.4,-0.648595,-1.54392,-0.628736,-0.00212304,-0.626613
1167,-0.644088,-1.54333,-0.629087,-0.00215175,-0.626935
1167.6,-0.649103,-1.54274,-0.629379,-0.00211967,-0.627259
1168.2,-0.658101,-1.54214,-0.629646,-0.00206336,-0.627583
1168.8,-0.6621,-1.54155,-0.629918,-0.00203877,-0.62788
1169.4,-0.662592,-1.54096,-0.630229,-0.0020357,-0.628193
1170,-0.659593,-1.54036,-0.63053,-0.00205396,-0.628476
1170.6,-0.699109,-1.53979,-0.630549,-0.00182505,-0.628724
1171.2,-0.671606,-1.53919,-0.630961,-0.00198137,-0.628979
1171.8,-0.687111,-1.53861,-0.631107,-0.00189157,-0.629216
1172.4,-0.653102,-1.53802,-0.631536,-0.00209389,-0.629443
1173,-0.672606,-1.53744,-0.631667,-0.00197525,-0.629692
1173.6,-0.695618,-1.53686,-0.631757,-0.00184387,-0.629913
1174.2,-0.688111,-1.53628,-0.632009,-0.00188566,-0.630123
1174.8,-0.702616,-1.5357,-0.632138,-0.00180556,-0.630332
1175.4,-0.687603,-1.53512,-0.632448,-0.00188839,-0.63056
1176,-0.668099,-1.53453,-0.632784,-0.00200169,-0.630782
1176.6,-0.677605,-1.53396,-0.632933,-0.00194555,-0.630987
1177.2,-0.704616,-1.53339,-0.632968,-0.00179455,-0.631173
1177.8,-0.675097,-1.53281,-0.633323,-0.00196005,-0.631363
1178.4,-0.677097,-1.53223,-0.633557,-0.0019483,-0.631608
1179,-0.671098,-1.53165,-0.633819,-0.00198348,-0.631835
1179.6,-0.655593,-1.53107,-0.634154,-0.00207749,-0.632076
1180.2,-0.63309,-1.53048,-0.634561,-0.00222191,-0.632339
1180.8,-0.633582,-1.52988,-0.634861,-0.00221857,-0.632642
1181.4,-0.668607,-1.5293,-0.634913,-0.00199802,-0.632915
1182,-0.631582,-1.52871,-0.63543,-0.0022317,-0.633198
1182.6,-0.653102,-1.52812,-0.635573,-0.00209264,-0.63348
1183.2,-0.636089,-1.52753,-0.635942,-0.0022017,-0.633741
1183.8,-0.632582,-1.52693,-0.636261,-0.00222481,-0.634036
1184.4,-0.634598,-1.52634,-0.636523,-0.00221137,-0.634312
1185,-0.665608,-1.52575,-0.636593,-0.00201558,-0.634578
1185.6,-0.612078,-1.52513,-0.637275,-0.00236509,-0.63491
1186.2,-0.619585,-1.52454,-0.637513,-0.00231256,-0.6352
1186.8,-0.611587,-1.52393,-0.637879,-0.00236839,-0.63551
1187.4,-0.619585,-1.52333,-0.638117,-0.00231239,-0.635805
1188,-0.63509,-1.52273,-0.638303,-0.00220764,-0.636095
1188.6,-0.625584,-1.52212,-0.638641,-0.00227116,-0.63637
1189.2,-0.638597,-1.52152,-0.638824,-0.00218447,-0.636639
1189.8,-0.650595,-1.52092,-0.639003,-0.00210746,-0.636896
1190.4,-0.658101,-1.52032,-0.639178,-0.00206064,-0.637118
1191,-0.645596,-1.51972,-0.63948,-0.00213903,-0.637341
1191.6,-0.645088,-1.51912,-0.639703,-0.0021422,-0.637561
1192.2,-0.636598,-1.51851,-0.640013,-0.00219716,-0.637816
1192.8,-0.640089,-1.51792,-0.64021,-0.00217428,-0.638036
1193.4,-0.659593,-1.51733,-0.640283,-0.0020511,-0.638232
1194,-0.673606,-1.51674,-0.640367,-0.00196689,-0.6384
1194.6,-0.653102,-1.51614,-0.640686,-0.00209112,-0.638595
1195.2,-0.654102,-1.51555,-0.64086,-0.00208481,-0.638776
1195.8,-0.653102,-1.51495,-0.641069,-0.00209097,-0.638978
1196.4,-0.640597,-1.51435,-0.641377,-0.00217051,-0.639206
1197,-0.655593,-1.51376,-0.641497,-0.00207531,-0.639422
1197.6,-0.643088,-1.51316,-0.641778,-0.00215426,-0.639624
1198.2,-0.647595,-1.51256,-0.641964,-0.00212536,-0.639838
1198.8,-0.678097,-1.51198,-0.641969,-0.00194011,-0.640028
1199.4,-0.656102,-1.51138,-0.642298,-0.00207186,-0.640226
1200,-0.638089,-1.51078,-0.642613,-0.00218636,-0.640426
1200.6,-0.623076,-1.51018,-0.642933,-0.00228658,-0.640647
1201.2,-0.627583,-1.50958,-0.64315,-0.00225591,-0.640894
1201.8,-0.633582,-1.50897,-0.643358,-0.00221576,-0.641142
1202.4,-0.630091,-1.50838,-0.643609,-0.00223891,-0.64137
1203,-0.603572,-1.50777,-0.644001,-0.0024234,-0.641578
1203.6,-0.63409,-1.50717,-0.644039,-0.00221216,-0.641827
1204.2,-0.63509,-1.50656,-0.644278,-0.00220548,-0.642073
1204.8,-0.617077,-1.50595,-0.644657,-0.00232733,-0.64233
1205.4,-0.627091,-1.50534,-0.644834,-0.00225865,-0.642576
1206,-0.597082,-1.50472,-0.645304,-0.00247038,-0.642834
1206.6,-0.619077,-1.50412,-0.645409,-0.00231321,-0.643096
1207.2,-0.617077,-1.5035,-0.64568,-0.00232698,-0.643353
1207.8,-0.618585,-1.50288,-0.645925,-0.00231644,-0.643609
1208.4,-0.621584,-1.50227,-0.646141,-0.00229569,-0.643845
1209,-0.601572,-1.50164,-0.646552,-0.00243701,-0.644115
1209.6,-0.620077,-1.50103,-0.646681,-0.00230588,-0.644375
1210.2,-0.618077,-1.50041,-0.646921,-0.00231961,-0.644601
1210.8,-0.640597,-1.49981,-0.646957,-0.0021686,-0.644788
1211.4,-0.630582,-1.49919,-0.647218,-0.00223438,-0.644984
1212,-0.655102,-1.49859,-0.647252,-0.00207645,-0.645176
1212.6,-0.63409,-1.49797,-0.647561,-0.00221093,-0.64535
1213.2,-0.620585,-1.49734,-0.647885,-0.00230187,-0.645583
1213.8,-0.644088,-1.49674,-0.647921,-0.00214569,-0.645775
1214.4,-0.636089,-1.49612,-0.648167,-0.00219751,-0.64597
1215,-0.682604,-1.49552,-0.648048,-0.00191223,-0.646136
1215.6,-0.642088,-1.4949,-0.648481,-0.00215831,-0.646323
1216.2,-0.646087,-1.49429,-0.648624,-0.0021326,-0.646491
1216.8,-0.630582,-1.49368,-0.648879,-0.00223364,-0.646646
1217.4,-0.63409,-1.49307,-0.649021,-0.00221027,-0.64681
1218,-0.616585,-1.49245,-0.649339,-0.00232884,-0.64701
1218.6,-0.612078,-1.49184,-0.649573,-0.00236032,-0.647213
1219.2,-0.650595,-1.49123,-0.649518,-0.00210367,-0.647414
1219.8,-0.600573,-1.4906,-0.650063,-0.00244266,-0.64762
1220.4,-0.620585,-1.48998,-0.650144,-0.00230084,-0.647843
1221,-0.612586,-1.48936,-0.650407,-0.00235639,-0.648051
1221.6,-0.595574,-1.48873,-0.650777,-0.00247912,-0.648298
1222.2,-0.614078,-1.48811,-0.650871,-0.00234573,-0.648525
1222.8,-0.611078,-1.48749,-0.651106,-0.00236676,-0.648739
1223.4,-0.575562,-1.48685,-0.651592,-0.00263147,-0.648961
1224,-0.612078,-1.48623,-0.651544,-0.00235952,-0.649185
1224.6,-0.594082,-1.48559,-0.651915,-0.00248971,-0.649425
1225.2,-0.584068,-1.48495,-0.652231,-0.00256519,-0.649666
1225.8,-0.585576,-1.48432,-0.652465,-0.00255357,-0.649911
1226.4,-0.625092,-1.48369,-0.652412,-0.0022692,-0.650143
1227,-0.586067,-1.48303,-0.65296,-0.00254962,-0.65041
1227.6,-0.584068,-1.48239,-0.653223,-0.00256479,-0.650658
1228.2,-0.596082,-1.48175,-0.65338,-0.00247431,-0.650905
1228.8,-0.615586,-1.48112,-0.653455,-0.0023342,-0.651121
1229.4,-0.588575,-1.48047,-0.65386,-0.00253021,-0.65133
1230,-0.589575,-1.47982,-0.654061,-0.00252257,-0.651538
1230.6,-0.625584,-1.47919,-0.653991,-0.00226526,-0.651725
1231.2,-0.630091,-1.47856,-0.65412,-0.00223487,-0.651885
1231.8,-0.634598,-1.47792,-0.654256,-0.00220489,-0.652051
1232.4,-0.589067,-1.47726,-0.654774,-0.002526,-0.652248
1233,-0.599081,-1.47662,-0.654916,-0.00245149,-0.652465
1233.6,-0.624092,-1.47599,-0.654904,-0.00227493,-0.652629
1234.2,-0.597573,-1.47535,-0.655252,-0.00246236,-0.65279
1234.8,-0.612078,-1.47471,-0.65531,-0.00235787,-0.652952
1235.4,-0.631582,-1.47407,-0.65536,-0.00222433,-0.653136
1236,-0.605571,-1.47342,-0.655705,-0.00240396,-0.653301
1236.6,-0.641596,-1.4728,-0.6556,-0.00215859,-0.653442
1237.2,-0.638597,-1.47216,-0.655737,-0.00217794,-0.653559
1237.8,-0.607079,-1.47151,-0.656099,-0.00239288,-0.653706
1238.4,-0.63209,-1.47088,-0.656093,-0.00222052,-0.653873
1239,-0.637597,-1.47025,-0.656184,-0.0021842,-0.654
1239.6,-0.609079,-1.4696,-0.656557,-0.00237835,-0.654178
1240.2,-0.629583,-1.46897,-0.656545,-0.00223696,-0.654308
1240.8,-0.616077,-1.46832,-0.656798,-0.00232897,-0.654469
1241.4,-0.636089,-1.46769,-0.656813,-0.00219372,-0.654619
1242,-0.613586,-1.46704,-0.657127,-0.00234618,-0.654781
1242.6,-0.614078,-1.4664,-0.657283,-0.00234265,-0.654941
1243.2,-0.610587,-1.46576,-0.657458,-0.00236711,-0.65509
1243.8,-0.576561,-1.46511,-0.65788,-0.00262017,-0.65526
1244.4,-0.589067,-1.46446,-0.657987,-0.00252404,-0.655463
1245,-0.590067,-1.46381,-0.658165,-0.00251642,-0.655648
1245.6,-0.587575,-1.46315,-0.658382,-0.00253511,-0.655847
1246.2,-0.572071,-1.46249,-0.658708,-0.00265512,-0.656053
1246.8,-0.589067,-1.46183,-0.658801,-0.00252364,-0.656278
1247.4,-0.572071,-1.46117,-0.65915,-0.0026549,-0.656495
1248,-0.587575,-1.46051,-0.659232,-0.0025347,-0.656697
1248.6,-0.592066,-1.45985,-0.659387,-0.00250084,-0.656886
1249.2,-0.581069,-1.45918,-0.659673,-0.00258422,-0.657089
1249.8,-0.57507,-1.45852,-0.659912,-0.00263081,-0.657281
1250.4,-0.592066,-1.45786,-0.659984,-0.00250053,-0.657483
1251,-0.605571,-1.4572,-0.660051,-0.00240159,-0.657649
1251.6,-0.584068,-1.45652,-0.660391,-0.00256077,-0.657831
1252.2,-0.60408,-1.45586,-0.660412,-0.00241212,-0.658
1252.8,-0.609587,-1.4552,-0.660525,-0.00237267,-0.658152
1253.4,-0.607079,-1.45454,-0.660668,-0.00239041,-0.658278
1254,-0.623584,-1.45389,-0.660666,-0.00227533,-0.658391
1254.6,-0.595082,-1.45321,-0.661009,-0.00247742,-0.658531
1255.2,-0.615078,-1.45255,-0.661023,-0.0023337,-0.658689
1255.8,-0.599573,-1.45188,-0.661278,-0.00244421,-0.658834
1256.4,-0.607079,-1.45123,-0.661334,-0.00238993,-0.658944
1257,-0.63309,-1.45057,-0.66126,-0.00221117,-0.659049
1257.6,-0.602572,-1.4499,-0.661584,-0.00242213,-0.659162
1258.2,-0.588575,-1.44923,-0.661828,-0.00252541,-0.659303
1258.8,-0.645596,-1.44858,-0.661567,-0.00212981,-0.659437
1259.4,-0.623076,-1.44791,-0.661859,-0.00227796,-0.659581
1260,-0.627583,-1.44725,-0.661959,-0.0022474,-0.659712
1260.6,-0.610079,-1.44657,-0.662225,-0.00236795,-0.659857
1261.2,-0.584068,-1.44589,-0.662561,-0.00255911,-0.660001
1261.8,-0.594082,-1.44523,-0.662623,-0.00248362,-0.660139
1262.4,-0.583576,-1.44456,-0.662851,-0.00256266,-0.660288
1263,-0.601572,-1.44389,-0.662861,-0.00242848,-0.660433
1263.6,-0.577561,-1.4432,-0.663209,-0.00260889,-0.6606
1264.2,-0.588067,-1.44252,-0.663306,-0.00252821,-0.660778
1264.8,-0.57607,-1.44184,-0.663547,-0.00262031,-0.660927
1265.4,-0.563056,-1.44115,-0.663835,-0.002724,-0.661111
1266,-0.548059,-1.44045,-0.664156,-0.00284857,-0.661307
1266.6,-0.549551,-1.43976,-0.664343,-0.0028358,-0.661507
1267.2,-0.526556,-1.43905,-0.664769,-0.00303707,-0.661732
1267.8,-0.570071,-1.43836,-0.664601,-0.0026671,-0.661934
1268.4,-0.530555,-1.43765,-0.665128,-0.0030008,-0.662127
1269,-0.564564,-1.43695,-0.665054,-0.00271107,-0.662343
1269.6,-0.54706,-1.43624,-0.66539,-0.00285635,-0.662534
1270.2,-0.568071,-1.43555,-0.665397,-0.00268261,-0.662714
1270.8,-0.599081,-1.43485,-0.66531,-0.00244527,-0.662865
1271.4,-0.561565,-1.43413,-0.665783,-0.00273498,-0.663048
1272,-0.573562,-1.43343,-0.665839,-0.00263865,-0.663201
1272.6,-0.561565,-1.43271,-0.6661,-0.00273475,-0.663365
1273.2,-0.601081,-1.43201,-0.665942,-0.00243029,-0.663512
1273.8,-0.573562,-1.4313,-0.666288,-0.00263831,-0.66365
1274.4,-0.577561,-1.43059,-0.666398,-0.00260689,-0.663791
1275,-0.570563,-1.42987,-0.666596,-0.00266181,-0.663934
1275.6,-0.565056,-1.42915,-0.666811,-0.00270581,-0.664105
1276.2,-0.565056,-1.42843,-0.666974,-0.00270569,-0.664268
1276.8,-0.556566,-1.42771,-0.667181,-0.00277501,-0.664406
1277.4,-0.577561,-1.427,-0.667148,-0.00260632,-0.664542
1278,-0.581577,-1.42628,-0.66726,-0.00257514,-0.664685
1278.6,-0.593574,-1.42556,-0.667287,-0.00248442,-0.664802
1279.2,-0.587575,-1.42484,-0.667445,-0.00252921,-0.664915
1279.8,-0.559057,-1.42409,-0.667845,-0.00275385,-0.665091
1280.4,-0.542061,-1.42336,-0.668174,-0.00289701,-0.665277
1281,-0.534554,-1.42261,-0.668449,-0.00296249,-0.665486
1281.6,-0.526556,-1.42186,-0.66872,-0.0030339,-0.665686
1282.2,-0.562564,-1.42112,-0.668599,-0.00272468,-0.665875
1282.8,-0.537553,-1.42037,-0.668984,-0.0029357,-0.666049
1283.4,-0.555058,-1.41963,-0.668997,-0.00278616,-0.666211
1284,-0.531047,-1.41887,-0.669393,-0.00299297,-0.6664
1284.6,-0.535554,-1.41811,-0.669526,-0.00295286,-0.666573
1285.2,-0.526048,-1.41735,-0.669797,-0.00303766,-0.666759
1285.8,-0.525556,-1.41658,-0.670005,-0.00304198,-0.666963
1286.4,-0.533046,-1.41581,-0.670161,-0.00297462,-0.667186
1287,-0.545552,-1.41504,-0.670261,-0.00286553,-0.667395
1287.6,-0.524048,-1.41425,-0.670647,-0.00305526,-0.667592
1288.2,-0.533046,-1.41347,-0.670768,-0.00297419,-0.667794
1288.8,-0.524048,-1.41268,-0.671061,-0.00305497,-0.668006
1289.4,-0.508035,-1.41188,-0.671424,-0.00320426,-0.66822
1290,-0.49553,-1.41108,-0.671775,-0.00332585,-0.668449
1290.6,-0.588067,-1.41032,-0.671142,-0.00252326,-0.668619
1291.2,-0.559565,-1.40952,-0.671538,-0.00274724,-0.668791
1291.8,-0.563056,-1.40873,-0.671647,-0.00271863,-0.668928
1292.4,-0.540061,-1.40791,-0.672032,-0.0029116,-0.66912
1293,-0.516542,-1.40711,-0.672424,-0.00312309,-0.669301
1293.6,-0.54406,-1.40631,-0.672334,-0.00287679,-0.669457
1294.2,-0.537045,-1.40551,-0.672535,-0.00293749,-0.669597
1294.8,-0.566564,-1.40472,-0.67242,-0.00268966,-0.66973
1295.4,-0.586576,-1.40393,-0.672355,-0.00253354,-0.669821
1296,-0.562564,-1.40312,-0.672641,-0.00272169,-0.66992
1296.6,-0.579577,-1.40232,-0.672624,-0.00258679,-0.670037
1297.2,-0.557565,-1.4015,-0.672926,-0.00276233,-0.670163
1297.8,-0.570563,-1.4007,-0.672921,-0.00265709,-0.670264
1298.4,-0.575562,-1.3999,-0.672967,-0.0026176,-0.670349
1299,-0.532554,-1.39906,-0.673448,-0.00297595,-0.670472
1299.6,-0.551059,-1.39825,-0.673411,-0.00281594,-0.670595
1300.2,-0.527556,-1.39742,-0.673746,-0.00302036,-0.670725
1300.8,-0.520541,-1.39659,-0.673977,-0.00308408,-0.670893
1301.4,-0.521049,-1.39575,-0.674165,-0.00307924,-0.671085
1302,-0.511543,-1.3949,-0.674434,-0.00316764,-0.671267
1302.6,-0.52354,-1.39406,-0.674506,-0.00305613,-0.67145
1303.2,-0.518541,-1.39322,-0.674696,-0.00310189,-0.671594
1303.8,-0.51605,-1.39236,-0.674909,-0.00312486,-0.671784
1304.4,-0.49253,-1.39149,-0.675336,-0.00335172,-0.671984
1305,-0.498529,-1.39062,-0.6755,-0.00329212,-0.672207
1305.6,-0.489531,-1.38973,-0.675835,-0.00338146,-0.672453
1306.2,-0.478533,-1.38885,-0.676159,-0.00349396,-0.672665
1306.8,-0.512542,-1.38797,-0.676035,-0.00315687,-0.672879
1307.4,-0.499037,-1.38708,-0.676371,-0.00328643,-0.673084
1308,-0.490531,-1.38618,-0.676657,-0.00337067,-0.673286
1308.6,-0.49253,-1.38528,-0.676851,-0.00335045,-0.6735
1309.2,-0.506036,-1.38438,-0.676919,-0.00321803,-0.673701
1309.8,-0.501037,-1.38347,-0.677156,-0.00326618,-0.67389
1310.4,-0.526048,-1.38257,-0.677097,-0.00303123,-0.674066
1311,-0.549059,-1.38168,-0.676994,-0.00282994,-0.674164
1311.6,-0.554058,-1.38078,-0.677048,-0.00278788,-0.67426
1312.2,-0.514542,-1.37986,-0.677518,-0.00313655,-0.674381
1312.8,-0.505036,-1.37893,-0.677775,-0.00322656,-0.674549
1313.4,-0.557057,-1.37803,-0.677452,-0.00276257,-0.674689
1314,-0.561565,-1.37712,-0.67751,-0.0027255,-0.674785
1314.6,-0.531555,-1.37618,-0.677902,-0.00298068,-0.674921
1315.2,-0.575562,-1.37527,-0.677647,-0.00261367,-0.675034
1315.8,-0.522049,-1.37432,-0.678218,-0.00306607,-0.675152
1316.4,-0.54406,-1.3734,-0.678125,-0.00287102,-0.675254
1317,-0.521049,-1.37246,-0.67844,-0.00307488,-0.675365
1317.6,-0.529047,-1.37152,-0.678473,-0.00300221,-0.675471
1318.2,-0.540061,-1.37058,-0.67848,-0.00290498,-0.675575
1318.8,-0.579577,-1.36966,-0.678243,-0.00258164,-0.675661
1319.4,-0.503544,-1.36868,-0.679022,-0.00323892,-0.675783
1320,-0.537553,-1.36773,-0.678823,-0.00292629,-0.675897
1320.6,-0.48704,-1.36674,-0.679462,-0.00340189,-0.67606
1321.2,-0.507035,-1.36578,-0.679419,-0.00320481,-0.676214
1321.8,-0.512542,-1.36479,-0.679536,-0.00315241,-0.676383
1322.4,-0.545552,-1.36383,-0.679373,-0.0028566,-0.676517
1323,-0.504036,-1.36282,-0.679913,-0.00323302,-0.67668
1323.6,-0.523048,-1.36182,-0.679916,-0.0030546,-0.676862
1324.2,-0.501545,-1.36081,-0.680297,-0.00325672,-0.67704
1324.8,-0.520541,-1.35982,-0.680248,-0.00307716,-0.677171
1325.4,-0.48504,-1.35878,-0.680762,-0.00342057,-0.677342
1326,-0.510543,-1.35776,-0.68069,-0.0031699,-0.67752
1326.6,-0.473534,-1.35671,-0.681256,-0.00353946,-0.677716
1327.2,-0.505036,-1.35568,-0.681115,-0.00322198,-0.677893
1327.8,-0.502036,-1.35464,-0.681303,-0.00325073,-0.678053
1328.4,-0.541553,-1.35361,-0.681067,-0.00288909,-0.678178
1329,-0.526556,-1.35256,-0.681322,-0.0030211,-0.678301
1329.6,-0.496529,-1.3515,-0.681714,-0.00330392,-0.67841
1330.2,-0.524048,-1.35045,-0.681588,-0.00304339,-0.678545
1330.8,-0.51705,-1.34939,-0.681754,-0.00310739,-0.678647
1331.4,-0.55255,-1.34833,-0.681535,-0.00279491,-0.67874
1332,-0.497038,-1.34724,-0.682139,-0.00329806,-0.678841
1332.6,-0.493038,-1.34616,-0.682298,-0.0033374,-0.678961
1333.2,-0.498529,-1.34507,-0.682383,-0.00328298,-0.6791
1333.8,-0.492039,-1.34398,-0.682556,-0.00334691,-0.679209
1334.4,-0.542552,-1.3429,-0.682187,-0.0028786,-0.679309
1335,-0.512051,-1.34179,-0.682538,-0.00315261,-0.679386
1335.6,-0.52154,-1.34068,-0.682552,-0.00306441,-0.679487
1336.2,-0.571071,-1.3396,-0.682202,-0.00264318,-0.679559
1336.8,-0.512542,-1.33845,-0.682808,-0.00314734,-0.679661
1337.4,-0.531555,-1.33734,-0.682712,-0.00297361,-0.679738
1338,-0.491039,-1.33618,-0.683195,-0.0033553,-0.679839
1338.6,-0.515542,-1.33505,-0.683074,-0.00311866,-0.679955
1339.2,-0.491531,-1.33389,-0.683417,-0.00334992,-0.680067
1339.8,-0.488039,-1.33273,-0.683576,-0.00338473,-0.680192
1340.4,-0.481025,-1.33155,-0.683781,-0.003456,-0.680325
1341,-0.475534,-1.33037,-0.683978,-0.00351277,-0.680465
1341.6,-0.46452,-1.32918,-0.684234,-0.00362972,-0.680604
1342.2,-0.467519,-1.32797,-0.684351,-0.00359716,-0.680754
1342.8,-0.507035,-1.32678,-0.684099,-0.00319718,-0.680902
1343.4,-0.446016,-1.32553,-0.684893,-0.00383458,-0.681058
1344,-0.469519,-1.3243,-0.684818,-0.00357498,-0.681243
1344.6,-0.45703,-1.32304,-0.685128,-0.00371024,-0.681418
1345.2,-0.459029,-1.32178,-0.685271,-0.00368792,-0.681583
1345.8,-0.480025,-1.32052,-0.685218,-0.00346397,-0.681754
1346.4,-0.437018,-1.31921,-0.685879,-0.00393721,-0.681942
1347,-0.447524,-1.31792,-0.685928,-0.00381562,-0.682113
1347.6,-0.483532,-1.31664,-0.685681,-0.00342713,-0.682254
1348.2,-0.478025,-1.31533,-0.68587,-0.00348357,-0.682386
1348.8,-0.485532,-1.31401,-0.685941,-0.00340622,-0.682534
1349.4,-0.490531,-1.31269,-0.685998,-0.00335556,-0.682643
1350,-0.495038,-1.31136,-0.686055,-0.0033105,-0.682745
1350.6,-0.477534,-1.31,-0.686334,-0.00348755,-0.682846
1351.2,-0.498037,-1.30865,-0.686225,-0.00328048,-0.682944
1351.8,-0.536046,-1.30731,-0.685946,-0.00292865,-0.683017
1352.4,-0.469027,-1.30589,-0.686712,-0.00357619,-0.683136
1353,-0.479025,-1.30449,-0.686738,-0.00347091,-0.683267
1353.6,-0.506036,-1.3031,-0.686571,-0.00320208,-0.683369
1354.2,-0.490531,-1.30168,-0.686816,-0.0033533,-0.683462
1354.8,-0.499545,-1.30026,-0.686822,-0.00326409,-0.683558
1355.4,-0.498037,-1.29881,-0.686935,-0.00327851,-0.683656
1356,-0.467519,-1.29735,-0.687344,-0.00359042,-0.683754
1356.6,-0.484532,-1.2959,-0.687231,-0.0034126,-0.683819
1357.2,-0.49353,-1.29442,-0.687219,-0.00332197,-0.683897
1357.8,-0.466028,-1.29291,-0.687599,-0.00360543,-0.683994
1358.4,-0.501545,-1.29142,-0.687312,-0.00324293,-0.684069
1359,-0.480025,-1.28988,-0.687641,-0.00345748,-0.684184
1359.6,-0.471535,-1.28833,-0.687848,-0.00354575,-0.684302
1360.2,-0.431019,-1.28674,-0.688426,-0.00400022,-0.684425
1360.8,-0.474026,-1.28517,-0.688081,-0.00351884,-0.684563
1361.4,-0.471535,-1.28358,-0.688224,-0.00354472,-0.68468
1362,-0.453014,-1.28195,-0.688555,-0.00374545,-0.684809
1362.6,-0.45503,-1.28031,-0.688675,-0.00372265,-0.684952
1363.2,-0.46552,-1.27865,-0.688698,-0.00360773,-0.68509
1363.8,-0.416514,-1.27693,-0.689435,-0.00417424,-0.68526
1364.4,-0.448015,-1.27524,-0.689221,-0.00380008,-0.685421
1365,-0.452523,-1.27352,-0.689308,-0.00374901,-0.685559
1365.6,-0.453522,-1.27178,-0.689419,-0.00373746,-0.685682
1366.2,-0.413007,-1.26998,-0.690064,-0.00421624,-0.685848
1366.8,-0.397993,-1.26815,-0.690459,-0.00440839,-0.686051
1367.4,-0.390503,-1.26632,-0.690755,-0.00450723,-0.686248
1368,-0.417006,-1.26448,-0.690603,-0.00416495,-0.686438
1368.6,-0.428511,-1.26261,-0.69062,-0.00402424,-0.686596
1369.2,-0.412007,-1.2607,-0.690983,-0.0042264,-0.686757
1369.8,-0.429003,-1.25879,-0.690912,-0.00401741,-0.686894
1370.4,-0.437018,-1.25685,-0.690931,-0.0039222,-0.687009
1371,-0.448015,-1.25489,-0.690901,-0.00379534,-0.687106
1371.6,-0.434018,-1.25288,-0.691172,-0.00395642,-0.687216
1372.2,-0.434018,-1.25084,-0.691301,-0.00395592,-0.687346
1372.8,-0.423004,-1.24877,-0.691578,-0.00408729,-0.687491
1373.4,-0.440017,-1.24669,-0.691508,-0.00388489,-0.687623
1374,-0.453014,-1.24458,-0.69146,-0.00373688,-0.687723
1374.6,-0.446524,-1.24243,-0.691631,-0.00380933,-0.687822
1375.2,-0.456522,-1.24026,-0.691611,-0.00369705,-0.687914
1375.8,-0.436018,-1.23802,-0.691973,-0.00392934,-0.688044
1376.4,-0.461521,-1.2358,-0.691755,-0.0036414,-0.688113
1377,-0.452523,-1.23351,-0.69193,-0.00373981,-0.68819
1377.6,-0.467028,-1.2312,-0.691839,-0.00358112,-0.688258
1378.2,-0.422513,-1.22883,-0.692429,-0.00408827,-0.688341
1378.8,-0.458521,-1.22644,-0.69211,-0.00367197,-0.688438
1379.4,-0.420005,-1.22399,-0.692642,-0.00411768,-0.688524
1380,-0.395994,-1.22148,-0.693064,-0.00442201,-0.688642
1380.6,-0.415514,-1.21895,-0.692928,-0.0041718,-0.688757
1381.2,-0.402501,-1.21635,-0.693236,-0.00433585,-0.688901
1381.8,-0.446016,-1.21377,-0.692782,-0.00380839,-0.688973
1382.4,-0.39901,-1.21105,-0.693476,-0.0043797,-0.689097
1383,-0.409499,-1.20833,-0.693453,-0.00424439,-0.689209
1383.6,-0.377998,-1.2055,-0.694027,-0.00466059,-0.689366
1384.2,-0.396502,-1.20266,-0.693931,-0.00441022,-0.689521
1384.8,-0.388504,-1.19974,-0.694169,-0.00451561,-0.689654
1385.4,-0.408008,-1.19678,-0.69405,-0.00426024,-0.68979
1386,-0.368983,-1.19371,-0.694722,-0.00478373,-0.689938
1386.6,-0.379997,-1.19061,-0.694712,-0.00462871,-0.690083
1387.2,-0.359477,-1.18743,-0.695115,-0.00491895,-0.690196
1387.8,-0.383488,-1.1842,-0.694892,-0.0045791,-0.690313
1388.4,-0.378997,-1.18089,-0.695064,-0.00463972,-0.690424
1389,-0.394502,-1.1775,-0.694954,-0.00442967,-0.690524
1389.6,-0.362985,-1.17399,-0.695517,-0.0048639,-0.690653
1390.2,-0.4045,-1.17047,-0.695052,-0.00429797,-0.690754
1390.8,-0.392503,-1.16683,-0.695281,-0.00445317,-0.690827
1391.4,-0.39901,-1.16309,-0.69527,-0.00436679,-0.690903
1392,-0.389503,-1.15926,-0.695463,-0.00449099,-0.690972
1392.6,-0.356478,-1.15532,-0.696001,-0.00495319,-0.691048
1393.2,-0.391503,-1.15131,-0.69557,-0.00446217,-0.691107
1393.8,-0.385504,-1.14718,-0.695693,-0.00454135,-0.691151
1394.4,-0.397993,-1.14293,-0.695556,-0.00437457,-0.691182
1395,-0.376998,-1.13856,-0.695867,-0.00465524,-0.691212
1395.6,-0.401501,-1.13409,-0.695547,-0.00432679,-0.69122
1396.2,-0.417006,-1.12948,-0.695346,-0.00413049,-0.691216
1396.8,-0.396994,-1.1247,-0.695607,-0.00438267,-0.691225
1397.4,-0.361493,-1.11978,-0.696098,-0.00486922,-0.691228
1398,-0.392994,-1.11473,-0.695638,-0.0044324,-0.691206
1398.6,-0.4045,-1.10952,-0.695465,-0.00428185,-0.691183
1399.2,-0.412007,-1.10413,-0.695335,-0.00418586,-0.691149
1399.8,-0.409499,-1.09855,-0.695318,-0.00421576,-0.691103
1400.4,-0.370983,-1.09275,-0.695768,-0.00472587,-0.691043
1401,-0.405008,-1.08677,-0.695279,-0.00426938,-0.69101
1401.6,-0.389995,-1.08056,-0.695401,-0.0044627,-0.690939
1402.2,-0.371983,-1.0741,-0.695595,-0.00470641,-0.690888
1402.8,-0.395502,-1.06742,-0.695194,-0.00438662,-0.690807
1403.4,-0.37549,-1.06044,-0.695364,-0.00465365,-0.69071
1404,-0.383996,-1.05317,-0.695158,-0.00453536,-0.690622
1404.6,-0.378489,-1.0456,-0.69512,-0.00460809,-0.690512
1405.2,-0.378489,-1.03767,-0.695027,-0.00460583,-0.690421
1405.8,-0.380489,-1.02939,-0.694872,-0.00457618,-0.690295
1406.4,-0.368492,-1.02068,-0.694927,-0.00473983,-0.690187
1407,-0.378489,-1.01156,-0.694658,-0.00459839,-0.690059
1407.6,-0.363984,-1.002,-0.694685,-0.00479821,-0.689887
1408.2,-0.379997,-0.99193,-0.694253,-0.00457225,-0.68968
1408.8,-0.348988,-0.981284,-0.694469,-0.00501049,-0.689458
1409.4,-0.364984,-0.970042,-0.693997,-0.0047745,-0.689222
1410,-0.365984,-0.958129,-0.693711,-0.00475682,-0.688955
1410.6,-0.370983,-0.945507,-0.693311,-0.00468298,-0.688628
1411.2,-0.37649,-0.932051,-0.692871,-0.00460307,-0.688268
1411.8,-0.382489,-0.917687,-0.692382,-0.00451764,-0.687864
1412.4,-0.372491,-0.902284,-0.692076,-0.00464953,-0.687426
1413,-0.342972,-0.885698,-0.692033,-0.00507066,-0.686963
1413.6,-0.351987,-0.867868,-0.691344,-0.00493118,-0.686413
1414.2,-0.371983,-0.848545,-0.690428,-0.00464103,-0.685786
1414.8,-0.361493,-0.827479,-0.689873,-0.00478177,-0.685092
1415.4,-0.381489,-0.804454,-0.688808,-0.00449931,-0.684309
1416,-0.368492,-0.779071,-0.688104,-0.00466922,-0.683435
1416.6,-0.364984,-0.750922,-0.687164,-0.0047099,-0.682454
1417.2,-0.357986,-0.719455,-0.68613,-0.00479948,-0.681331
1417.8,-0.362493,-0.683954,-0.684763,-0.00472514,-0.680038
1418.4,-0.344972,-0.643438,-0.683491,-0.00496514,-0.678526
1419,-0.346988,-0.596537,-0.681688,-0.00492107,-0.676767
1419.6,-0.361493,-0.54131,-0.679367,-0.00469722,-0.674669
1420.2,-0.337482,-0.47486,-0.677127,-0.00502375,-0.672103
1420.8,-0.319469,-0.392517,-0.67417,-0.00527268,-0.668898
1421.4,-0.309472,-0.286303,-0.670137,-0.00539575,-0.664741
1422,-0.31647,-0.140908,-0.664316,-0.0052374,-0.659078
1422.6,-0.320977,0.0764476,-0.655675,-0.00509911,-0.650576
1423.2,-0.331483,0.450111,-0.640963,-0.00483106,-0.636131
1423.8,-0.324468,1.16805,-0.612851,-0.00471381,-0.608137
1424.4,-0.343989,1.72826,-0.581585,-0.00422166,-0.577364
1425,-0.331975,0.659288,-0.615956,-0.00463066,-0.611325
1425.6,-0.310471,-0.820208,-0.69029,-0.00552657,-0.684764
1426.2,-0.300965,-0.921283,-0.699428,-0.00575612,-0.693672
1426.8,-0.298966,-0.909118,-0.699315,-0.00578677,-0.693529
1427.4,-0.314962,-0.893726,-0.698663,-0.00551321,-0.69315
1428,-0.310963,-0.87711,-0.698267,-0.00557329,-0.692694
1428.6,-0.290967,-0.859104,-0.698119,-0.00590734,-0.692212
1429.2,-0.304456,-0.839587,-0.697338,-0.00566871,-0.691669
1429.8,-0.299965,-0.818329,-0.69677,-0.00573716,-0.691033
1430.4,-0.307472,-0.79496,-0.695952,-0.00560261,-0.69035
1431,-0.337482,-0.769311,-0.694612,-0.00511681,-0.689496
1431.6,-0.330483,-0.74075,-0.693724,-0.005215,-0.688509
1432.2,-0.341481,-0.708729,-0.692424,-0.00503732,-0.687386
1432.8,-0.312471,-0.672495,-0.691573,-0.00547813,-0.686095
1433.4,-0.357494,-0.631126,-0.689321,-0.00478005,-0.684541
1434,-0.285952,-0.582918,-0.688639,-0.00589354,-0.682746
1434.6,-0.320469,-0.526035,-0.685885,-0.00530093,-0.680584
1435.2,-0.312963,-0.457267,-0.683297,-0.00539719,-0.677899
1435.8,-0.309963,-0.371468,-0.679926,-0.00541642,-0.67451
1436.4,-0.329975,-0.259731,-0.675145,-0.00506863,-0.670076
1437,-0.316962,-0.104912,-0.669115,-0.00521806,-0.663897
1437.6,-0.298966,0.131795,-0.659968,-0.00542482,-0.654543
1438.2,-0.299965,0.550703,-0.643533,-0.00527221,-0.638261
1438.8,-0.304456,1.33149,-0.611828,-0.00494467,-0.606883
1439.4,-0.319977,1.66002,-0.587945,-0.00453774,-0.583407
1440,-0.283952,0.297071,-0.637004,-0.00546398,-0.63154
1440.6,-0.260449,-0.874281,-0.702182,-0.00645111,-0.695731
1441.2,-0.265956,-0.91866,-0.706625,-0.00638518,-0.70024
1441.8,-0.277462,-0.905668,-0.706177,-0.00616651,-0.700011
1442.4,-0.271447,-0.890516,-0.705929,-0.00627154,-0.699657
1443,-0.271447,-0.874239,-0.705503,-0.00626521,-0.699238
1443.6,-0.266956,-0.85658,-0.705134,-0.00634218,-0.698791
1444.2,-0.254942,-0.837427,-0.704849,-0.00656418,-0.698285
1444.8,-0.25745,-0.816596,-0.704193,-0.00650716,-0.697686
1445.4,-0.25845,-0.79372,-0.703478,-0.00647868,-0.696999
1446,-0.252943,-0.768459,-0.702811,-0.00657488,-0.696236
1446.6,-0.238946,-0.740423,-0.702192,-0.00684118,-0.695351
1447.2,-0.248436,-0.709001,-0.700979,-0.00663859,-0.69434
1447.8,-0.237438,-0.673491,-0.699989,-0.00684316,-0.693146
1448.4,-0.249452,-0.63296,-0.698294,-0.00658732,-0.691707
1449,-0.248944,-0.585883,-0.696589,-0.00657788,-0.690011
1449.6,-0.234439,-0.530352,-0.694806,-0.00684279,-0.687964
1450.2,-0.251451,-0.463432,-0.691891,-0.00647951,-0.685411
1450.8,-0.239946,-0.380318,-0.688842,-0.00666945,-0.682172
1451.4,-0.241945,-0.272741,-0.684508,-0.00658586,-0.677922
1452,-0.242437,-0.124985,-0.678557,-0.00651633,-0.672041
1452.6,-0.244944,0.0974179,-0.669568,-0.00638018,-0.663188
1453.2,-0.269447,0.4827,-0.653848,-0.00579547,-0.648053
1453.8,-0.246436,1.21468,-0.624677,-0.00592132,-0.618756
1454.4,-0.22644,1.7057,-0.595722,-0.00598499,-0.589737
1455,-0.219933,0.554979,-0.634872,-0.00649792,-0.628374
1455.6,-0.221933,-0.836283,-0.707833,-0.00719911,-0.700634
1456.2,-0.211427,-0.918235,-0.715771,-0.00750321,-0.708267
1456.8,-0.247436,-0.906552,-0.714895,-0.00674062,-0.708154
1457.4,-0.206428,-0.89192,-0.715462,-0.00760336,-0.707858
1458,-0.236438,-0.876269,-0.714439,-0.00695065,-0.707488
1458.6,-0.247436,-0.859367,-0.713762,-0.00672089,-0.707041
1459.2,-0.250451,-0.841028,-0.713176,-0.00665353,-0.706522
1459.8,-0.221441,-0.820974,-0.713216,-0.00724111,-0.705975
1460.4,-0.205428,-0.799012,-0.712957,-0.0075819,-0.705375
1461,-0.187924,-0.77486,-0.712651,-0.00797244,-0.704678
1461.6,-0.187924,-0.748145,-0.711822,-0.00795918,-0.703863
1462.2,-0.193415,-0.718286,-0.710729,-0.00781653,-0.702912
1462.8,-0.184925,-0.684653,-0.709801,-0.00799827,-0.701803
1463.4,-0.150899,-0.646246,-0.709339,-0.008822,-0.700517
1464,-0.170911,-0.602045,-0.707286,-0.00829329,-0.698993
1464.6,-0.181925,-0.550277,-0.705134,-0.00800204,-0.697132
1465.2,-0.16842,-0.488408,-0.703115,-0.00829546,-0.694819
1465.8,-0.165912,-0.41241,-0.700242,-0.00831756,-0.691924
1466.4,-0.131395,-0.315688,-0.697339,-0.00915334,-0.688185
1467,-0.151407,-0.186415,-0.691626,-0.00856006,-0.683066
1467.6,-0.111891,0.000656015,-0.685136,-0.00950638,-0.67563
1468.2,-0.11889,0.305692,-0.672685,-0.00914026,-0.663545
1468.8,-0.133903,0.882279,-0.649208,-0.00843936,-0.640769
1469.4,-0.141409,1.67054,-0.611907,-0.007778,-0.604129
1470,-0.161913,1.20136,-0.619931,-0.0074188,-0.612512
1470.6,-0.105893,-0.553381,-0.700084,-0.00985417,-0.69023
1471.2,-0.163405,-0.915156,-0.726102,-0.0086415,-0.717461
1471.8,-0.146408,-0.910838,-0.727124,-0.009088,-0.718036
1472.4,-0.120398,-0.896994,-0.727666,-0.00980345,-0.717863
1473,-0.126904,-0.882002,-0.727237,-0.00960844,-0.717629
1473.6,-0.11589,-0.865901,-0.727218,-0.00991522,-0.717303
1474.2,-0.121397,-0.84842,-0.726684,-0.00974516,-0.716938
1474.8,-0.0953866,-0.829335,-0.727034,-0.0105077,-0.716526
1475.4,-0.134903,-0.808635,-0.725368,-0.00934195,-0.716026
1476,-0.102893,-0.785834,-0.725684,-0.0102505,-0.715434
1476.6,-0.117398,-0.760724,-0.724533,-0.00980685,-0.714726
1477.2,-0.122397,-0.732776,-0.723529,-0.00964676,-0.713882
1477.8,-0.0793737,-0.701307,-0.723851,-0.0109264,-0.712924
1478.4,-0.0898796,-0.665802,-0.72235,-0.0105708,-0.711779
1479,-0.103385,-0.625162,-0.720544,-0.0101336,-0.71041
1479.6,-0.0703756,-0.577848,-0.719894,-0.0111327,-0.708761
1480.2,-0.0938787,-0.52197,-0.717105,-0.0103539,-0.706751
1480.8,-0.0518714,-0.454198,-0.715945,-0.0116633,-0.704281
1481.4,-0.0558706,-0.369986,-0.712547,-0.011467,-0.70108
1482,-0.0523631,-0.260585,-0.708319,-0.011507,-0.696812
1482.6,-0.0528712,-0.109429,-0.702196,-0.0113827,-0.690814
1483.2,-0.0113556,0.119843,-0.694313,-0.0126736,-0.681639
1483.8,-0.0258606,0.52093,-0.677499,-0.0118532,-0.665646
1484.4,0.0161631,1.27308,-0.647417,-0.0127669,-0.63465
1485,-0.00935601,1.67727,-0.619327,-0.0113435,-0.607984
1485.6,0.0141471,0.422735,-0.666181,-0.0130406,-0.65314
1486.2,0.0421738,-0.853794,-0.739673,-0.0156717,-0.724001
1486.8,0.049664,-0.915259,-0.74659,-0.0161449,-0.730445
1487.4,0.035667,-0.903146,-0.746103,-0.0154902,-0.730613
1488,0.0956869,-0.888368,-0.749059,-0.0184222,-0.730637
1488.6,0.0881803,-0.872551,-0.74863,-0.0180083,-0.730622
1489.2,0.143201,-0.855206,-0.751672,-0.0210874,-0.730585
1489.8,0.181717,-0.836109,-0.754056,-0.0235261,-0.73053
1490.4,0.525348,-0.811224,-0.791563,-0.0609144,-0.730649
1491,0.803944,-0.777192,-0.852542,-0.121663,-0.730878
1491.6,0.886483,-0.740028,-0.877048,-0.145909,-0.731139
1492.2,0.849475,-0.702128,-0.865533,-0.134223,-0.731309
1492.8,0.75443,-0.661945,-0.838848,-0.107578,-0.73127
1493.4,0.615378,-0.619208,-0.806996,-0.0760942,-0.730902
1494,0.522349,-0.569096,-0.789553,-0.0595224,-0.730031
1494.6,0.426812,-0.5104,-0.774426,-0.0458492,-0.728577
1495.2,0.345272,-0.438853,-0.762841,-0.0364481,-0.726393
1495.8,0.278254,-0.349304,-0.753303,-0.0300349,-0.723268
1496.4,0.208728,-0.231595,-0.743265,-0.0244755,-0.718789
1497,0.20173,-0.0656316,-0.735926,-0.0237463,-0.712179
1497.6,0.186225,0.193829,-0.723955,-0.0223574,-0.701598
1498.2,0.167212,0.665884,-0.702831,-0.0205689,-0.682262
1498.8,0.157706,1.48422,-0.664883,-0.0189326,-0.64595
1499.4,0.135695,1.52982,-0.649693,-0.0173795,-0.632313
1500,0.163213,-0.0722295,-0.71907,-0.0207573,-0.698312
1500.6,0.17821,-0.897865,-0.776149,-0.0233408,-0.752808
1501.2,0.174719,-0.912857,-0.778587,-0.0231684,-0.755419
1501.8,0.175719,-0.898848,-0.778667,-0.0232154,-0.755451
1502.4,0.195223,-0.883196,-0.779918,-0.0245251,-0.755393
1503,0.164213,-0.866477,-0.777678,-0.0224162,-0.755262
1503.6,0.193715,-0.84818,-0.779424,-0.0243664,-0.755058
1504.2,0.193715,-0.82829,-0.77912,-0.0243362,-0.754784
1504.8,0.212235,-0.806396,-0.78006,-0.0256235,-0.754437
1505.4,0.228232,-0.782143,-0.780788,-0.0267779,-0.754011
1506,0.218234,-0.755672,-0.779433,-0.0259833,-0.75345
1506.6,0.245245,-0.725583,-0.780761,-0.0280055,-0.752756
1507.2,0.265748,-0.691869,-0.78153,-0.0296185,-0.751912
1507.8,0.258242,-0.653732,-0.779767,-0.028927,-0.75084
1508.4,0.280762,-0.609571,-0.780237,-0.0307435,-0.749494
1509,0.273255,-0.557951,-0.777804,-0.030002,-0.747802
1509.6,0.267748,-0.496231,-0.775079,-0.029425,-0.745655
1510.2,0.278254,-0.420657,-0.773039,-0.0301689,-0.74287
1510.8,0.245736,-0.325314,-0.766502,-0.0273533,-0.739149
1511.4,0.241737,-0.198024,-0.760818,-0.0268316,-0.733987
1512,0.281761,-0.0144971,-0.756105,-0.0297116,-0.726394
1512.6,0.300266,0.282757,-0.74471,-0.0307362,-0.713973
1513.2,0.294267,0.842703,-0.719665,-0.0291985,-0.690467
1513.8,0.299266,1.65238,-0.678919,-0.0278926,-0.651027
1514.4,0.345272,1.26876,-0.688221,-0.0319483,-0.656272
1515,0.37879,-0.489344,-0.77806,-0.0394203,-0.73864
1515.6,0.628391,-0.907899,-0.852425,-0.080044,-0.772381
1516.2,0.961008,-0.890478,-0.945764,-0.172085,-0.773679
1516.8,1.02554,-0.861349,-0.968835,-0.194797,-0.774039
1517.4,1.04153,-0.832173,-0.97482,-0.200338,-0.774482
1518,0.954501,-0.804824,-0.943783,-0.168913,-0.77487
1518.6,0.849475,-0.777093,-0.909949,-0.134845,-0.775104
1519.2,0.745432,-0.748552,-0.880995,-0.105867,-0.775128
1519.8,0.629883,-0.716944,-0.854244,-0.0794439,-0.774801
1520.4,0.55385,-0.681377,-0.839276,-0.0651352,-0.774141
1521,0.470819,-0.640564,-0.825202,-0.0520884,-0.773113
1521.6,0.459821,-0.592909,-0.82212,-0.0504141,-0.771706
1522.2,0.412799,-0.537512,-0.814026,-0.0441994,-0.769826
1522.8,0.361777,-0.471003,-0.805579,-0.0382366,-0.767342
1523.4,0.360285,-0.387997,-0.801937,-0.0378823,-0.764055
1524,0.353779,-0.280644,-0.796588,-0.036956,-0.759632
1524.6,0.350288,-0.133431,-0.789644,-0.0362664,-0.753377
1525.2,0.37879,0.0876241,-0.782565,-0.03872,-0.743845
1525.8,0.385788,0.469766,-0.765896,-0.0385657,-0.727331
1526.4,0.417798,1.2012,-0.735137,-0.0401999,-0.694937
1527,0.379789,1.71551,-0.696135,-0.034445,-0.66169
1527.6,0.423813,0.586454,-0.745535,-0.0413367,-0.704198
1528.2,0.438809,-0.829433,-0.834636,-0.0480569,-0.786579
1528.8,0.431319,-0.915396,-0.843454,-0.0475983,-0.795856
1529.4,0.455314,-0.901593,-0.846773,-0.0507701,-0.796003
1530,0.452823,-0.884792,-0.84627,-0.0503757,-0.795894
1530.6,0.449823,-0.866784,-0.84563,-0.0499117,-0.795718
1531.2,0.43581,-0.847196,-0.843433,-0.0479866,-0.795447
1531.8,0.422813,-0.825736,-0.841331,-0.0462517,-0.795079
1532.4,0.441317,-0.802019,-0.843196,-0.0485746,-0.794622
1533,0.484324,-0.775502,-0.848526,-0.0544752,-0.79405
1533.6,0.453823,-0.746543,-0.843404,-0.0500793,-0.793325
1534.2,0.489831,-0.713435,-0.8475,-0.0550725,-0.792427
1534.8,0.500829,-0.675822,-0.847912,-0.0565848,-0.791327
1535.4,0.518841,-0.632845,-0.849187,-0.0592079,-0.789979
1536,0.533855,-0.582209,-0.84969,-0.0614155,-0.788274
1536.6,0.555358,-0.522666,-0.850885,-0.0647512,-0.786133
1537.2,0.817957,-0.440995,-0.906289,-0.12303,-0.783259
1537.8,1.15057,-0.315247,-1.01314,-0.234375,-0.778763
1538.4,1.26563,-0.136491,-1.04673,-0.274885,-0.771841
1539,1.2336,0.129778,-1.01957,-0.258655,-0.760915
1539.6,1.09406,0.596129,-0.942591,-0.201615,-0.740976
1540.2,1.01152,1.4509,-0.865271,-0.163859,-0.701412
1540.8,0.901988,1.61915,-0.808007,-0.127225,-0.680782
1541.4,0.775933,0.0404565,-0.8554,-0.105524,-0.749877
1542,0.701408,-0.907885,-0.911906,-0.0959165,-0.81599
1542.6,0.658401,-0.926806,-0.905986,-0.086493,-0.819493
1543.2,0.597382,-0.912037,-0.893558,-0.0739972,-0.819561
1543.8,0.578861,-0.894904,-0.889896,-0.07046,-0.819436
1544.4,0.560865,-0.876858,-0.886373,-0.0671567,-0.819217
1545,0.528347,-0.857565,-0.880445,-0.0615749,-0.81887
1545.6,0.526348,-0.836053,-0.879568,-0.0611676,-0.8184
1546.2,0.518841,-0.81272,-0.877697,-0.0598747,-0.817823
1546.8,0.539345,-0.786825,-0.880235,-0.0631125,-0.817123
1547.4,0.540345,-0.757597,-0.879426,-0.063163,-0.816263
1548,0.547851,-0.725257,-0.879545,-0.0642941,-0.815251
1548.6,0.565356,-0.688365,-0.881178,-0.0671569,-0.814022
1549.2,0.54636,-0.646656,-0.876253,-0.0637288,-0.812525
1549.8,0.578369,-0.597252,-0.879773,-0.0690781,-0.810695
1550.4,0.58386,-0.539662,-0.878262,-0.0698185,-0.808443
1551,0.591367,-0.469143,-0.876438,-0.0708752,-0.805563
1551.6,0.63439,-0.381971,-0.880587,-0.0787022,-0.801885
1552.2,0.621885,-0.267257,-0.87254,-0.0756954,-0.796845
1552.8,0.650387,-0.107695,-0.870281,-0.080565,-0.789716
1553.4,0.644896,0.136907,-0.856882,-0.0782731,-0.778609
1554,0.6634,0.57543,-0.838581,-0.0798346,-0.758747
1554.6,0.69341,1.38993,-0.801432,-0.081528,-0.719904
1555.2,0.704408,1.64385,-0.775905,-0.0807971,-0.695108
1555.8,0.81245,0.18523,-0.872349,-0.113774,-0.758575
1556.4,1.14208,-0.866477,-1.06927,-0.238551,-0.830721
1557,1.38316,-0.875961,-1.16727,-0.33229,-0.834976
1557.6,1.41217,-0.840973,-1.17675,-0.342003,-0.834744
1558.2,1.28763,-0.807016,-1.12939,-0.294996,-0.834397
1558.8,1.1946,-0.7725,-1.09222,-0.258228,-0.833995
1559.4,1.08456,-0.737244,-1.04861,-0.215224,-0.833389
1560,0.98002,-0.700338,-1.00918,-0.176625,-0.832558
1560.6,0.847459,-0.659534,-0.964586,-0.133262,-0.831324
1561.2,0.831954,-0.610808,-0.957999,-0.128329,-0.82967
1561.8,0.777933,-0.553792,-0.940424,-0.112947,-0.827477
1562.4,0.732418,-0.486728,-0.925663,-0.100954,-0.824709
1563,0.706407,-0.402516,-0.915318,-0.0942835,-0.821035
1563.6,0.713422,-0.293679,-0.911399,-0.0952658,-0.816133
1564.2,0.684412,-0.145003,-0.897133,-0.0879041,-0.809228
1564.8,0.664892,0.0770956,-0.881402,-0.0826036,-0.798798
1565.4,0.698409,0.461795,-0.868521,-0.0876762,-0.780845
1566,0.707915,1.20313,-0.831112,-0.0856184,-0.745494
1566.6,0.699409,1.73144,-0.788453,-0.0796678,-0.708785
1567.2,0.705408,0.591417,-0.840687,-0.0860189,-0.754668
1567.8,0.750431,-0.830993,-0.950483,-0.107088,-0.843395
1568.4,0.75443,-0.913556,-0.962317,-0.109267,-0.85305
1569,0.727419,-0.896925,-0.955196,-0.102324,-0.852872
1569.6,0.785948,-0.8758,-0.969859,-0.117416,-0.852443
1570.2,0.753938,-0.853334,-0.960611,-0.108742,-0.85187
1570.8,0.780949,-0.828188,-0.966924,-0.115709,-0.851216
1571.4,0.785948,-0.800999,-0.967304,-0.116869,-0.850436
1572,0.851966,-0.76901,-0.984999,-0.135537,-0.849462
1572.6,0.841968,-0.733794,-0.980535,-0.132257,-0.848278
1573.2,0.871978,-0.692374,-0.9878,-0.140962,-0.846838
1573.8,1.10106,-0.636462,-1.06508,-0.220148,-0.844932
1574.4,1.39218,-0.554274,-1.17087,-0.328966,-0.841904
1575,1.54873,-0.452643,-1.21581,-0.377832,-0.837975
1575.6,1.48821,-0.33096,-1.18946,-0.3565,-0.832959
1576.2,1.34265,-0.174081,-1.1298,-0.303728,-0.826076
1576.8,1.21261,0.0520511,-1.06778,-0.252059,-0.815724
1577.4,1.09155,0.428218,-1.0009,-0.202782,-0.798114
1578,0.989527,1.151,-0.923736,-0.160407,-0.763329
1578.6,0.89948,1.74881,-0.849493,-0.126279,-0.723214
1579.2,0.846459,0.695549,-0.883894,-0.118898,-0.764996
1579.8,0.805452,-0.814274,-0.980178,-0.121548,-0.85863
1580.4,0.780949,-0.917432,-0.986657,-0.116334,-0.870323
1581,0.795454,-0.901121,-0.990315,-0.120222,-0.870093
1581.6,0.761936,-0.881646,-0.980525,-0.111021,-0.869504
1582.2,0.769935,-0.859964,-0.981791,-0.112984,-0.868807
1582.8,0.766444,-0.835956,-0.979854,-0.11189,-0.867964
1583.4,0.786439,-0.809197,-0.984066,-0.117062,-0.867004
1584,0.768935,-0.779604,-0.978032,-0.112152,-0.86588
1584.6,0.840968,-0.74481,-0.996642,-0.132053,-0.864588
1585.2,0.885975,-0.7049,-1.00846,-0.145429,-0.863034
1585.8,0.876485,-0.660818,-1.00331,-0.142076,-0.86123
1586.4,0.902988,-0.60778,-1.00892,-0.149917,-0.859
1587,0.893482,-0.546493,-1.00266,-0.146342,-0.856313
1587.6,0.923492,-0.470231,-1.00809,-0.155205,-0.852887
1588.2,0.959517,-0.373258,-1.01454,-0.166124,-0.848415
1588.8,0.979021,-0.242848,-1.01358,-0.171338,-0.842247
1589.4,1.00652,-0.0579862,-1.01213,-0.178742,-0.833391
1590,1.15608,0.252486,-1.047,-0.228355,-0.818649
1590.6,1.4607,0.899842,-1.11079,-0.322572,-0.788213
1591.2,1.63226,1.82469,-1.07911,-0.343878,-0.735232
1591.8,1.58074,1.18293,-1.09302,-0.339655,-0.753365
1592.4,1.4817,-0.677561,-1.21626,-0.35699,-0.85927
1593,1.30664,-0.94604,-1.19177,-0.3048,-0.886966
1593.6,1.11756,-0.935335,-1.1181,-0.230624,-0.887478
1594.2,0.975021,-0.918828,-1.06448,-0.177267,-0.887209
1594.8,0.889974,-0.901162,-1.03527,-0.148482,-0.886783
1595.4,0.830954,-0.881321,-1.01633,-0.13021,-0.886123
1596,0.789439,-0.860614,-1.00362,-0.118257,-0.88536
1596.6,0.776441,-0.837209,-0.998959,-0.114559,-0.8844
1597.2,0.770934,-0.811318,-0.996198,-0.112906,-0.883292
1597.8,0.785948,-0.782476,-0.998762,-0.116735,-0.882028
1598.4,0.792946,-0.750946,-0.999019,-0.118417,-0.880602
1599,0.787439,-0.714298,-0.995522,-0.116642,-0.87888
1599.6,0.81045,-0.672946,-0.999645,-0.122689,-0.876956
1600.2,0.865979,-0.622681,-1.01313,-0.138524,-0.874601
1600.8,0.874978,-0.564253,-1.01258,-0.140761,-0.871816
1601.4,0.931506,-0.49128,-1.02636,-0.158025,-0.868339
1602,0.941996,-0.400927,-1.02451,-0.160575,-0.863939
1602.6,0.962008,-0.282158,-1.02411,-0.166016,-0.858095
1603.2,1.02704,-0.1161,-1.03645,-0.18653,-0.849922
1603.8,1.02953,0.143972,-1.02145,-0.184438,-0.837007
1604.4,1.06754,0.617861,-1.00595,-0.192153,-0.813798
1605,1.04104,1.49094,-0.940892,-0.17271,-0.768182
1605.6,1.10257,1.60832,-0.934459,-0.187336,-0.747123
1606.2,1.2061,-0.00567957,-1.06941,-0.244097,-0.825313
1606.8,1.50071,-0.883666,-1.26619,-0.372347,-0.893841
1607.4,1.67728,-0.875643,-1.31916,-0.423036,-0.896119
1608,1.71329,-0.8363,-1.32565,-0.430512,-0.895135
1608.6,1.55924,-0.797356,-1.28309,-0.389081,-0.894005
1609.2,1.38416,-0.760574,-1.22312,-0.330248,-0.892876
1609.8,1.22161,-0.722699,-1.15945,-0.267942,-0.891503
1610.4,1.08005,-0.683179,-1.1027,-0.212806,-0.88989
1611,0.957009,-0.639407,-1.05591,-0.168034,-0.887876
1611.6,0.924,-0.587686,-1.04191,-0.156511,-0.885396
1612.2,0.86298,-0.525386,-1.01899,-0.136776,-0.88221
1612.8,0.841968,-0.449596,-1.00824,-0.129934,-0.878304
1613.4,0.793454,-0.354604,-0.988966,-0.115658,-0.873309
1614,0.797453,-0.228108,-0.98251,-0.115821,-0.866688
1614.6,0.836461,-0.0442747,-0.982322,-0.12516,-0.857162
1615.2,0.84046,0.248326,-0.966214,-0.124048,-0.842166
1615.8,0.834462,0.800585,-0.932671,-0.118318,-0.814353
1616.4,0.830463,1.64645,-0.876459,-0.110294,-0.766165
1617,0.861472,1.34198,-0.885347,-0.118294,-0.767052
1617.6,0.907987,-0.422884,-1.00855,-0.146888,-0.861658
1618.2,0.918493,-0.905938,-1.06274,-0.157687,-0.905054
1618.8,0.922,-0.89796,-1.06449,-0.15889,-0.905604
1619.4,0.901988,-0.87662,-1.05684,-0.152117,-0.904722
1620,0.946011,-0.851322,-1.07016,-0.166503,-0.90366
1620.6,0.950502,-0.82376,-1.07019,-0.167746,-0.902448
1621.2,0.964516,-0.793254,-1.07335,-0.172242,-0.901105
1621.8,0.991018,-0.759224,-1.08075,-0.181155,-0.899596
1622.4,1.00352,-0.720632,-1.08298,-0.185165,-0.897816
1623,0.990018,-0.677285,-1.07563,-0.179878,-0.895749
1623.6,1.01452,-0.625194,-1.08123,-0.187987,-0.893239
1624.2,1.02904,-0.565208,-1.08283,-0.192507,-0.890325
1624.8,1.02753,-0.493566,-1.07786,-0.19111,-0.886748
1625.4,1.04104,-0.401923,-1.07697,-0.194869,-0.8821
1626,1.05954,-0.283497,-1.07618,-0.200114,-0.876062
1626.6,1.07405,-0.115787,-1.07073,-0.203278,-0.867457
1627.2,1.11257,0.144826,-1.06811,-0.213921,-0.854192
1627.8,1.36517,0.650752,-1.12581,-0.296591,-0.829215
1628.4,1.61575,1.60978,-1.12532,-0.347476,-0.777849
1629,1.67628,1.57895,-1.11605,-0.353414,-0.762637
1629.6,1.59625,-0.211966,-1.23074,-0.375981,-0.854763
1630.2,1.38416,-0.933464,-1.24953,-0.333392,-0.916135
1630.8,1.24411,-0.933855,-1.19821,-0.280325,-0.917886
1631.4,1.12507,-0.915866,-1.15064,-0.233267,-0.91737
1632,0.987019,-0.898212,-1.09795,-0.181286,-0.916661
1632.6,0.932506,-0.878782,-1.07803,-0.162211,-0.915821
1633.2,0.845967,-0.85812,-1.04924,-0.134471,-0.914768
1633.8,0.832462,-0.835458,-1.0439,-0.130284,-0.913615
1634.4,0.800453,-0.811243,-1.03322,-0.120937,-0.912287
1635,0.778441,-0.784029,-1.02548,-0.114715,-0.910765
1635.6,0.761936,-0.754237,-1.01923,-0.110142,-0.909087
1636.2,0.715422,-0.721811,-1.00551,-0.0983132,-0.907197
1636.8,0.700409,-0.685439,-0.999639,-0.0945603,-0.905079
1637.4,0.702408,-0.643155,-0.997405,-0.094775,-0.90263
1638,0.667908,-0.59477,-0.986569,-0.0867619,-0.899807
1638.6,0.705408,-0.536705,-0.991351,-0.0948418,-0.896509
1639.2,0.669907,-0.46816,-0.979088,-0.0865103,-0.892578
1639.8,0.659401,-0.383136,-0.971578,-0.0838237,-0.887754
1640.4,0.657402,-0.271942,-0.96437,-0.0828295,-0.881541
1641,0.668907,-0.119655,-0.957622,-0.0844479,-0.873174
1641.6,0.670399,0.111457,-0.94432,-0.0835658,-0.860754
1642.2,0.6664,0.51536,-0.920415,-0.0807208,-0.839694
1642.8,0.653386,1.27227,-0.874024,-0.0744121,-0.799612
1643.4,0.6644,1.68153,-0.838174,-0.0731917,-0.764982
1644,0.664892,0.4304,-0.899519,-0.0786451,-0.820874
1644.6,0.658893,-0.848049,-0.994893,-0.0858111,-0.909081
1645.2,0.655402,-0.908366,-1.00195,-0.0857414,-0.916204
1645.8,0.665892,-0.893703,-1.00328,-0.0879517,-0.915328
1646.4,0.618377,-0.876912,-0.992119,-0.0779208,-0.914198
1647,0.631883,-0.857865,-0.993538,-0.0805514,-0.912986
1647.6,0.602381,-0.838072,-0.986321,-0.0746096,-0.911712
1648.2,0.622884,-0.81642,-0.988873,-0.0785275,-0.910345
1648.8,0.571355,-0.793257,-0.977482,-0.0686599,-0.908822
1649.4,0.588367,-0.7673,-0.978824,-0.0716455,-0.907179
1650,0.589367,-0.738547,-0.977068,-0.0717026,-0.905365
1650.6,0.599381,-0.706146,-0.976784,-0.0734314,-0.903353
1651.2,0.590367,-0.669932,-0.972701,-0.071581,-0.90112
1651.8,0.562865,-0.629346,-0.96509,-0.0664736,-0.898617
1652.4,0.579861,-0.581598,-0.96501,-0.0692767,-0.895733
1653,0.567355,-0.525139,-0.959189,-0.0668214,-0.892368
1653.6,0.505844,-0.45941,-0.945009,-0.0565757,-0.888433
1654.2,0.52484,-0.376438,-0.9428,-0.0592006,-0.8836
1654.8,0.48834,-0.27034,-0.930832,-0.0533552,-0.877477
1655.4,0.511335,-0.124282,-0.925532,-0.0562264,-0.869305
1656,0.440809,0.0929078,-0.903302,-0.0458813,-0.857421
1656.6,0.469819,0.464391,-0.886403,-0.0485191,-0.837884
1657.2,0.455314,1.16004,-0.845938,-0.044634,-0.801304
1657.8,0.425812,1.6909,-0.801434,-0.0391988,-0.762235
1658.4,0.436318,0.658957,-0.847331,-0.0426048,-0.804726
1659,0.395294,-0.796603,-0.940987,-0.0425304,-0.898457
1659.6,0.364793,-0.905981,-0.949541,-0.0396104,-0.90993
1660.2,0.385788,-0.895424,-0.950995,-0.0419586,-0.909036
1660.8,0.37779,-0.881511,-0.948827,-0.041006,-0.907821
1661.4,0.338782,-0.867004,-0.943319,-0.0367619,-0.906557
1662,0.355778,-0.851204,-0.943708,-0.038506,-0.905202
1662.6,0.308264,-0.834582,-0.937451,-0.033685,-0.903766
1663.2,0.293251,-0.816618,-0.934475,-0.0322571,-0.902218
1663.8,0.280762,-0.796684,-0.931681,-0.0311027,-0.900579
1664.4,0.26075,-0.775467,-0.928188,-0.0293539,-0.898835
1665,0.194223,-0.752239,-0.921178,-0.0242553,-0.896923
1665.6,0.225233,-0.726125,-0.921334,-0.0264566,-0.894877
1666.2,0.217234,-0.69739,-0.918468,-0.0258143,-0.892654
1666.8,0.212235,-0.664879,-0.915613,-0.0253973,-0.890216
1667.4,0.163213,-0.628358,-0.90955,-0.0220217,-0.887528
1668,0.153707,-0.586105,-0.905895,-0.0213717,-0.884523
1668.6,0.144201,-0.536921,-0.901868,-0.0207313,-0.881136
1669.2,0.132695,-0.478453,-0.897215,-0.0199822,-0.877233
1669.8,0.125697,-0.407212,-0.892143,-0.019496,-0.872647
1670.4,0.0956869,-0.31802,-0.88484,-0.0177772,-0.867063
1671,0.0891801,-0.200552,-0.877298,-0.0173183,-0.85998
1671.6,0.0471728,-0.0350604,-0.8656,-0.0151737,-0.850426
1672.2,0.0286522,0.222857,-0.850403,-0.0141509,-0.836252
1672.8,0.0311598,0.685183,-0.825893,-0.013855,-0.812038
1673.4,-0.0248609,1.45356,-0.780799,-0.0111614,-0.769637
1674,-0.0433651,1.48207,-0.764192,-0.0103663,-0.753826
1674.6,-0.034367,-0.0577768,-0.839307,-0.011697,-0.82761
1675.2,-0.0848807,-0.876942,-0.900116,-0.0108493,-0.889266
1675.8,-0.104893,-0.898298,-0.901309,-0.010261,-0.891048
1676.4,-0.102385,-0.888774,-0.899907,-0.0103313,-0.889576
1677,-0.131395,-0.878007,-0.897461,-0.00947936,-0.887981
1677.6,-0.162405,-0.866592,-0.89497,-0.00864503,-0.886325
1678.2,-0.167912,-0.85437,-0.893102,-0.00849921,-0.884603
1678.8,-0.221933,-0.841353,-0.890051,-0.00723933,-0.882812
1679.4,-0.219933,-0.827327,-0.888228,-0.00727592,-0.880952
1680,-0.232439,-0.812209,-0.886028,-0.007005,-0.879023
1680.6,-0.240945,-0.795828,-0.883852,-0.00682382,-0.877028
1681.2,-0.229931,-0.777995,-0.882016,-0.00704213,-0.874974
1681.8,-0.270955,-0.75858,-0.879046,-0.00622884,-0.872817
1682.4,-0.22544,-0.737208,-0.877674,-0.00711819,-0.870556
1683,-0.298457,-0.713718,-0.873878,-0.00572492,-0.868153
1683.6,-0.268956,-0.68746,-0.871864,-0.00623809,-0.865626
1684.2,-0.31447,-0.658161,-0.868347,-0.0054403,-0.862906
1684.8,-0.330483,-0.624992,-0.865142,-0.00517694,-0.859965
1685.4,-0.307964,-0.587016,-0.86229,-0.00552177,-0.856768
1686,-0.34548,-0.543028,-0.858183,-0.00492604,-0.853257
1686.6,-0.358494,-0.491172,-0.85407,-0.00472382,-0.849347
1687.2,-0.377998,-0.428897,-0.849303,-0.00444035,-0.844863
1687.8,-0.407008,-0.351918,-0.843664,-0.00405364,-0.83961
1688.4,-0.369491,-0.253168,-0.837768,-0.00450438,-0.833263
1689,-0.425512,-0.119767,-0.828948,-0.00378129,-0.825167
1689.6,-0.445016,0.0752762,-0.817579,-0.0035251,-0.814054
1690.2,-0.476534,0.396066,-0.800106,-0.00314642,-0.79696
1690.8,-0.46452,0.985158,-0.76999,-0.0031426,-0.766847
1691.4,-0.496038,1.63009,-0.729561,-0.00271576,-0.726846
1692,-0.527556,0.988256,-0.748238,-0.00254018,-0.745698
1692.6,-0.508035,-0.633354,-0.83721,-0.00301675,-0.834193
1693.2,-0.519049,-0.890921,-0.859325,-0.00300135,-0.856323
1693.8,-0.541553,-0.890264,-0.85806,-0.0028074,-0.855252
1694.4,-0.559565,-0.882831,-0.856153,-0.00265925,-0.853494
1695,-0.586576,-0.874862,-0.854129,-0.00245202,-0.851677
1695.6,-0.579069,-0.866406,-0.852344,-0.00250628,-0.849837
1696.2,-0.609587,-0.857466,-0.850236,-0.00228669,-0.847949
1696.8,-0.631582,-0.847963,-0.848168,-0.00214,-0.846028
1697.4,-0.639597,-0.837852,-0.846137,-0.00208804,-0.844049
1698,-0.626583,-0.827026,-0.844234,-0.00216936,-0.842065
1698.6,-0.652594,-0.815457,-0.842034,-0.00200569,-0.840029
1699.2,-0.671606,-0.803037,-0.839828,-0.00189343,-0.837934
1699.8,-0.683112,-0.789645,-0.837615,-0.00182788,-0.835787
1700.4,-0.671606,-0.775155,-0.835476,-0.00189013,-0.833586
1701,-0.683604,-0.759421,-0.833157,-0.00182175,-0.831335
1701.6,-0.682604,-0.742251,-0.830855,-0.00182524,-0.829029
1702.2,-0.687111,-0.72346,-0.828413,-0.0017987,-0.826614
1702.8,-0.725628,-0.702756,-0.825704,-0.00160095,-0.824103
1703.4,-0.712122,-0.679786,-0.823161,-0.00166454,-0.821496
1704,-0.776141,-0.654176,-0.820116,-0.00137224,-0.818744
1704.6,-0.722628,-0.625335,-0.817453,-0.00160756,-0.815846
1705.2,-0.739133,-0.592591,-0.814282,-0.001527,-0.812755
1705.8,-0.737133,-0.554975,-0.810975,-0.00153254,-0.809442
1706.4,-0.739624,-0.5112,-0.807343,-0.001517,-0.805826
1707,-0.759637,-0.459412,-0.803225,-0.00142422,-0.801801
1707.6,-0.795645,-0.396837,-0.7985,-0.00127375,-0.797226
1708.2,-0.783648,-0.319048,-0.793253,-0.00131389,-0.791939
1708.8,-0.800152,-0.218676,-0.786808,-0.00124276,-0.785565
1709.4,-0.820656,-0.0819476,-0.77866,-0.00115887,-0.777501
1710,-0.847175,0.11982,-0.767502,-0.00105714,-0.766445
1710.6,-0.862172,0.454269,-0.750396,-0.000990091,-0.749406
1711.2,-0.841668,1.056,-0.720912,-0.00101319,-0.719899
1711.8,-0.880184,1.60397,-0.686459,-0.000861437,-0.685597
1712.4,-0.863172,0.83088,-0.711191,-0.000940809,-0.710251
1713,-0.83467,-0.687482,-0.792209,-0.00114329,-0.791066
1713.6,-0.892182,-0.882343,-0.807594,-0.000983195,-0.806611
1714.2,-0.894689,-0.88314,-0.806349,-0.00097616,-0.805373
1714.8,-0.9197,-0.878919,-0.804553,-0.000905485,-0.803647
1715.4,-0.898688,-0.874393,-0.802891,-0.000964019,-0.801927
1716,-0.934697,-0.869673,-0.801061,-0.000865215,-0.800196
1716.6,-0.915701,-0.86474,-0.799344,-0.000915583,-0.798429
1717.2,-0.905687,-0.859568,-0.797602,-0.000943152,-0.796659
1717.8,-0.9207,-0.854134,-0.795804,-0.00090138,-0.794903
1718.4,-0.927699,-0.848427,-0.794016,-0.000882369,-0.793133
1719,-0.906687,-0.842406,-0.792302,-0.000939323,-0.791362
1719.6,-0.957217,-0.836067,-0.790366,-0.000807082,-0.789559
1720.2,-0.925699,-0.829356,-0.78863,-0.000886611,-0.787744
1720.8,-0.957217,-0.822244,-0.786732,-0.000806384,-0.785925
1721.4,-0.937696,-0.814679,-0.784976,-0.000854533,-0.784121
1722,-0.959708,-0.806642,-0.783068,-0.000799608,-0.782268
1722.6,-0.918192,-0.798053,-0.781321,-0.000904994,-0.780416
1723.2,-0.938205,-0.788868,-0.779397,-0.000851857,-0.778546
1723.8,-0.968706,-0.779017,-0.777426,-0.000776999,-0.776649
1724.4,-0.965215,-0.768422,-0.775494,-0.000784647,-0.774709
1725,-0.927699,-0.75698,-0.773635,-0.000877333,-0.772758
1725.6,-0.971722,-0.744611,-0.771509,-0.000768354,-0.77074
1726.2,-0.938205,-0.731154,-0.769562,-0.000848783,-0.768713
1726.8,-0.963216,-0.716487,-0.767415,-0.000786797,-0.766629
1727.4,-0.95071,-0.700424,-0.765281,-0.000816006,-0.764465
1728,-1.01624,-0.682754,-0.762895,-0.000669824,-0.762225
1728.6,-0.983719,-0.663198,-0.760644,-0.000737458,-0.759907
1729.2,-0.994225,-0.641438,-0.75821,-0.000713634,-0.757497
1729.8,-1.02523,-0.617066,-0.7556,-0.000649326,-0.754951
1730.4,-1.00122,-0.589545,-0.752953,-0.000696556,-0.752257
1731,-1.00973,-0.558187,-0.750068,-0.000677693,-0.749391
1731.6,-1.03823,-0.522062,-0.746939,-0.000620812,-0.746318
1732.2,-1.02373,-0.479901,-0.743617,-0.000646675,-0.74297
1732.8,-1.03323,-0.429887,-0.739903,-0.000626545,-0.739277
1733.4,-1.03623,-0.369336,-0.735724,-0.000618585,-0.735105
1734,-1.03774,-0.294028,-0.730889,-0.000612895,-0.730277
1734.6,-1.04825,-0.196872,-0.725111,-0.0005903,-0.724521
1735.2,-1.06175,-0.0649292,-0.717821,-0.000562237,-0.717259
1735.8,-1.08276,0.128295,-0.707902,-0.000521625,-0.70738
1736.4,-1.08876,0.443326,-0.692921,-0.000502437,-0.692419
1737,-1.12328,0.997851,-0.667558,-0.000437335,-0.667121
1737.6,-1.07175,1.54985,-0.636864,-0.000487757,-0.636376
1738.2,-1.06926,0.924163,-0.653421,-0.000505115,-0.652916
1738.8,-1.06275,-0.601056,-0.725712,-0.000573079,-0.725139
1739.4,-1.04974,-0.865159,-0.744686,-0.000612528,-0.744074
1740,-1.10727,-0.87205,-0.743861,-0.000515962,-0.743345
1740.6,-1.05924,-0.87163,-0.742614,-0.000595816,-0.742018
1741.2,-1.04525,-0.871084,-0.7413,-0.000621316,-0.740679
1741.8,-1.06475,-0.870586,-0.739928,-0.000586025,-0.739342
1742.4,-1.06975,-0.870135,-0.738603,-0.000577295,-0.738026
1743,-1.08026,-0.869747,-0.737245,-0.000559389,-0.736686
1743.6,-1.06124,-0.869404,-0.735975,-0.000592172,-0.735383
1744.2,-1.03474,-0.869127,-0.734719,-0.000641105,-0.734077
1744.8,-1.06575,-0.868913,-0.733371,-0.000584209,-0.732786
1745.4,-1.06024,-0.868766,-0.732093,-0.000593924,-0.731499
1746,-1.04574,-0.868681,-0.730873,-0.000620304,-0.730252
1746.6,-1.05575,-0.868669,-0.72962,-0.000601966,-0.729018
1747.2,-1.07326,-0.86874,-0.728349,-0.000571206,-0.727778
1747.8,-1.09527,-0.868899,-0.727049,-0.000534747,-0.726514
1748.4,-1.10076,-0.869145,-0.725787,-0.000526027,-0.72526
1749,-1.10427,-0.869482,-0.724539,-0.000520537,-0.724018
1749.6,-1.07826,-0.869914,-0.723361,-0.000562752,-0.722799
1750.2,-1.11227,-0.870454,-0.722089,-0.000508238,-0.721581
1750.8,-1.10176,-0.871104,-0.72088,-0.000524516,-0.720355
1751.4,-1.10027,-0.871871,-0.719659,-0.00052689,-0.719132
1752,-1.12728,-0.872763,-0.718404,-0.000485944,-0.717918
1752.6,-1.12177,-0.873784,-0.717197,-0.000494063,-0.716703
1753.2,-1.14278,-0.874939,-0.715978,-0.00046394,-0.715514
1753.8,-1.16029,-0.876243,-0.714748,-0.000440261,-0.714307
1754.4,-1.12477,-0.877697,-0.713603,-0.00048976,-0.713113
1755,-1.16178,-0.879306,-0.712393,-0.000438381,-0.711955
1755.6,-1.12477,-0.881079,-0.711296,-0.000489862,-0.710807
1756.2,-1.12928,-0.883029,-0.710149,-0.000483348,-0.709666
1756.8,-1.14078,-0.885162,-0.708999,-0.000467025,-0.708532
1757.4,-1.14627,-0.887486,-0.707869,-0.000459468,-0.70741
1758,-1.12677,-0.890007,-0.706788,-0.000487205,-0.706301
1758.6,-1.13728,-0.892736,-0.705682,-0.000472183,-0.70521
1759.2,-1.17579,-0.895688,-0.704538,-0.000420775,-0.704117
1759.8,-1.12928,-0.898855,-0.703544,-0.000483823,-0.70306
1760.4,-1.12777,-0.902251,-0.702539,-0.000486117,-0.702053
1761,-1.12677,-0.905888,-0.701548,-0.000487686,-0.701061
1761.6,-1.11526,-0.909772,-0.700598,-0.000504919,-0.700093
1762.2,-1.13428,-0.913915,-0.699612,-0.000477074,-0.699135
1762.8,-1.17679,-0.918327,-0.698591,-0.000420107,-0.698171
1763.4,-1.10776,-0.923003,-0.697764,-0.000516833,-0.697247
1764,-1.11127,-0.927959,-0.696871,-0.000511586,-0.696359
1764.6,-1.09927,-0.933199,-0.696025,-0.000530488,-0.695495
1765.2,-1.11377,-0.938732,-0.695154,-0.000508096,-0.694646
1765.8,-1.14778,-0.94457,-0.694247,-0.000459023,-0.693788
1766.4,-1.11377,-0.950705,-0.693467,-0.000508474,-0.692958
1767,-1.14228,-0.957149,-0.692626,-0.000467027,-0.692159
1767.6,-1.17379,-0.963913,-0.691765,-0.000425105,-0.691339
1768.2,-1.14527,-0.970979,-0.691044,-0.000463246,-0.690581
1768.8,-1.16879,-0.978377,-0.69021,-0.000431911,-0.689778
1769.4,-1.22031,-0.986099,-0.689326,-0.000370286,-0.688956
1770,-1.26133,-0.994149,-0.688422,-0.000327597,-0.688094
1770.6,-1.33686,-1.00253,-0.687437,-0.000261349,-0.687175
1771.2,-1.31384,-1.01124,-0.686525,-0.00028017,-0.686245
1771.8,-1.38837,-1.02027,-0.685524,-0.000224189,-0.6853
1772.4,-1.33586,-1.02961,-0.684653,-0.000262575,-0.684391
1773,-1.36887,-1.03926,-0.683718,-0.000237972,-0.68348
1773.6,-1.35836,-1.0492,-0.682823,-0.00024574,-0.682577
1774.2,-1.38337,-1.05945,-0.681893,-0.000228129,-0.681665
1774.8,-1.35085,-1.06996,-0.681037,-0.000251658,-0.680785
1775.4,-1.36636,-1.08075,-0.680157,-0.000240386,-0.679917
1776,-1.37286,-1.09178,-0.67932,-0.000235902,-0.679084
1776.6,-1.33735,-1.10305,-0.678537,-0.000262596,-0.678275
1777.2,-1.37437,-1.11454,-0.677708,-0.000235169,-0.677473
1777.8,-1.32384,-1.12624,-0.676972,-0.000273841,-0.676698
1778.4,-1.34436,-1.13811,-0.676206,-0.000257688,-0.675948
1779,-1.34086,-1.15016,-0.675462,-0.000260607,-0.675202
1779.6,-1.32384,-1.16235,-0.674769,-0.000274453,-0.674494
1780.2,-1.32184,-1.17467,-0.674071,-0.000276313,-0.673795
1780.8,-1.29134,-1.18709,-0.673455,-0.000303007,-0.673152
1781.4,-1.32235,-1.19959,-0.672797,-0.000276317,-0.672521
1782,-1.28583,-1.21216,-0.67222,-0.000308529,-0.671911
1782.6,-1.30785,-1.22477,-0.671572,-0.000289048,-0.671283
1783.2,-1.35036,-1.23742,-0.670872,-0.00025465,-0.670617
1783.8,-1.28483,-1.25006,-0.670321,-0.000310178,-0.670011
1784.4,-1.29183,-1.26269,-0.669742,-0.000303974,-0.669438
1785,-1.27333,-1.27528,-0.669184,-0.000321564,-0.668863
1785.6,-1.26833,-1.28782,-0.668621,-0.000326671,-0.668295
1786.2,-1.27133,-1.30029,-0.668046,-0.000323995,-0.667722
1786.8,-1.27633,-1.31267,-0.667477,-0.000319418,-0.667158
1787.4,-1.30183,-1.32495,-0.666873,-0.000296127,-0.666577
1788,-1.33935,-1.33711,-0.666249,-0.000264819,-0.665984
1788.6,-1.26033,-1.34913,-0.665759,-0.000335861,-0.665423
1789.2,-1.22881,-1.36101,-0.665269,-0.000369414,-0.664899
1789.8,-1.28233,-1.37272,-0.664662,-0.000314882,-0.664347
1790.4,-1.31534,-1.38428,-0.664026,-0.000285411,-0.66374
1791,-1.37986,-1.39565,-0.663291,-0.000235365,-0.663055
1791.6,-1.41338,-1.40684,-0.66255,-0.000213004,-0.662337
1792.2,-1.42538,-1.41784,-0.661775,-0.000205615,-0.661569
1792.8,-1.44039,-1.42864,-0.660976,-0.000196693,-0.66078
1793.4,-1.50741,-1.43923,-0.660091,-0.000160983,-0.65993
1794,-1.49892,-1.44961,-0.659208,-0.00016524,-0.659042
1794.6,-1.49841,-1.45977,-0.65833,-0.000165594,-0.658164
1795.2,-1.50843,-1.46971,-0.657437,-0.000160792,-0.657277
1795.8,-1.50241,-1.47942,-0.656538,-0.000163816,-0.656374
1796.4,-1.48191,-1.4889,-0.65566,-0.000174306,-0.655486
1797,-1.51043,-1.49815,-0.654745,-0.000160108,-0.654585
1797.6,-1.49841,-1.50717,-0.653864,-0.000166073,-0.653698
1798.2,-1.51292,-1.51595,-0.652969,-0.000159088,-0.65281
1798.8,-1.50843,-1.52449,-0.652086,-0.000161329,-0.651925
1799.4,-1.49441,-1.53281,-0.651198,-0.000168339,-0.65103
1800,-1.46089,-1.54088,-0.650356,-0.000186232,-0.65017
1800.6,-1.4714,-1.54873,-0.649504,-0.000180542,-0.649324
1801.2,-1.41938,-1.55634,-0.648722,-0.000211121,-0.648511
1801.8,-1.41938,-1.56372,-0.64791,-0.000211216,-0.647698
1802.4,-1.42739,-1.57088,-0.647088,-0.000206289,-0.646882
1803,-1.39888,-1.57781,-0.646297,-0.000224802,-0.646072
1803.6,-1.39488,-1.58452,-0.645509,-0.000227607,-0.645281
1804.2,-1.41087,-1.59102,-0.644705,-0.000217032,-0.644488
1804.8,-1.40038,-1.5973,-0.643915,-0.000224053,-0.643691
1805.4,-1.39688,-1.60338,-0.643106,-0.000226505,-0.64288
1806,-1.38537,-1.60925,-0.642333,-0.00023454,-0.642098
1806.6,-1.36937,-1.61492,-0.641577,-0.000246149,-0.641331
1807.2,-1.36136,-1.6204,-0.640833,-0.00025222,-0.640581
1807.8,-1.33135,-1.62568,-0.64009,-0.000276057,-0.639814
1808.4,-1.35936,-1.63078,-0.639317,-0.000253897,-0.639063
1809,-1.37686,-1.6357,-0.638524,-0.000240985,-0.638283
1809.6,-1.33035,-1.64045,-0.637802,-0.000277134,-0.637525
1810.2,-1.36937,-1.64502,-0.63701,-0.000246598,-0.636763
1810.8,-1.37637,-1.64943,-0.636226,-0.000241541,-0.635985
1811.4,-1.35436,-1.65367,-0.635472,-0.000258088,-0.635214
1812,-1.40187,-1.65776,-0.634647,-0.00022387,-0.634423
1812.6,-1.36987,-1.6617,-0.633882,-0.000246483,-0.633635
1813.2,-1.4419,-1.6655,-0.633023,-0.000198643,-0.632825
1813.8,-1.43939,-1.66916,-0.63214,-0.000200186,-0.63194
1814.4,-1.48941,-1.67268,-0.631199,-0.000172336,-0.631027
1815,-1.53442,-1.67608,-0.6302,-0.000150607,-0.63005
1815.6,-1.51542,-1.67935,-0.629216,-0.000159468,-0.629056
1816.2,-1.54393,-1.68251,-0.628192,-0.00014643,-0.628046
1816.8,-1.56543,-1.68555,-0.627165,-0.00013731,-0.627028
1817.4,-1.55794,-1.68848,-0.626141,-0.000140454,-0.626
1818,-1.57744,-1.6913,-0.625092,-0.000132496,-0.624959
1818.6,-1.55894,-1.69402,-0.624071,-0.00014008,-0.623931
1819.2,-1.55243,-1.69663,-0.623059,-0.000142863,-0.622916
1819.8,-1.54193,-1.69915,-0.622041,-0.000147459,-0.621893
1820.4,-1.55994,-1.70158,-0.62104,-0.000139724,-0.6209
1821,-1.52293,-1.70391,-0.620079,-0.000156148,-0.619923
1821.6,-1.50592,-1.70615,-0.61914,-0.000164345,-0.618976
1822.2,-1.50943,-1.70831,-0.618199,-0.000162646,-0.618036
1822.8,-1.49541,-1.71038,-0.617284,-0.000169649,-0.617114
1823.4,-1.43888,-1.71238,-0.616414,-0.000201015,-0.616213
1824,-1.4764,-1.7143,-0.615506,-0.000179645,-0.615326
1824.6,-1.4664,-1.71614,-0.614606,-0.000185134,-0.614421
1825.2,-1.48541,-1.71792,-0.613731,-0.000174892,-0.613556
1825.8,-1.4469,-1.71962,-0.612913,-0.000196327,-0.612716
1826.4,-1.42889,-1.72126,-0.612106,-0.000207244,-0.611899
1827,-1.41238,-1.72283,-0.611314,-0.00021778,-0.611096
1827.6,-1.4509,-1.72434,-0.610479,-0.000194041,-0.610285
1828.2,-1.43739,-1.72579,-0.609673,-0.000202079,-0.609471
1828.8,-1.41889,-1.72718,-0.608902,-0.000213628,-0.608689
1829.4,-1.40287,-1.72852,-0.60813,-0.000224154,-0.607905
1830,-1.41789,-1.72981,-0.607329,-0.000214303,-0.607115
1830.6,-1.42789,-1.73105,-0.606529,-0.000207989,-0.606321
1831.2,-1.43739,-1.73224,-0.605741,-0.000202157,-0.605538
1831.8,-1.43788,-1.73338,-0.604957,-0.000201873,-0.604755
1832.4,-1.39388,-1.73447,-0.604212,-0.000230368,-0.603981
1833,-1.39988,-1.73553,-0.603455,-0.000226275,-0.603229
1833.6,-1.42238,-1.73654,-0.60267,-0.000211522,-0.602459
1834.2,-1.41489,-1.73752,-0.601902,-0.00021634,-0.601686
1834.8,-1.39588,-1.73845,-0.601165,-0.000229045,-0.600936
1835.4,-1.4469,-1.73935,-0.60037,-0.00019656,-0.600173
1836,-1.48991,-1.74022,-0.599535,-0.000172784,-0.599362
1836.6,-1.52193,-1.74106,-0.59867,-0.000156968,-0.598513
1837.2,-1.53793,-1.74188,-0.597759,-0.000149622,-0.597609
1837.8,-1.55694,-1.74266,-0.596831,-0.000141336,-0.596689
1838.4,-1.59895,-1.74342,-0.595859,-0.000124611,-0.595735
1839,-1.58744,-1.74416,-0.594903,-0.000128992,-0.594774
1839.6,-1.58795,-1.74487,-0.593917,-0.000128801,-0.593788
1840.2,-1.56894,-1.74557,-0.592971,-0.000136364,-0.592835
1840.8,-1.57044,-1.74623,-0.592031,-0.000135755,-0.591895
1841.4,-1.54343,-1.74688,-0.59112,-0.000147216,-0.590973
1842,-1.54843,-1.74751,-0.590186,-0.00014503,-0.590041
1842.6,-1.58995,-1.74811,-0.589248,-0.000128056,-0.58912
1843.2,-1.52793,-1.7487,-0.588382,-0.00015424,-0.588228
1843.8,-1.57344,-1.74926,-0.587491,-0.000134563,-0.587356
1844.4,-1.55843,-1.74981,-0.586631,-0.000140766,-0.586491
1845,-1.52493,-1.75034,-0.585812,-0.000155649,-0.585657
1845.6,-1.51392,-1.75085,-0.584994,-0.000160881,-0.584833
1846.2,-1.52242,-1.75134,-0.584194,-0.000156834,-0.584037
1846.8,-1.48941,-1.75181,-0.583434,-0.000173159,-0.58326
1847.4,-1.4939,-1.75227,-0.582662,-0.000170847,-0.582491
1848,-1.51392,-1.75271,-0.581895,-0.000160899,-0.581734
1848.6,-1.47891,-1.75314,-0.581183,-0.000178716,-0.581004
1849.2,-1.4959,-1.75355,-0.580423,-0.000169839,-0.580253
1849.8,-1.46489,-1.75395,-0.579707,-0.000186396,-0.579521
1850.4,-1.48741,-1.75433,-0.578971,-0.000174227,-0.578797
1851,-1.48391,-1.7547,-0.578258,-0.000176073,-0.578082
1851.6,-1.48341,-1.75505,-0.57753,-0.000176337,-0.577353
1852.2,-1.4589,-1.7554,-0.576834,-0.000189796,-0.576644
1852.8,-1.4694,-1.75573,-0.576128,-0.000183913,-0.575944
1853.4,-1.47691,-1.75605,-0.575431,-0.000179823,-0.575251
1854,-1.4909,-1.75636,-0.574699,-0.000172433,-0.574527
1854.6,-1.4604,-1.75666,-0.574014,-0.000188954,-0.573825
1855.2,-1.49041,-1.75695,-0.573315,-0.000172694,-0.573142
1855.8,-1.46489,-1.75723,-0.572668,-0.000186433,-0.572481
1856.4,-1.47891,-1.7575,-0.571993,-0.000178763,-0.571815
1857,-1.43039,-1.75775,-0.571372,-0.000206762,-0.571165
1857.6,-1.4634,-1.758,-0.570708,-0.000187277,-0.570521
1858.2,-1.43439,-1.75824,-0.570078,-0.000204303,-0.569874
1858.8,-1.46991,-1.75848,-0.5694,-0.000183663,-0.569217
1859.4,-1.42989,-1.7587,-0.568811,-0.000207089,-0.568604
1860,-1.41389,-1.75891,-0.568215,-0.000217268,-0.567998
1860.6,-1.41889,-1.75911,-0.567644,-0.000214038,-0.567429
1861.2,-1.40438,-1.75931,-0.567082,-0.000223556,-0.566858
1861.8,-1.40138,-1.7595,-0.56654,-0.000225579,-0.566315
1862.4,-1.38537,-1.75967,-0.566011,-0.000236677,-0.565775
1863,-1.43088,-1.75984,-0.565437,-0.000206483,-0.565231
1863.6,-1.40687,-1.76001,-0.564883,-0.000221902,-0.564661
1864.2,-1.46389,-1.76017,-0.564266,-0.000187026,-0.564079
1864.8,-1.4959,-1.76032,-0.563617,-0.000169908,-0.563447
1865.4,-1.54293,-1.76048,-0.562906,-0.000147561,-0.562758
1866,-1.53693,-1.76063,-0.562205,-0.000150241,-0.562055
1866.6,-1.54293,-1.76078,-0.561491,-0.000147563,-0.561343
1867.2,-1.55643,-1.76093,-0.560745,-0.000141707,-0.560604
1867.8,-1.57444,-1.76108,-0.559992,-0.000134256,-0.559858
1868.4,-1.56243,-1.76122,-0.559259,-0.000139183,-0.55912
1869,-1.57494,-1.76137,-0.558496,-0.00013406,-0.558361
1869.6,-1.57294,-1.76151,-0.557754,-0.000134868,-0.557619
1870.2,-1.57044,-1.76164,-0.55703,-0.00013588,-0.556894
1870.8,-1.59446,-1.76178,-0.55626,-0.00012644,-0.556134
1871.4,-1.56994,-1.76192,-0.555525,-0.00013609,-0.555389
1872,-1.55394,-1.76205,-0.554831,-0.000142779,-0.554689
1872.6,-1.54743,-1.76218,-0.554135,-0.000145594,-0.553989
1873.2,-1.56143,-1.7623,-0.553427,-0.00013961,-0.553287
1873.8,-1.56745,-1.76243,-0.552718,-0.000137115,-0.552581
1874.4,-1.52391,-1.76255,-0.552062,-0.000156239,-0.551906
1875,-1.52193,-1.76267,-0.551396,-0.000157172,-0.551239
1875.6,-1.49941,-1.76278,-0.550743,-0.000168155,-0.550574
1876.2,-1.51742,-1.7629,-0.550098,-0.000159313,-0.549939
1876.8,-1.51692,-1.763,-0.549468,-0.000159557,-0.549309
1877.4,-1.4909,-1.76311,-0.54889,-0.000172503,-0.548717
1878,-1.4734,-1.76321,-0.548321,-0.000181802,-0.548139
1878.6,-1.48791,-1.7633,-0.547738,-0.000174064,-0.547563
1879.2,-1.49792,-1.7634,-0.54715,-0.000168915,-0.546981
1879.8,-1.47991,-1.76348,-0.546602,-0.000178292,-0.546424
1880.4,-1.4534,-1.76357,-0.546097,-0.000193042,-0.545904
1881,-1.4584,-1.76364,-0.545586,-0.00019017,-0.545396
1881.6,-1.43788,-1.76372,-0.545107,-0.000202242,-0.544904
1882.2,-1.42438,-1.76378,-0.544652,-0.000210602,-0.544441
1882.8,-1.43539,-1.76385,-0.544165,-0.00020376,-0.543962
1883.4,-1.42989,-1.76391,-0.543709,-0.000207154,-0.543502
1884,-1.42789,-1.76396,-0.543254,-0.0002084,-0.543045
1884.6,-1.43888,-1.76402,-0.542805,-0.00020164,-0.542603
1885.2,-1.41838,-1.76406,-0.542377,-0.000214428,-0.542163
1885.8,-1.41087,-1.7641,-0.541966,-0.00021931,-0.541747
1886.4,-1.39137,-1.76414,-0.541564,-0.00023252,-0.541331
1887,-1.40587,-1.76417,-0.541159,-0.000222624,-0.540936
1887.6,-1.38837,-1.7642,-0.540782,-0.000234622,-0.540547
1888.2,-1.40238,-1.76423,-0.54038,-0.000224967,-0.540155
1888.8,-1.41289,-1.76425,-0.539977,-0.00021799,-0.539759
1889.4,-1.40738,-1.76426,-0.539626,-0.00022162,-0.539404
1890,-1.40487,-1.76427,-0.53926,-0.000223293,-0.539037
1890.6,-1.4569,-1.76429,-0.538813,-0.00019104,-0.538622
1891.2,-1.44939,-1.7643,-0.538371,-0.000195389,-0.538176
1891.8,-1.39388,-1.7643,-0.538007,-0.000230781,-0.537777
1892.4,-1.40887,-1.7643,-0.537621,-0.000220632,-0.5374
1893,-1.39488,-1.7643,-0.53725,-0.00023009,-0.53702
1893.6,-1.47491,-1.7643,-0.536763,-0.000180994,-0.536582
1894.2,-1.50843,-1.76431,-0.536245,-0.000163685,-0.536082
1894.8,-1.53793,-1.76431,-0.53567,-0.000149824,-0.53552
1895.4,-1.60045,-1.76432,-0.535019,-0.000124204,-0.534895
1896,-1.61745,-1.76434,-0.534359,-0.000118031,-0.534241
1896.6,-1.63297,-1.76436,-0.533697,-0.000112662,-0.533584
1897.2,-1.62147,-1.76438,-0.533014,-0.000116618,-0.532897
1897.8,-1.63297,-1.7644,-0.532351,-0.000112663,-0.532238
1898.4,-1.60945,-1.76442,-0.531687,-0.000120898,-0.531566
1899,-1.61896,-1.76445,-0.531025,-0.000117499,-0.530908
1899.6,-1.63497,-1.76447,-0.530351,-0.00011199,-0.530239
1900.2,-1.60645,-1.7645,-0.529719,-0.000121991,-0.529597
1900.8,-1.58244,-1.76453,-0.529114,-0.0001311,-0.528983
1901.4,-1.58244,-1.76455,-0.528525,-0.000131101,-0.528393
1902,-1.56094,-1.76458,-0.527976,-0.000139835,-0.527836
1902.6,-1.57795,-1.7646,-0.5274,-0.000132879,-0.527268
1903.2,-1.52442,-1.76463,-0.52687,-0.00015602,-0.526714
1903.8,-1.51942,-1.76465,-0.526371,-0.000158377,-0.526213
1904.4,-1.51592,-1.76466,-0.525878,-0.000160052,-0.525718
1905,-1.52893,-1.76468,-0.525393,-0.000153926,-0.525239
1905.6,-1.49892,-1.76469,-0.524943,-0.000168422,-0.524775
1906.2,-1.47091,-1.7647,-0.524538,-0.000183182,-0.524355
1906.8,-1.49541,-1.76471,-0.52409,-0.000170204,-0.52392
1907.4,-1.50992,-1.76472,-0.523653,-0.000162958,-0.52349
1908,-1.4569,-1.76472,-0.523251,-0.000191045,-0.52306
1908.6,-1.48941,-1.76472,-0.5228,-0.000173293,-0.522627
1909.2,-1.4564,-1.76472,-0.522427,-0.000191327,-0.522236
1909.8,-1.46389,-1.76472,-0.522035,-0.000187077,-0.521848
1910.4,-1.4764,-1.76471,-0.52163,-0.00018019,-0.52145
1911,-1.47991,-1.7647,-0.521216,-0.000178305,-0.521038
1911.6,-1.47191,-1.76469,-0.520828,-0.000182633,-0.520645
1912.2,-1.46389,-1.76468,-0.520444,-0.000187076,-0.520257
1912.8,-1.43939,-1.76466,-0.5201,-0.000201341,-0.519899
1913.4,-1.47591,-1.76464,-0.519706,-0.000180456,-0.519525
1914,-1.47091,-1.76462,-0.519333,-0.000183181,-0.51915
1914.6,-1.44839,-1.7646,-0.518998,-0.000195979,-0.518802
1915.2,-1.4534,-1.76457,-0.518651,-0.000193054,-0.518458
1915.8,-1.4479,-1.76454,-0.518328,-0.000196268,-0.518132
1916.4,-1.4554,-1.76451,-0.517981,-0.000191899,-0.517789
1917,-1.48341,-1.76448,-0.51761,-0.000176437,-0.517434
1917.6,-1.4599,-1.76444,-0.517295,-0.000189331,-0.517106
1918.2,-1.41038,-1.7644,-0.517016,-0.000219638,-0.516797
1918.8,-1.41889,-1.76436,-0.516721,-0.000214105,-0.516506
1919.4,-1.4704,-1.76432,-0.516383,-0.000183457,-0.516199
1920,-1.42489,-1.76427,-0.516129,-0.000210287,-0.515919
1920.6,-1.42038,-1.76421,-0.515877,-0.000213148,-0.515663
1921.2,-1.39788,-1.76416,-0.51565,-0.000228028,-0.515422
1921.8,-1.40638,-1.7641,-0.515418,-0.000222284,-0.515196
1922.4,-1.38186,-1.76403,-0.515217,-0.000239243,-0.514978
1923,-1.38637,-1.76397,-0.51501,-0.00023603,-0.514774
1923.6,-1.35736,-1.76389,-0.514849,-0.000257481,-0.514592
1924.2,-1.40738,-1.76382,-0.514613,-0.000221615,-0.514391
1924.8,-1.43039,-1.76374,-0.514394,-0.000206836,-0.514187
1925.4,-1.37837,-1.76366,-0.51424,-0.000241755,-0.513999
1926,-1.36536,-1.76358,-0.51407,-0.000251374,-0.513818
1926.6,-1.39688,-1.76349,-0.513835,-0.000228703,-0.513606
1927.2,-1.36436,-1.7634,-0.51368,-0.000252127,-0.513428
1927.8,-1.36787,-1.76331,-0.513495,-0.000249487,-0.513245
1928.4,-1.37737,-1.76322,-0.513314,-0.000242475,-0.513071
1929,-1.38937,-1.76312,-0.513112,-0.000233905,-0.512878
1929.6,-1.40038,-1.76303,-0.512893,-0.000226304,-0.512667
1930.2,-1.46791,-1.76293,-0.512547,-0.000184818,-0.512362
1930.8,-1.48991,-1.76285,-0.512183,-0.000173019,-0.51201
1931.4,-1.53793,-1.76276,-0.511748,-0.00014981,-0.511598
1932,-1.54493,-1.76268,-0.5113,-0.000146698,-0.511154
1932.6,-1.60845,-1.76261,-0.510793,-0.000121248,-0.510671
1933.2,-1.60945,-1.76253,-0.510306,-0.000120884,-0.510185
1933.8,-1.64197,-1.76247,-0.509763,-0.00010965,-0.509653
1934.4,-1.61145,-1.7624,-0.509249,-0.00012016,-0.509129
1935,-1.62247,-1.76234,-0.508715,-0.000116255,-0.508599
1935.6,-1.62096,-1.76228,-0.508203,-0.000116782,-0.508086
1936.2,-1.59546,-1.76223,-0.507702,-0.000126065,-0.507576
1936.8,-1.60745,-1.76217,-0.507198,-0.000121609,-0.507077
1937.4,-1.58595,-1.76212,-0.506726,-0.00012971,-0.506596
1938,-1.58995,-1.76207,-0.506251,-0.000128163,-0.506122
1938.6,-1.56394,-1.76201,-0.505803,-0.000138561,-0.505665
1939.2,-1.56394,-1.76196,-0.505378,-0.000138561,-0.50524
1939.8,-1.56694,-1.76191,-0.504956,-0.00013732,-0.504819
1940.4,-1.54743,-1.76186,-0.504566,-0.000145592,-0.50442
1941,-1.53342,-1.76181,-0.504169,-0.000151841,-0.504017
1941.6,-1.55694,-1.76175,-0.503771,-0.000141498,-0.50363
1942.2,-1.50741,-1.7617,-0.503447,-0.000164159,-0.503283
1942.8,-1.51892,-1.76164,-0.503088,-0.00015859,-0.502929
1943.4,-1.4744,-1.76158,-0.502808,-0.00018124,-0.502627
1944,-1.48841,-1.76152,-0.502525,-0.000173781,-0.502351
1944.6,-1.4664,-1.76145,-0.502267,-0.000185639,-0.502081
1945.2,-1.48791,-1.76139,-0.501969,-0.000174044,-0.501795
1945.8,-1.4529,-1.76132,-0.501712,-0.000193311,-0.501519
1946.4,-1.44439,-1.76125,-0.501473,-0.000198305,-0.501274
1947,-1.43639,-1.76117,-0.501251,-0.000203118,-0.501048
1947.6,-1.43839,-1.76109,-0.50104,-0.000201902,-0.500838
1948.2,-1.41989,-1.76101,-0.500855,-0.000213422,-0.500641
1948.8,-1.42989,-1.76093,-0.500647,-0.000207117,-0.50044
1949.4,-1.4469,-1.76084,-0.500412,-0.000196814,-0.500215
1950,-1.4734,-1.76076,-0.500183,-0.000181776,-0.500001
1950.6,-1.4524,-1.76067,-0.499977,-0.000193588,-0.499784
1951.2,-1.4449,-1.76058,-0.499763,-0.000197995,-0.499565
1951.8,-1.43639,-1.76048,-0.499559,-0.000203109,-0.499356
1952.4,-1.42489,-1.76039,-0.499374,-0.000210239,-0.499164
1953,-1.38788,-1.76029,-0.499253,-0.000234914,-0.499018
1953.6,-1.43888,-1.76019,-0.499015,-0.000201594,-0.498813
1954.2,-1.43388,-1.76008,-0.498826,-0.000204638,-0.498621
1954.8,-1.43039,-1.75998,-0.498638,-0.00020679,-0.498431
1955.4,-1.43188,-1.75987,-0.498437,-0.000205866,-0.498231
1956,-1.43388,-1.75977,-0.498248,-0.000204634,-0.498043
1956.6,-1.40738,-1.75966,-0.498086,-0.00022156,-0.497865
1957.2,-1.40038,-1.75954,-0.497925,-0.000226257,-0.497699
1957.8,-1.41838,-1.75943,-0.497757,-0.000214369,-0.497542
1958.4,-1.42489,-1.75931,-0.497577,-0.000210225,-0.497367
1959,-1.44039,-1.7592,-0.497373,-0.000200673,-0.497172
1959.6,-1.40887,-1.75908,-0.497238,-0.000220563,-0.497017
1960.2,-1.36587,-1.75896,-0.497134,-0.000250923,-0.496883
1960.8,-1.35787,-1.75883,-0.497073,-0.000257011,-0.496816
1961.4,-1.36687,-1.75869,-0.497009,-0.000250168,-0.496759
1962,-1.36087,-1.75856,-0.496919,-0.000254706,-0.496664
1962.6,-1.36187,-1.75843,-0.496825,-0.000253942,-0.496571
1963.2,-1.37737,-1.75829,-0.496693,-0.000242403,-0.496451
1963.8,-1.34736,-1.75815,-0.496651,-0.000265226,-0.496386
1964.4,-1.33535,-1.758,-0.496627,-0.000274952,-0.496352
1965,-1.32886,-1.75785,-0.496615,-0.000280353,-0.496335
1965.6,-1.34086,-1.7577,-0.496574,-0.000270445,-0.496303
1966.2,-1.35485,-1.75755,-0.496513,-0.000259326,-0.496254
1966.8,-1.36387,-1.75739,-0.496432,-0.000252408,-0.49618
1967.4,-1.42889,-1.75724,-0.496224,-0.000207693,-0.496016
1968,-1.50992,-1.7571,-0.495959,-0.000162884,-0.495796
1968.6,-1.51292,-1.75696,-0.495712,-0.000161424,-0.49555
1969.2,-1.52342,-1.75682,-0.495394,-0.000156416,-0.495237
1969.8,-1.56294,-1.75668,-0.495009,-0.000138933,-0.49487
1970.4,-1.60545,-1.75656,-0.494591,-0.000122299,-0.494469
1971,-1.62247,-1.75644,-0.494155,-0.000116214,-0.494039
1971.6,-1.62547,-1.75632,-0.493738,-0.000115173,-0.493623
1972.2,-1.61196,-1.7562,-0.493325,-0.000119933,-0.493206
1972.8,-1.57594,-1.75609,-0.492963,-0.000133617,-0.49283
1973.4,-1.59895,-1.75598,-0.492555,-0.000124705,-0.49243
1974,-1.59146,-1.75587,-0.492164,-0.000127538,-0.492037
1974.6,-1.57094,-1.75576,-0.491777,-0.000135633,-0.491641
1975.2,-1.60345,-1.75566,-0.491379,-0.000123028,-0.491256
1975.8,-1.57394,-1.75556,-0.490999,-0.000134416,-0.490864
1976.4,-1.55843,-1.75546,-0.490649,-0.000140814,-0.490508
1977,-1.56894,-1.75536,-0.490282,-0.000136445,-0.490146
1977.6,-1.53693,-1.75526,-0.489977,-0.000150193,-0.489826
1978.2,-1.55643,-1.75516,-0.489658,-0.000141658,-0.489516
1978.8,-1.51642,-1.75506,-0.489402,-0.000159717,-0.489242
1979.4,-1.51043,-1.75496,-0.489116,-0.000162616,-0.488953
1980,-1.53042,-1.75486,-0.488826,-0.000153149,-0.488673
1980.6,-1.46289,-1.75476,-0.488623,-0.000187527,-0.488435
1981.2,-1.4624,-1.75465,-0.488428,-0.000187803,-0.488241
1981.8,-1.4624,-1.75454,-0.488231,-0.000187801,-0.488043
1982.4,-1.47291,-1.75443,-0.488059,-0.000181975,-0.487877
1983,-1.47091,-1.75432,-0.487875,-0.000183069,-0.487692
1983.6,-1.4559,-1.7542,-0.487713,-0.000191498,-0.487521
1984.2,-1.44539,-1.75409,-0.487565,-0.000197626,-0.487368
1984.8,-1.44639,-1.75397,-0.487415,-0.000197033,-0.487218
1985.4,-1.41638,-1.75384,-0.487327,-0.000215586,-0.487111
1986,-1.39788,-1.75372,-0.487242,-0.000227886,-0.487014
1986.6,-1.40138,-1.75359,-0.48715,-0.0002255,-0.486925
1987.2,-1.41087,-1.75346,-0.48706,-0.000219171,-0.48684
1987.8,-1.42939,-1.75332,-0.486934,-0.000207329,-0.486726
1988.4,-1.39188,-1.75319,-0.486881,-0.000232015,-0.486649
1989,-1.38837,-1.75305,-0.486814,-0.000234466,-0.486579
1989.6,-1.38186,-1.7529,-0.486783,-0.000239084,-0.486544
1990.2,-1.37237,-1.75275,-0.486724,-0.000245983,-0.486478
1990.8,-1.40287,-1.75261,-0.486627,-0.00022448,-0.486402
1991.4,-1.42338,-1.75246,-0.48652,-0.000211092,-0.486309
1992,-1.37737,-1.75231,-0.486479,-0.000242317,-0.486237
1992.6,-1.39137,-1.75215,-0.486405,-0.000232354,-0.486173
1993.2,-1.39937,-1.752,-0.486316,-0.000226846,-0.486089
1993.8,-1.39288,-1.75184,-0.486254,-0.000231302,-0.486022
1994.4,-1.38988,-1.75168,-0.486206,-0.000233389,-0.485973
1995,-1.39888,-1.75152,-0.48613,-0.000227174,-0.485903
1995.6,-1.39937,-1.75136,-0.486068,-0.000226837,-0.485842
1996.2,-1.41389,-1.7512,-0.485994,-0.000217169,-0.485776
1996.8,-1.40387,-1.75103,-0.48591,-0.000223787,-0.485686
1997.4,-1.36636,-1.75086,-0.485873,-0.000250432,-0.485623
1998,-1.35385,-1.75069,-0.485855,-0.000259999,-0.485595
1998.6,-1.36236,-1.75052,-0.485837,-0.000253448,-0.485584
1999.2,-1.39637,-1.75035,-0.48577,-0.000228873,-0.485541
1999.8,-1.36036,-1.75017,-0.485757,-0.000254967,-0.485502
2000.4,-1.34385,-1.74999,-0.485752,-0.0002679,-0.485484
2001,-1.34186,-1.74981,-0.485777,-0.000269508,-0.485508
2001.6,-1.35185,-1.74963,-0.48577,-0.000261546,-0.485508
2002.2,-1.33386,-1.74944,-0.485816,-0.000276044,-0.48554
2002.8,-1.36136,-1.74925,-0.485788,-0.00025419,-0.485534
2003.4,-1.34336,-1.74906,-0.485822,-0.00026828,-0.485554
2004,-1.33235,-1.74886,-0.485865,-0.000277285,-0.485588
2004.6,-1.35036,-1.74867,-0.485888,-0.000262703,-0.485625
2005.2,-1.29883,-1.74847,-0.485976,-0.000306593,-0.485669
2005.8,-1.29634,-1.74827,-0.486041,-0.000308888,-0.485733
2006.4,-1.26082,-1.74806,-0.486189,-0.000343592,-0.485846
2007,-1.31085,-1.74785,-0.486237,-0.000295735,-0.485941
2007.6,-1.27182,-1.74763,-0.48637,-0.000332439,-0.486038
2008.2,-1.29383,-1.74742,-0.486448,-0.000311204,-0.486137
2008.8,-1.31234,-1.7472,-0.486518,-0.000294404,-0.486224
2009.4,-1.29883,-1.74698,-0.486627,-0.000306566,-0.486321
2010,-1.25833,-1.74676,-0.48674,-0.000346141,-0.486393
2010.6,-1.30385,-1.74654,-0.486776,-0.000301983,-0.486474
2011.2,-1.30334,-1.74631,-0.486848,-0.000302439,-0.486545
2011.8,-1.30234,-1.74608,-0.486929,-0.000303343,-0.486625
2012.4,-1.31384,-1.74586,-0.486957,-0.000293052,-0.486664
2013,-1.31085,-1.74563,-0.487014,-0.000295696,-0.486719
2013.6,-1.33335,-1.7454,-0.487016,-0.000276398,-0.486739
2014.2,-1.34636,-1.74518,-0.487026,-0.000265817,-0.486761
2014.8,-1.33086,-1.74495,-0.487077,-0.000278463,-0.486799
2015.4,-1.34186,-1.74472,-0.4871,-0.000269426,-0.48683
2016,-1.35636,-1.74449,-0.487121,-0.000257955,-0.486863
2016.6,-1.36987,-1.74426,-0.4871,-0.000247714,-0.486852
2017.2,-1.35736,-1.74404,-0.487059,-0.000257176,-0.486802
2017.8,-1.40638,-1.74382,-0.486945,-0.000222015,-0.486723
2018.4,-1.41238,-1.7436,-0.486828,-0.000218054,-0.48661
2019,-1.44088,-1.74338,-0.486649,-0.000200188,-0.486449
2019.6,-1.4764,-1.74318,-0.486441,-0.000179959,-0.486261
2020.2,-1.46389,-1.74297,-0.486257,-0.000186834,-0.48607
2020.8,-1.48941,-1.74277,-0.486043,-0.000173067,-0.48587
2021.4,-1.47591,-1.74257,-0.485849,-0.000180218,-0.485668
2022,-1.48641,-1.74237,-0.485627,-0.000174627,-0.485452
2022.6,-1.46589,-1.74218,-0.485443,-0.000185709,-0.485257
2023.2,-1.46991,-1.74199,-0.485241,-0.000183483,-0.485058
2023.8,-1.42138,-1.7418,-0.485124,-0.000212226,-0.484912
2024.4,-1.4479,-1.7416,-0.484972,-0.000196,-0.484776
2025,-1.42189,-1.74141,-0.484857,-0.000211898,-0.484645
2025.6,-1.43288,-1.74122,-0.484741,-0.000205021,-0.484536
2026.2,-1.42839,-1.74103,-0.484636,-0.000207799,-0.484429
2026.8,-1.38837,-1.74084,-0.484573,-0.000234295,-0.484338
2027.4,-1.43139,-1.74065,-0.484464,-0.000205933,-0.484258
2028,-1.39788,-1.74046,-0.484419,-0.000227706,-0.484192
2028.6,-1.43788,-1.74027,-0.484302,-0.000201959,-0.4841
2029.2,-1.39137,-1.74007,-0.484268,-0.000232187,-0.484035
2029.8,-1.42489,-1.73988,-0.484185,-0.000209982,-0.483975
2030.4,-1.38237,-1.73969,-0.484157,-0.000238532,-0.483918
2031,-1.38688,-1.73949,-0.484094,-0.000235327,-0.483859
2031.6,-1.37737,-1.7393,-0.484063,-0.000242129,-0.48382
2032.2,-1.34736,-1.7391,-0.484069,-0.000264925,-0.483804
2032.8,-1.38537,-1.7389,-0.484031,-0.000236385,-0.483795
2033.4,-1.39088,-1.7387,-0.484007,-0.000232511,-0.483774
2034,-1.37737,-1.7385,-0.483983,-0.000242117,-0.483741
2034.6,-1.36787,-1.7383,-0.483983,-0.000249115,-0.483734
2035.2,-1.36387,-1.73809,-0.483991,-0.000252118,-0.483738
2035.8,-1.36736,-1.73789,-0.484006,-0.000249489,-0.483757
2036.4,-1.37136,-1.73768,-0.484015,-0.000246512,-0.483769
2037,-1.37686,-1.73747,-0.484012,-0.000242472,-0.48377
2037.6,-1.36387,-1.73727,-0.484025,-0.000252105,-0.483773
2038.2,-1.34536,-1.73705,-0.484064,-0.000266486,-0.483797
2038.8,-1.34585,-1.73684,-0.48408,-0.00026609,-0.483814
2039.4,-1.33686,-1.73663,-0.484106,-0.000273363,-0.483832
2040,-1.32635,-1.73641,-0.484154,-0.000282108,-0.483872
2040.6,-1.32135,-1.7362,-0.48423,-0.000286365,-0.483944
2041.2,-1.31835,-1.73597,-0.484311,-0.000288948,-0.484022
2041.8,-1.31334,-1.73575,-0.484409,-0.000293322,-0.484115
2042.4,-1.31085,-1.73552,-0.484507,-0.000295517,-0.484212
2043,-1.29783,-1.73529,-0.484614,-0.000307272,-0.484307
2043.6,-1.27833,-1.73506,-0.484751,-0.000325772,-0.484425
2044.2,-1.28283,-1.73482,-0.484883,-0.000321395,-0.484561
2044.8,-1.26433,-1.73459,-0.485036,-0.000339725,-0.484696
2045.4,-1.29034,-1.73434,-0.485167,-0.000314233,-0.484853
2046,-1.27584,-1.7341,-0.48531,-0.000328196,-0.484982
2046.6,-1.26433,-1.73385,-0.48548,-0.00033971,-0.485141
2047.2,-1.28583,-1.7336,-0.485612,-0.000318494,-0.485293
2047.8,-1.21931,-1.73335,-0.485847,-0.000388791,-0.485458
2048.4,-1.24532,-1.73309,-0.485995,-0.00035962,-0.485636
2049,-1.23732,-1.73283,-0.486185,-0.000368341,-0.485816
2049.6,-1.25132,-1.73257,-0.486338,-0.000353199,-0.485985
2050.2,-1.25933,-1.73231,-0.486493,-0.000344808,-0.486149
2050.8,-1.25982,-1.73205,-0.486645,-0.000344294,-0.4863
2051.4,-1.27733,-1.73178,-0.486764,-0.000326686,-0.486437
2052,-1.24632,-1.73152,-0.486931,-0.00035851,-0.486573
2052.6,-1.25982,-1.73125,-0.487096,-0.000344278,-0.486752
2053.2,-1.24883,-1.73097,-0.487308,-0.000355813,-0.486952
2053.8,-1.26082,-1.7307,-0.487463,-0.000343236,-0.48712
2054.4,-1.25982,-1.73042,-0.487633,-0.000344261,-0.487289
2055,-1.24181,-1.73015,-0.487837,-0.000363357,-0.487473
2055.6,-1.24932,-1.72987,-0.487983,-0.000355265,-0.487628
2056.2,-1.24681,-1.72959,-0.488166,-0.00035794,-0.487808
2056.8,-1.26233,-1.72931,-0.488292,-0.00034166,-0.48795
2057.4,-1.25782,-1.72903,-0.488438,-0.000346302,-0.488091
2058,-1.25083,-1.72874,-0.488602,-0.000353639,-0.488248
2058.6,-1.24281,-1.72846,-0.48875,-0.000362233,-0.488388
2059.2,-1.24232,-1.72817,-0.488943,-0.000362761,-0.48858
2059.8,-1.23881,-1.72788,-0.489118,-0.00036659,-0.488752
2060.4,-1.1803,-1.72759,-0.489418,-0.000436869,-0.488981
2061,-1.19381,-1.7273,-0.489624,-0.000419529,-0.489205
2061.6,-1.1988,-1.727,-0.489865,-0.000413282,-0.489452
2062.2,-1.1913,-1.7267,-0.490125,-0.000422679,-0.489702
2062.8,-1.1973,-1.7264,-0.490353,-0.000415139,-0.489937
2063.4,-1.16829,-1.72609,-0.490613,-0.000452848,-0.490161
2064,-1.1953,-1.72578,-0.490844,-0.00041762,-0.490426
2064.6,-1.17979,-1.72547,-0.491158,-0.00043748,-0.49072
2065.2,-1.16129,-1.72516,-0.491466,-0.000462423,-0.491003
2065.8,-1.18879,-1.72484,-0.491686,-0.000425821,-0.49126
2066.4,-1.17079,-1.72452,-0.491977,-0.000449415,-0.491527
2067,-1.1883,-1.72421,-0.492221,-0.000426433,-0.491795
2067.6,-1.17379,-1.72388,-0.492519,-0.000445375,-0.492074
2068.2,-1.1873,-1.72356,-0.49278,-0.000427697,-0.492352
2068.8,-1.18779,-1.72323,-0.493041,-0.000427059,-0.492614
2069.4,-1.16529,-1.7229,-0.493342,-0.000456851,-0.492885
2070,-1.1638,-1.72257,-0.493633,-0.000458889,-0.493174
2070.6,-1.17029,-1.72224,-0.493879,-0.000450039,-0.493429
2071.2,-1.1973,-1.72192,-0.494055,-0.000415028,-0.493639
2071.8,-1.2048,-1.72159,-0.49428,-0.000405785,-0.493874
2072.4,-1.22431,-1.72126,-0.494478,-0.000382731,-0.494095
2073,-1.15729,-1.72092,-0.494814,-0.000467881,-0.494347
2073.6,-1.23381,-1.72059,-0.494967,-0.000371963,-0.494595
2074.2,-1.1873,-1.72026,-0.495245,-0.000427612,-0.494818
2074.8,-1.2068,-1.71992,-0.495461,-0.00040332,-0.495057
2075.4,-1.1933,-1.71958,-0.495737,-0.000419975,-0.495317
2076,-1.1983,-1.71925,-0.495941,-0.00041372,-0.495527
2076.6,-1.1853,-1.71892,-0.496152,-0.000430149,-0.495721
2077.2,-1.2018,-1.71858,-0.496343,-0.000409376,-0.495934
2077.8,-1.18479,-1.71824,-0.4966,-0.000430787,-0.49617
2078.4,-1.1948,-1.71791,-0.496806,-0.000418039,-0.496388
2079,-1.1933,-1.71757,-0.497018,-0.000419924,-0.496598
2079.6,-1.16529,-1.71723,-0.497292,-0.000456696,-0.496836
2080.2,-1.14929,-1.71689,-0.497548,-0.000479118,-0.497069
2080.8,-1.17328,-1.71655,-0.497793,-0.000445859,-0.497347
2081.4,-1.15029,-1.7162,-0.498106,-0.000477665,-0.497628
2082,-1.12026,-1.71586,-0.498431,-0.000522636,-0.497908
2082.6,-1.16729,-1.71551,-0.49861,-0.00045392,-0.498157
2083.2,-1.13628,-1.71517,-0.498919,-0.000498124,-0.498421
2083.8,-1.10776,-1.71481,-0.499294,-0.000542563,-0.498752
2084.4,-1.12977,-1.71446,-0.49957,-0.000507913,-0.499062
2085,-1.13028,-1.71411,-0.499866,-0.000507129,-0.499359
2085.6,-1.12977,-1.71375,-0.500179,-0.000507891,-0.499671
2086.2,-1.10977,-1.71339,-0.500501,-0.000539249,-0.499961
2086.8,-1.11127,-1.71303,-0.500807,-0.000536832,-0.50027
2087.4,-1.15229,-1.71268,-0.501011,-0.00047471,-0.500537
2088,-1.13077,-1.71232,-0.50133,-0.000506328,-0.500823
2088.6,-1.12377,-1.71195,-0.501659,-0.00051705,-0.501142
2089.2,-1.12377,-1.71159,-0.501966,-0.000517039,-0.501449
2089.8,-1.12777,-1.71123,-0.50226,-0.000510867,-0.501749
2090.4,-1.15778,-1.71086,-0.502486,-0.000466911,-0.502019
2091,-1.16029,-1.7105,-0.502745,-0.000463404,-0.502281
2091.6,-1.17979,-1.71014,-0.502959,-0.000437079,-0.502522
2092.2,-1.14878,-1.70977,-0.503273,-0.000479644,-0.502794
2092.8,-1.15029,-1.70941,-0.503536,-0.000477471,-0.503058
2093.4,-1.16729,-1.70904,-0.503769,-0.000453745,-0.503316
2094,-1.11426,-1.70868,-0.504106,-0.000531889,-0.503574
2094.6,-1.11777,-1.70831,-0.504411,-0.000526315,-0.503885
2095.2,-1.13479,-1.70794,-0.50465,-0.00050014,-0.50415
2095.8,-1.13328,-1.70757,-0.504928,-0.000502394,-0.504425
2096.4,-1.13578,-1.70721,-0.505209,-0.000498622,-0.504711
2097,-1.13077,-1.70684,-0.505497,-0.000506162,-0.50499
2097.6,-1.13778,-1.70647,-0.505746,-0.00049562,-0.50525
2098.2,-1.11577,-1.70609,-0.506095,-0.000529409,-0.505565
2098.8,-1.09125,-1.70572,-0.506434,-0.000569765,-0.505864
2099.4,-1.09776,-1.70535,-0.50671,-0.000558749,-0.506151
2100,-1.14727,-1.70498,-0.506894,-0.000481678,-0.506413
2100.6,-1.09927,-1.7046,-0.507297,-0.000556205,-0.506741
2101.2,-1.09627,-1.70422,-0.507613,-0.000561214,-0.507052
2101.8,-1.07275,-1.70384,-0.507966,-0.000602185,-0.507364
2102.4,-1.05524,-1.70346,-0.508348,-0.000634601,-0.507714
2103,-1.09276,-1.70308,-0.508628,-0.000567106,-0.508061
2103.6,-1.05225,-1.70269,-0.509049,-0.000640301,-0.508408
2104.2,-1.05724,-1.7023,-0.509412,-0.000630766,-0.508781
2104.8,-1.08576,-1.70191,-0.509703,-0.000579086,-0.509124
2105.4,-1.05274,-1.70152,-0.510149,-0.000639313,-0.509509
2106,-1.05575,-1.70112,-0.510491,-0.000633547,-0.509857
2106.6,-1.06175,-1.70073,-0.510881,-0.000622245,-0.510258
2107.2,-1.04425,-1.70033,-0.5113,-0.000655739,-0.510644
2107.8,-1.03123,-1.69992,-0.511705,-0.000681797,-0.511023
2108.4,-1.03423,-1.69953,-0.512047,-0.000675681,-0.511372
2109,-1.06875,-1.69913,-0.512322,-0.000609273,-0.511713
2109.6,-1.07626,-1.69873,-0.512605,-0.000595706,-0.512009
2110.2,-1.05724,-1.69833,-0.512989,-0.000630616,-0.512358
2110.8,-1.06575,-1.69792,-0.513316,-0.00061473,-0.512701
2111.4,-1.07275,-1.69752,-0.513657,-0.000601957,-0.513055
2112,-1.04374,-1.69711,-0.514077,-0.000656612,-0.51342
2112.6,-1.03474,-1.6967,-0.514452,-0.000674539,-0.513777
2113.2,-1.04725,-1.6963,-0.514793,-0.000649715,-0.514143
2113.8,-1.07526,-1.69589,-0.515046,-0.000597392,-0.514449
2114.4,-1.04474,-1.69548,-0.515453,-0.000654584,-0.514798
2115,-1.02574,-1.69507,-0.515866,-0.000692905,-0.515173
2115.6,-1.04974,-1.69466,-0.516161,-0.00064482,-0.515516
2116.2,-1.07375,-1.69425,-0.516476,-0.000600039,-0.515876
2116.8,-1.05125,-1.69384,-0.516831,-0.000641882,-0.516189
2117.4,-1.05675,-1.69343,-0.517147,-0.000631361,-0.516515
2118,-1.06324,-1.69302,-0.517461,-0.000619185,-0.516842
2118.6,-1.02874,-1.6926,-0.517872,-0.000686604,-0.517185
2119.2,-1.02173,-1.69218,-0.518242,-0.000701171,-0.517541
2119.8,-1.05675,-1.69177,-0.518502,-0.000631298,-0.517871
2120.4,-0.995717,-1.69135,-0.519006,-0.00075796,-0.518248
2121,-1.05125,-1.69093,-0.519264,-0.00064177,-0.518622
2121.6,-1.03023,-1.69051,-0.519674,-0.000683457,-0.51899
2122.2,-1.01073,-1.69009,-0.520112,-0.000724568,-0.519387
2122.8,-0.97972,-1.68966,-0.520586,-0.000795087,-0.519791
2123.4,-1.01473,-1.68924,-0.520893,-0.000715902,-0.520177
2124,-0.996225,-1.6888,-0.521367,-0.000756692,-0.520611
2124.6,-1.01673,-1.68838,-0.52172,-0.000711589,-0.521009
2125.2,-0.988718,-1.68794,-0.52218,-0.000773861,-0.521406
2125.8,-0.98072,-1.68751,-0.522617,-0.000792607,-0.521825
2126.4,-1.01024,-1.68707,-0.522979,-0.000725505,-0.522254
2127,-0.984227,-1.68663,-0.523482,-0.000784281,-0.522697
2127.6,-1.00773,-1.68619,-0.523826,-0.000730938,-0.523095
2128.2,-0.967215,-1.68575,-0.524352,-0.000825243,-0.523527
2128.8,-0.977721,-1.6853,-0.52477,-0.000799655,-0.52397
2129.4,-1.01773,-1.68487,-0.525042,-0.000709312,-0.524333
2130,-1.00773,-1.68442,-0.525459,-0.000730861,-0.524728
2130.6,-1.00222,-1.68398,-0.525825,-0.000743,-0.525082
2131.2,-1.00122,-1.68354,-0.526192,-0.000745209,-0.525447
2131.8,-0.98172,-1.68309,-0.526614,-0.000790028,-0.525824
2132.4,-0.999732,-1.68265,-0.526972,-0.000748506,-0.526223
2133,-0.990718,-1.6822,-0.5274,-0.000768975,-0.526631
2133.6,-1.01873,-1.68176,-0.527674,-0.000707059,-0.526967
2134.2,-0.998224,-1.68132,-0.528041,-0.000751835,-0.527289
2134.8,-0.993717,-1.68087,-0.528418,-0.000762036,-0.527656
2135.4,-1.01073,-1.68043,-0.528726,-0.000724149,-0.528002
2136,-0.998732,-1.67998,-0.529097,-0.000750631,-0.528346
2136.6,-0.983211,-1.67954,-0.529481,-0.000786338,-0.528695
2137.2,-1.00573,-1.6791,-0.529766,-0.000735018,-0.529031
2137.8,-0.997225,-1.67865,-0.530124,-0.00075397,-0.52937
2138.4,-0.983211,-1.67821,-0.530512,-0.000786275,-0.529725
2139,-0.969706,-1.67776,-0.530932,-0.000818716,-0.530113
2139.6,-0.978212,-1.67731,-0.53127,-0.000798096,-0.530472
2140.2,-0.948202,-1.67686,-0.531756,-0.000873139,-0.530883
2140.8,-0.960708,-1.67641,-0.532143,-0.000841015,-0.531302
2141.4,-0.963707,-1.67595,-0.532546,-0.00083347,-0.531712
2142,-0.977721,-1.6755,-0.532896,-0.000799185,-0.532097
2142.6,-0.977212,-1.67505,-0.533279,-0.000800381,-0.532478
2143.2,-0.992226,-1.6746,-0.533579,-0.00076516,-0.532814
2143.8,-0.993225,-1.67415,-0.533962,-0.000762851,-0.533199
2144.4,-0.934697,-1.67368,-0.534519,-0.000909008,-0.53361
2145,-0.950202,-1.67323,-0.53489,-0.000867736,-0.534023
2145.6,-0.923699,-1.67276,-0.535412,-0.000939396,-0.534472
2146.2,-0.943203,-1.6723,-0.535768,-0.000886068,-0.534882
2146.8,-0.929698,-1.67184,-0.536242,-0.000922618,-0.535319
2147.4,-0.966707,-1.67138,-0.536544,-0.000825789,-0.535718
2148,-0.942712,-1.6709,-0.537056,-0.0008873,-0.536168
2148.6,-0.941204,-1.67043,-0.537519,-0.000891291,-0.536628
2149.2,-0.918192,-1.66996,-0.538004,-0.000954857,-0.537049
2149.8,-0.915193,-1.66949,-0.538452,-0.000963445,-0.537488
2150.4,-0.940696,-1.66902,-0.538784,-0.000892573,-0.537891
2151,-0.938696,-1.66855,-0.539174,-0.000897909,-0.538276
2151.6,-0.946711,-1.66808,-0.539525,-0.000876587,-0.538649
2152.2,-0.933697,-1.66761,-0.539952,-0.000911402,-0.539041
2152.8,-0.951202,-1.66714,-0.540305,-0.000864825,-0.53944
2153.4,-0.953709,-1.66667,-0.540684,-0.00085833,-0.539826
2154,-0.944203,-1.6662,-0.541066,-0.000883096,-0.540183
2154.6,-0.952202,-1.66573,-0.541397,-0.000862167,-0.540535
2155.2,-0.936697,-1.66526,-0.541815,-0.000903124,-0.540912
2155.8,-0.968214,-1.66479,-0.542085,-0.000821742,-0.541264
2156.4,-0.956217,-1.66432,-0.542468,-0.000851787,-0.541616
2157,-0.929206,-1.66385,-0.542883,-0.000923535,-0.541959
2157.6,-0.949202,-1.66338,-0.543181,-0.000869825,-0.542312
2158.2,-0.928698,-1.66291,-0.543581,-0.00092489,-0.542656
2158.8,-0.938696,-1.66244,-0.543913,-0.00089758,-0.543015
2159.4,-0.940696,-1.66198,-0.544238,-0.000892196,-0.543346
2160,-0.931206,-1.6615,-0.544635,-0.000917892,-0.543717
2160.6,-0.924699,-1.66103,-0.545045,-0.000935928,-0.544109
2161.2,-0.94971,-1.66056,-0.545359,-0.000868355,-0.54449
2161.8,-0.908686,-1.66008,-0.54587,-0.000981848,-0.544888
2162.4,-0.915193,-1.6596,-0.546291,-0.000962874,-0.545328
2163,-0.935205,-1.65913,-0.546598,-0.000906834,-0.545692
2163.6,-0.878676,-1.65865,-0.547166,-0.00107407,-0.546092
2164.2,-0.89369,-1.65817,-0.547535,-0.00102683,-0.546508
2164.8,-0.914701,-1.65769,-0.547899,-0.000964182,-0.546934
2165.4,-0.883675,-1.6572,-0.548411,-0.00105802,-0.547353
2166,-0.894689,-1.65672,-0.548785,-0.00102367,-0.547762
2166.6,-0.89169,-1.65624,-0.549202,-0.00103288,-0.548169
2167.2,-0.878185,-1.65575,-0.549691,-0.00107547,-0.548616
2167.8,-0.895689,-1.65527,-0.550038,-0.00102052,-0.549017
2168.4,-0.900196,-1.65478,-0.550464,-0.00100681,-0.549458
2169,-0.886183,-1.65428,-0.550945,-0.00104992,-0.549895
2169.6,-0.877185,-1.65379,-0.551422,-0.00107856,-0.550344
2170.2,-0.886183,-1.6533,-0.55181,-0.00104986,-0.55076
2170.8,-0.903687,-1.6528,-0.552169,-0.000996222,-0.551173
2171.4,-0.924191,-1.65232,-0.552449,-0.000936863,-0.551512
2172,-0.882184,-1.65183,-0.552938,-0.00106242,-0.551875
2172.6,-0.906195,-1.65134,-0.553233,-0.000988682,-0.552245
2173.2,-0.920192,-1.65085,-0.553542,-0.000948068,-0.552594
2173.8,-0.895181,-1.65036,-0.553964,-0.00102177,-0.552943
2174.4,-0.905687,-1.64988,-0.554283,-0.0009901,-0.553293
2175,-0.939204,-1.64939,-0.554568,-0.000895513,-0.553673
2175.6,-0.901196,-1.6489,-0.55505,-0.00100345,-0.554047
2176.2,-0.912702,-1.64841,-0.555385,-0.000969432,-0.554415
2176.8,-0.929206,-1.64792,-0.555672,-0.000922653,-0.55475
2177.4,-0.897689,-1.64743,-0.556107,-0.00101395,-0.555093
2178,-0.872678,-1.64694,-0.556545,-0.00109277,-0.555452
2178.6,-0.902196,-1.64645,-0.556839,-0.0010003,-0.555839
2179.2,-0.904195,-1.64597,-0.557151,-0.000994299,-0.556157
2179.8,-0.888183,-1.64548,-0.557544,-0.00104311,-0.556501
2180.4,-0.873186,-1.64499,-0.557963,-0.00109098,-0.556872
2181,-0.894181,-1.6445,-0.558276,-0.00102448,-0.557251
2181.6,-0.929206,-1.64402,-0.558521,-0.000922436,-0.557598
2182.2,-0.878185,-1.64352,-0.559059,-0.00107468,-0.557984
2182.8,-0.879184,-1.64303,-0.559423,-0.00107143,-0.558351
2183.4,-0.894689,-1.64254,-0.559701,-0.0010228,-0.558678
2184,-0.867171,-1.64205,-0.560179,-0.00111061,-0.559068
2184.6,-0.867679,-1.64155,-0.560615,-0.00110889,-0.559506
2185.2,-0.859172,-1.64105,-0.561046,-0.00113746,-0.559908
2185.8,-0.855173,-1.64055,-0.561485,-0.00115112,-0.560334
2186.4,-0.80366,-1.64004,-0.562108,-0.00134299,-0.560765
2187,-0.833162,-1.63954,-0.562425,-0.00122945,-0.561196
2187.6,-0.850174,-1.63904,-0.562791,-0.00116837,-0.561623
2188.2,-0.854174,-1.63853,-0.563179,-0.00115443,-0.562025
2188.8,-0.830162,-1.63802,-0.563682,-0.00124043,-0.562441
2189.4,-0.833162,-1.63752,-0.564073,-0.0012293,-0.562844
2190,-0.822656,-1.63701,-0.564544,-0.00126853,-0.563275
2190.6,-0.868679,-1.63651,-0.56477,-0.00110524,-0.563665
2191.2,-0.874677,-1.636,-0.565108,-0.00108553,-0.564022
2191.8,-0.851174,-1.6355,-0.565513,-0.00116463,-0.564348
2192.4,-0.854174,-1.63499,-0.565882,-0.00115419,-0.564728
2193,-0.83916,-1.63448,-0.566321,-0.00120721,-0.565114
2193.6,-0.907195,-1.63399,-0.56642,-0.000984699,-0.565435
2194.2,-0.853665,-1.63348,-0.56694,-0.00115584,-0.565784
2194.8,-0.853174,-1.63297,-0.567301,-0.00115751,-0.566143
2195.4,-0.833162,-1.63247,-0.567736,-0.00122893,-0.566507
2196,-0.874677,-1.63197,-0.567926,-0.00108527,-0.566841
2196.6,-0.86168,-1.63147,-0.568276,-0.0011283,-0.567147
2197.2,-0.881676,-1.63097,-0.568536,-0.0010627,-0.567474
2197.8,-0.866171,-1.63047,-0.568903,-0.00111316,-0.56779
2198.4,-0.850174,-1.62997,-0.569295,-0.00116773,-0.568127
2199,-0.84016,-1.62946,-0.569709,-0.00120323,-0.568506
2199.6,-0.873186,-1.62896,-0.56996,-0.00108993,-0.56887
2200.2,-0.834161,-1.62845,-0.570457,-0.00122496,-0.569232
2200.8,-0.858664,-1.62795,-0.570737,-0.00113829,-0.569599
2201.4,-0.812658,-1.62743,-0.571285,-0.00130631,-0.569979
2202,-0.875185,-1.62693,-0.571439,-0.00108329,-0.570356
2202.6,-0.83267,-1.62642,-0.571971,-0.00123029,-0.570741
2203.2,-0.827163,-1.6259,-0.572375,-0.0012507,-0.571125
2203.8,-0.787647,-1.62539,-0.572928,-0.00140767,-0.57152
2204.4,-0.830162,-1.62488,-0.573151,-0.00123945,-0.571912
2205,-0.814149,-1.62436,-0.573596,-0.00130026,-0.572296
2205.6,-0.829163,-1.62385,-0.573927,-0.00124308,-0.572684
2206.2,-0.789646,-1.62333,-0.574486,-0.0013991,-0.573087
2206.8,-0.790155,-1.6228,-0.574931,-0.00139693,-0.573534
2207.4,-0.782648,-1.62228,-0.575393,-0.00142861,-0.573964
2208,-0.796645,-1.62176,-0.575751,-0.00136997,-0.574381
2208.6,-0.806659,-1.62123,-0.576119,-0.00132948,-0.57479
2209.2,-0.81115,-1.62071,-0.576503,-0.00131169,-0.575191
2209.8,-0.798153,-1.62018,-0.576978,-0.00136367,-0.575615
2210.4,-0.83267,-1.61966,-0.577207,-0.00122979,-0.575977
2211,-0.81215,-1.61913,-0.577647,-0.00130765,-0.576339
2211.6,-0.798645,-1.61861,-0.578068,-0.00136154,-0.576706
2212.2,-0.820656,-1.61809,-0.57834,-0.0012747,-0.577065
2212.8,-0.80366,-1.61756,-0.578765,-0.00134117,-0.577424
2213.4,-0.824164,-1.61704,-0.57904,-0.00126131,-0.577779
2214,-0.828163,-1.61652,-0.57937,-0.00124626,-0.578124
2214.6,-0.805659,-1.61599,-0.579814,-0.00133305,-0.578481
2215.2,-0.83167,-1.61547,-0.580061,-0.00123317,-0.578828
2215.8,-0.817657,-1.61494,-0.580448,-0.00128595,-0.579162
2216.4,-0.86368,-1.61443,-0.580577,-0.00112042,-0.579456
2217,-0.817657,-1.61391,-0.581014,-0.00128587,-0.579728
2217.6,-0.822656,-1.61339,-0.581311,-0.00126673,-0.580044
2218.2,-0.815149,-1.61288,-0.581641,-0.00129548,-0.580346
2218.8,-0.818165,-1.61236,-0.581943,-0.00128379,-0.580659
2219.4,-0.820164,-1.61184,-0.582258,-0.0012761,-0.580982
2220,-0.797153,-1.61132,-0.582696,-0.00136703,-0.581329
2220.6,-0.787647,-1.61079,-0.583094,-0.00140643,-0.581688
2221.2,-0.78214,-1.61026,-0.583515,-0.00142975,-0.582085
2221.8,-0.790155,-1.60974,-0.583849,-0.00139583,-0.582453
2222.4,-0.796153,-1.60922,-0.584167,-0.00137095,-0.582796
2223,-0.806659,-1.60871,-0.584423,-0.00132848,-0.583094
2223.6,-0.774142,-1.60817,-0.584931,-0.0014642,-0.583467
2224.2,-0.782648,-1.60764,-0.585303,-0.00142736,-0.583876
2224.8,-0.784139,-1.60711,-0.58567,-0.00142096,-0.584249
2225.4,-0.793154,-1.60659,-0.585987,-0.00138309,-0.584604
2226,-0.774142,-1.60605,-0.586452,-0.00146401,-0.584988
2226.6,-0.787647,-1.60552,-0.586753,-0.00140599,-0.585347
2227.2,-0.760636,-1.60498,-0.587269,-0.00152428,-0.585745
2227.8,-0.768143,-1.60445,-0.587626,-0.00149038,-0.586136
2228.4,-0.78214,-1.60392,-0.587929,-0.00142921,-0.586499
2229,-0.788647,-1.60338,-0.588264,-0.0014016,-0.586862
2229.6,-0.773142,-1.60285,-0.588694,-0.00146811,-0.587226
2230.2,-0.84016,-1.60232,-0.588756,-0.00120127,-0.587555
2230.8,-0.78114,-1.60178,-0.58932,-0.00143331,-0.587886
2231.4,-0.78214,-1.60125,-0.589645,-0.00142898,-0.588216
2232,-0.792646,-1.60071,-0.589958,-0.00138471,-0.588573
2232.6,-0.805659,-1.60019,-0.590218,-0.00133178,-0.588886
2233.2,-0.813658,-1.59965,-0.590505,-0.00130024,-0.589205
2233.8,-0.812658,-1.59913,-0.590769,-0.00130409,-0.589465
2234.4,-0.800644,-1.5986,-0.591116,-0.00135179,-0.589764
2235,-0.819165,-1.59808,-0.591301,-0.00127886,-0.590022
2235.6,-0.807151,-1.59755,-0.591639,-0.00132564,-0.590313
2236.2,-0.853665,-1.59703,-0.591734,-0.00115331,-0.59058
2236.8,-0.81015,-1.59651,-0.59217,-0.00131371,-0.590856
2237.4,-0.80915,-1.59599,-0.592419,-0.0013176,-0.591101
2238,-0.803152,-1.59546,-0.592714,-0.00134143,-0.591372
2238.6,-0.780648,-1.59494,-0.593091,-0.00143482,-0.591656
2239.2,-0.788155,-1.59442,-0.593328,-0.00140291,-0.591925
2239.8,-0.801152,-1.5939,-0.593543,-0.00134935,-0.592193
2240.4,-0.785139,-1.59338,-0.593917,-0.00141554,-0.592502
2241,-0.767143,-1.59285,-0.594292,-0.0014938,-0.592798
2241.6,-0.801644,-1.59233,-0.594457,-0.00134724,-0.593109
2242.2,-0.75413,-1.5918,-0.594989,-0.00155301,-0.593436
2242.8,-0.777141,-1.59128,-0.595196,-0.00144964,-0.593746
2243.4,-0.756129,-1.59075,-0.595598,-0.00154365,-0.594055
2244,-0.734626,-1.59022,-0.59606,-0.00164615,-0.594414
2244.6,-0.758129,-1.58969,-0.596315,-0.00153434,-0.594781
2245.2,-0.779649,-1.58916,-0.596539,-0.00143862,-0.595101
2245.8,-0.772634,-1.58863,-0.596891,-0.00146909,-0.595422
2246.4,-0.744623,-1.58809,-0.597366,-0.00159745,-0.595768
2247,-0.770142,-1.58757,-0.597578,-0.00147998,-0.596098
2247.6,-0.760145,-1.58703,-0.597962,-0.00152487,-0.596437
2248.2,-0.795153,-1.5865,-0.598164,-0.00137318,-0.596791
2248.8,-0.765144,-1.58595,-0.598664,-0.00150214,-0.597161
2249.4,-0.762636,-1.58541,-0.599028,-0.0015134,-0.597514
2250,-0.755129,-1.58487,-0.59939,-0.00154772,-0.597843
2250.6,-0.771142,-1.58434,-0.599625,-0.00147528,-0.598149
2251.2,-0.772142,-1.58381,-0.599902,-0.00147082,-0.598432
2251.8,-0.777649,-1.58328,-0.600151,-0.00144674,-0.598704
2252.4,-0.733626,-1.58273,-0.600659,-0.00165033,-0.599008
2253,-0.768143,-1.5822,-0.600819,-0.00148838,-0.599331
2253.6,-0.770142,-1.58167,-0.601082,-0.00147946,-0.599602
2254.2,-0.772634,-1.58114,-0.601339,-0.00146842,-0.599871
2254.8,-0.78014,-1.5806,-0.601595,-0.00143577,-0.600159
2255.4,-0.770142,-1.58007,-0.601924,-0.00147932,-0.600445
2256,-0.790646,-1.57954,-0.602074,-0.00139124,-0.600682
2256.6,-0.785139,-1.57901,-0.602359,-0.00141431,-0.600945
2257.2,-0.786139,-1.57849,-0.602593,-0.00141004,-0.601183
2257.8,-0.765635,-1.57795,-0.602967,-0.00149921,-0.601468
2258.4,-0.763144,-1.57742,-0.60323,-0.00151038,-0.60172
2259,-0.745623,-1.57689,-0.603577,-0.0015916,-0.601985
2259.6,-0.791154,-1.57637,-0.603625,-0.00138886,-0.602236
2260.2,-0.773142,-1.57585,-0.603934,-0.00146573,-0.602468
2260.8,-0.746623,-1.57531,-0.60436,-0.00158669,-0.602774
2261.4,-0.727627,-1.57476,-0.604799,-0.0016794,-0.60312
2262,-0.742132,-1.57423,-0.605034,-0.00160805,-0.603426
2262.6,-0.762636,-1.5737,-0.605229,-0.00151233,-0.603716
2263.2,-0.759128,-1.57317,-0.60552,-0.00152824,-0.603992
2263.8,-0.725119,-1.57263,-0.60598,-0.00169183,-0.604288
2264.4,-0.729119,-1.57209,-0.606272,-0.00167166,-0.6046
2265,-0.719121,-1.57155,-0.606626,-0.00172234,-0.604904
2265.6,-0.717613,-1.57101,-0.606962,-0.00173007,-0.605232
2266.2,-0.697109,-1.57046,-0.60741,-0.0018394,-0.605571
2266.8,-0.72212,-1.56992,-0.607632,-0.00170679,-0.605925
2267.4,-0.726119,-1.56937,-0.607942,-0.00168644,-0.606256
2268,-0.711614,-1.56882,-0.608348,-0.00176115,-0.606587
2268.6,-0.726627,-1.56828,-0.608575,-0.00168377,-0.606891
2269.2,-0.725628,-1.56773,-0.6089,-0.00168876,-0.607212
2269.8,-0.729627,-1.56719,-0.609178,-0.00166863,-0.607509
2270.4,-0.75213,-1.56665,-0.609345,-0.00155996,-0.607785
2271,-0.732118,-1.5661,-0.609711,-0.00165613,-0.608055
2271.6,-0.725628,-1.56556,-0.610011,-0.00168854,-0.608323
2272.2,-0.733118,-1.56501,-0.610266,-0.00165108,-0.608615
2272.8,-0.720629,-1.56446,-0.610621,-0.00171386,-0.608907
2273.4,-0.730118,-1.56391,-0.610864,-0.00166584,-0.609198
2274,-0.732626,-1.56337,-0.611129,-0.00165334,-0.609476
2274.6,-0.716121,-1.56282,-0.611498,-0.00173694,-0.609761
2275.2,-0.726119,-1.56227,-0.611711,-0.00168572,-0.610025
2275.8,-0.737133,-1.56173,-0.611916,-0.00163104,-0.610285
2276.4,-0.754638,-1.56119,-0.612057,-0.00154779,-0.610509
2277,-0.746131,-1.56065,-0.612329,-0.00158763,-0.610741
2277.6,-0.732118,-1.5601,-0.612672,-0.00165553,-0.611017
2278.2,-0.735134,-1.55955,-0.612922,-0.00164061,-0.611281
2278.8,-0.725119,-1.55901,-0.613225,-0.00169044,-0.611535
2279.4,-0.760145,-1.55847,-0.613307,-0.00152225,-0.611785
2280,-0.722628,-1.55792,-0.613737,-0.00170297,-0.612034
2280.6,-0.701108,-1.55737,-0.614154,-0.0018161,-0.612338
2281.2,-0.701108,-1.55681,-0.614479,-0.00181604,-0.612663
2281.8,-0.695618,-1.55626,-0.614811,-0.00184604,-0.612965
2282.4,-0.735134,-1.55571,-0.614924,-0.00164023,-0.613284
2283,-0.72312,-1.55516,-0.615234,-0.00170018,-0.613534
2283.6,-0.715613,-1.55461,-0.615547,-0.00173872,-0.613809
2284.2,-0.670099,-1.55404,-0.616103,-0.00199211,-0.614111
2284.8,-0.702108,-1.55349,-0.616229,-0.00181025,-0.614418
2285.4,-0.713614,-1.55293,-0.616474,-0.00174897,-0.614725
2286,-0.713122,-1.55238,-0.616759,-0.00175149,-0.615008
2286.6,-0.671098,-1.5518,-0.61733,-0.0019859,-0.615344
2287.2,-0.713614,-1.55125,-0.617401,-0.00174879,-0.615652
2287.8,-0.72012,-1.55068,-0.617674,-0.00171503,-0.615959
2288.4,-0.732118,-1.55013,-0.617885,-0.00165453,-0.61623
2289,-0.725119,-1.54957,-0.61818,-0.00168947,-0.616491
2289.6,-0.682604,-1.549,-0.618684,-0.00191843,-0.616766
2290.2,-0.732626,-1.54844,-0.618702,-0.00165185,-0.617051
2290.8,-0.707615,-1.54789,-0.619043,-0.00178009,-0.617263
2291.4,-0.725119,-1.54733,-0.619153,-0.00168925,-0.617464
2292,-0.726627,-1.54678,-0.619359,-0.00168159,-0.617678
2292.6,-0.726119,-1.54622,-0.619604,-0.00168409,-0.61792
2293.2,-0.725628,-1.54566,-0.61986,-0.00168651,-0.618174
2293.8,-0.735134,-1.54511,-0.620027,-0.00163918,-0.618388
2294.4,-0.699617,-1.54455,-0.620449,-0.0018228,-0.618626
2295,-0.701108,-1.544,-0.62067,-0.00181463,-0.618855
2295.6,-0.744132,-1.54345,-0.620647,-0.00159549,-0.619052
2296.2,-0.728119,-1.5429,-0.620946,-0.00167371,-0.619272
2296.8,-0.708123,-1.54235,-0.621246,-0.00177679,-0.619469
2297.4,-0.734134,-1.5418,-0.621347,-0.00164376,-0.619703
2298,-0.699109,-1.54124,-0.62176,-0.00182521,-0.619934
2298.6,-0.715613,-1.54068,-0.621928,-0.00173726,-0.620191
2299.2,-0.712122,-1.54013,-0.622182,-0.00175543,-0.620427
2299.8,-0.709123,-1.53957,-0.622436,-0.00177119,-0.620664
2300.4,-0.686603,-1.53901,-0.62282,-0.00189449,-0.620926
2301,-0.708123,-1.53845,-0.622983,-0.00177637,-0.621207
2301.6,-0.677097,-1.53788,-0.623436,-0.00194896,-0.621487
2302.2,-0.692602,-1.53732,-0.623636,-0.00186062,-0.621775
2302.8,-0.672098,-1.53674,-0.624057,-0.00197817,-0.622078
2303.4,-0.685603,-1.53618,-0.624253,-0.00189983,-0.622353
2304,-0.678097,-1.53561,-0.624575,-0.00194288,-0.622632
2304.6,-0.696617,-1.53504,-0.624751,-0.00183817,-0.622913
2305.2,-0.670099,-1.53447,-0.625175,-0.00198976,-0.623185
2305.8,-0.679113,-1.5339,-0.625414,-0.00193679,-0.623477
2306.4,-0.659593,-1.53331,-0.625836,-0.00205308,-0.623783
2307,-0.676605,-1.53274,-0.626041,-0.00195122,-0.62409
2307.6,-0.659101,-1.53215,-0.626443,-0.00205596,-0.624388
2308.2,-0.688603,-1.53159,-0.626514,-0.00188235,-0.624632
2308.8,-0.673606,-1.531,-0.62688,-0.00196859,-0.624911
2309.4,-0.704616,-1.53043,-0.626978,-0.00179423,-0.625184
2310,-0.643596,-1.52984,-0.627625,-0.00215316,-0.625472
2310.6,-0.712122,-1.52927,-0.627463,-0.00175428,-0.625709
2311.2,-0.696617,-1.52869,-0.627785,-0.00183746,-0.625948
2311.8,-0.672098,-1.52811,-0.628147,-0.00197714,-0.62617
2312.4,-0.669099,-1.52754,-0.628396,-0.00199487,-0.626401
2313,-0.684112,-1.52696,-0.628571,-0.00190726,-0.626664
2313.6,-0.708123,-1.52638,-0.62868,-0.00177507,-0.626905
2314.2,-0.741132,-1.52582,-0.628703,-0.00160815,-0.627094
2314.8,-0.69111,-1.52523,-0.629181,-0.00186757,-0.627313
2315.4,-0.689602,-1.52465,-0.629409,-0.00187595,-0.627533
2316,-0.697617,-1.52408,-0.629589,-0.00183146,-0.627757
2316.6,-0.719629,-1.52351,-0.629654,-0.00171474,-0.627939
2317.2,-0.718629,-1.52294,-0.629853,-0.00171981,-0.628133
2317.8,-0.69411,-1.52237,-0.630161,-0.00185058,-0.628311
2318.4,-0.722628,-1.52181,-0.630165,-0.00169925,-0.628466
2319,-0.718121,-1.52124,-0.630344,-0.00172225,-0.628622
2319.6,-0.69211,-1.52066,-0.630669,-0.00186149,-0.628807
2320.2,-0.696109,-1.5201,-0.630802,-0.0018393,-0.628963
2320.8,-0.658593,-1.51953,-0.631209,-0.00205751,-0.629151
2321.4,-0.665608,-1.51895,-0.631403,-0.00201475,-0.629389
2322,-0.688603,-1.51839,-0.631476,-0.00188085,-0.629595
2322.6,-0.691602,-1.51782,-0.631666,-0.00186399,-0.629802
2323.2,-0.659593,-1.51724,-0.632064,-0.00205109,-0.630013
2323.8,-0.643596,-1.51666,-0.632426,-0.00215145,-0.630275
2324.4,-0.656102,-1.51608,-0.632609,-0.00207245,-0.630537
2325,-0.673098,-1.5155,-0.632743,-0.00196973,-0.630773
2325.6,-0.6611,-1.51492,-0.633064,-0.00204158,-0.631022
2326.2,-0.650595,-1.51433,-0.633384,-0.00210662,-0.631277
2326.8,-0.639597,-1.51374,-0.633727,-0.00217692,-0.63155
2327.4,-0.651594,-1.51316,-0.6339,-0.00210019,-0.6318
2328,-0.653102,-1.51257,-0.634151,-0.00209067,-0.63206
2328.6,-0.652102,-1.51198,-0.634428,-0.00209685,-0.632331
2329.2,-0.659593,-1.51139,-0.634621,-0.00205036,-0.632571
2329.8,-0.657593,-1.51081,-0.634872,-0.00206258,-0.632809
2330.4,-0.681113,-1.51022,-0.634949,-0.00192249,-0.633027
2331,-0.674098,-1.50964,-0.635162,-0.00196316,-0.633199
2331.6,-0.687603,-1.50906,-0.635275,-0.00188541,-0.63339
2332.2,-0.697617,-1.50849,-0.635374,-0.00182974,-0.633544
2332.8,-0.670607,-1.50789,-0.635735,-0.00198354,-0.633751
2333.4,-0.686111,-1.50731,-0.635833,-0.00189364,-0.63394
2334,-0.673098,-1.50673,-0.636086,-0.00196869,-0.634118
2334.6,-0.680113,-1.50615,-0.636241,-0.00192777,-0.634313
2335.2,-0.700617,-1.50557,-0.6363,-0.00181308,-0.634487
2335.8,-0.682112,-1.50498,-0.63658,-0.00191614,-0.634663
2336.4,-0.678097,-1.50439,-0.636812,-0.00193921,-0.634873
2337,-0.716613,-1.50383,-0.636761,-0.00172821,-0.635033
2337.6,-0.698617,-1.50324,-0.637023,-0.0018237,-0.635199
2338.2,-0.686603,-1.50266,-0.637247,-0.00189032,-0.635356
2338.8,-0.707615,-1.50209,-0.637294,-0.00177516,-0.635518
2339.4,-0.677605,-1.5015,-0.637639,-0.00194173,-0.635697
2340,-0.6631,-1.50091,-0.637907,-0.00202769,-0.635879
2340.6,-0.649595,-1.50032,-0.638196,-0.00211113,-0.636085
2341.2,-0.651594,-1.49973,-0.638405,-0.00209848,-0.636307
2341.8,-0.636089,-1.49914,-0.638757,-0.00219791,-0.636559
2342.4,-0.656593,-1.49855,-0.638829,-0.00206722,-0.636761
2343,-0.646087,-1.49796,-0.639112,-0.00213307,-0.636979
2343.6,-0.637089,-1.49737,-0.639381,-0.00219112,-0.63719
2344.2,-0.636598,-1.49677,-0.639605,-0.00219426,-0.637411
2344.8,-0.645596,-1.49617,-0.639774,-0.00213598,-0.637638
2345.4,-0.630582,-1.49557,-0.640117,-0.00223389,-0.637883
2346,-0.661592,-1.49498,-0.640142,-0.00203612,-0.638106
2346.6,-0.627583,-1.49437,-0.640601,-0.00225384,-0.638347
2347.2,-0.628583,-1.49376,-0.640845,-0.00224703,-0.638598
2347.8,-0.654102,-1.49317,-0.640894,-0.00208198,-0.638812
2348.4,-0.632582,-1.49256,-0.641225,-0.00222018,-0.639005
2349,-0.644088,-1.49196,-0.64136,-0.00214507,-0.639215
2349.6,-0.640597,-1.49135,-0.641592,-0.00216749,-0.639425
2350.2,-0.671606,-1.49075,-0.641618,-0.00197557,-0.639643
2350.8,-0.648087,-1.49014,-0.641957,-0.00211936,-0.639838
2351.4,-0.688111,-1.48955,-0.641882,-0.00188033,-0.640001
2352,-0.637089,-1.48893,-0.642401,-0.00219,-0.640211
2352.6,-0.660592,-1.48833,-0.64246,-0.00204139,-0.640419
2353.2,-0.636089,-1.48771,-0.642814,-0.00219639,-0.640618
2353.8,-0.683112,-1.48712,-0.642701,-0.00190836,-0.640792
2354.4,-0.641088,-1.48651,-0.643122,-0.00216367,-0.640958
2355,-0.680113,-1.48591,-0.643054,-0.0019254,-0.641129
2355.6,-0.666607,-1.48531,-0.643274,-0.00200465,-0.641269
2356.2,-0.660101,-1.4847,-0.643467,-0.00204394,-0.641423
2356.8,-0.643088,-1.48409,-0.643743,-0.00215047,-0.641592
2357.4,-0.646087,-1.48348,-0.643926,-0.0021312,-0.641795
2358,-0.647087,-1.48287,-0.644128,-0.00212476,-0.642003
2358.6,-0.654594,-1.48226,-0.644255,-0.00207755,-0.642177
2359.2,-0.6651,-1.48165,-0.644384,-0.00201326,-0.642371
2359.8,-0.613586,-1.48103,-0.644893,-0.00234818,-0.642544
2360.4,-0.623584,-1.48041,-0.645042,-0.002279,-0.642763
2361,-0.602572,-1.47978,-0.645431,-0.00242653,-0.643004
2361.6,-0.595082,-1.47915,-0.645734,-0.00248132,-0.643253
2362.2,-0.585576,-1.47852,-0.64606,-0.00255267,-0.643508
2362.8,-0.646087,-1.47791,-0.645849,-0.00213048,-0.643718
2363.4,-0.613078,-1.47727,-0.646287,-0.00235121,-0.643935
2364,-0.601572,-1.47663,-0.646622,-0.00243332,-0.644188
2364.6,-0.619077,-1.476,-0.646733,-0.00230927,-0.644424
2365.2,-0.600573,-1.47536,-0.647105,-0.0024404,-0.644664
2365.8,-0.588067,-1.47471,-0.647459,-0.00253317,-0.644926
2366.4,-0.60308,-1.47407,-0.647598,-0.00242201,-0.645176
2367,-0.60608,-1.47342,-0.647819,-0.00240031,-0.645419
2367.6,-0.627091,-1.47279,-0.647906,-0.0022542,-0.645652
2368.2,-0.609079,-1.47213,-0.648277,-0.00237872,-0.645899
2368.8,-0.590067,-1.47147,-0.64867,-0.00251759,-0.646153
2369.4,-0.588067,-1.47081,-0.648946,-0.00253256,-0.646414
2370,-0.592066,-1.47015,-0.649169,-0.0025024,-0.646666
2370.6,-0.621093,-1.4695,-0.649179,-0.0022945,-0.646884
2371.2,-0.617077,-1.46884,-0.649425,-0.0023221,-0.647103
2371.8,-0.636598,-1.46819,-0.649491,-0.00219046,-0.6473
2372.4,-0.617077,-1.46753,-0.649816,-0.00232191,-0.647494
2373,-0.598573,-1.46687,-0.650121,-0.00245376,-0.647667
2373.6,-0.621584,-1.46621,-0.650161,-0.00229068,-0.64787
2374.2,-0.629091,-1.46556,-0.650291,-0.00223979,-0.648051
2374.8,-0.618077,-1.4649,-0.650533,-0.00231462,-0.648218
2375.4,-0.645088,-1.46425,-0.650499,-0.00213508,-0.648364
2376,-0.600081,-1.46358,-0.650983,-0.00244224,-0.648541
2376.6,-0.658593,-1.46294,-0.650725,-0.00205046,-0.648675
2377.2,-0.643088,-1.46229,-0.650959,-0.00214762,-0.648811
2377.8,-0.585576,-1.46161,-0.651546,-0.00255005,-0.648996
2378.4,-0.599573,-1.46095,-0.651626,-0.00244556,-0.64918
2379,-0.63309,-1.4603,-0.651554,-0.00221248,-0.649342
2379.6,-0.625584,-1.45964,-0.651757,-0.00226257,-0.649494
2380.2,-0.629583,-1.45897,-0.65188,-0.00223561,-0.649645
2380.8,-0.630091,-1.45831,-0.652069,-0.00223212,-0.649837
2381.4,-0.618077,-1.45764,-0.652334,-0.0023136,-0.650021
2382,-0.601081,-1.45696,-0.652663,-0.00243398,-0.650229
2382.6,-0.624092,-1.4563,-0.652671,-0.00227221,-0.650399
2383.2,-0.607571,-1.45563,-0.652939,-0.00238706,-0.650552
2383.8,-0.57407,-1.45494,-0.653382,-0.00263811,-0.650744
2384.4,-0.600081,-1.45427,-0.653382,-0.00244086,-0.650942
2385,-0.620585,-1.45359,-0.653458,-0.00229577,-0.651162
2385.6,-0.615586,-1.45292,-0.653692,-0.00233021,-0.651361
2386.2,-0.586067,-1.45222,-0.654126,-0.00254486,-0.651581
2386.8,-0.57507,-1.45153,-0.654454,-0.0026297,-0.651825
2387.4,-0.587067,-1.45083,-0.654592,-0.00253706,-0.652055
2388,-0.592066,-1.45014,-0.65476,-0.00249936,-0.652261
2388.6,-0.604572,-1.44945,-0.654872,-0.00240764,-0.652464
2389.2,-0.588575,-1.44876,-0.655169,-0.00252534,-0.652644
2389.8,-0.600081,-1.44807,-0.655257,-0.00243994,-0.652817
2390.4,-0.604572,-1.44738,-0.655377,-0.00240734,-0.65297
2391,-0.585576,-1.44669,-0.655681,-0.00254774,-0.653133
2391.6,-0.626092,-1.44601,-0.655522,-0.00225727,-0.653265
2392.2,-0.591066,-1.44531,-0.655908,-0.0025061,-0.653402
2392.8,-0.624092,-1.44463,-0.655809,-0.0022706,-0.653538
2393.4,-0.632582,-1.44395,-0.655867,-0.00221364,-0.653653
2394,-0.613078,-1.44325,-0.656128,-0.00234635,-0.653781
2394.6,-0.60508,-1.44255,-0.65636,-0.00240298,-0.653957
2395.2,-0.610079,-1.44186,-0.656462,-0.00236727,-0.654095
2395.8,-0.594574,-1.44115,-0.656735,-0.00247936,-0.654255
2396.4,-0.636598,-1.44048,-0.65656,-0.00218678,-0.654373
2397,-0.642596,-1.43978,-0.656646,-0.00214784,-0.654498
2397.6,-0.614078,-1.43908,-0.656971,-0.00233876,-0.654632
2398.2,-0.69111,-1.43841,-0.656577,-0.00185776,-0.654719
2398.8,-0.629583,-1.43771,-0.657061,-0.00223272,-0.654829
2399.4,-0.667607,-1.43703,-0.656924,-0.00199281,-0.654931
2400,-0.625092,-1.43632,-0.657326,-0.00226268,-0.655063
2400.6,-0.643596,-1.43563,-0.657337,-0.00214089,-0.655196
2401.2,-0.593574,-1.43491,-0.657839,-0.00248583,-0.655354
2401.8,-0.60308,-1.43421,-0.657907,-0.00241615,-0.655491
2402.4,-0.622584,-1.43352,-0.657914,-0.00227931,-0.655635
2403,-0.605571,-1.43281,-0.658174,-0.00239803,-0.655776
2403.6,-0.582576,-1.43209,-0.6585,-0.00256838,-0.655932
2404.2,-0.590067,-1.43139,-0.658604,-0.00251146,-0.656093
2404.8,-0.601081,-1.43068,-0.65869,-0.0024301,-0.656259
2405.4,-0.559565,-1.42995,-0.659177,-0.00275066,-0.656426
2406,-0.566564,-1.42923,-0.659308,-0.00269367,-0.656614
2406.6,-0.542552,-1.42849,-0.659721,-0.00289367,-0.656827
2407.2,-0.579577,-1.42776,-0.659662,-0.0025908,-0.657071
2407.8,-0.546551,-1.42702,-0.660154,-0.00285908,-0.657295
2408.4,-0.561565,-1.42629,-0.660233,-0.00273368,-0.657499
2409,-0.580577,-1.42556,-0.660257,-0.00258273,-0.657674
2409.6,-0.602572,-1.42482,-0.660284,-0.00241843,-0.657866
2410.2,-0.624584,-1.4241,-0.66026,-0.00226444,-0.657996
2410.8,-0.605571,-1.42336,-0.660527,-0.00239665,-0.65813
2411.4,-0.592066,-1.42262,-0.660769,-0.00249518,-0.658274
2412,-0.609587,-1.4219,-0.660742,-0.00236787,-0.658374
2412.6,-0.591574,-1.42115,-0.661012,-0.00249862,-0.658514
2413.2,-0.60608,-1.42041,-0.66104,-0.00239259,-0.658648
2413.8,-0.622076,-1.41968,-0.661033,-0.00228085,-0.658752
2414.4,-0.630091,-1.41895,-0.661069,-0.00222679,-0.658843
2415,-0.620585,-1.41821,-0.661243,-0.00229083,-0.658953
2415.6,-0.646087,-1.41748,-0.661178,-0.00212267,-0.659056
2416.2,-0.593066,-1.41672,-0.661661,-0.00248685,-0.659175
2416.8,-0.610587,-1.41598,-0.661658,-0.00235996,-0.659298
2417.4,-0.595574,-1.41523,-0.661878,-0.00246807,-0.65941
2418,-0.587575,-1.41448,-0.66206,-0.00252762,-0.659532
2418.6,-0.60408,-1.41374,-0.662071,-0.00240594,-0.659665
2419.2,-0.594082,-1.41299,-0.662252,-0.00247875,-0.659773
2419.8,-0.587575,-1.41223,-0.662443,-0.00252727,-0.659916
2420.4,-0.563056,-1.41146,-0.662783,-0.00271908,-0.660064
2421,-0.557057,-1.41069,-0.662995,-0.00276808,-0.660227
2421.6,-0.57407,-1.40993,-0.663024,-0.00263089,-0.660393
2422.2,-0.595574,-1.40917,-0.663023,-0.00246716,-0.660556
2422.8,-0.608571,-1.40841,-0.663061,-0.00237312,-0.660688
2423.4,-0.565564,-1.40762,-0.663543,-0.00269817,-0.660845
2424,-0.542061,-1.40683,-0.66394,-0.00289409,-0.661046
2424.6,-0.568563,-1.40605,-0.663894,-0.00267387,-0.66122
2425.2,-0.561565,-1.40526,-0.664102,-0.00273018,-0.661372
2425.8,-0.561056,-1.40447,-0.664293,-0.00273419,-0.661559
2426.4,-0.556058,-1.40368,-0.664504,-0.00277516,-0.661728
2427,-0.555566,-1.40288,-0.664669,-0.0027791,-0.66189
2427.6,-0.540553,-1.40207,-0.664986,-0.0029063,-0.66208
2428.2,-0.550551,-1.40127,-0.665085,-0.00282074,-0.662265
2428.8,-0.572562,-1.40047,-0.66508,-0.00264124,-0.662439
2429.4,-0.60408,-1.39967,-0.664985,-0.00240388,-0.662581
2430,-0.577069,-1.39886,-0.665324,-0.00260568,-0.662718
2430.6,-0.570563,-1.39805,-0.665503,-0.00265666,-0.662846
2431.2,-0.567563,-1.39724,-0.665664,-0.00268042,-0.662983
2431.8,-0.569563,-1.39642,-0.665783,-0.00266433,-0.663119
2432.4,-0.561056,-1.39559,-0.665997,-0.00273272,-0.663264
2433,-0.570071,-1.39478,-0.666052,-0.00266003,-0.663392
2433.6,-0.612078,-1.39398,-0.665815,-0.00234632,-0.663469
2434.2,-0.607571,-1.39317,-0.665929,-0.002378,-0.663551
2434.8,-0.603572,-1.39235,-0.666019,-0.00240646,-0.663613
2435.4,-0.60308,-1.39153,-0.666115,-0.00240987,-0.663705
2436,-0.587067,-1.39071,-0.666306,-0.00252779,-0.663778
2436.6,-0.595574,-1.38988,-0.666375,-0.00246426,-0.663911
2437.2,-0.609587,-1.38906,-0.666357,-0.00236314,-0.663994
2437.8,-0.622076,-1.38824,-0.666349,-0.00227648,-0.664073
2438.4,-0.620077,-1.38742,-0.666418,-0.00229001,-0.664128
2439,-0.605571,-1.38659,-0.666578,-0.00239129,-0.664186
2439.6,-0.594082,-1.38575,-0.666735,-0.00247464,-0.664261
2440.2,-0.582068,-1.38492,-0.666914,-0.0025649,-0.664349
2440.8,-0.546551,-1.38405,-0.667351,-0.00285161,-0.664499
2441.4,-0.581069,-1.38321,-0.667216,-0.00257229,-0.664644
2442,-0.566564,-1.38235,-0.667483,-0.00268599,-0.664797
2442.6,-0.559565,-1.3815,-0.667678,-0.00274255,-0.664936
2443.2,-0.55355,-1.38064,-0.667854,-0.00279208,-0.665062
2443.8,-0.554566,-1.37977,-0.667978,-0.00278348,-0.665194
2444.4,-0.530047,-1.3789,-0.668318,-0.00299461,-0.665323
2445,-0.562564,-1.37803,-0.668202,-0.00271753,-0.665485
2445.6,-0.54406,-1.37714,-0.668502,-0.00287168,-0.66563
2446.2,-0.553058,-1.37626,-0.668565,-0.00279544,-0.665769
2446.8,-0.568563,-1.37538,-0.668589,-0.00266887,-0.66592
2447.4,-0.541553,-1.37448,-0.668954,-0.00289277,-0.666061
2448,-0.575562,-1.3736,-0.668797,-0.0026134,-0.666183
2448.6,-0.580577,-1.3727,-0.668897,-0.00257442,-0.666322
2449.2,-0.54306,-1.37178,-0.669357,-0.00287931,-0.666478
2449.8,-0.552058,-1.37088,-0.669436,-0.00280287,-0.666633
2450.4,-0.570071,-1.36997,-0.669413,-0.00265601,-0.666757
2451,-0.584576,-1.36907,-0.669409,-0.0025433,-0.666865
2451.6,-0.565056,-1.36814,-0.669684,-0.00269577,-0.666988
2452.2,-0.57307,-1.36722,-0.669736,-0.00263189,-0.667105
2452.8,-0.556566,-1.36629,-0.670007,-0.00276464,-0.667243
2453.4,-0.573562,-1.36536,-0.669981,-0.00262773,-0.667353
2454,-0.562056,-1.36443,-0.670175,-0.0027194,-0.667455
2454.6,-0.581069,-1.36351,-0.670107,-0.0025692,-0.667538
2455.2,-0.589575,-1.36258,-0.670103,-0.00250463,-0.667598
2455.8,-0.590575,-1.36164,-0.670168,-0.00249702,-0.667671
2456.4,-0.599573,-1.36071,-0.670135,-0.00243068,-0.667704
2457,-0.561565,-1.35975,-0.670502,-0.00272261,-0.667779
2457.6,-0.590067,-1.35881,-0.670363,-0.00250038,-0.667863
2458.2,-0.571562,-1.35785,-0.670591,-0.00264225,-0.667949
2458.8,-0.568071,-1.3569,-0.670699,-0.00266978,-0.668029
2459.4,-0.580577,-1.35594,-0.670702,-0.00257179,-0.66813
2460,-0.54506,-1.35495,-0.671099,-0.00285924,-0.66824
2460.6,-0.554058,-1.35397,-0.671153,-0.00278332,-0.668369
2461.2,-0.567055,-1.353,-0.671169,-0.00267725,-0.668492
2461.8,-0.532554,-1.35199,-0.671592,-0.00296741,-0.668624
2462.4,-0.555566,-1.35101,-0.671507,-0.00277032,-0.668737
2463,-0.554058,-1.35001,-0.671619,-0.00278265,-0.668836
2463.6,-0.548551,-1.349,-0.671773,-0.00282858,-0.668945
2464.2,-0.55355,-1.348,-0.671824,-0.00278653,-0.669038
2464.8,-0.550059,-1.34699,-0.671944,-0.00281554,-0.669129
2465.4,-0.529555,-1.34597,-0.672215,-0.00299298,-0.669222
2466,-0.546551,-1.34494,-0.672183,-0.0028448,-0.669338
2466.6,-0.536046,-1.34391,-0.672395,-0.00293521,-0.669459
2467.2,-0.538553,-1.34287,-0.67248,-0.00291315,-0.669567
2467.8,-0.534554,-1.34181,-0.672642,-0.00294793,-0.669694
2468.4,-0.55255,-1.34077,-0.672604,-0.00279362,-0.669811
2469,-0.551567,-1.33971,-0.672713,-0.00280165,-0.669911
2469.6,-0.537045,-1.33863,-0.672966,-0.00292553,-0.670041
2470.2,-0.550551,-1.33756,-0.672973,-0.00280979,-0.670163
2470.8,-0.522049,-1.33647,-0.673349,-0.00305899,-0.67029
2471.4,-0.571562,-1.33541,-0.673012,-0.00263863,-0.670374
2472,-0.563564,-1.33432,-0.673144,-0.00270221,-0.670442
2472.6,-0.574562,-1.33323,-0.673118,-0.00261476,-0.670503
2473.2,-0.570563,-1.33213,-0.673239,-0.00264599,-0.670593
2473.8,-0.561565,-1.33102,-0.673379,-0.00271784,-0.670661
2474.4,-0.553058,-1.32991,-0.673529,-0.00278753,-0.670742
2475,-0.598573,-1.3288,-0.67324,-0.00243319,-0.670807
2475.6,-0.564564,-1.32767,-0.673564,-0.00269306,-0.670871
2476.2,-0.567055,-1.32655,-0.673593,-0.00267292,-0.67092
2476.8,-0.558565,-1.3254,-0.67373,-0.00274133,-0.670988
2477.4,-0.566564,-1.32426,-0.673724,-0.00267647,-0.671048
2478,-0.57607,-1.32312,-0.673721,-0.0026014,-0.67112
2478.6,-0.544552,-1.32194,-0.674054,-0.00285781,-0.671197
2479.2,-0.570563,-1.32079,-0.673912,-0.00264415,-0.671268
2479.8,-0.573562,-1.31962,-0.673921,-0.00262039,-0.671301
2480.4,-0.561056,-1.31843,-0.674096,-0.00271986,-0.671376
2481,-0.517541,-1.31721,-0.674577,-0.00309674,-0.67148
2481.6,-0.538553,-1.31601,-0.674502,-0.00290837,-0.671593
2482.2,-0.524048,-1.31479,-0.674736,-0.00303676,-0.671699
2482.8,-0.52354,-1.31355,-0.674866,-0.00304114,-0.671825
2483.4,-0.523048,-1.31231,-0.674982,-0.00304537,-0.671937
2484,-0.548551,-1.31107,-0.674875,-0.00282202,-0.672053
2484.6,-0.52154,-1.3098,-0.675223,-0.00305863,-0.672165
2485.2,-0.543552,-1.30853,-0.675139,-0.00286399,-0.672275
2485.8,-0.540061,-1.30725,-0.675286,-0.00289376,-0.672392
2486.4,-0.539045,-1.30595,-0.675419,-0.00290231,-0.672516
2487,-0.511543,-1.30463,-0.67578,-0.00315021,-0.67263
2487.6,-0.534554,-1.30332,-0.675674,-0.00294099,-0.672733
2488.2,-0.525556,-1.30199,-0.675855,-0.00302076,-0.672834
2488.8,-0.520541,-1.30065,-0.676001,-0.00306604,-0.672935
2489.4,-0.530555,-1.29929,-0.676027,-0.00297555,-0.673052
2490,-0.520541,-1.29791,-0.676233,-0.00306553,-0.673168
2490.6,-0.524556,-1.29653,-0.676316,-0.00302877,-0.673287
2491.2,-0.55355,-1.29515,-0.676147,-0.00277753,-0.673369
2491.8,-0.526556,-1.29375,-0.676446,-0.00301025,-0.673436
2492.4,-0.563564,-1.29235,-0.676175,-0.00269527,-0.67348
2493,-0.536046,-1.29091,-0.676483,-0.00292571,-0.673557
2493.6,-0.590575,-1.2895,-0.676094,-0.00248602,-0.673608
2494.2,-0.55355,-1.28804,-0.67643,-0.00277632,-0.673654
2494.8,-0.568563,-1.28658,-0.676364,-0.00265441,-0.67371
2495.4,-0.554058,-1.28509,-0.676552,-0.00277161,-0.673781
2496,-0.537045,-1.28358,-0.676785,-0.00291568,-0.673869
2496.6,-0.527556,-1.28208,-0.676922,-0.00299914,-0.673923
2497.2,-0.563056,-1.28058,-0.676637,-0.00269742,-0.673939
2497.8,-0.534554,-1.27904,-0.676917,-0.00293662,-0.673981
2498.4,-0.529047,-1.27749,-0.67699,-0.00298498,-0.674005
2499,-0.500545,-1.2759,-0.677326,-0.00324952,-0.674076
2499.6,-0.51505,-1.27432,-0.677253,-0.00311165,-0.674141
2500.2,-0.541061,-1.27273,-0.677076,-0.00287904,-0.674197
2500.8,-0.522049,-1.2711,-0.677322,-0.00304676,-0.674275
2501.4,-0.500037,-1.26944,-0.677618,-0.00325315,-0.674365
2502,-0.525556,-1.26778,-0.677479,-0.00301443,-0.674465
2502.6,-0.525048,-1.2661,-0.67756,-0.0030187,-0.674541
2503.2,-0.499545,-1.26438,-0.67788,-0.00325692,-0.674623
2503.8,-0.505036,-1.26264,-0.67796,-0.00320368,-0.674756
2504.4,-0.520049,-1.2609,-0.677907,-0.00306307,-0.674844
2505,-0.535046,-1.25913,-0.677856,-0.00292873,-0.674927
2505.6,-0.509035,-1.25732,-0.678182,-0.00316467,-0.675017
2506.2,-0.529555,-1.25551,-0.678069,-0.00297644,-0.675093
2506.8,-0.505544,-1.25365,-0.678401,-0.00319707,-0.675204
2507.4,-0.516542,-1.25178,-0.678386,-0.00309355,-0.675293
2508,-0.517541,-1.24988,-0.678469,-0.00308398,-0.675385
2508.6,-0.519541,-1.24796,-0.678524,-0.00306528,-0.675459
2509.2,-0.49553,-1.246,-0.67882,-0.00329243,-0.675528
2509.8,-0.513542,-1.24404,-0.678704,-0.00311987,-0.675584
2510.4,-0.527047,-1.24205,-0.678628,-0.00299632,-0.675631
2511,-0.537045,-1.24004,-0.678548,-0.0029079,-0.67564
2511.6,-0.516542,-1.23797,-0.678785,-0.00309093,-0.675694
2512.2,-0.528047,-1.23589,-0.678715,-0.00298626,-0.675729
2512.8,-0.51305,-1.23377,-0.678884,-0.00312248,-0.675762
2513.4,-0.537045,-1.23164,-0.678678,-0.0029064,-0.675771
2514,-0.544552,-1.22947,-0.67862,-0.00284165,-0.675778
2514.6,-0.511051,-1.22724,-0.678944,-0.00313989,-0.675804
2515.2,-0.519049,-1.22501,-0.678893,-0.00306545,-0.675828
2515.8,-0.511051,-1.22272,-0.678993,-0.00313902,-0.675854
2516.4,-0.537045,-1.22042,-0.678755,-0.0029044,-0.675851
2517,-0.527047,-1.21807,-0.678849,-0.0029919,-0.675857
2517.6,-0.534554,-1.21567,-0.678792,-0.00292521,-0.675867
2518.2,-0.54406,-1.21326,-0.678704,-0.00284298,-0.675861
2518.8,-0.540553,-1.21078,-0.678728,-0.00287246,-0.675855
2519.4,-0.501545,-1.20825,-0.679097,-0.00322641,-0.675871
2520,-0.522049,-1.20569,-0.678921,-0.00303454,-0.675886
2520.6,-0.533046,-1.20308,-0.678839,-0.00293612,-0.675903
2521.2,-0.48704,-1.20037,-0.679338,-0.00336737,-0.675971
2521.8,-0.491039,-1.19766,-0.679335,-0.00332691,-0.676008
2522.4,-0.501037,-1.19489,-0.679255,-0.00322865,-0.676026
2523,-0.530555,-1.19208,-0.678987,-0.00295603,-0.676031
2523.6,-0.479533,-1.18916,-0.679519,-0.00344119,-0.676078
2524.2,-0.49353,-1.18621,-0.679435,-0.00329996,-0.676135
2524.8,-0.507543,-1.1832,-0.679332,-0.00316432,-0.676168
2525.4,-0.501037,-1.18012,-0.679417,-0.00322571,-0.676191
2526,-0.49553,-1.17697,-0.679502,-0.00327848,-0.676224
2526.6,-0.490531,-1.17374,-0.679587,-0.00332705,-0.67626
2527.2,-0.549059,-1.17047,-0.679063,-0.00279352,-0.67627
2527.8,-0.483532,-1.16707,-0.679695,-0.00339579,-0.6763
2528.4,-0.476026,-1.16362,-0.679778,-0.0034719,-0.676306
2529,-0.489039,-1.16008,-0.679667,-0.00333906,-0.676328
2529.6,-0.51305,-1.15647,-0.679429,-0.00310766,-0.676321
2530.2,-0.512051,-1.15277,-0.679398,-0.00311623,-0.676281
2530.8,-0.509543,-1.14899,-0.67934,-0.00313889,-0.676201
2531.4,-0.518049,-1.14509,-0.679187,-0.00305952,-0.676128
2532,-0.472027,-1.14106,-0.6796,-0.00350864,-0.676091
2532.6,-0.506544,-1.13696,-0.679215,-0.00316474,-0.67605
2533.2,-0.520541,-1.13274,-0.679038,-0.00303455,-0.676004
2533.8,-0.568071,-1.12843,-0.678521,-0.00263258,-0.675889
2534.4,-0.536554,-1.12395,-0.678673,-0.00289143,-0.675781
2535,-0.519541,-1.11935,-0.678724,-0.0030411,-0.675682
2535.6,-0.522049,-1.11461,-0.678607,-0.00301756,-0.675589
2536.2,-0.504544,-1.10973,-0.67863,-0.00317833,-0.675451
2536.8,-0.528047,-1.10469,-0.678292,-0.00296222,-0.67533
2537.4,-0.530047,-1.09949,-0.678121,-0.00294366,-0.675177
2538,-0.516542,-1.0941,-0.678103,-0.00306365,-0.67504
2538.6,-0.536554,-1.08854,-0.677782,-0.00288511,-0.674897
2539.2,-0.510543,-1.08276,-0.677888,-0.00311677,-0.674771
2539.8,-0.528555,-1.07677,-0.6776,-0.00295264,-0.674647
2540.4,-0.477534,-1.07053,-0.677966,-0.00343652,-0.674529
2541,-0.502545,-1.06407,-0.677604,-0.00318832,-0.674416
2541.6,-0.487531,-1.05734,-0.677608,-0.0033329,-0.674275
2542.2,-0.49353,-1.05035,-0.677392,-0.0032724,-0.67412
2542.8,-0.481533,-1.04304,-0.677349,-0.00339003,-0.673959
2543.4,-0.482532,-1.03542,-0.677152,-0.00337835,-0.673774
2544,-0.465028,-1.02743,-0.677158,-0.00355751,-0.6736
2544.6,-0.478533,-1.01909,-0.676843,-0.0034154,-0.673428
2545.2,-0.49453,-1.01033,-0.676493,-0.00325459,-0.673238
2545.8,-0.46452,-1.00113,-0.676555,-0.00355711,-0.672998
2546.4,-0.46352,-0.991436,-0.676345,-0.00356557,-0.672779
2547,-0.444524,-0.981211,-0.676313,-0.00377078,-0.672542
2547.6,-0.465028,-0.97044,-0.675817,-0.00354497,-0.672272
2548.2,-0.463028,-0.959025,-0.675528,-0.00356363,-0.671964
2548.8,-0.471027,-0.946922,-0.675096,-0.00347709,-0.671619
2549.4,-0.473534,-0.934058,-0.674665,-0.00344844,-0.671217
2550,-0.476534,-0.920312,-0.674228,-0.00341484,-0.670814
2550.6,-0.497038,-0.905664,-0.67352,-0.00320944,-0.67031
2551.2,-0.491531,-0.889942,-0.672986,-0.00325939,-0.669727
2551.8,-0.52354,-0.872999,-0.672061,-0.00295951,-0.669102
2552.4,-0.485532,-0.854612,-0.671801,-0.00331091,-0.66849
2553,-0.447016,-0.834641,-0.671549,-0.00370898,-0.66784
2553.6,-0.505036,-0.812916,-0.670197,-0.00311577,-0.667081
2554.2,-0.500545,-0.789067,-0.669343,-0.00315309,-0.666189
2554.8,-0.519541,-0.762723,-0.668158,-0.00297454,-0.665184
2555.4,-0.537045,-0.733406,-0.666858,-0.00281804,-0.66404
2556,-0.520541,-0.700505,-0.66568,-0.00295421,-0.662726
2556.6,-0.515542,-0.663173,-0.664241,-0.00299161,-0.661249
2557.2,-0.511051,-0.620333,-0.66257,-0.00302386,-0.659546
2557.8,-0.49253,-0.570372,-0.660764,-0.00318561,-0.657578
2558.4,-0.521049,-0.511044,-0.658163,-0.00291507,-0.655248
2559,-0.527556,-0.438816,-0.655248,-0.00284618,-0.652401
2559.6,-0.520049,-0.347982,-0.651677,-0.00289421,-0.648782
2560.2,-0.495038,-0.228152,-0.64717,-0.00309521,-0.644074
2560.8,-0.482532,-0.0587705,-0.640671,-0.00317931,-0.637492
2561.4,-0.477025,0.208011,-0.630442,-0.00317948,-0.627262
2562,-0.49353,0.698184,-0.611782,-0.00293745,-0.608845
2562.6,-0.507543,1.52967,-0.577709,-0.00266049,-0.575048
2563.2,-0.477534,1.49044,-0.568346,-0.00286076,-0.565485
2563.8,-0.474026,-0.175336,-0.630824,-0.00320781,-0.627616
2564.4,-0.486532,-0.907828,-0.675114,-0.00330745,-0.671807
2565,-0.49253,-0.917398,-0.676457,-0.00325512,-0.673202
2565.6,-0.491531,-0.90374,-0.676039,-0.00326215,-0.672777
2566.2,-0.455522,-0.888647,-0.675899,-0.00362831,-0.672271
2566.8,-0.472027,-0.872413,-0.675159,-0.0034507,-0.671709
2567.4,-0.482532,-0.854894,-0.674406,-0.00334068,-0.671066
2568,-0.484532,-0.835866,-0.673677,-0.0033169,-0.670361
2568.6,-0.460521,-0.815091,-0.673184,-0.00355835,-0.669625
2569.2,-0.461029,-0.792342,-0.672361,-0.00354794,-0.668813
2569.8,-0.489531,-0.767284,-0.671147,-0.00325391,-0.667893
2570.4,-0.489039,-0.739468,-0.670094,-0.00325304,-0.666841
2571,-0.51705,-0.708363,-0.66861,-0.00298656,-0.665623
2571.6,-0.487531,-0.673165,-0.667509,-0.00325421,-0.664255
2572.2,-0.504544,-0.633014,-0.665742,-0.00308551,-0.662656
2572.8,-0.48704,-0.586423,-0.664074,-0.00324139,-0.660833
2573.4,-0.531047,-0.53164,-0.661445,-0.00283301,-0.658612
2574,-0.466028,-0.465531,-0.659403,-0.00342494,-0.655978
2574.6,-0.497529,-0.38361,-0.655811,-0.00310209,-0.652709
2575.2,-0.514542,-0.27792,-0.651398,-0.0029293,-0.648469
2575.8,-0.484024,-0.133271,-0.645915,-0.00317973,-0.642736
2576.4,-0.531047,0.0831328,-0.637016,-0.00272709,-0.634289
2577,-0.549551,0.454413,-0.622624,-0.00252273,-0.620102
2577.6,-0.508543,1.16314,-0.595677,-0.0027259,-0.592951
2578.2,-0.49253,1.71688,-0.565969,-0.00271561,-0.563253
2578.8,-0.503036,0.664115,-0.598404,-0.00278273,-0.595621
2579.4,-0.499545,-0.814235,-0.669849,-0.00314706,-0.666702
2580,-0.483024,-0.919517,-0.678769,-0.00334872,-0.67542
2580.6,-0.471535,-0.908836,-0.678653,-0.00346356,-0.675189
2581.2,-0.471535,-0.894999,-0.678183,-0.00346059,-0.674722
2581.8,-0.488039,-0.880127,-0.677459,-0.00329142,-0.674167
2582.4,-0.481533,-0.864056,-0.676954,-0.00335253,-0.673602
2583,-0.510051,-0.846717,-0.676044,-0.00307593,-0.672968
2583.6,-0.445524,-0.827825,-0.676014,-0.00372385,-0.67229
2584.2,-0.450523,-0.807233,-0.675232,-0.00366411,-0.671568
2584.8,-0.499545,-0.784704,-0.673885,-0.00316159,-0.670723
2585.4,-0.49253,-0.759786,-0.673026,-0.0032234,-0.669803
2586,-0.467028,-0.732095,-0.672251,-0.00347198,-0.668779
2586.6,-0.452014,-0.701046,-0.671259,-0.00362379,-0.667636
2587.2,-0.45503,-0.66596,-0.669905,-0.00358353,-0.666322
2587.8,-0.453522,-0.62584,-0.668377,-0.00359066,-0.664786
2588.4,-0.480533,-0.579349,-0.666262,-0.00330337,-0.662959
2589,-0.486532,-0.524463,-0.664029,-0.00323372,-0.660796
2589.6,-0.497038,-0.458294,-0.661279,-0.00312109,-0.658158
2590.2,-0.501545,-0.376115,-0.657938,-0.00306369,-0.654874
2590.8,-0.49253,-0.269863,-0.653768,-0.00312641,-0.650641
2591.4,-0.51705,-0.124246,-0.647728,-0.00287984,-0.644848
2592,-0.520049,0.094179,-0.639087,-0.00281605,-0.636271
2592.6,-0.504036,0.470039,-0.624749,-0.00288672,-0.621862
2593.2,-0.539553,1.18303,-0.596824,-0.00248143,-0.594342
2593.8,-0.518541,1.70466,-0.568082,-0.00251387,-0.565569
2594.4,-0.539045,0.618035,-0.602071,-0.00250676,-0.599564
2595,-0.519541,-0.820796,-0.67266,-0.00296745,-0.669692
2595.6,-0.500545,-0.917666,-0.680896,-0.00317793,-0.677718
2596.2,-0.461029,-0.907493,-0.681035,-0.00357338,-0.677462
2596.8,-0.496529,-0.894443,-0.680159,-0.00321199,-0.676948
2597.4,-0.495038,-0.880372,-0.679619,-0.00322348,-0.676396
2598,-0.499037,-0.865219,-0.678996,-0.00318227,-0.675814
2598.6,-0.473026,-0.848841,-0.678637,-0.00343533,-0.675202
2599.2,-0.466028,-0.831108,-0.67803,-0.00350387,-0.674526
2599.8,-0.494038,-0.811816,-0.676987,-0.00321933,-0.673768
2600.4,-0.444016,-0.790647,-0.676708,-0.00373193,-0.672976
2601,-0.441017,-0.767364,-0.675878,-0.00375995,-0.672118
2601.6,-0.481025,-0.741629,-0.674469,-0.00333207,-0.671137
2602.2,-0.482041,-0.712903,-0.673325,-0.00331605,-0.670009
2602.8,-0.454522,-0.680554,-0.672343,-0.00359219,-0.668751
2603.4,-0.473026,-0.643811,-0.670703,-0.00339169,-0.667311
2604,-0.462029,-0.601514,-0.669149,-0.00349544,-0.665653
2604.6,-0.470027,-0.552136,-0.667091,-0.00340261,-0.663688
2605.2,-0.461029,-0.493367,-0.664821,-0.00348228,-0.661339
2605.8,-0.469027,-0.421633,-0.66187,-0.00338507,-0.658485
2606.4,-0.450523,-0.33118,-0.658453,-0.00355683,-0.654896
2607,-0.448015,-0.211655,-0.653742,-0.00355697,-0.650185
2607.6,-0.448523,-0.0424674,-0.647059,-0.00351459,-0.643544
2608.2,-0.46552,0.224151,-0.636496,-0.0032868,-0.63321
2608.8,-0.492039,0.711605,-0.617603,-0.00294757,-0.614656
2609.4,-0.484024,1.52025,-0.584129,-0.00285449,-0.581275
2610,-0.48704,1.46451,-0.575359,-0.00278627,-0.572573
2610.6,-0.477534,-0.182108,-0.6379,-0.00317723,-0.634723
2611.2,-0.491531,-0.901265,-0.681721,-0.00325713,-0.678464
2611.8,-0.489531,-0.912959,-0.683207,-0.00328337,-0.679924
2612.4,-0.473534,-0.901498,-0.682972,-0.00344136,-0.679531
2613,-0.478025,-0.8888,-0.682461,-0.00339293,-0.679069
2613.6,-0.506036,-0.875189,-0.681639,-0.00311845,-0.678521
2614.2,-0.500037,-0.86053,-0.681106,-0.00317184,-0.677934
2614.8,-0.474534,-0.84468,-0.680736,-0.00341901,-0.677317
2615.4,-0.508035,-0.827562,-0.679698,-0.00309073,-0.676608
2616,-0.484532,-0.808856,-0.679186,-0.00331123,-0.675875
2616.6,-0.497038,-0.788435,-0.678256,-0.00318599,-0.67507
2617.2,-0.542061,-0.766027,-0.676907,-0.00278172,-0.674125
2617.8,-0.49453,-0.74119,-0.676292,-0.00320046,-0.673092
2618.4,-0.482041,-0.713507,-0.675283,-0.00331614,-0.671966
2619,-0.522049,-0.682463,-0.673628,-0.00293751,-0.670691
2619.6,-0.472027,-0.647194,-0.672669,-0.00340249,-0.669266
2620.2,-0.458521,-0.606706,-0.671198,-0.00353327,-0.667665
2620.8,-0.46252,-0.559558,-0.669313,-0.00348114,-0.665832
2621.4,-0.468027,-0.503721,-0.667053,-0.00341256,-0.663641
2622,-0.450523,-0.436047,-0.664542,-0.0035801,-0.660962
2622.6,-0.477534,-0.351569,-0.660853,-0.00328589,-0.657567
2623.2,-0.45803,-0.241443,-0.656608,-0.00345874,-0.653149
2623.8,-0.475534,-0.0887162,-0.650341,-0.003252,-0.647089
2624.4,-0.417514,0.144216,-0.64182,-0.00381048,-0.638009
2625,-0.466028,0.552893,-0.625581,-0.00321636,-0.622365
2625.6,-0.441509,1.30317,-0.596088,-0.00329503,-0.592793
2626.2,-0.448015,1.64099,-0.573091,-0.00310695,-0.569985
2626.8,-0.451523,0.339363,-0.617535,-0.00331273,-0.614222
2627.4,-0.422513,-0.858866,-0.681092,-0.00398086,-0.677111
2628,-0.411007,-0.913161,-0.686146,-0.00414846,-0.681997
2628.6,-0.443016,-0.903465,-0.685553,-0.00376936,-0.681784
2629.2,-0.434018,-0.891752,-0.685296,-0.00386892,-0.681428
2629.8,-0.441509,-0.879174,-0.684815,-0.00378061,-0.681035
2630.4,-0.441509,-0.865699,-0.684343,-0.00377745,-0.680566
2631,-0.48604,-0.851184,-0.683352,-0.00330505,-0.680047
2631.6,-0.437018,-0.835461,-0.683292,-0.00382111,-0.679471
2632.2,-0.420005,-0.818369,-0.682888,-0.00401538,-0.678872
2632.8,-0.43651,-0.799772,-0.682036,-0.00381839,-0.678218
2633.4,-0.452523,-0.779426,-0.681101,-0.00363593,-0.677465
2634,-0.462029,-0.757037,-0.680116,-0.00352947,-0.676586
2634.6,-0.474026,-0.732251,-0.678989,-0.00340025,-0.675588
2635.2,-0.441509,-0.704513,-0.678266,-0.00373967,-0.674526
2635.8,-0.461029,-0.673379,-0.67682,-0.00352156,-0.673299
2636.4,-0.45603,-0.638012,-0.675449,-0.00356651,-0.671882
2637,-0.477534,-0.597375,-0.673579,-0.00333666,-0.670242
2637.6,-0.46552,-0.549998,-0.671756,-0.00344807,-0.668308
2638.2,-0.446016,-0.493724,-0.669672,-0.00364154,-0.66603
2638.8,-0.459029,-0.425407,-0.666743,-0.00348814,-0.663254
2639.4,-0.502036,-0.339837,-0.662815,-0.00305212,-0.659762
2640,-0.45803,-0.227827,-0.658704,-0.00345574,-0.655248
2640.6,-0.437509,-0.0716608,-0.652684,-0.00363816,-0.649046
2641.2,-0.421513,0.168209,-0.643414,-0.00375972,-0.639654
2641.8,-0.425004,0.592335,-0.626953,-0.0036254,-0.623328
2642.4,-0.442508,1.35341,-0.596156,-0.00327261,-0.592883
2643,-0.447016,1.60047,-0.576335,-0.00312143,-0.573214
2643.6,-0.422513,0.213345,-0.625494,-0.00364199,-0.621852
2644.2,-0.412498,-0.869141,-0.6849,-0.00410691,-0.680793
2644.8,-0.455522,-0.910808,-0.688277,-0.00363293,-0.684645
2645.4,-0.411007,-0.901508,-0.688538,-0.00414574,-0.684392
2646,-0.423512,-0.890512,-0.688043,-0.00399152,-0.684052
2646.6,-0.427512,-0.878727,-0.687621,-0.00394138,-0.683679
2647.2,-0.43351,-0.866095,-0.687115,-0.00386856,-0.683247
2647.8,-0.437018,-0.852489,-0.686604,-0.00382512,-0.682779
2648.4,-0.446016,-0.83781,-0.685976,-0.00372057,-0.682256
2649,-0.448015,-0.821907,-0.685367,-0.00369481,-0.681672
2649.6,-0.437018,-0.804574,-0.684865,-0.00381372,-0.681051
2650.2,-0.442508,-0.785681,-0.684101,-0.00374745,-0.680354
2650.8,-0.440017,-0.764916,-0.683344,-0.00377047,-0.679573
2651.4,-0.422513,-0.742006,-0.682657,-0.00396654,-0.678691
2652,-0.43551,-0.716531,-0.681543,-0.0038099,-0.677733
2652.6,-0.461521,-0.688059,-0.680138,-0.00351959,-0.676618
2653.2,-0.417514,-0.655841,-0.679377,-0.0040044,-0.675372
2653.8,-0.45603,-0.619168,-0.677479,-0.00356227,-0.673917
2654.4,-0.450523,-0.576789,-0.675824,-0.00361162,-0.672212
2655,-0.45803,-0.527108,-0.673714,-0.0035208,-0.670193
2655.6,-0.479533,-0.467717,-0.671049,-0.00329002,-0.667759
2656.2,-0.445016,-0.394864,-0.668417,-0.00362986,-0.664787
2656.8,-0.479025,-0.302461,-0.664278,-0.00326119,-0.661017
2657.4,-0.449015,-0.179458,-0.659556,-0.00353907,-0.656017
2658,-0.416514,-0.00342812,-0.652837,-0.00385646,-0.64898
2658.6,-0.422513,0.277873,-0.64168,-0.0037233,-0.637957
2659.2,-0.446016,0.795307,-0.621347,-0.00336257,-0.617984
2659.8,-0.455522,1.57283,-0.58747,-0.00309073,-0.58438
2660.4,-0.415006,1.33357,-0.58669,-0.0034796,-0.58321
2661,-0.396994,-0.357508,-0.654856,-0.00409556,-0.65076
2661.6,-0.411499,-0.900112,-0.690374,-0.00413547,-0.686239
2662.2,-0.386996,-0.906401,-0.691737,-0.004454,-0.687283
2662.8,-0.434018,-0.89694,-0.690889,-0.0038701,-0.687019
2663.4,-0.411007,-0.886508,-0.690804,-0.00414184,-0.686662
2664,-0.417006,-0.875295,-0.690387,-0.0040657,-0.686321
2664.6,-0.421513,-0.863299,-0.689936,-0.00400852,-0.685928
2665.2,-0.429003,-0.850382,-0.689416,-0.00391696,-0.6855
2665.8,-0.409007,-0.836415,-0.689201,-0.00415358,-0.685048
2666.4,-0.373999,-0.821262,-0.689182,-0.00460515,-0.684577
2667,-0.392503,-0.804872,-0.688366,-0.00435409,-0.684012
2667.6,-0.423512,-0.786973,-0.687355,-0.00396581,-0.68339
2668.2,-0.385504,-0.767318,-0.687134,-0.00443529,-0.682698
2668.8,-0.392503,-0.745673,-0.686257,-0.00433804,-0.681919
2669.4,-0.397993,-0.721663,-0.685319,-0.00426136,-0.681058
2670,-0.387504,-0.694903,-0.684427,-0.0043891,-0.680038
2670.6,-0.401501,-0.66478,-0.6831,-0.00420216,-0.678898
2671.2,-0.433019,-0.630626,-0.681357,-0.00381768,-0.67754
2671.8,-0.416006,-0.591304,-0.680007,-0.00400617,-0.676001
2672.4,-0.4035,-0.545531,-0.678337,-0.00414621,-0.674191
2673,-0.390503,-0.491281,-0.676335,-0.00429509,-0.67204
2673.6,-0.418514,-0.425652,-0.673319,-0.00393541,-0.669384
2674.2,-0.399993,-0.343702,-0.670218,-0.0041372,-0.666081
2674.8,-0.421005,-0.237329,-0.665626,-0.00386072,-0.661765
2675.4,-0.425512,-0.0907174,-0.65964,-0.00377474,-0.655865
2676,-0.419513,0.13017,-0.650859,-0.00379074,-0.647069
2676.6,-0.430019,0.510226,-0.635824,-0.00358937,-0.632235
2677.2,-0.441509,1.20998,-0.607774,-0.00331587,-0.604458
2677.8,-0.43251,1.65284,-0.581577,-0.00325837,-0.578318
2678.4,-0.421513,0.535766,-0.618448,-0.00357917,-0.614868
2679,-0.4055,-0.817525,-0.687278,-0.0041699,-0.683109
2679.6,-0.412007,-0.906922,-0.694752,-0.00413424,-0.690618
2680.2,-0.427512,-0.900155,-0.694471,-0.00394656,-0.690524
2680.8,-0.406008,-0.890778,-0.694468,-0.00420499,-0.690263
2681.4,-0.431019,-0.880759,-0.693866,-0.00390085,-0.689965
2682,-0.394994,-0.869988,-0.693996,-0.00433947,-0.689656
2682.6,-0.415006,-0.858469,-0.693383,-0.00408565,-0.689297
2683.2,-0.409007,-0.846076,-0.693039,-0.00415604,-0.688883
2683.8,-0.388995,-0.832665,-0.692861,-0.00440735,-0.688454
2684.4,-0.382997,-0.818167,-0.692463,-0.00448264,-0.687981
2685,-0.357494,-0.802394,-0.692297,-0.00483101,-0.687466
2685.6,-0.383996,-0.785224,-0.691339,-0.00446015,-0.686879
2686.2,-0.344972,-0.766374,-0.691242,-0.00500291,-0.686239
2686.8,-0.378489,-0.745644,-0.690054,-0.00452262,-0.685531
2687.4,-0.357494,-0.722655,-0.689542,-0.00480702,-0.684735
2688,-0.355478,-0.697067,-0.688644,-0.00482819,-0.683816
2688.6,-0.381489,-0.66838,-0.687186,-0.00446088,-0.682725
2689.2,-0.358494,-0.635828,-0.68626,-0.00476683,-0.681493
2689.8,-0.363984,-0.598573,-0.684734,-0.00467875,-0.680055
2690.4,-0.397993,-0.555397,-0.682577,-0.00421725,-0.678359
2691,-0.375998,-0.504475,-0.680832,-0.00448808,-0.676344
2691.6,-0.420513,-0.443328,-0.677793,-0.00391631,-0.673876
2692.2,-0.365492,-0.367701,-0.675441,-0.00459107,-0.67085
2692.8,-0.418514,-0.271023,-0.67083,-0.00389754,-0.666933
2693.4,-0.421005,-0.140675,-0.665507,-0.0038375,-0.661669
2694,-0.414006,0.0490096,-0.65791,-0.00387257,-0.654037
2694.6,-0.407008,0.359663,-0.645664,-0.00387935,-0.641785
2695.2,-0.4045,0.936202,-0.622993,-0.00377041,-0.619222
2695.8,-0.396994,1.63922,-0.589948,-0.00365002,-0.586298
2696.4,-0.363984,1.09046,-0.602365,-0.00410792,-0.598257
2697,-0.392994,-0.59057,-0.675905,-0.00423019,-0.671674
2697.6,-0.383996,-0.901453,-0.698765,-0.00449048,-0.694274
2698.2,-0.408499,-0.901232,-0.698863,-0.00417658,-0.694686
2698.8,-0.423004,-0.892927,-0.69843,-0.00399805,-0.694432
2699.4,-0.425004,-0.883892,-0.698122,-0.00397209,-0.694149
2700,-0.379997,-0.874209,-0.698382,-0.00453859,-0.693844
2700.6,-0.387996,-0.863831,-0.697974,-0.00442902,-0.693545
2701.2,-0.371491,-0.8527,-0.697857,-0.00464862,-0.693208
2701.8,-0.363493,-0.840728,-0.697593,-0.00475694,-0.692836
2702.4,-0.4075,-0.827848,-0.696575,-0.00416995,-0.692405
2703,-0.411007,-0.813917,-0.69601,-0.00412307,-0.691887
2703.6,-0.389995,-0.798727,-0.695726,-0.00438492,-0.691341
2704.2,-0.377998,-0.782163,-0.695305,-0.00453953,-0.690765
2704.8,-0.379997,-0.764038,-0.694637,-0.00450751,-0.69013
2705.4,-0.405008,-0.744132,-0.693578,-0.00417909,-0.689398
2706,-0.347988,-0.722037,-0.693539,-0.00494452,-0.688594
2706.6,-0.413498,-0.697558,-0.691719,-0.00406298,-0.687656
2707.2,-0.337482,-0.669998,-0.691686,-0.00508472,-0.686601
2707.8,-0.367492,-0.638851,-0.690087,-0.00464183,-0.685445
2708.4,-0.414498,-0.603386,-0.68807,-0.00402712,-0.684043
2709,-0.383996,-0.562306,-0.686821,-0.0043984,-0.682423
2709.6,-0.373999,-0.514151,-0.685005,-0.00451751,-0.680488
2710.2,-0.425004,-0.456635,-0.682016,-0.00386746,-0.678149
2710.8,-0.395502,-0.386156,-0.679478,-0.00420383,-0.675274
2711.4,-0.4055,-0.297065,-0.675655,-0.00405798,-0.671597
2712,-0.387996,-0.178916,-0.671028,-0.00424357,-0.666784
2712.6,-0.37549,-0.0113995,-0.66438,-0.00435886,-0.660021
2713.2,-0.379997,0.251917,-0.653755,-0.00423164,-0.649523
2713.8,-0.4065,0.725922,-0.63468,-0.00379815,-0.630882
2714.4,-0.383996,1.48288,-0.60241,-0.00385254,-0.598558
2715,-0.364984,1.42563,-0.594465,-0.00402081,-0.590445
2715.6,-0.425512,-0.155884,-0.655347,-0.0037058,-0.651641
2716.2,-0.369491,-0.882792,-0.701071,-0.00467819,-0.696393
2716.8,-0.427003,-0.901041,-0.702197,-0.00395257,-0.698245
2717.4,-0.394502,-0.893955,-0.702407,-0.00435223,-0.698054
2718,-0.411007,-0.885896,-0.701923,-0.00414156,-0.697782
2718.6,-0.369983,-0.877273,-0.702166,-0.00467663,-0.69749
2719.2,-0.382489,-0.868064,-0.701676,-0.00450332,-0.697173
2719.8,-0.358985,-0.85818,-0.70167,-0.0048263,-0.696843
2720.4,-0.355478,-0.847541,-0.701395,-0.00487364,-0.696521
2721,-0.330975,-0.836115,-0.701406,-0.00523795,-0.696168
2721.6,-0.362493,-0.823816,-0.700527,-0.00476602,-0.695761
2722.2,-0.370491,-0.810497,-0.699953,-0.00465016,-0.695303
2722.8,-0.34748,-0.795998,-0.699786,-0.00497485,-0.694811
2723.4,-0.34548,-0.78022,-0.699264,-0.00499957,-0.694264
2724,-0.340481,-0.762899,-0.698763,-0.00506889,-0.693694
2724.6,-0.34648,-0.743909,-0.69801,-0.00497345,-0.693036
2725.2,-0.332975,-0.722928,-0.697451,-0.00517027,-0.69228
2725.8,-0.364492,-0.699626,-0.69612,-0.00470117,-0.691419
2726.4,-0.324976,-0.67353,-0.695725,-0.00527823,-0.690447
2727,-0.371491,-0.644159,-0.693896,-0.00458842,-0.689308
2727.6,-0.352987,-0.610679,-0.692854,-0.00483775,-0.688016
2728.2,-0.298457,-0.572097,-0.692192,-0.00567436,-0.686518
2728.8,-0.357986,-0.527124,-0.689504,-0.00474154,-0.684763
2729.4,-0.353478,-0.473796,-0.687411,-0.00478948,-0.682622
2730,-0.37549,-0.409144,-0.684445,-0.004468,-0.679977
2730.6,-0.361985,-0.328386,-0.681296,-0.00462764,-0.676668
2731.2,-0.393503,-0.223488,-0.676541,-0.00418611,-0.672355
2731.8,-0.413007,-0.079127,-0.670348,-0.00391478,-0.666434
2732.4,-0.372491,0.137786,-0.662035,-0.00435747,-0.657678
2733,-0.344972,0.507783,-0.647637,-0.00462254,-0.643015
2733.6,-0.401009,1.18032,-0.619583,-0.00374724,-0.615836
2734.2,-0.37749,1.63245,-0.593331,-0.00384629,-0.589485
2734.8,-0.399993,0.585649,-0.62757,-0.00380589,-0.623764
2735.4,-0.383996,-0.793389,-0.69775,-0.00443585,-0.693314
2736,-0.371491,-0.899075,-0.706744,-0.0046613,-0.702083
2736.6,-0.328467,-0.89477,-0.707423,-0.00529635,-0.702127
2737.2,-0.37549,-0.887731,-0.706514,-0.00460362,-0.701911
2737.8,-0.371983,-0.880101,-0.706328,-0.00464967,-0.701679
2738.4,-0.405008,-0.872016,-0.705612,-0.00421248,-0.701399
2739,-0.333483,-0.863279,-0.706332,-0.00520784,-0.701124
2739.6,-0.34648,-0.853952,-0.705858,-0.00500767,-0.70085
2740.2,-0.352987,-0.843981,-0.705435,-0.00490873,-0.700526
2740.8,-0.330975,-0.833176,-0.705436,-0.00523693,-0.700199
2741.4,-0.322977,-0.821537,-0.705219,-0.00535891,-0.69986
2742,-0.331975,-0.809,-0.704665,-0.00521353,-0.699451
2742.6,-0.346988,-0.795345,-0.704007,-0.00498187,-0.699025
2743.2,-0.314962,-0.780527,-0.703976,-0.00547393,-0.698502
2743.8,-0.341481,-0.764246,-0.703035,-0.00505422,-0.697981
2744.4,-0.332975,-0.746436,-0.702574,-0.0051778,-0.697396
2745,-0.305964,-0.726759,-0.702333,-0.00560323,-0.69673
2745.6,-0.31847,-0.705003,-0.701343,-0.00539172,-0.695951
2746.2,-0.302965,-0.680631,-0.700737,-0.00563704,-0.6951
2746.8,-0.309963,-0.65322,-0.699675,-0.00551171,-0.694163
2747.4,-0.292459,-0.622223,-0.698841,-0.0057943,-0.693047
2748,-0.294458,-0.586766,-0.697457,-0.00574727,-0.69171
2748.6,-0.315962,-0.54567,-0.695509,-0.00537812,-0.690131
2749.2,-0.328975,-0.49732,-0.693397,-0.00515863,-0.688238
2749.8,-0.271955,-0.439336,-0.692029,-0.00608745,-0.685941
2750.4,-0.328467,-0.368216,-0.688171,-0.00512486,-0.683047
2751,-0.351479,-0.277827,-0.684106,-0.00475927,-0.679347
2751.6,-0.343989,-0.157489,-0.679239,-0.00483003,-0.674409
2752.2,-0.323468,0.0142217,-0.672483,-0.00507918,-0.667404
2752.8,-0.297458,0.286469,-0.66188,-0.00539556,-0.656484
2753.4,-0.312963,0.777642,-0.641991,-0.00499856,-0.636992
2754,-0.327468,1.51363,-0.609074,-0.00454283,-0.604532
2754.6,-0.304964,1.34417,-0.605969,-0.00482832,-0.601141
2755.2,-0.281461,-0.268737,-0.672048,-0.00573649,-0.666311
2755.8,-0.302457,-0.881565,-0.711766,-0.00571017,-0.706056
2756.4,-0.31547,-0.895656,-0.713123,-0.00550487,-0.707619
2757,-0.348479,-0.889842,-0.712484,-0.0049891,-0.707495
2757.6,-0.307964,-0.883107,-0.712988,-0.00562464,-0.707363
2758.2,-0.334482,-0.875995,-0.712412,-0.00519645,-0.707215
2758.8,-0.289951,-0.868348,-0.712976,-0.00592796,-0.707048
2759.4,-0.310963,-0.860234,-0.712409,-0.00556685,-0.706842
2760,-0.304456,-0.851479,-0.712325,-0.0056723,-0.706653
2760.6,-0.275954,-0.842057,-0.712624,-0.00616906,-0.706455
2761.2,-0.270447,-0.831934,-0.712502,-0.00626663,-0.706235
2761.8,-0.266448,-0.821022,-0.712314,-0.00633704,-0.705977
2762.4,-0.278462,-0.809252,-0.711796,-0.00611084,-0.705686
2763,-0.308963,-0.796566,-0.710879,-0.00557778,-0.705301
2763.6,-0.269447,-0.782615,-0.711187,-0.00626591,-0.704922
2764.2,-0.25845,-0.767473,-0.710939,-0.00646737,-0.704471
2764.8,-0.256942,-0.75084,-0.710475,-0.00648957,-0.703986
2765.4,-0.243945,-0.732553,-0.710153,-0.00673657,-0.703417
2766,-0.237946,-0.712256,-0.709656,-0.00684858,-0.702808
2766.6,-0.25745,-0.689824,-0.708523,-0.00645514,-0.702068
2767.2,-0.242945,-0.664664,-0.707928,-0.00672792,-0.701201
2767.8,-0.251943,-0.636255,-0.70674,-0.00653936,-0.700201
2768.4,-0.240945,-0.603906,-0.705794,-0.00674218,-0.699052
2769,-0.230439,-0.566664,-0.70464,-0.00693895,-0.697701
2769.6,-0.230931,-0.523306,-0.702987,-0.00691007,-0.696077
2770.2,-0.214426,-0.471881,-0.701357,-0.00723255,-0.694125
2770.8,-0.244944,-0.409755,-0.698278,-0.00658231,-0.691696
2771.4,-0.237438,-0.332633,-0.695285,-0.00669786,-0.688587
2772,-0.244436,-0.232977,-0.691073,-0.0065198,-0.684553
2772.6,-0.238946,-0.0973117,-0.6856,-0.00657094,-0.679029
2773.2,-0.223933,0.103163,-0.67772,-0.00678475,-0.670935
2773.8,-0.242437,0.43592,-0.663848,-0.00629292,-0.657556
2774.4,-0.228932,1.04388,-0.639262,-0.00630221,-0.63296
2775,-0.238438,1.62848,-0.608526,-0.00583227,-0.602694
2775.6,-0.214935,0.869422,-0.631359,-0.00648001,-0.624879
2776.2,-0.223933,-0.690397,-0.706328,-0.00705851,-0.69927
2776.8,-0.215426,-0.89217,-0.722609,-0.00740098,-0.715208
2777.4,-0.231439,-0.891525,-0.722695,-0.00706022,-0.715635
2778,-0.207936,-0.885643,-0.723212,-0.00756584,-0.715646
2778.6,-0.211935,-0.879324,-0.723105,-0.00747396,-0.715631
2779.2,-0.218426,-0.872564,-0.722924,-0.00732876,-0.715595
2779.8,-0.199921,-0.865284,-0.7233,-0.00773741,-0.715562
2780.4,-0.172419,-0.857487,-0.72391,-0.00838815,-0.715521
2781,-0.197922,-0.849162,-0.72325,-0.00777544,-0.715475
2781.6,-0.1479,-0.840088,-0.724444,-0.00900761,-0.715436
2782.2,-0.195431,-0.830545,-0.72315,-0.00782381,-0.715326
2782.8,-0.193415,-0.820137,-0.723059,-0.00786545,-0.715193
2783.4,-0.181925,-0.808908,-0.72314,-0.00813129,-0.715009
2784,-0.129904,-0.796609,-0.724303,-0.00947249,-0.714831
2784.6,-0.164421,-0.783379,-0.723123,-0.00854887,-0.714574
2785.2,-0.1459,-0.768826,-0.723333,-0.00902064,-0.714313
2785.8,-0.156406,-0.752969,-0.722717,-0.0087368,-0.71398
2786.4,-0.135394,-0.735481,-0.722862,-0.00928496,-0.713577
2787,-0.105384,-0.716159,-0.723233,-0.0101304,-0.713102
2787.6,-0.11889,-0.694718,-0.722264,-0.00972262,-0.712541
2788.2,-0.106892,-0.670784,-0.721914,-0.010057,-0.711857
2788.8,-0.135394,-0.643883,-0.720259,-0.00923192,-0.711028
2789.4,-0.146408,-0.613423,-0.718934,-0.00892003,-0.710014
2790,-0.141901,-0.578392,-0.717848,-0.00901952,-0.708828
2790.6,-0.139902,-0.53788,-0.716426,-0.00904986,-0.707376
2791.2,-0.144409,-0.490138,-0.714519,-0.00890376,-0.705615
2791.8,-0.142901,-0.432996,-0.712321,-0.00891149,-0.703409
2792.4,-0.11789,-0.362552,-0.710229,-0.00955061,-0.700678
2793,-0.128396,-0.273103,-0.706362,-0.00920805,-0.697154
2793.6,-0.153915,-0.154396,-0.700835,-0.0084779,-0.692357
2794.2,-0.129396,0.0145373,-0.694486,-0.0090182,-0.685468
2794.8,-0.123889,0.280805,-0.683649,-0.00901635,-0.674633
2795.4,-0.118398,0.757328,-0.664236,-0.0088967,-0.655339
2796,-0.1479,1.48229,-0.630655,-0.00774858,-0.622907
2796.6,-0.112399,1.36775,-0.626011,-0.00852387,-0.617487
2797.2,-0.104385,-0.20214,-0.691504,-0.00963242,-0.681871
2797.8,-0.113891,-0.872793,-0.735627,-0.00996352,-0.725663
2798.4,-0.0938787,-0.891144,-0.738425,-0.0105936,-0.727831
2799,-0.107384,-0.88607,-0.738186,-0.0101782,-0.728008
2799.6,-0.073375,-0.880023,-0.7394,-0.0112439,-0.728156
2800.2,-0.0408738,-0.873523,-0.740667,-0.0123632,-0.728304
2800.8,-0.0773741,-0.866695,-0.739558,-0.0111034,-0.728454
2801.4,-0.0503635,-0.859231,-0.7406,-0.0120135,-0.728586
2802,-0.0453646,-0.851306,-0.740881,-0.0121847,-0.728697
2802.6,-0.0523631,-0.842865,-0.740695,-0.0119311,-0.728764
2803.2,-0.0433651,-0.833672,-0.741056,-0.0122429,-0.728813
2803.8,-0.0218615,-0.823679,-0.741884,-0.0130302,-0.728854
2804.4,-0.0313677,-0.812978,-0.74153,-0.0126643,-0.728865
2805,-0.00735644,-0.80132,-0.742408,-0.0135757,-0.728832
2805.6,-0.00935601,-0.788623,-0.742261,-0.0134859,-0.728775
2806.2,0.00265779,-0.774767,-0.742627,-0.0139555,-0.728671
2806.8,0.00865649,-0.759629,-0.742718,-0.0141886,-0.72853
2807.4,0.0326677,-0.74297,-0.743507,-0.0152016,-0.728306
2808,0.0376666,-0.724531,-0.743441,-0.0154066,-0.728034
2808.6,0.0611697,-0.704084,-0.744158,-0.0164754,-0.727683
2809.2,0.0686763,-0.681284,-0.744049,-0.0168144,-0.727235
2809.8,0.0611697,-0.655687,-0.743094,-0.0164255,-0.726669
2810.4,0.0436653,-0.626765,-0.741531,-0.0155823,-0.725949
2811,0.0846892,-0.593665,-0.742564,-0.0175174,-0.725046
2811.6,0.182226,-0.554716,-0.747133,-0.0231473,-0.723986
2812.2,0.602872,-0.501395,-0.796056,-0.0731499,-0.722906
2812.8,0.841968,-0.427681,-0.851111,-0.129747,-0.721364
2813.4,0.853474,-0.338132,-0.851501,-0.132361,-0.71914
2814,0.811958,-0.228419,-0.835715,-0.119723,-0.715992
2814.6,0.677397,-0.0827119,-0.797131,-0.0860281,-0.711103
2815.2,0.583368,0.130127,-0.770087,-0.06687,-0.703217
2815.8,0.473818,0.488344,-0.738053,-0.0489523,-0.689101
2816.4,0.428304,1.13642,-0.703606,-0.0415059,-0.6621
2817,0.362777,1.62688,-0.66678,-0.0331196,-0.633661
2817.6,0.308264,0.674478,-0.696683,-0.0298952,-0.666788
2818.2,0.268748,-0.761198,-0.7732,-0.0297864,-0.743413
2818.8,0.212727,-0.892587,-0.781227,-0.02579,-0.755437
2819.4,0.194731,-0.889423,-0.780657,-0.0244974,-0.756159
2820,0.222233,-0.882618,-0.783048,-0.0264871,-0.756561
2820.6,0.19873,-0.875367,-0.781675,-0.0247576,-0.756918
2821.2,0.228232,-0.867494,-0.784159,-0.026918,-0.757241
2821.8,0.203221,-0.859118,-0.782586,-0.025052,-0.757534
2822.4,0.212727,-0.850099,-0.783518,-0.0257267,-0.757791
2823,0.20822,-0.840488,-0.783386,-0.0253828,-0.758003
2823.6,0.213727,-0.829937,-0.78394,-0.0257678,-0.758173
2824.2,0.249736,-0.818276,-0.786863,-0.0285261,-0.758337
2824.8,0.237738,-0.80593,-0.785998,-0.0275496,-0.758448
2825.4,0.254243,-0.79229,-0.787353,-0.0288461,-0.758507
2826,0.261241,-0.777542,-0.787907,-0.0293966,-0.75851
2826.6,0.254751,-0.761382,-0.787266,-0.0288319,-0.758434
2827.2,0.284761,-0.743319,-0.789656,-0.031349,-0.758307
2827.8,0.273255,-0.723563,-0.788398,-0.0303099,-0.758088
2828.4,0.305773,-0.701349,-0.790945,-0.0331712,-0.757774
2829,0.305265,-0.67653,-0.790414,-0.0330724,-0.757341
2829.6,0.330276,-0.648659,-0.792179,-0.0354114,-0.756768
2830.2,0.283253,-0.617089,-0.786965,-0.0309703,-0.755995
2830.8,0.307772,-0.58097,-0.788115,-0.0331077,-0.755008
2831.4,0.298758,-0.538968,-0.785908,-0.0321949,-0.753713
2832,0.301265,-0.489224,-0.784395,-0.0323218,-0.752074
2832.6,0.328276,-0.42904,-0.78471,-0.0347331,-0.749977
2833.2,0.31777,-0.354572,-0.780796,-0.0335698,-0.747226
2833.8,0.338782,-0.259303,-0.778925,-0.0353897,-0.743535
2834.4,0.340273,-0.130741,-0.773609,-0.0352537,-0.738356
2835,0.395802,0.0560232,-0.77128,-0.0406465,-0.730633
2835.6,0.548851,0.363764,-0.778088,-0.0602447,-0.717843
2836.2,0.89948,0.964213,-0.827925,-0.134972,-0.692952
2836.8,1.07805,1.69805,-0.836062,-0.180662,-0.6554
2837.4,1.06754,1.06312,-0.85561,-0.181845,-0.673766
2838,0.977021,-0.652965,-0.934184,-0.17279,-0.761394
2838.6,0.87147,-0.919458,-0.928246,-0.142737,-0.785508
2839.2,0.757429,-0.91897,-0.897249,-0.110081,-0.787168
2839.8,0.656893,-0.913008,-0.874202,-0.0860867,-0.788116
2840.4,0.584368,-0.90615,-0.860391,-0.0715163,-0.788875
2841,0.527856,-0.898999,-0.851154,-0.0616466,-0.789508
2841.6,0.488831,-0.891523,-0.845566,-0.0555317,-0.790034
2842.2,0.426304,-0.883934,-0.837307,-0.0468602,-0.790447
2842.8,0.351287,-0.876184,-0.828827,-0.0380844,-0.790743
2843.4,0.362285,-0.867199,-0.830194,-0.0392445,-0.790949
2844,0.316262,-0.857982,-0.825601,-0.034497,-0.791104
2844.6,0.304265,-0.848031,-0.824508,-0.0333346,-0.791174
2845.2,0.362777,-0.836517,-0.830442,-0.0392233,-0.791219
2845.8,0.338782,-0.82474,-0.827888,-0.0366631,-0.791225
2846.4,0.366284,-0.811612,-0.830723,-0.0395454,-0.791177
2847,0.369284,-0.797499,-0.830909,-0.0398405,-0.791068
2847.6,0.394803,-0.781621,-0.833616,-0.0427082,-0.790907
2848.2,0.4078,-0.764409,-0.834903,-0.0442146,-0.790689
2848.8,0.392803,-0.745748,-0.832756,-0.0423784,-0.790377
2849.4,0.387788,-0.724832,-0.831715,-0.0417417,-0.789974
2850,0.423813,-0.70105,-0.835482,-0.0460146,-0.789467
2850.6,0.421813,-0.674971,-0.834515,-0.0456892,-0.788826
2851.2,0.404292,-0.645221,-0.831469,-0.0434649,-0.788004
2851.8,0.400801,-0.611588,-0.829961,-0.0429594,-0.787001
2852.4,0.435318,-0.572725,-0.832846,-0.0471032,-0.785743
2853,0.472327,-0.526601,-0.836087,-0.0519245,-0.784162
2853.6,0.450315,-0.472587,-0.830919,-0.0487574,-0.782161
2854.2,0.431319,-0.407132,-0.825705,-0.0461117,-0.779593
2854.8,0.448316,-0.324698,-0.824282,-0.0480471,-0.776235
2855.4,0.444316,-0.217623,-0.818911,-0.0472115,-0.771699
2856,0.46582,-0.0687614,-0.814829,-0.0495839,-0.765245
2856.6,0.483324,0.156904,-0.806574,-0.0512593,-0.755314
2857.2,0.498338,0.546213,-0.790214,-0.0521026,-0.738111
2857.8,0.525348,1.24721,-0.759339,-0.0534892,-0.70585
2858.4,0.680905,1.61826,-0.755739,-0.0766529,-0.679086
2859,1.02403,0.476661,-0.899421,-0.174225,-0.725195
2859.6,1.22512,-0.779822,-1.07089,-0.268906,-0.801987
2860.2,1.26812,-0.852544,-1.09951,-0.288235,-0.81127
2860.8,1.16308,-0.83537,-1.05895,-0.246871,-0.812076
2861.4,1.02454,-0.81876,-1.00657,-0.193885,-0.812681
2862,0.963516,-0.800443,-0.985063,-0.171955,-0.813108
2862.6,0.837461,-0.783421,-0.9447,-0.131314,-0.813386
2863.2,0.775933,-0.764318,-0.927363,-0.113891,-0.813472
2863.8,0.674906,-0.744465,-0.902457,-0.0891061,-0.813351
2864.4,0.641389,-0.721927,-0.894846,-0.0818118,-0.813034
2865,0.566356,-0.697204,-0.879859,-0.0673591,-0.8125
2865.6,0.572862,-0.669167,-0.880182,-0.0683933,-0.811789
2866.2,0.572862,-0.637248,-0.879081,-0.0682573,-0.810823
2866.8,0.554358,-0.601153,-0.874516,-0.064889,-0.809627
2867.4,0.561357,-0.559399,-0.874042,-0.0659176,-0.808124
2868,0.519841,-0.511085,-0.86514,-0.058907,-0.806233
2868.6,0.545852,-0.45183,-0.866697,-0.0628659,-0.803831
2869.2,0.57537,-0.378814,-0.868375,-0.0676039,-0.800771
2869.8,0.593366,-0.284953,-0.867134,-0.0704171,-0.796717
2870.4,0.587368,-0.160733,-0.859988,-0.068799,-0.791189
2871,0.566864,0.0163209,-0.847645,-0.0645164,-0.783128
2871.6,0.602381,0.300783,-0.839656,-0.0695095,-0.770147
2872.2,0.579861,0.819394,-0.809845,-0.0635051,-0.74634
2872.8,0.626376,1.56422,-0.775239,-0.0677897,-0.70745
2873.4,0.615886,1.28626,-0.774911,-0.0660757,-0.708835
2874,0.646896,-0.376737,-0.870248,-0.0796681,-0.79058
2874.6,0.643896,-0.885554,-0.914722,-0.0831034,-0.831618
2875.2,0.6664,-0.890599,-0.921355,-0.0880377,-0.833317
2875.8,0.683412,-0.879688,-0.925263,-0.0917789,-0.833484
2876.4,0.690903,-0.868276,-0.927051,-0.0934275,-0.833624
2877,0.702408,-0.855111,-0.9297,-0.0960267,-0.833673
2877.6,0.937505,-0.834324,-0.997049,-0.163447,-0.833602
2878.2,1.27863,-0.797517,-1.12447,-0.291386,-0.833083
2878.8,1.40917,-0.758014,-1.17167,-0.339154,-0.832513
2879.4,1.37366,-0.720617,-1.15765,-0.325598,-0.832054
2880,1.28314,-0.684043,-1.12257,-0.291012,-0.831563
2880.6,1.12256,-0.647947,-1.05931,-0.228419,-0.830891
2881.2,1.03004,-0.608249,-1.02332,-0.193351,-0.829969
2881.8,0.95101,-0.563543,-0.993857,-0.165197,-0.82866
2882.4,0.843968,-0.513347,-0.957905,-0.131011,-0.826893
2883,0.816957,-0.451014,-0.947274,-0.122791,-0.824483
2883.6,0.748431,-0.375695,-0.925456,-0.104159,-0.821297
2884.2,0.738433,-0.279862,-0.918169,-0.101094,-0.817075
2884.8,0.741433,-0.14976,-0.912132,-0.101004,-0.811128
2885.4,0.717421,0.0372918,-0.896588,-0.0942224,-0.802366
2886,0.715914,0.339976,-0.880272,-0.0921486,-0.788123
2886.6,0.702408,0.902854,-0.847623,-0.0860919,-0.761531
2887.2,0.678905,1.62083,-0.79822,-0.0769053,-0.721315
2887.8,0.734418,1.14743,-0.821969,-0.0893931,-0.732576
2888.4,0.708407,-0.529012,-0.915226,-0.0940196,-0.821207
2889,0.741433,-0.888546,-0.95876,-0.105708,-0.853052
2889.6,0.743924,-0.887326,-0.960462,-0.106391,-0.854071
2890.2,0.734926,-0.8755,-0.958108,-0.104043,-0.854065
2890.8,0.743432,-0.862886,-0.96011,-0.106106,-0.854004
2891.4,0.772442,-0.84843,-0.967432,-0.113559,-0.853872
2892,0.779949,-0.832931,-0.969141,-0.115463,-0.853678
2892.6,0.806959,-0.815038,-0.976163,-0.122779,-0.853384
2893.2,0.80596,-0.79595,-0.975376,-0.122351,-0.853025
2893.8,0.83397,-0.774518,-0.98279,-0.130222,-0.852568
2894.4,0.887991,-0.749546,-0.998439,-0.146456,-0.851983
2895,0.898989,-0.721373,-1.00089,-0.149684,-0.851205
2895.6,1.16359,-0.679389,-1.0948,-0.244734,-0.850063
2896.2,1.46619,-0.615934,-1.20367,-0.355669,-0.848002
2896.8,1.57024,-0.544509,-1.23177,-0.386197,-0.845571
2897.4,1.50871,-0.46607,-1.20867,-0.365907,-0.842758
2898,1.40517,-0.37578,-1.16902,-0.329763,-0.839259
2898.6,1.23211,-0.267565,-1.09901,-0.264384,-0.83463
2899.2,1.10406,-0.127248,-1.04259,-0.214308,-0.828285
2899.8,1.02554,0.0798215,-1.00226,-0.183699,-0.81856
2900.4,0.956501,0.426029,-0.959178,-0.157132,-0.802045
2901,0.876977,1.0699,-0.898315,-0.127654,-0.770661
2901.6,0.867471,1.67222,-0.851021,-0.118725,-0.732296
2902.2,0.853966,0.835157,-0.883342,-0.120043,-0.763299
2902.8,0.811958,-0.726184,-0.978324,-0.122389,-0.855934
2903.4,0.84146,-0.896642,-1.00671,-0.133412,-0.873298
2904,0.831954,-0.888628,-1.00414,-0.130558,-0.873581
2904.6,0.797453,-0.876841,-0.993999,-0.120584,-0.873415
2905.2,0.81445,-0.86297,-0.99843,-0.125276,-0.873154
2905.8,0.847459,-0.846687,-1.00761,-0.134817,-0.872788
2906.4,0.859473,-0.829301,-1.0107,-0.138305,-0.872396
2907,0.896989,-0.81017,-1.02182,-0.149876,-0.871947
2907.6,0.889483,-0.788917,-1.01862,-0.147281,-0.871339
2908.2,0.913986,-0.765282,-1.02562,-0.154946,-0.870674
2908.8,0.947011,-0.738538,-1.0355,-0.165665,-0.869839
2909.4,0.960008,-0.708006,-1.03857,-0.16977,-0.868797
2910,1.00203,-0.673637,-1.05169,-0.184081,-0.867614
2910.6,1.01503,-0.633242,-1.05432,-0.188252,-0.866071
2911.2,1.05854,-0.58517,-1.06769,-0.203515,-0.864177
2911.8,1.38267,-0.511286,-1.186,-0.324683,-0.861314
2912.4,1.66077,-0.40506,-1.2637,-0.406877,-0.856826
2913,1.7098,-0.276052,-1.2662,-0.414993,-0.851206
2913.6,1.53672,-0.107832,-1.20969,-0.366237,-0.843451
2914.2,1.37267,0.136547,-1.1402,-0.308395,-0.831806
2914.8,1.17259,0.548104,-1.04182,-0.230032,-0.81179
2915.4,1.02303,1.27852,-0.943955,-0.169388,-0.774568
2916,0.933506,1.62124,-0.881924,-0.136453,-0.745471
2916.6,0.852474,0.371083,-0.923951,-0.123137,-0.800814
2917.2,0.791455,-0.837744,-1.00107,-0.118159,-0.882909
2917.8,0.806451,-0.898356,-1.01331,-0.123263,-0.890046
2918.4,0.758937,-0.889722,-1.00019,-0.110279,-0.889911
2919,0.762428,-0.877348,-1.00061,-0.111107,-0.889498
2919.6,0.787439,-0.864594,-1.00684,-0.117729,-0.889106
2920.2,0.808959,-0.849669,-1.01218,-0.12361,-0.888575
2920.8,0.816957,-0.833707,-1.01379,-0.125764,-0.888021
2921.4,0.797945,-0.816611,-1.00763,-0.120266,-0.887369
2922,0.837969,-0.795912,-1.01817,-0.131567,-0.886602
2922.6,0.87147,-0.773815,-1.02731,-0.141507,-0.885801
2923.2,0.911494,-0.748009,-1.03878,-0.153967,-0.884815
2923.8,0.930998,-0.719464,-1.04378,-0.160097,-0.883679
2924.4,0.972514,-0.686622,-1.05622,-0.173852,-0.882373
2925,1.00102,-0.648461,-1.06421,-0.183426,-0.880783
2925.6,1.03753,-0.602767,-1.07483,-0.196021,-0.878812
2926.2,1.05505,-0.549028,-1.07818,-0.201762,-0.876421
2926.8,1.07905,-0.485087,-1.08333,-0.209808,-0.873525
2927.4,1.09506,-0.404235,-1.08441,-0.214687,-0.86972
2928,1.27963,-0.294127,-1.14741,-0.282769,-0.864645
2928.6,1.59125,-0.116616,-1.23822,-0.381937,-0.856285
2929.2,1.75231,0.168547,-1.25521,-0.412672,-0.842534
2929.8,1.7068,0.687996,-1.20794,-0.390642,-0.817297
2930.4,1.51872,1.571,-1.09333,-0.323518,-0.769811
2931,1.32014,1.48278,-1.01918,-0.259974,-0.759202
2931.6,1.12658,-0.265504,-1.06805,-0.219414,-0.848634
2932.2,0.987527,-0.931715,-1.0864,-0.181637,-0.904766
2932.8,0.932998,-0.941197,-1.06965,-0.162993,-0.906653
2933.4,0.836461,-0.93434,-1.03878,-0.132258,-0.906518
2934,0.807451,-0.926266,-1.03005,-0.123771,-0.906275
2934.6,0.763936,-0.917758,-1.01771,-0.111785,-0.905923
2935.2,0.777441,-0.907854,-1.02085,-0.115323,-0.905524
2935.8,0.740433,-0.898015,-1.01064,-0.105575,-0.905062
2936.4,0.783948,-0.885642,-1.02148,-0.116927,-0.904554
2937,0.81345,-0.872707,-1.02907,-0.125065,-0.904
2937.6,0.814958,-0.858936,-1.02878,-0.125388,-0.903395
2938.2,0.825955,-0.843332,-1.03115,-0.128434,-0.902711
2938.8,0.853966,-0.826549,-1.03862,-0.136609,-0.902006
2939.4,0.853474,-0.807979,-1.03747,-0.1363,-0.901175
2940,0.894482,-0.78713,-1.04915,-0.148858,-0.900291
2940.6,0.918493,-0.762853,-1.0556,-0.156395,-0.899206
2941.2,0.926999,-0.736474,-1.05697,-0.158938,-0.898035
2941.8,0.960008,-0.705794,-1.06643,-0.169744,-0.896681
2942.4,0.957517,-0.671719,-1.06363,-0.168529,-0.895103
2943,0.953502,-0.632929,-1.06004,-0.166757,-0.893284
2943.6,1.00102,-0.587533,-1.0739,-0.182727,-0.891168
2944.2,1.01203,-0.534091,-1.07459,-0.186019,-0.888574
2944.8,0.987019,-0.470528,-1.06188,-0.176507,-0.885377
2945.4,1.02454,-0.390594,-1.07017,-0.188789,-0.881381
2946,1.03704,-0.28867,-1.06823,-0.192041,-0.876191
2946.6,1.04755,-0.149019,-1.06313,-0.194115,-0.869012
2947.2,1.05555,0.0545444,-1.05307,-0.194517,-0.858551
2947.8,1.06605,0.394047,-1.03544,-0.194172,-0.841268
2948.4,1.08456,1.04149,-1.00093,-0.192693,-0.808233
2949,1.15057,1.70421,-0.968752,-0.20374,-0.765012
2949.6,1.4462,0.93953,-1.102,-0.3086,-0.793402
2950.2,1.63976,-0.66459,-1.29475,-0.403732,-0.89102
2950.8,1.63526,-0.866226,-1.32461,-0.411932,-0.912675
2951.4,1.51022,-0.848777,-1.28801,-0.375198,-0.912811
2952,1.35615,-0.826471,-1.23349,-0.321268,-0.912219
2952.6,1.21461,-0.806604,-1.17824,-0.266574,-0.911666
2953.2,1.08156,-0.787189,-1.12571,-0.214728,-0.910979
2953.8,0.970514,-0.768456,-1.08425,-0.174033,-0.910214
2954.4,0.916493,-0.746706,-1.06478,-0.155581,-0.9092
2955,0.851966,-0.722536,-1.04305,-0.13512,-0.907933
2955.6,0.816957,-0.695482,-1.03117,-0.124679,-0.906494
2956.2,0.792454,-0.665793,-1.0225,-0.117636,-0.904869
2956.8,0.749923,-0.632693,-1.00921,-0.106223,-0.902989
2957.4,0.738433,-0.594408,-1.00391,-0.103098,-0.900817
2958,0.759429,-0.548928,-1.00635,-0.108083,-0.898264
2958.6,0.747923,-0.496217,-1.0001,-0.104821,-0.895281
2959.2,0.713422,-0.432942,-0.987762,-0.0960733,-0.891689
2959.8,0.747431,-0.355121,-0.991132,-0.103781,-0.887351
2960.4,0.772442,-0.252648,-0.991097,-0.109411,-0.881686
2961,0.752938,-0.113794,-0.977648,-0.103581,-0.874067
2961.6,0.736925,0.0898262,-0.961539,-0.0984429,-0.863096
2962.2,0.746923,0.428691,-0.944045,-0.0987511,-0.845294
2962.8,0.688411,1.05039,-0.894978,-0.0823644,-0.812614
2963.4,0.742432,1.64538,-0.861929,-0.0893081,-0.772621
2964,0.674398,0.863379,-0.880307,-0.0785049,-0.801802
2964.6,0.730927,-0.698364,-0.998479,-0.100934,-0.897545
2965.2,0.750431,-0.888472,-1.02482,-0.108035,-0.916789
2965.8,0.738433,-0.88339,-1.02168,-0.104974,-0.916701
2966.4,0.784948,-0.872156,-1.0332,-0.117104,-0.916093
2967,0.713422,-0.861525,-1.01408,-0.0986799,-0.915399
2967.6,0.727927,-0.849401,-1.01683,-0.102137,-0.914689
2968.2,0.728927,-0.836372,-1.01622,-0.102301,-0.913922
2968.8,0.704408,-0.823425,-1.00942,-0.0963056,-0.913113
2969.4,0.713914,-0.809122,-1.01071,-0.09848,-0.912228
2970,0.681396,-0.793603,-1.00206,-0.0908308,-0.911233
2970.6,0.663892,-0.777425,-0.997076,-0.086872,-0.910204
2971.2,0.635882,-0.759466,-0.989902,-0.0808663,-0.909036
2971.8,0.646388,-0.739838,-0.990742,-0.0829423,-0.9078
2972.4,0.656893,-0.717239,-0.991436,-0.085042,-0.906394
2973,0.63639,-0.693611,-0.985554,-0.0806394,-0.904915
2973.6,0.626376,-0.667133,-0.98174,-0.0784853,-0.903254
2974.2,0.595874,-0.637828,-0.973849,-0.0724519,-0.901398
2974.8,0.622884,-0.603298,-0.976763,-0.0774809,-0.899283
2975.4,0.534854,-0.56591,-0.958411,-0.0615033,-0.896908
2976,0.52384,-0.521207,-0.953731,-0.0595695,-0.894162
2976.6,0.537346,-0.468762,-0.952528,-0.0615349,-0.890993
2977.2,0.514334,-0.405792,-0.944868,-0.0576673,-0.887201
2977.8,0.51535,-0.327802,-0.940127,-0.0575425,-0.882585
2978.4,0.471327,-0.227507,-0.927557,-0.0508219,-0.876735
2979,0.473327,-0.0910982,-0.919661,-0.0506648,-0.868996
2979.6,0.439809,0.109245,-0.903613,-0.0456961,-0.857917
2980.2,0.425304,0.440273,-0.88327,-0.0430363,-0.840234
2980.8,0.432811,1.03737,-0.850926,-0.0422933,-0.808633
2981.4,0.400293,1.60614,-0.80729,-0.0368775,-0.770412
2982,0.378298,0.868504,-0.833082,-0.0359298,-0.797152
2982.6,0.363285,-0.669062,-0.927997,-0.0384791,-0.889518
2983.2,0.353287,-0.879166,-0.947909,-0.0382912,-0.909617
2983.8,0.351287,-0.879128,-0.947488,-0.0380906,-0.909397
2984.4,0.313771,-0.873686,-0.942857,-0.0342897,-0.908568
2985,0.31677,-0.867752,-0.942263,-0.0345666,-0.907696
2985.6,0.287252,-0.861519,-0.938594,-0.0318025,-0.906791
2986.2,0.252243,-0.855293,-0.934635,-0.0287951,-0.90584
2986.8,0.247244,-0.848337,-0.933235,-0.0283774,-0.904857
2987.4,0.213235,-0.841263,-0.929579,-0.025749,-0.90383
2988,0.188716,-0.833725,-0.926754,-0.0239955,-0.902758
2988.6,0.17172,-0.825751,-0.924489,-0.0228434,-0.901646
2989.2,0.190224,-0.81713,-0.924565,-0.0240745,-0.900491
2989.8,0.125205,-0.808294,-0.919238,-0.0199602,-0.899277
2990.4,0.123697,-0.798806,-0.917856,-0.0198619,-0.897995
2991,0.0636774,-0.788646,-0.913325,-0.0166831,-0.896642
2991.6,0.0841812,-0.777674,-0.912924,-0.0176935,-0.895231
2992.2,0.0291603,-0.766006,-0.908805,-0.0150682,-0.893736
2992.8,0.0431572,-0.753215,-0.907866,-0.0156824,-0.892184
2993.4,-0.0128635,-0.739612,-0.903839,-0.0133071,-0.890532
2994,-0.0248609,-0.72468,-0.901622,-0.0128363,-0.888786
2994.6,-0.0423653,-0.708332,-0.899127,-0.0121826,-0.886945
2995.2,-0.0753745,-0.690452,-0.89604,-0.0110461,-0.884994
2995.8,-0.0698839,-0.670552,-0.894146,-0.0112116,-0.882934
2996.4,-0.1459,-0.648647,-0.889678,-0.00895263,-0.880726
2997,-0.121889,-0.623934,-0.887965,-0.00959403,-0.878371
2997.6,-0.158914,-0.596247,-0.884404,-0.00858732,-0.875816
2998.2,-0.127396,-0.564539,-0.882468,-0.00940462,-0.873063
2998.8,-0.16842,-0.528211,-0.878345,-0.00831423,-0.87003
2999.4,-0.156406,-0.485741,-0.875278,-0.00859131,-0.866686
3000,-0.172419,-0.435515,-0.871078,-0.00816902,-0.862909
3000.6,-0.189924,-0.374647,-0.866313,-0.00772788,-0.858585
3001.2,-0.193415,-0.299103,-0.861102,-0.00761245,-0.85349
3001.8,-0.200921,-0.201795,-0.854665,-0.00740022,-0.847264
3002.4,-0.215426,-0.0698623,-0.846301,-0.00703139,-0.83927
3003,-0.261449,0.122968,-0.834289,-0.00606267,-0.828226
3003.6,-0.265448,0.436605,-0.817137,-0.00587606,-0.81126
3004.2,-0.273447,0.988918,-0.787783,-0.00554024,-0.782243
3004.8,-0.28746,1.54871,-0.751452,-0.00507758,-0.746374
3005.4,-0.271955,0.941386,-0.770674,-0.00545768,-0.765217
3006,-0.306472,-0.587447,-0.855627,-0.00548066,-0.850146
3006.6,-0.311471,-0.861243,-0.879102,-0.00555599,-0.873546
3007.2,-0.335482,-0.86738,-0.878251,-0.00517789,-0.873073
3007.8,-0.354478,-0.865728,-0.876669,-0.00489329,-0.871776
3008.4,-0.399993,-0.863859,-0.87472,-0.00427333,-0.870446
3009,-0.412007,-0.86193,-0.873232,-0.00412275,-0.869109
3009.6,-0.400501,-0.859965,-0.872027,-0.00426584,-0.867761
3010.2,-0.438509,-0.858031,-0.870179,-0.00380902,-0.86637
3010.8,-0.443525,-0.856049,-0.868696,-0.00375208,-0.864944
3011.4,-0.466028,-0.854039,-0.86701,-0.00350834,-0.863501
3012,-0.511543,-0.851985,-0.86511,-0.00306278,-0.862047
3012.6,-0.474026,-0.849835,-0.864044,-0.00342479,-0.860619
3013.2,-0.503036,-0.847678,-0.862321,-0.00314062,-0.859181
3013.8,-0.51505,-0.845493,-0.860735,-0.00302967,-0.857705
3014.4,-0.55255,-0.843267,-0.858914,-0.0027086,-0.856205
3015,-0.562056,-0.84096,-0.857345,-0.00263245,-0.854712
3015.6,-0.551059,-0.838589,-0.855934,-0.00271988,-0.853214
3016.2,-0.558057,-0.836158,-0.854376,-0.00266325,-0.851712
3016.8,-0.566055,-0.833669,-0.852797,-0.00260002,-0.850197
3017.4,-0.571562,-0.83108,-0.851252,-0.00255721,-0.848695
3018,-0.562056,-0.828397,-0.849832,-0.00263037,-0.847202
3018.6,-0.588067,-0.825679,-0.848107,-0.00243342,-0.845673
3019.2,-0.601572,-0.822846,-0.84647,-0.00233682,-0.844133
3019.8,-0.646595,-0.819939,-0.844608,-0.00204236,-0.842565
3020.4,-0.608571,-0.816888,-0.843285,-0.00228762,-0.840997
3021,-0.628091,-0.813718,-0.841612,-0.00215761,-0.839454
3021.6,-0.646087,-0.810427,-0.839941,-0.00204424,-0.837897
3022.2,-0.637597,-0.806989,-0.838434,-0.00209631,-0.836338
3022.8,-0.653102,-0.803401,-0.836779,-0.00200095,-0.834778
3023.4,-0.653594,-0.799661,-0.835184,-0.00199754,-0.833186
3024,-0.660592,-0.795729,-0.833563,-0.00195571,-0.831608
3024.6,-0.6611,-0.791614,-0.83195,-0.00195224,-0.829997
3025.2,-0.686603,-0.787298,-0.830175,-0.00180846,-0.828366
3025.8,-0.706615,-0.782738,-0.828435,-0.00170293,-0.826732
3026.4,-0.718121,-0.777942,-0.826708,-0.00164484,-0.825064
3027,-0.716613,-0.772868,-0.825032,-0.00165175,-0.82338
3027.6,-0.674606,-0.767461,-0.823595,-0.00187216,-0.821723
3028.2,-0.748131,-0.761755,-0.821541,-0.00150211,-0.820039
3028.8,-0.714613,-0.75567,-0.819989,-0.00165987,-0.818329
3029.4,-0.735134,-0.749186,-0.818163,-0.00156043,-0.816603
3030,-0.767143,-0.74227,-0.816253,-0.00141732,-0.814836
3030.6,-0.794645,-0.734868,-0.814331,-0.00130476,-0.813027
3031.2,-0.803152,-0.726932,-0.812428,-0.00127133,-0.811157
3031.8,-0.80915,-0.718382,-0.810509,-0.00124804,-0.809261
3032.4,-0.777649,-0.709144,-0.80872,-0.00137061,-0.807349
3033,-0.790155,-0.699143,-0.806725,-0.00131944,-0.805405
3033.6,-0.825655,-0.688296,-0.804598,-0.00118564,-0.803412
3034.2,-0.83067,-0.676465,-0.80254,-0.00116711,-0.801373
3034.8,-0.838161,-0.66353,-0.800412,-0.0011403,-0.799272
3035.4,-0.83467,-0.649321,-0.798264,-0.00115126,-0.797113
3036,-0.83916,-0.633644,-0.796025,-0.00113476,-0.79489
3036.6,-0.884692,-0.616283,-0.79355,-0.00098908,-0.792561
3037.2,-0.86168,-0.596916,-0.791205,-0.00105834,-0.790147
3037.8,-0.89918,-0.575205,-0.788563,-0.000944643,-0.787619
3038.4,-0.883184,-0.550661,-0.785964,-0.000989463,-0.784975
3039,-0.874677,-0.522707,-0.783185,-0.0010132,-0.782172
3039.6,-0.911194,-0.490566,-0.780069,-0.000906422,-0.779163
3040.2,-0.896181,-0.453152,-0.776863,-0.000945873,-0.775917
3040.8,-0.864171,-0.408977,-0.773424,-0.00103812,-0.772386
3041.4,-0.879676,-0.355915,-0.769433,-0.000987729,-0.768445
3042,-0.886183,-0.290712,-0.764914,-0.000964707,-0.763949
3042.6,-0.908686,-0.208185,-0.759532,-0.000897178,-0.758634
3043.2,-0.924699,-0.0993621,-0.752952,-0.000849351,-0.752103
3043.8,-0.886691,0.0527362,-0.744596,-0.000942731,-0.743653
3044.4,-0.898688,0.283531,-0.732627,-0.000896479,-0.73173
3045,-0.950202,0.668653,-0.713744,-0.000749993,-0.712994
3045.6,-0.903196,1.2545,-0.6846,-0.000829451,-0.68377
3046.2,-0.897181,1.38565,-0.669035,-0.000826775,-0.668209
3046.8,-0.881184,0.231835,-0.71436,-0.000927664,-0.713433
3047.4,-0.932206,-0.763865,-0.772581,-0.000862801,-0.771718
3048,-0.930698,-0.838153,-0.777471,-0.000873731,-0.776597
3048.6,-0.941204,-0.843704,-0.776426,-0.000847051,-0.775579
3049.2,-0.958708,-0.847539,-0.775187,-0.000803978,-0.774383
3049.8,-0.915193,-0.851611,-0.774133,-0.000916129,-0.773216
3050.4,-0.965215,-0.856011,-0.772844,-0.000788876,-0.772055
3051,-0.939696,-0.860737,-0.771754,-0.000851791,-0.770902
3051.6,-0.992717,-0.865813,-0.770481,-0.000726932,-0.769754
3052.2,-0.987718,-0.871241,-0.769354,-0.00073815,-0.768616
3052.8,-0.973213,-0.877028,-0.76829,-0.00077121,-0.767519
3053.4,-0.992717,-0.883196,-0.767163,-0.00072772,-0.766435
3054,-0.992717,-0.889753,-0.766082,-0.000728018,-0.765354
3054.6,-1.03174,-0.896715,-0.764916,-0.000647967,-0.764268
3055.2,-1.02523,-0.90407,-0.763889,-0.000661026,-0.763228
3055.8,-1.00973,-0.911843,-0.762878,-0.000692794,-0.762185
3056.4,-1.05425,-0.920033,-0.761772,-0.000606596,-0.761166
3057,-1.03074,-0.928638,-0.760827,-0.000651205,-0.760176
3057.6,-1.03123,-0.937664,-0.759868,-0.000650612,-0.759218
3058.2,-1.01124,-0.947102,-0.758997,-0.000691188,-0.758306
3058.8,-1.02674,-0.956961,-0.758092,-0.000660218,-0.757431
3059.4,-1.02823,-0.967236,-0.757223,-0.000657695,-0.756565
3060,-1.03725,-0.977922,-0.756346,-0.000640594,-0.755705
3060.6,-1.00873,-0.988995,-0.755604,-0.000698218,-0.754906
3061.2,-1.04525,-1.00047,-0.754755,-0.000626301,-0.754129
3061.8,-1.02623,-1.01231,-0.754019,-0.000663504,-0.753355
3062.4,-1.03174,-1.02452,-0.753279,-0.000653141,-0.752626
3063,-1.03474,-1.03708,-0.752544,-0.000647803,-0.751896
3063.6,-1.02874,-1.04996,-0.751848,-0.000660079,-0.751188
3064.2,-1.03474,-1.06316,-0.751175,-0.000648852,-0.750526
3064.8,-1.03674,-1.07663,-0.750517,-0.000645515,-0.749872
3065.4,-1.03323,-1.09038,-0.749867,-0.000652892,-0.749214
3066,-1.04674,-1.10437,-0.749207,-0.000627542,-0.74858
3066.6,-1.01873,-1.11856,-0.748662,-0.000683083,-0.747979
3067.2,-1.01873,-1.13294,-0.748087,-0.000683692,-0.747404
3067.8,-1.03423,-1.14749,-0.747476,-0.000653244,-0.746822
3068.4,-1.03223,-1.16217,-0.746905,-0.000657766,-0.746247
3069,-1.03925,-1.17695,-0.746311,-0.000644674,-0.745666
3069.6,-1.04225,-1.19181,-0.745735,-0.000639492,-0.745096
3070.2,-1.05175,-1.20672,-0.745144,-0.000622106,-0.744522
3070.8,-1.06524,-1.22166,-0.744526,-0.000598012,-0.743928
3071.4,-1.07175,-1.23659,-0.743922,-0.000587005,-0.743335
3072,-1.08925,-1.25149,-0.743317,-0.000557517,-0.742759
3072.6,-1.04574,-1.26633,-0.742825,-0.000635751,-0.742189
3073.2,-1.07526,-1.28109,-0.742197,-0.00058246,-0.741614
3073.8,-1.07926,-1.29574,-0.741598,-0.00057604,-0.741022
3074.4,-1.09227,-1.31027,-0.740983,-0.000554502,-0.740428
3075,-1.10176,-1.32464,-0.740384,-0.00053943,-0.739845
3075.6,-1.07426,-1.33885,-0.739843,-0.000586284,-0.739257
3076.2,-1.1803,-1.35287,-0.739066,-0.000427021,-0.738638
3076.8,-1.13228,-1.36669,-0.738485,-0.00049355,-0.737991
3077.4,-1.12577,-1.38029,-0.737851,-0.00050369,-0.737348
3078,-1.14978,-1.39366,-0.737169,-0.000469097,-0.7367
3078.6,-1.10977,-1.40677,-0.736578,-0.000529284,-0.736048
3079.2,-1.13878,-1.41964,-0.735882,-0.000485589,-0.735397
3079.8,-1.08876,-1.43223,-0.735307,-0.000564563,-0.734742
3080.4,-1.04474,-1.44454,-0.734758,-0.000644663,-0.734113
3081,-1.08476,-1.45657,-0.73404,-0.00057222,-0.733468
3081.6,-1.08725,-1.46831,-0.733372,-0.000568371,-0.732804
3082.2,-1.10427,-1.47977,-0.732662,-0.000540495,-0.732121
3082.8,-1.14128,-1.49093,-0.731876,-0.000484078,-0.731392
3083.4,-1.07575,-1.50178,-0.731298,-0.000589511,-0.730708
3084,-1.09627,-1.51233,-0.730574,-0.000554707,-0.730019
3084.6,-1.08776,-1.52258,-0.729893,-0.000569385,-0.729323
3085.2,-1.09827,-1.53253,-0.729162,-0.000552071,-0.72861
3085.8,-1.11877,-1.54219,-0.7284,-0.000519472,-0.727881
3086.4,-1.09776,-1.55154,-0.727711,-0.000553551,-0.727158
3087,-1.09276,-1.5606,-0.727003,-0.000562216,-0.72644
3087.6,-1.08176,-1.56937,-0.726297,-0.000581364,-0.725715
3088.2,-1.10027,-1.57785,-0.725539,-0.000550285,-0.724988
3088.8,-1.08276,-1.58605,-0.724842,-0.000580211,-0.724262
3089.4,-1.10476,-1.59397,-0.724058,-0.000543459,-0.723514
3090,-1.10627,-1.60161,-0.723276,-0.00054126,-0.722735
3090.6,-1.11877,-1.609,-0.722473,-0.000521582,-0.721952
3091.2,-1.14778,-1.61612,-0.721587,-0.000478352,-0.721109
3091.8,-1.15578,-1.62299,-0.720754,-0.000467214,-0.720287
3092.4,-1.13728,-1.62961,-0.719952,-0.000494058,-0.719458
3093,-1.11977,-1.63598,-0.71916,-0.000520871,-0.718639
3093.6,-1.14278,-1.64212,-0.718278,-0.000486338,-0.717792
3094.2,-1.14627,-1.64803,-0.717409,-0.000481447,-0.716927
3094.8,-1.15778,-1.65372,-0.716521,-0.000465286,-0.716056
3095.4,-1.1833,-1.65919,-0.715614,-0.000431164,-0.715182
3096,-1.10727,-1.66445,-0.714862,-0.000541696,-0.714321
3096.6,-1.11877,-1.66951,-0.713979,-0.000523494,-0.713455
3097.2,-1.14878,-1.67437,-0.713068,-0.000478603,-0.712589
3097.8,-1.15729,-1.67904,-0.712146,-0.000466686,-0.711679
3098.4,-1.15029,-1.68352,-0.711258,-0.000476708,-0.710781
3099,-1.15578,-1.68783,-0.710356,-0.000469049,-0.709887
3099.6,-1.14778,-1.69197,-0.709439,-0.00048055,-0.708958
3100.2,-1.15029,-1.69595,-0.70851,-0.000477066,-0.708033
3100.8,-1.1853,-1.69976,-0.707529,-0.000429638,-0.7071
3101.4,-1.25132,-1.70343,-0.706443,-0.00035257,-0.70609
3102,-1.27233,-1.70696,-0.705357,-0.000331115,-0.705026
3102.6,-1.32835,-1.71035,-0.704194,-0.000279975,-0.703914
3103.2,-1.32935,-1.71361,-0.703043,-0.000279192,-0.702764
3103.8,-1.31784,-1.71673,-0.701914,-0.000289046,-0.701625
3104.4,-1.34536,-1.71974,-0.700742,-0.000266201,-0.700476
3105,-1.34636,-1.72262,-0.699573,-0.000265451,-0.699308
3105.6,-1.32184,-1.72539,-0.698465,-0.00028575,-0.698179
3106.2,-1.34336,-1.72806,-0.697302,-0.000267936,-0.697034
3106.8,-1.33935,-1.73061,-0.696155,-0.000271224,-0.695883
3107.4,-1.32835,-1.73307,-0.695021,-0.000280358,-0.694741
3108,-1.32184,-1.73542,-0.693903,-0.000285922,-0.693617
3108.6,-1.33635,-1.73769,-0.692759,-0.000273791,-0.692485
3109.2,-1.33286,-1.73986,-0.691649,-0.000276708,-0.691373
3109.8,-1.33735,-1.74194,-0.690534,-0.000273041,-0.690261
3110.4,-1.34035,-1.74395,-0.689421,-0.000270629,-0.689151
3111,-1.33586,-1.74587,-0.688296,-0.00027433,-0.688021
3111.6,-1.34885,-1.74772,-0.687168,-0.000263873,-0.686904
3112.2,-1.32635,-1.7495,-0.686076,-0.000282323,-0.685794
3112.8,-1.28934,-1.7512,-0.685053,-0.000315488,-0.684737
3113.4,-1.31784,-1.75283,-0.683951,-0.000289675,-0.683661
3114,-1.30234,-1.7544,-0.682896,-0.000303488,-0.682593
3114.6,-1.28483,-1.75591,-0.681869,-0.000319871,-0.681549
3115.2,-1.30285,-1.75736,-0.680824,-0.00030308,-0.680521
3115.8,-1.29734,-1.75875,-0.679808,-0.000308152,-0.6795
3116.4,-1.28233,-1.76008,-0.678792,-0.000322366,-0.67847
3117,-1.29034,-1.76137,-0.677785,-0.000314736,-0.67747
3117.6,-1.29934,-1.7626,-0.676751,-0.000306381,-0.676445
3118.2,-1.27082,-1.76378,-0.67578,-0.000333754,-0.675447
3118.8,-1.26282,-1.76492,-0.674799,-0.000341878,-0.674457
3119.4,-1.29234,-1.76601,-0.673783,-0.000312942,-0.67347
3120,-1.27584,-1.76706,-0.672812,-0.000328838,-0.672483
3120.6,-1.25682,-1.76807,-0.67189,-0.000348148,-0.671542
3121.2,-1.25882,-1.76903,-0.670956,-0.000346087,-0.67061
3121.8,-1.24883,-1.76996,-0.670056,-0.000356638,-0.6697
3122.4,-1.24681,-1.77085,-0.669094,-0.000358819,-0.668735
3123,-1.34685,-1.77172,-0.667976,-0.000265843,-0.66771
3123.6,-1.37136,-1.77256,-0.666892,-0.000247023,-0.666645
3124.2,-1.39738,-1.77337,-0.665793,-0.000228488,-0.665565
3124.8,-1.39488,-1.77415,-0.6647,-0.000230223,-0.66447
3125.4,-1.41889,-1.77491,-0.663562,-0.000214238,-0.663347
3126,-1.43339,-1.77564,-0.662415,-0.000205128,-0.66221
3126.6,-1.42689,-1.77635,-0.661295,-0.000209179,-0.661086
3127.2,-1.42489,-1.77704,-0.660159,-0.000210446,-0.659949
3127.8,-1.43039,-1.7777,-0.659016,-0.000207007,-0.658809
3128.4,-1.41838,-1.77835,-0.657881,-0.000214609,-0.657667
3129,-1.41689,-1.77898,-0.656793,-0.00021558,-0.656577
3129.6,-1.40638,-1.77958,-0.655699,-0.000222488,-0.655477
3130.2,-1.42689,-1.78017,-0.654611,-0.000209227,-0.654402
3130.8,-1.42289,-1.78074,-0.653533,-0.000211759,-0.653321
3131.4,-1.4559,-1.7813,-0.652412,-0.000191807,-0.65222
3132,-1.43588,-1.78183,-0.651322,-0.000203677,-0.651118
3132.6,-1.43088,-1.78236,-0.650224,-0.00020676,-0.650018
3133.2,-1.40838,-1.78286,-0.649187,-0.000221201,-0.648966
3133.8,-1.41838,-1.78335,-0.648137,-0.000214674,-0.647923
3134.4,-1.40887,-1.78383,-0.647113,-0.000220888,-0.646892
3135,-1.40987,-1.78429,-0.646082,-0.000220233,-0.645862
3135.6,-1.37837,-1.78474,-0.645078,-0.000242058,-0.644836
3136.2,-1.39888,-1.78518,-0.644076,-0.000227629,-0.643848
3136.8,-1.38237,-1.7856,-0.643116,-0.000239185,-0.642877
3137.4,-1.36587,-1.78601,-0.642165,-0.000251326,-0.641914
3138,-1.37486,-1.78641,-0.641213,-0.000244641,-0.640968
3138.6,-1.35136,-1.78679,-0.640314,-0.000262511,-0.640052
3139.2,-1.36736,-1.78716,-0.639383,-0.000250222,-0.639133
3139.8,-1.36787,-1.78752,-0.638484,-0.000249846,-0.638234
3140.4,-1.33535,-1.78787,-0.637623,-0.000275441,-0.637348
3141,-1.33986,-1.78821,-0.636745,-0.000271749,-0.636473
3141.6,-1.33486,-1.78853,-0.635888,-0.000275859,-0.635612
3142.2,-1.32284,-1.78885,-0.635054,-0.000285982,-0.634768
3142.8,-1.34936,-1.78916,-0.634179,-0.000264127,-0.633915
3143.4,-1.35136,-1.78945,-0.633337,-0.000262553,-0.633074
3144,-1.30934,-1.78974,-0.632546,-0.000297817,-0.632248
3144.6,-1.34336,-1.79002,-0.63169,-0.000268935,-0.631421
3145.2,-1.33286,-1.79029,-0.63088,-0.000277547,-0.630603
3145.8,-1.34436,-1.79055,-0.630055,-0.000268139,-0.629787
3146.4,-1.35085,-1.79081,-0.629218,-0.000262975,-0.628955
3147,-1.36336,-1.79106,-0.628358,-0.0002533,-0.628105
3147.6,-1.40787,-1.79131,-0.627425,-0.00022165,-0.627203
3148.2,-1.46189,-1.79155,-0.62644,-0.000188503,-0.626252
3148.8,-1.48991,-1.7918,-0.625426,-0.000173317,-0.625253
3149.4,-1.51492,-1.79204,-0.624399,-0.000160794,-0.624238
3150,-1.51292,-1.79228,-0.623372,-0.000161764,-0.62321
3150.6,-1.52942,-1.79251,-0.622338,-0.000153954,-0.622184
3151.2,-1.51342,-1.79275,-0.621306,-0.000161522,-0.621145
3151.8,-1.53844,-1.79298,-0.620247,-0.000149851,-0.620097
3152.4,-1.52742,-1.79321,-0.619218,-0.000154886,-0.619063
3153,-1.53793,-1.79344,-0.618187,-0.000150084,-0.618037
3153.6,-1.52642,-1.79367,-0.61718,-0.000155356,-0.617025
3154.2,-1.55092,-1.79389,-0.616138,-0.00014435,-0.615994
3154.8,-1.49692,-1.79412,-0.615172,-0.000169732,-0.615002
3155.4,-1.50292,-1.79433,-0.614194,-0.000166708,-0.614027
3156,-1.50992,-1.79455,-0.61322,-0.000163248,-0.613057
3156.6,-1.49041,-1.79476,-0.612262,-0.000173084,-0.612089
3157.2,-1.50392,-1.79497,-0.611295,-0.000166215,-0.611129
3157.8,-1.4784,-1.79518,-0.610374,-0.000179438,-0.610195
3158.4,-1.48691,-1.79538,-0.60946,-0.000174921,-0.609285
3159,-1.46791,-1.79557,-0.608557,-0.000185177,-0.608372
3159.6,-1.4594,-1.79577,-0.607668,-0.000189964,-0.607479
3160.2,-1.4774,-1.79596,-0.60676,-0.000179985,-0.60658
3160.8,-1.47091,-1.79615,-0.605898,-0.000183525,-0.605714
3161.4,-1.43288,-1.79633,-0.605078,-0.000205695,-0.604872
3162,-1.4694,-1.79651,-0.604217,-0.000184361,-0.604032
3162.6,-1.42889,-1.79668,-0.603422,-0.000208182,-0.603213
3163.2,-1.44939,-1.79685,-0.602606,-0.000195768,-0.60241
3163.8,-1.38688,-1.79702,-0.601881,-0.000236135,-0.601645
3164.4,-1.40938,-1.79718,-0.601109,-0.000220728,-0.600888
3165,-1.41889,-1.79733,-0.600346,-0.000214526,-0.600132
3165.6,-1.41389,-1.79748,-0.599601,-0.000217768,-0.599383
3166.2,-1.39337,-1.79763,-0.598896,-0.000231592,-0.598664
3166.8,-1.37186,-1.79777,-0.598215,-0.000247019,-0.597968
3167.4,-1.39888,-1.79791,-0.597498,-0.000227802,-0.59727
3168,-1.36736,-1.79804,-0.596818,-0.000250385,-0.596568
3168.6,-1.39738,-1.79817,-0.59609,-0.000228827,-0.595862
3169.2,-1.37486,-1.79829,-0.595417,-0.000244815,-0.595173
3169.8,-1.38688,-1.79841,-0.594738,-0.000236154,-0.594502
3170.4,-1.39738,-1.79853,-0.59404,-0.000228832,-0.593811
3171,-1.36836,-1.79864,-0.593384,-0.000249644,-0.593134
3171.6,-1.38937,-1.79875,-0.592685,-0.000234401,-0.59245
3172.2,-1.37237,-1.79886,-0.592036,-0.000246659,-0.591789
3172.8,-1.38488,-1.79896,-0.591385,-0.000237582,-0.591147
3173.4,-1.39437,-1.79906,-0.590709,-0.000230918,-0.590478
3174,-1.37437,-1.79915,-0.590054,-0.000245189,-0.589809
3174.6,-1.34985,-1.79924,-0.589439,-0.000263897,-0.589175
3175.2,-1.39237,-1.79934,-0.588736,-0.000232311,-0.588504
3175.8,-1.42789,-1.79943,-0.588035,-0.000208841,-0.587826
3176.4,-1.50541,-1.79952,-0.587235,-0.000165519,-0.58707
3177,-1.50541,-1.79961,-0.586427,-0.00016552,-0.586262
3177.6,-1.55194,-1.79971,-0.585586,-0.000143961,-0.585442
3178.2,-1.53893,-1.79981,-0.584751,-0.000149692,-0.584601
3178.8,-1.57995,-1.79991,-0.583856,-0.000132362,-0.583723
3179.4,-1.56794,-1.80001,-0.582982,-0.000137219,-0.582845
3180,-1.54293,-1.80011,-0.582119,-0.00014791,-0.581971
3180.6,-1.55194,-1.80021,-0.581271,-0.000143965,-0.581127
3181.2,-1.56745,-1.80032,-0.580409,-0.000137425,-0.580272
3181.8,-1.56194,-1.80042,-0.579582,-0.000139714,-0.579442
3182.4,-1.58295,-1.80052,-0.578734,-0.000131182,-0.578602
3183,-1.55994,-1.80062,-0.577915,-0.000140556,-0.577775
3183.6,-1.51792,-1.80072,-0.577148,-0.000159437,-0.576988
3184.2,-1.52142,-1.80082,-0.57639,-0.00015777,-0.576232
3184.8,-1.47291,-1.80092,-0.575679,-0.00018248,-0.575496
3185.4,-1.48341,-1.80101,-0.57494,-0.000176821,-0.574764
3186,-1.4744,-1.8011,-0.574231,-0.000181668,-0.574049
3186.6,-1.4814,-1.80119,-0.57354,-0.000177895,-0.573362
3187.2,-1.42138,-1.80127,-0.572901,-0.00021298,-0.572688
3187.8,-1.47691,-1.80136,-0.5722,-0.000180309,-0.57202
3188.4,-1.42089,-1.80144,-0.571581,-0.000213296,-0.571368
3189,-1.43739,-1.80151,-0.570923,-0.000202997,-0.57072
3189.6,-1.4429,-1.80159,-0.570298,-0.000199673,-0.570099
3190.2,-1.44139,-1.80166,-0.569664,-0.000200578,-0.569464
3190.8,-1.4429,-1.80173,-0.569008,-0.000199674,-0.568808
3191.4,-1.4664,-1.8018,-0.568347,-0.000186086,-0.56816
3192,-1.43288,-1.80187,-0.567742,-0.000205763,-0.567536
3192.6,-1.41989,-1.80193,-0.567157,-0.000213943,-0.566943
3193.2,-1.44139,-1.80199,-0.566559,-0.000200582,-0.566358
3193.8,-1.43339,-1.80205,-0.565964,-0.000205452,-0.565759
3194.4,-1.45039,-1.8021,-0.565353,-0.000195243,-0.565158
3195,-1.45439,-1.80215,-0.564758,-0.000192916,-0.564565
3195.6,-1.43188,-1.8022,-0.564187,-0.000206386,-0.56398
3196.2,-1.41738,-1.80225,-0.563635,-0.000215562,-0.56342
3196.8,-1.42289,-1.8023,-0.563072,-0.000212032,-0.56286
3197.4,-1.44839,-1.80234,-0.562495,-0.000196421,-0.562299
3198,-1.42789,-1.80238,-0.561946,-0.000208878,-0.561737
3198.6,-1.44339,-1.80242,-0.561391,-0.000199388,-0.561191
3199.2,-1.44039,-1.80245,-0.560867,-0.00020119,-0.560666
3199.8,-1.4449,-1.80248,-0.560321,-0.000198489,-0.560123
3200.4,-1.37986,-1.80251,-0.559878,-0.000241234,-0.559637
3201,-1.39738,-1.80253,-0.559388,-0.000228887,-0.559159
3201.6,-1.36937,-1.80255,-0.558937,-0.000248943,-0.558688
3202.2,-1.40038,-1.80257,-0.558419,-0.000226838,-0.558192
3202.8,-1.38588,-1.80259,-0.557949,-0.000236923,-0.557712
3203.4,-1.37337,-1.8026,-0.557488,-0.000245976,-0.557242
3204,-1.41138,-1.80261,-0.556991,-0.000219479,-0.556771
3204.6,-1.35585,-1.80262,-0.556584,-0.000259245,-0.556325
3205.2,-1.30985,-1.80262,-0.556234,-0.000297592,-0.555937
3205.8,-1.36436,-1.80262,-0.555803,-0.000252716,-0.55555
3206.4,-1.37537,-1.80261,-0.555354,-0.000244506,-0.555109
3207,-1.38137,-1.80261,-0.554884,-0.000240147,-0.554644
3207.6,-1.4614,-1.80261,-0.554306,-0.000188906,-0.554117
3208.2,-1.49641,-1.80261,-0.553692,-0.000170078,-0.553522
3208.8,-1.50592,-1.80262,-0.55309,-0.000165297,-0.552925
3209.4,-1.50943,-1.80262,-0.552424,-0.000163568,-0.55226
3210,-1.55243,-1.80263,-0.551749,-0.000143774,-0.551605
3210.6,-1.58695,-1.80265,-0.551024,-0.000129634,-0.550894
3211.2,-1.58944,-1.80266,-0.550304,-0.000128669,-0.550175
3211.8,-1.58395,-1.80268,-0.549587,-0.000130806,-0.549456
3212.4,-1.59695,-1.8027,-0.548873,-0.000125805,-0.548747
3213,-1.53993,-1.80272,-0.548225,-0.000149269,-0.548076
3213.6,-1.59095,-1.80274,-0.54752,-0.000128089,-0.547392
3214.2,-1.57944,-1.80277,-0.54683,-0.000132587,-0.546697
3214.8,-1.53744,-1.80279,-0.546204,-0.00015039,-0.546053
3215.4,-1.56645,-1.80281,-0.545557,-0.000137858,-0.545419
3216,-1.57194,-1.80284,-0.544912,-0.000135606,-0.544776
3216.6,-1.54992,-1.80286,-0.54428,-0.000144861,-0.544135
3217.2,-1.58095,-1.80288,-0.543632,-0.000131989,-0.5435
3217.8,-1.55643,-1.8029,-0.543058,-0.000142062,-0.542916
3218.4,-1.54393,-1.80292,-0.542495,-0.000147492,-0.542348
3219,-1.50992,-1.80294,-0.541946,-0.00016333,-0.541783
3219.6,-1.50692,-1.80295,-0.541407,-0.000164806,-0.541242
3220.2,-1.47991,-1.80297,-0.540895,-0.000178712,-0.540716
3220.8,-1.4509,-1.80298,-0.540412,-0.000194956,-0.540217
3221.4,-1.4449,-1.80298,-0.539981,-0.000198495,-0.539783
3222,-1.41789,-1.80298,-0.53957,-0.000215243,-0.539354
3222.6,-1.43988,-1.80298,-0.539115,-0.000201504,-0.538914
3223.2,-1.4524,-1.80298,-0.538641,-0.000194077,-0.538447
3223.8,-1.41438,-1.80298,-0.538242,-0.000217519,-0.538024
3224.4,-1.42489,-1.80297,-0.537827,-0.000210773,-0.537617
3225,-1.41738,-1.80296,-0.537425,-0.000215571,-0.537209
3225.6,-1.40338,-1.80294,-0.537046,-0.000224812,-0.536821
3226.2,-1.39588,-1.80292,-0.536698,-0.000229929,-0.536469
3226.8,-1.38837,-1.8029,-0.536343,-0.000235164,-0.536108
3227.4,-1.39188,-1.80288,-0.536001,-0.000232703,-0.535769
3228,-1.40838,-1.80285,-0.535619,-0.000221466,-0.535398
3228.6,-1.40687,-1.80282,-0.535269,-0.000222469,-0.535046
3229.2,-1.38537,-1.80278,-0.534929,-0.000237287,-0.534692
3229.8,-1.39537,-1.80275,-0.534593,-0.000230278,-0.534363
3230.4,-1.39437,-1.80271,-0.534257,-0.000230969,-0.534026
3231,-1.43288,-1.80267,-0.533881,-0.000205773,-0.533675
3231.6,-1.40638,-1.80263,-0.533519,-0.000222795,-0.533296
3232.2,-1.41789,-1.80258,-0.533174,-0.000215238,-0.532959
3232.8,-1.39537,-1.80253,-0.532878,-0.000230275,-0.532647
3233.4,-1.39237,-1.80248,-0.532578,-0.000232355,-0.532346
3234,-1.40987,-1.80243,-0.532223,-0.000220472,-0.532003
3234.6,-1.39637,-1.80237,-0.531905,-0.000229583,-0.531675
3235.2,-1.41738,-1.80232,-0.531555,-0.000215563,-0.531339
3235.8,-1.39537,-1.80226,-0.531264,-0.000230271,-0.531034
3236.4,-1.38337,-1.8022,-0.530949,-0.000238706,-0.530711
3237,-1.42739,-1.80214,-0.530569,-0.000209183,-0.53036
3237.6,-1.41638,-1.80208,-0.530202,-0.000216207,-0.529985
3238.2,-1.46891,-1.80202,-0.529758,-0.000184694,-0.529573
3238.8,-1.47691,-1.80197,-0.529293,-0.000180316,-0.529113
3239.4,-1.55294,-1.80192,-0.528753,-0.000143549,-0.52861
3240,-1.50792,-1.80187,-0.528252,-0.000164302,-0.528088
3240.6,-1.55943,-1.80182,-0.527687,-0.000140781,-0.527546
3241.2,-1.54343,-1.80178,-0.52716,-0.000147699,-0.527012
3241.8,-1.56094,-1.80174,-0.526617,-0.000140145,-0.526477
3242.4,-1.56143,-1.8017,-0.526061,-0.000139938,-0.525921
3243,-1.57844,-1.80166,-0.525505,-0.000132976,-0.525372
3243.6,-1.56894,-1.80162,-0.524967,-0.000136822,-0.52483
3244.2,-1.54443,-1.80158,-0.524451,-0.000147255,-0.524304
3244.8,-1.54193,-1.80155,-0.523941,-0.000148367,-0.523792
3245.4,-1.54093,-1.80151,-0.52343,-0.000148812,-0.523281
3246,-1.51842,-1.80148,-0.522973,-0.000159202,-0.522814
3246.6,-1.49641,-1.80144,-0.522542,-0.000170066,-0.522372
3247.2,-1.48341,-1.8014,-0.522133,-0.000176825,-0.521957
3247.8,-1.50992,-1.80136,-0.521675,-0.000163314,-0.521512
3248.4,-1.52442,-1.80132,-0.521253,-0.000156362,-0.521097
3249,-1.48641,-1.80127,-0.520871,-0.000175241,-0.520696
3249.6,-1.4784,-1.80123,-0.5205,-0.000179503,-0.520321
3250.2,-1.46389,-1.80118,-0.520122,-0.000187484,-0.519935
3250.8,-1.4549,-1.80113,-0.519769,-0.000192611,-0.519576
3251.4,-1.4694,-1.80108,-0.519399,-0.000184412,-0.519214
3252,-1.4604,-1.80103,-0.519045,-0.000189455,-0.518856
3252.6,-1.4564,-1.80098,-0.518682,-0.00019174,-0.51849
3253.2,-1.44339,-1.80092,-0.518364,-0.000199371,-0.518165
3253.8,-1.48641,-1.80087,-0.517976,-0.000175236,-0.517801
3254.4,-1.43388,-1.80081,-0.517689,-0.000205135,-0.517484
3255,-1.43588,-1.80074,-0.517385,-0.000203908,-0.517181
3255.6,-1.42638,-1.80068,-0.517081,-0.000209803,-0.516871
3256.2,-1.43939,-1.80062,-0.516772,-0.000201773,-0.516571
3256.8,-1.42189,-1.80055,-0.516504,-0.000212646,-0.516291
3257.4,-1.41538,-1.80048,-0.516229,-0.000216836,-0.516012
3258,-1.41087,-1.8004,-0.515947,-0.000219785,-0.515727
3258.6,-1.37386,-1.80032,-0.515741,-0.000245581,-0.515495
3259.2,-1.39838,-1.80024,-0.515509,-0.000228171,-0.515281
3259.8,-1.36836,-1.80016,-0.51531,-0.000249667,-0.51506
3260.4,-1.40638,-1.80008,-0.515068,-0.000222761,-0.514845
3261,-1.35236,-1.79999,-0.514897,-0.000261932,-0.514635
3261.6,-1.37036,-1.79989,-0.514707,-0.000248171,-0.514459
3262.2,-1.34336,-1.79979,-0.514579,-0.000269093,-0.514309
3262.8,-1.35136,-1.7997,-0.514394,-0.000262714,-0.514132
3263.4,-1.35536,-1.79959,-0.514226,-0.000259581,-0.513967
3264,-1.33986,-1.79949,-0.514103,-0.000271933,-0.513831
3264.6,-1.33786,-1.79937,-0.513987,-0.000273566,-0.513714
3265.2,-1.33086,-1.79926,-0.51387,-0.000279366,-0.513591
3265.8,-1.29834,-1.79914,-0.513818,-0.000307974,-0.51351
3266.4,-1.30585,-1.79902,-0.513723,-0.000301118,-0.513422
3267,-1.29985,-1.79889,-0.513657,-0.000306581,-0.51335
3267.6,-1.29834,-1.79876,-0.513597,-0.000307967,-0.513289
3268.2,-1.31085,-1.79863,-0.513522,-0.000296631,-0.513226
3268.8,-1.30385,-1.79849,-0.513446,-0.000302919,-0.513143
3269.4,-1.31384,-1.79836,-0.513371,-0.000293971,-0.513077
3270,-1.32035,-1.79821,-0.513285,-0.000288289,-0.512996
3270.6,-1.33135,-1.79807,-0.513173,-0.000278935,-0.512894
3271.2,-1.31334,-1.79793,-0.513064,-0.000294412,-0.51277
3271.8,-1.32684,-1.79779,-0.512958,-0.000282725,-0.512675
3272.4,-1.28934,-1.79764,-0.512931,-0.000316368,-0.512615
3273,-1.28133,-1.79748,-0.512898,-0.00032406,-0.512573
3273.6,-1.32584,-1.79733,-0.512788,-0.000283566,-0.512505
3274.2,-1.29783,-1.79717,-0.51274,-0.000308408,-0.512432
3274.8,-1.31034,-1.79702,-0.512635,-0.000297055,-0.512338
3275.4,-1.28934,-1.79686,-0.512603,-0.000316353,-0.512286
3276,-1.29534,-1.7967,-0.512546,-0.000310711,-0.512235
3276.6,-1.30134,-1.79653,-0.512478,-0.00030517,-0.512172
3277.2,-1.30034,-1.79637,-0.512408,-0.000306083,-0.512102
3277.8,-1.28883,-1.7962,-0.512365,-0.000316823,-0.512048
3278.4,-1.27182,-1.79603,-0.512344,-0.0003334,-0.512011
3279,-1.27082,-1.79586,-0.512321,-0.000334397,-0.511987
3279.6,-1.24732,-1.79569,-0.51233,-0.000358807,-0.511971
3280.2,-1.25332,-1.79551,-0.512338,-0.000352408,-0.511986
3280.8,-1.2323,-1.79532,-0.51241,-0.000375318,-0.512034
3281.4,-1.23881,-1.79514,-0.51244,-0.000368063,-0.512072
3282,-1.27884,-1.79495,-0.512417,-0.00032644,-0.51209
3282.6,-1.27684,-1.79477,-0.512435,-0.000328399,-0.512107
3283.2,-1.24481,-1.79457,-0.512506,-0.000361491,-0.512144
3283.8,-1.23131,-1.79438,-0.512587,-0.000376423,-0.512211
3284.4,-1.24432,-1.79418,-0.512611,-0.000362016,-0.512249
3285,-1.22581,-1.79398,-0.512698,-0.000382662,-0.512316
3285.6,-1.22031,-1.79378,-0.512785,-0.000389027,-0.512396
3286.2,-1.22331,-1.79357,-0.51286,-0.00038554,-0.512474
3286.8,-1.22231,-1.79336,-0.512929,-0.000386692,-0.512542
3287.4,-1.24632,-1.79316,-0.51296,-0.00035983,-0.5126
3288,-1.21831,-1.79294,-0.51306,-0.000391347,-0.512669
3288.6,-1.24032,-1.79273,-0.51311,-0.000366351,-0.512743
3289.2,-1.22182,-1.79251,-0.513213,-0.000387243,-0.512826
3289.8,-1.24332,-1.7923,-0.513266,-0.000363062,-0.512903
3290.4,-1.28084,-1.79208,-0.513231,-0.000324434,-0.512907
3291,-1.32335,-1.79188,-0.513128,-0.0002856,-0.512842
3291.6,-1.38537,-1.79167,-0.51292,-0.00023713,-0.512683
3292.2,-1.38437,-1.79148,-0.512703,-0.000237839,-0.512465
3292.8,-1.44439,-1.79129,-0.512421,-0.00019866,-0.512222
3293.4,-1.4794,-1.7911,-0.512088,-0.000178858,-0.511909
3294,-1.50641,-1.79093,-0.511697,-0.000164939,-0.511532
3294.6,-1.52242,-1.79075,-0.5113,-0.000157204,-0.511143
3295.2,-1.52942,-1.79059,-0.510891,-0.000153937,-0.510737
3295.8,-1.55343,-1.79043,-0.510462,-0.00014324,-0.510319
3296.4,-1.50092,-1.79028,-0.510106,-0.000167671,-0.509939
3297,-1.52793,-1.79013,-0.509721,-0.000154623,-0.509566
3297.6,-1.50792,-1.78998,-0.509349,-0.000164186,-0.509185
3298.2,-1.50792,-1.78983,-0.508978,-0.000164184,-0.508814
3298.8,-1.50392,-1.78969,-0.508637,-0.000166164,-0.508471
3299.4,-1.52793,-1.78955,-0.50828,-0.000154617,-0.508126
3300,-1.4604,-1.78941,-0.508003,-0.000189324,-0.507813
3300.6,-1.46389,-1.78928,-0.507731,-0.000187351,-0.507544
3301.2,-1.42289,-1.78914,-0.507524,-0.000211866,-0.507312
3301.8,-1.42338,-1.789,-0.507292,-0.000211552,-0.50708
3302.4,-1.40987,-1.78886,-0.507077,-0.000220294,-0.506857
3303,-1.42238,-1.78872,-0.506851,-0.000212184,-0.506639
3303.6,-1.39037,-1.78858,-0.506647,-0.000233559,-0.506413
3304.2,-1.37837,-1.78844,-0.506463,-0.000242113,-0.506221
3304.8,-1.39037,-1.7883,-0.506299,-0.000233555,-0.506066
3305.4,-1.35336,-1.78815,-0.506172,-0.000260965,-0.505911
3306,-1.36187,-1.78801,-0.506046,-0.00025439,-0.505792
3306.6,-1.35787,-1.78786,-0.505906,-0.000257457,-0.505648
3307.2,-1.35385,-1.78771,-0.50579,-0.000260573,-0.505529
3307.8,-1.36436,-1.78756,-0.505674,-0.00025249,-0.505421
3308.4,-1.35787,-1.78741,-0.505564,-0.00025745,-0.505307
3309,-1.34736,-1.78726,-0.505491,-0.000265687,-0.505225
3309.6,-1.35185,-1.7871,-0.505407,-0.000262131,-0.505145
3310.2,-1.36087,-1.78695,-0.505296,-0.000255138,-0.505041
3310.8,-1.40387,-1.78679,-0.505125,-0.000224265,-0.504901
3311.4,-1.38588,-1.78664,-0.504984,-0.000236698,-0.504747
3312,-1.36536,-1.78648,-0.504881,-0.000251718,-0.504629
3312.6,-1.33535,-1.78632,-0.504822,-0.000275417,-0.504547
3313.2,-1.33386,-1.78616,-0.50475,-0.000276649,-0.504473
3313.8,-1.32084,-1.786,-0.504669,-0.000287655,-0.504381
3314.4,-1.34836,-1.78583,-0.504561,-0.000264869,-0.504296
3315,-1.33835,-1.78567,-0.504484,-0.000272941,-0.504211
3315.6,-1.35836,-1.7855,-0.50438,-0.000257041,-0.504123
3316.2,-1.35736,-1.78534,-0.50429,-0.000257811,-0.504032
3316.8,-1.37986,-1.78517,-0.504166,-0.000240985,-0.503925
3317.4,-1.32684,-1.785,-0.504144,-0.00028251,-0.503862
3318,-1.33335,-1.78483,-0.504077,-0.000277049,-0.5038
3318.6,-1.35736,-1.78466,-0.503977,-0.0002578,-0.503719
3319.2,-1.34985,-1.78449,-0.503902,-0.000263666,-0.503638
3319.8,-1.29534,-1.78431,-0.503903,-0.000310482,-0.503593
3320.4,-1.31434,-1.78414,-0.503822,-0.000293289,-0.503529
3321,-1.31634,-1.78396,-0.50378,-0.000291533,-0.503489
3321.6,-1.27333,-1.78378,-0.503821,-0.000331654,-0.503489
3322.2,-1.28834,-1.78359,-0.503812,-0.000317053,-0.503495
3322.8,-1.30434,-1.78341,-0.503796,-0.000302201,-0.503494
3323.4,-1.27933,-1.78322,-0.503824,-0.000325731,-0.503498
3324,-1.28483,-1.78303,-0.503831,-0.000320394,-0.503511
3324.6,-1.26682,-1.78284,-0.503878,-0.000338169,-0.50354
3325.2,-1.24932,-1.78264,-0.503937,-0.000356386,-0.503581
3325.8,-1.27484,-1.78244,-0.503971,-0.000330132,-0.50364
3326.4,-1.25632,-1.78224,-0.504046,-0.000348977,-0.503697
3327,-1.26182,-1.78204,-0.504102,-0.000343259,-0.503759
3327.6,-1.28783,-1.78183,-0.504101,-0.000317503,-0.503784
3328.2,-1.23632,-1.78162,-0.504235,-0.000370524,-0.503864
3328.8,-1.26433,-1.78141,-0.504288,-0.000340675,-0.503947
3329.4,-1.24081,-1.7812,-0.504406,-0.00036556,-0.504041
3330,-1.25532,-1.78098,-0.50448,-0.000349999,-0.50413
3330.6,-1.25382,-1.78077,-0.504532,-0.000351563,-0.50418
3331.2,-1.29985,-1.78056,-0.504505,-0.000306246,-0.504199
3331.8,-1.27082,-1.78034,-0.504551,-0.000334088,-0.504217
3332.4,-1.28783,-1.78012,-0.504556,-0.00031747,-0.504239
3333,-1.24732,-1.7799,-0.504655,-0.00035847,-0.504296
3333.6,-1.26633,-1.77968,-0.504661,-0.000338604,-0.504322
3334.2,-1.27733,-1.77947,-0.504669,-0.000327617,-0.504342
3334.8,-1.27933,-1.77925,-0.504679,-0.000325654,-0.504353
3335.4,-1.29883,-1.77903,-0.504647,-0.000307153,-0.504339
3336,-1.25582,-1.77881,-0.504723,-0.000349421,-0.504374
3336.6,-1.32584,-1.77859,-0.504636,-0.00028325,-0.504353
3337.2,-1.28433,-1.77837,-0.504668,-0.000320793,-0.504347
3337.8,-1.28783,-1.77815,-0.504655,-0.000317433,-0.504337
3338.4,-1.28683,-1.77793,-0.504673,-0.000318382,-0.504355
3339,-1.25232,-1.77771,-0.504744,-0.000353092,-0.50439
3339.6,-1.26533,-1.77749,-0.504751,-0.000339576,-0.504412
3340.2,-1.27082,-1.77726,-0.504795,-0.000334027,-0.504461
3340.8,-1.27684,-1.77704,-0.504796,-0.000328053,-0.504468
3341.4,-1.31584,-1.77682,-0.504722,-0.000291839,-0.50443
3342,-1.35685,-1.77661,-0.50458,-0.000258069,-0.504322
3342.6,-1.39838,-1.7764,-0.50439,-0.000227847,-0.504162
3343.2,-1.40987,-1.7762,-0.504162,-0.000220128,-0.503942
3343.8,-1.4499,-1.776,-0.503917,-0.000195228,-0.503722
3344.4,-1.44439,-1.7758,-0.503679,-0.000198477,-0.503481
3345,-1.44939,-1.77561,-0.503436,-0.000195521,-0.50324
3345.6,-1.44839,-1.77542,-0.503174,-0.000196106,-0.502978
3346.2,-1.46289,-1.77524,-0.502944,-0.000187756,-0.502756
3346.8,-1.42189,-1.77505,-0.502761,-0.000212324,-0.502549
3347.4,-1.44639,-1.77487,-0.502539,-0.000197279,-0.502341
3348,-1.43839,-1.77469,-0.502348,-0.000202066,-0.502146
3348.6,-1.4524,-1.77451,-0.502112,-0.000193748,-0.501918
3349.2,-1.42989,-1.77434,-0.501928,-0.000207283,-0.501721
3349.8,-1.42739,-1.77416,-0.501733,-0.000208835,-0.501524
3350.4,-1.41938,-1.77399,-0.501565,-0.000213913,-0.501351
3351,-1.43539,-1.77382,-0.501363,-0.000203881,-0.50116
3351.6,-1.40487,-1.77364,-0.501201,-0.000223419,-0.500978
3352.2,-1.42289,-1.77347,-0.501019,-0.000211668,-0.500807
3352.8,-1.41789,-1.7733,-0.500887,-0.000214863,-0.500672
3353.4,-1.39488,-1.77313,-0.500744,-0.000230211,-0.500513
3354,-1.39288,-1.77296,-0.500619,-0.000231593,-0.500387
3354.6,-1.40138,-1.77279,-0.500491,-0.000225758,-0.500265
3355.2,-1.38037,-1.77261,-0.500417,-0.000240438,-0.500176
3355.8,-1.38237,-1.77244,-0.500296,-0.000238998,-0.500057
3356.4,-1.37036,-1.77226,-0.500198,-0.000247763,-0.49995
3357,-1.38037,-1.77209,-0.50008,-0.000240431,-0.499839
3357.6,-1.35685,-1.77192,-0.500002,-0.000257997,-0.499744
3358.2,-1.35887,-1.77174,-0.499906,-0.00025644,-0.49965
3358.8,-1.34135,-1.77156,-0.499853,-0.00027027,-0.499583
3359.4,-1.35636,-1.77139,-0.49978,-0.00025837,-0.499521
3360,-1.33135,-1.7712,-0.499755,-0.000278489,-0.499477
3360.6,-1.32284,-1.77102,-0.499742,-0.00028568,-0.499457
3361.2,-1.31034,-1.77084,-0.499739,-0.000296592,-0.499443
3361.8,-1.31484,-1.77065,-0.499713,-0.000292608,-0.49942
3362.4,-1.31384,-1.77046,-0.499716,-0.000293483,-0.499423
3363,-1.29683,-1.77027,-0.499751,-0.000308838,-0.499442
3363.6,-1.27233,-1.77007,-0.499798,-0.000332378,-0.499465
3364.2,-1.29383,-1.76988,-0.499784,-0.000311621,-0.499472
3364.8,-1.29334,-1.76968,-0.499812,-0.000312077,-0.4995
3365.4,-1.29134,-1.76948,-0.499867,-0.00031395,-0.499553
3366,-1.27233,-1.76928,-0.499948,-0.000332362,-0.499616
3366.6,-1.28433,-1.76907,-0.499985,-0.000320615,-0.499664
3367.2,-1.28934,-1.76886,-0.500025,-0.000315826,-0.499709
3367.8,-1.26733,-1.76865,-0.500099,-0.000337369,-0.499762
3368.4,-1.28233,-1.76844,-0.500146,-0.000322531,-0.499823
3369,-1.27984,-1.76823,-0.500204,-0.000324945,-0.499879
3369.6,-1.25882,-1.76801,-0.500288,-0.00034607,-0.499942
3370.2,-1.28383,-1.7678,-0.500345,-0.000321064,-0.500024
3370.8,-1.28533,-1.76758,-0.500388,-0.000319627,-0.500068
3371.4,-1.27133,-1.76736,-0.500449,-0.000333322,-0.500116
3372,-1.26982,-1.76714,-0.500494,-0.000334828,-0.500159
3372.6,-1.25933,-1.76691,-0.500592,-0.000345521,-0.500246
3373.2,-1.29334,-1.76669,-0.500605,-0.000312022,-0.500293
3373.8,-1.28783,-1.76647,-0.500656,-0.000317212,-0.500339
3374.4,-1.29034,-1.76624,-0.500686,-0.000314832,-0.500371
3375,-1.28084,-1.76602,-0.500756,-0.00032393,-0.500432
3375.6,-1.25782,-1.76579,-0.500837,-0.000347063,-0.50049
3376.2,-1.26933,-1.76556,-0.500891,-0.00033529,-0.500555
3376.8,-1.26082,-1.76533,-0.500958,-0.000343947,-0.500614
3377.4,-1.26933,-1.7651,-0.500994,-0.000335281,-0.500659
3378,-1.26282,-1.76487,-0.501041,-0.000341881,-0.500699
3378.6,-1.25132,-1.76463,-0.501117,-0.000353876,-0.500763
3379.2,-1.25232,-1.7644,-0.501194,-0.000352811,-0.500841
3379.8,-1.26582,-1.76416,-0.501258,-0.000338807,-0.50092
3380.4,-1.25732,-1.76393,-0.501353,-0.000347553,-0.501005
3381,-1.22331,-1.76368,-0.501524,-0.000384854,-0.50114
3381.6,-1.23181,-1.76344,-0.501644,-0.000375158,-0.501269
3382.2,-1.21931,-1.76319,-0.501792,-0.000389484,-0.501402
3382.8,-1.23281,-1.76295,-0.501874,-0.000374024,-0.5015
3383.4,-1.1933,-1.7627,-0.502027,-0.000421057,-0.501605
3384,-1.21431,-1.76245,-0.502152,-0.000395348,-0.501757
3384.6,-1.2118,-1.7622,-0.502295,-0.000398325,-0.501897
3385.2,-1.22531,-1.76195,-0.502414,-0.000382514,-0.502032
3385.8,-1.25432,-1.76169,-0.502492,-0.000350646,-0.502141
3386.4,-1.23332,-1.76144,-0.502635,-0.000373421,-0.502262
3387,-1.19281,-1.76118,-0.502866,-0.00042164,-0.502445
3387.6,-1.2158,-1.76091,-0.503013,-0.000393548,-0.502619
3388.2,-1.21931,-1.76065,-0.503167,-0.000389425,-0.502778
3388.8,-1.18279,-1.76038,-0.50339,-0.000434469,-0.502956
3389.4,-1.22131,-1.76012,-0.503509,-0.000387086,-0.503122
3390,-1.22131,-1.75985,-0.503677,-0.000387079,-0.50329
3390.6,-1.23681,-1.75959,-0.503751,-0.000369493,-0.503381
3391.2,-1.20731,-1.75932,-0.5039,-0.000403654,-0.503496
3391.8,-1.22531,-1.75905,-0.504007,-0.000382448,-0.503624
3392.4,-1.22881,-1.75878,-0.504139,-0.000378442,-0.50376
3393,-1.23131,-1.75852,-0.504228,-0.00037562,-0.503853
3393.6,-1.32284,-1.75826,-0.504138,-0.000285463,-0.503853
3394.2,-1.38788,-1.75801,-0.504,-0.000234882,-0.503765
3394.8,-1.39388,-1.75776,-0.503846,-0.000230691,-0.503615
3395.4,-1.43939,-1.75752,-0.503589,-0.000201255,-0.503388
3396,-1.4509,-1.75729,-0.503327,-0.000194427,-0.503133
3396.6,-1.4479,-1.75707,-0.503068,-0.000196181,-0.502872
3397.2,-1.4654,-1.75685,-0.502775,-0.000186146,-0.502589
3397.8,-1.46691,-1.75664,-0.502491,-0.000185303,-0.502306
3398.4,-1.47991,-1.75643,-0.502201,-0.000178217,-0.502023
3399,-1.46189,-1.75623,-0.501933,-0.000188107,-0.501745
3399.6,-1.42289,-1.75603,-0.501696,-0.000211448,-0.501485
3400.2,-1.43939,-1.75583,-0.501435,-0.000201235,-0.501234
3400.8,-1.42189,-1.75564,-0.501245,-0.000212078,-0.501033
3401.4,-1.43139,-1.75544,-0.501039,-0.000206115,-0.500833
3402,-1.40938,-1.75525,-0.500869,-0.000220177,-0.500648
3402.6,-1.42489,-1.75506,-0.500669,-0.000210172,-0.500459
3403.2,-1.42189,-1.75488,-0.500466,-0.000212069,-0.500254
3403.8,-1.36587,-1.75469,-0.500388,-0.000250859,-0.500137
3404.4,-1.39188,-1.7545,-0.500261,-0.000232033,-0.500029
3405,-1.37986,-1.75431,-0.500165,-0.000240542,-0.499924
3405.6,-1.35336,-1.75412,-0.500087,-0.000260436,-0.499827
3406.2,-1.36236,-1.75393,-0.500006,-0.0002535,-0.499753
3406.8,-1.33935,-1.75374,-0.49997,-0.000271606,-0.499699
3407.4,-1.31384,-1.75354,-0.499932,-0.000293187,-0.499639
3408,-1.33986,-1.75335,-0.499861,-0.000271186,-0.49959
3408.6,-1.30885,-1.75316,-0.499854,-0.000297608,-0.499557
3409.2,-1.33435,-1.75296,-0.499826,-0.000275695,-0.499551
3409.8,-1.30634,-1.75276,-0.499863,-0.000299847,-0.499564
3410.4,-1.31584,-1.75256,-0.499841,-0.000291417,-0.499549
3411,-1.32935,-1.75236,-0.499778,-0.000279849,-0.499498
3411.6,-1.32335,-1.75216,-0.49975,-0.000284925,-0.499465
3412.2,-1.31034,-1.75196,-0.499771,-0.000296258,-0.499475
3412.8,-1.31384,-1.75176,-0.499738,-0.000293156,-0.499444
3413.4,-1.30885,-1.75155,-0.499746,-0.000297579,-0.499449
3414,-1.33586,-1.75135,-0.499718,-0.000274425,-0.499444
3414.6,-1.30083,-1.75114,-0.49976,-0.000304809,-0.499455
3415.2,-1.30485,-1.75094,-0.499753,-0.000301158,-0.499452
3415.8,-1.29083,-1.75073,-0.499761,-0.000314077,-0.499447
3416.4,-1.36236,-1.75052,-0.499668,-0.000253448,-0.499415
3417,-1.29383,-1.75031,-0.499727,-0.000311258,-0.499416
3417.6,-1.32735,-1.7501,-0.499713,-0.000281494,-0.499431
3418.2,-1.27533,-1.74989,-0.499803,-0.000329006,-0.499474
3418.8,-1.29234,-1.74967,-0.499823,-0.000312641,-0.499511
3419.4,-1.25782,-1.74945,-0.499918,-0.000346725,-0.499571
3420,-1.26633,-1.74923,-0.499979,-0.000337989,-0.499641
3420.6,-1.25532,-1.74901,-0.500095,-0.000349332,-0.499746
3421.2,-1.22282,-1.74878,-0.500238,-0.000385079,-0.499853
3421.8,-1.26233,-1.74855,-0.500328,-0.000342052,-0.499986
3422.4,-1.22931,-1.74831,-0.500511,-0.000377648,-0.500133
3423,-1.25682,-1.74808,-0.500601,-0.000347737,-0.500253
3423.6,-1.2118,-1.74784,-0.500794,-0.000397984,-0.500396
3424.2,-1.1988,-1.74759,-0.500984,-0.00041379,-0.50057
3424.8,-1.23981,-1.74735,-0.501067,-0.000365918,-0.500701
3425.4,-1.18479,-1.7471,-0.501293,-0.00043153,-0.500861
3426,-1.17379,-1.74685,-0.50152,-0.000445987,-0.501074
3426.6,-1.18379,-1.74659,-0.501712,-0.000432812,-0.501279
3427.2,-1.1638,-1.74633,-0.501937,-0.000459541,-0.501477
3427.8,-1.21931,-1.74607,-0.502058,-0.000389086,-0.501669
3428.4,-1.16879,-1.7458,-0.502326,-0.000452692,-0.501873
3429,-1.23031,-1.74554,-0.502407,-0.000376456,-0.50203
3429.6,-1.14978,-1.74527,-0.502708,-0.000479224,-0.502229
3430.2,-1.18379,-1.745,-0.502884,-0.000432771,-0.502451
3430.8,-1.17728,-1.74472,-0.5031,-0.000441288,-0.502659
3431.4,-1.1963,-1.74445,-0.503245,-0.000416834,-0.502828
3432,-1.1963,-1.74418,-0.503414,-0.000416828,-0.502997
3432.6,-1.19079,-1.7439,-0.503588,-0.000423759,-0.503164
3433.2,-1.1988,-1.74362,-0.503771,-0.000413692,-0.503357
3433.8,-1.17879,-1.74334,-0.503971,-0.000439262,-0.503531
3434.4,-1.1893,-1.74306,-0.504144,-0.000425636,-0.503718
3435,-1.15629,-1.74277,-0.504385,-0.000469898,-0.503916
3435.6,-1.1873,-1.74248,-0.504539,-0.000428181,-0.504111
3436.2,-1.1988,-1.7422,-0.504708,-0.000413657,-0.504295
3436.8,-1.1813,-1.74191,-0.504917,-0.000435935,-0.504481
3437.4,-1.17879,-1.74162,-0.505094,-0.000439217,-0.504654
3438,-1.15178,-1.74133,-0.50533,-0.000476248,-0.504853
3438.6,-1.15678,-1.74103,-0.505548,-0.000469157,-0.505079
3439.2,-1.18279,-1.74074,-0.505729,-0.00043396,-0.505295
3439.8,-1.1638,-1.74044,-0.505972,-0.000459379,-0.505513
3440.4,-1.13428,-1.74013,-0.506271,-0.000501867,-0.505769
3441,-1.13077,-1.73983,-0.506552,-0.000507162,-0.506045
3441.6,-1.12577,-1.73952,-0.506841,-0.000514808,-0.506326
3442.2,-1.10227,-1.7392,-0.507174,-0.000552369,-0.506622
3442.8,-1.11477,-1.73889,-0.50746,-0.00053204,-0.506928
3443.4,-1.08676,-1.73857,-0.507831,-0.00057862,-0.507253
3444,-1.11577,-1.73825,-0.508107,-0.000530428,-0.507577
3444.6,-1.10276,-1.73792,-0.508408,-0.000551514,-0.507856
3445.2,-1.12928,-1.7376,-0.508666,-0.000509366,-0.508156
3445.8,-1.08326,-1.73727,-0.509069,-0.000584689,-0.508484
3446.4,-1.10027,-1.73694,-0.509359,-0.000555614,-0.508804
3447,-1.12928,-1.73661,-0.509617,-0.000509336,-0.509108
3447.6,-1.10927,-1.73627,-0.509949,-0.000540809,-0.509408
3448.2,-1.09827,-1.73593,-0.510294,-0.00055892,-0.509735
3448.8,-1.08026,-1.73559,-0.51064,-0.000589909,-0.51005
3449.4,-1.08026,-1.73525,-0.51097,-0.000589897,-0.51038
3450,-1.10027,-1.73491,-0.511229,-0.000555547,-0.510674
3450.6,-1.10627,-1.73457,-0.511509,-0.000545637,-0.510964
3451.2,-1.08476,-1.73422,-0.511831,-0.000581947,-0.51125
3451.8,-1.08825,-1.73388,-0.512127,-0.000575878,-0.511551
3452.4,-1.10627,-1.73353,-0.512409,-0.000545603,-0.511863
3453,-1.07126,-1.73318,-0.512808,-0.000605945,-0.512202
3453.6,-1.08176,-1.73283,-0.513082,-0.000587152,-0.512495
3454.2,-1.08976,-1.73248,-0.513351,-0.000573234,-0.512777
3454.8,-1.05225,-1.73212,-0.513722,-0.000641429,-0.513081
3455.4,-1.10076,-1.73177,-0.513932,-0.000554625,-0.513378
3456,-1.09976,-1.73141,-0.514244,-0.000556277,-0.513688
3456.6,-1.10076,-1.73106,-0.51453,-0.000554601,-0.513976
3457.2,-1.10827,-1.73071,-0.514792,-0.000542252,-0.51425
3457.8,-1.08376,-1.73035,-0.515126,-0.000583558,-0.514543
3458.4,-1.06075,-1.72999,-0.515487,-0.000625206,-0.514862
3459,-1.06124,-1.72963,-0.515806,-0.000624272,-0.515182
3459.6,-1.08476,-1.72926,-0.516085,-0.000581774,-0.515504
3460.2,-1.05325,-1.7289,-0.516467,-0.000639387,-0.515827
3460.8,-1.05074,-1.72853,-0.516819,-0.000644195,-0.516175
3461.4,-1.04574,-1.72816,-0.517187,-0.000653903,-0.516534
3462,-1.03123,-1.72779,-0.51757,-0.000682935,-0.516887
3462.6,-1.04125,-1.72742,-0.517901,-0.000662732,-0.517239
3463.2,-1.03023,-1.72705,-0.518246,-0.000684953,-0.517561
3463.8,-1.02823,-1.72667,-0.518639,-0.000689054,-0.51795
3464.4,-1.00522,-1.72628,-0.519115,-0.000738219,-0.518377
3465,-1.04525,-1.72591,-0.519395,-0.000654779,-0.51874
3465.6,-1.02373,-1.72552,-0.519816,-0.000698374,-0.519117
3466.2,-0.995225,-1.72514,-0.520266,-0.000760614,-0.519506
3466.8,-1.01524,-1.72475,-0.520606,-0.000716334,-0.519889
3467.4,-1.01424,-1.72436,-0.521001,-0.000718466,-0.520282
3468,-0.991226,-1.72397,-0.521466,-0.000769727,-0.520697
3468.6,-1.05074,-1.72358,-0.521716,-0.000644005,-0.521072
3469.2,-1.02723,-1.72319,-0.522139,-0.000690977,-0.521448
3469.8,-1.05225,-1.72279,-0.522464,-0.000641071,-0.521823
3470.4,-1.01224,-1.7224,-0.52293,-0.000722698,-0.522208
3471,-1.04725,-1.722,-0.52321,-0.000650716,-0.522559
3471.6,-1.02024,-1.72161,-0.523598,-0.000705553,-0.522892
3472.2,-1.01724,-1.72121,-0.523958,-0.000711905,-0.523246
3472.8,-1.01173,-1.72081,-0.524336,-0.000723731,-0.523612
3473.4,-1.04525,-1.72042,-0.524611,-0.000654564,-0.523956
3474,-1.03074,-1.72002,-0.524964,-0.000683624,-0.52428
3474.6,-1.03023,-1.71962,-0.525317,-0.000684649,-0.524632
3475.2,-1.01124,-1.71922,-0.525732,-0.000724729,-0.525007
3475.8,-1.00422,-1.71882,-0.5261,-0.000740104,-0.52536
3476.4,-1.04425,-1.71842,-0.526366,-0.00065645,-0.525709
3477,-1.04025,-1.71802,-0.526718,-0.000664347,-0.526054
3477.6,-1.00273,-1.71762,-0.527146,-0.000743365,-0.526402
3478.2,-1.00973,-1.71721,-0.527492,-0.000727923,-0.526764
3478.8,-1.01073,-1.71681,-0.527838,-0.000725728,-0.527112
3479.4,-1.00522,-1.71641,-0.528184,-0.000737784,-0.527447
3480,-0.999732,-1.716,-0.528573,-0.000750002,-0.527823
3480.6,-0.979212,-1.71559,-0.529007,-0.000797535,-0.52821
3481.2,-0.973213,-1.71518,-0.529417,-0.000811976,-0.528605
3481.8,-0.961216,-1.71477,-0.529841,-0.000841667,-0.529
3482.4,-0.966707,-1.71436,-0.530242,-0.000827917,-0.529414
3483,-0.959708,-1.71395,-0.530644,-0.000845436,-0.529798
3483.6,-0.984227,-1.71354,-0.530956,-0.000785546,-0.53017
3484.2,-0.966215,-1.71312,-0.531384,-0.000829076,-0.530555
3484.8,-0.955709,-1.7127,-0.531823,-0.00085556,-0.530967
3485.4,-0.955709,-1.71228,-0.532236,-0.000855539,-0.53138
3486,-0.964215,-1.71186,-0.532616,-0.000833994,-0.531782
3486.6,-0.939204,-1.71144,-0.53312,-0.00089885,-0.532221
3487.2,-0.987718,-1.71102,-0.533404,-0.000777256,-0.532626
3487.8,-0.954709,-1.7106,-0.533844,-0.000858019,-0.532986
3488.4,-0.930206,-1.71017,-0.534332,-0.000923333,-0.533409
3489,-0.938696,-1.70974,-0.534733,-0.000900128,-0.533833
3489.6,-0.945203,-1.70932,-0.535144,-0.000882733,-0.534261
3490.2,-0.988718,-1.70889,-0.535408,-0.000774833,-0.534633
3490.8,-0.978212,-1.70847,-0.535785,-0.000799587,-0.534985
3491.4,-0.98272,-1.70805,-0.536108,-0.000788843,-0.535319
3492,-0.940204,-1.70762,-0.536588,-0.000895958,-0.535692
3492.6,-0.944203,-1.70719,-0.53698,-0.000885267,-0.536095
3493.2,-0.949202,-1.70676,-0.537363,-0.000872089,-0.536491
3493.8,-0.958708,-1.70634,-0.537705,-0.000847586,-0.536857
3494.4,-0.967215,-1.70591,-0.538054,-0.00082624,-0.537228
3495,-0.958708,-1.70548,-0.538425,-0.000847542,-0.537577
3495.6,-0.963707,-1.70506,-0.538763,-0.000834924,-0.537928
3496.2,-0.926699,-1.70462,-0.539302,-0.000932773,-0.538369
3496.8,-0.953709,-1.70419,-0.539636,-0.000860262,-0.538776
3497.4,-0.947711,-1.70376,-0.540015,-0.000875836,-0.539139
3498,-0.946711,-1.70333,-0.540391,-0.00087844,-0.539513
3498.6,-0.942204,-1.7029,-0.540779,-0.000890356,-0.539889
3499.2,-0.939696,-1.70246,-0.541162,-0.000897046,-0.540265
3499.8,-0.952202,-1.70203,-0.541487,-0.000864044,-0.540623
3500.4,-0.9207,-1.7016,-0.541965,-0.000949511,-0.541015
3501,-0.915193,-1.70116,-0.542409,-0.000965275,-0.541443
3501.6,-0.89918,-1.70072,-0.542896,-0.00101266,-0.541883
3502.2,-0.922192,-1.70028,-0.543268,-0.000945204,-0.542323
3502.8,-0.956217,-1.69984,-0.543559,-0.000853602,-0.542706
3503.4,-0.906195,-1.6994,-0.544099,-0.000991535,-0.543108
3504,-0.908686,-1.69895,-0.544516,-0.000984139,-0.543532
3504.6,-0.906195,-1.69851,-0.544919,-0.000991482,-0.543928
3505.2,-0.886183,-1.69806,-0.545421,-0.00105268,-0.544368
3505.8,-0.928698,-1.69762,-0.545716,-0.000926816,-0.544789
3506.4,-0.905687,-1.69717,-0.546212,-0.000992912,-0.545219
3507,-0.887183,-1.69672,-0.546718,-0.00104945,-0.545669
3507.6,-0.921192,-1.69627,-0.547045,-0.000947811,-0.546097
3508.2,-0.891182,-1.69582,-0.547554,-0.00103691,-0.546517
3508.8,-0.924191,-1.69537,-0.54786,-0.000939285,-0.54692
3509.4,-0.901688,-1.69491,-0.54837,-0.00100474,-0.547365
3510,-0.917193,-1.69447,-0.548725,-0.000959128,-0.547766
3510.6,-0.910686,-1.69401,-0.549132,-0.000977974,-0.548154
3511.2,-0.935697,-1.69357,-0.549421,-0.000907371,-0.548514
3511.8,-0.89369,-1.69311,-0.549944,-0.00102898,-0.548915
3512.4,-0.904195,-1.69266,-0.550288,-0.000997088,-0.549291
3513,-0.895181,-1.69221,-0.550732,-0.00102434,-0.549708
3513.6,-0.899688,-1.69175,-0.551115,-0.00101058,-0.550104
3514.2,-0.89918,-1.6913,-0.551499,-0.00101209,-0.550487
3514.8,-0.889182,-1.69085,-0.551924,-0.00104282,-0.550881
3515.4,-0.868679,-1.69039,-0.552399,-0.00110882,-0.55129
3516,-0.889182,-1.68994,-0.552714,-0.00104277,-0.551672
3516.6,-0.896689,-1.68949,-0.553051,-0.00101956,-0.552031
3517.2,-0.908686,-1.68904,-0.553368,-0.000983554,-0.552384
3517.8,-0.888691,-1.68858,-0.553825,-0.00104422,-0.552781
3518.4,-0.89369,-1.68813,-0.554194,-0.00102867,-0.553166
3519,-0.873186,-1.68767,-0.55467,-0.00109378,-0.553576
3519.6,-0.858173,-1.68721,-0.555109,-0.00114403,-0.553965
3520.2,-0.880676,-1.68675,-0.555451,-0.00106946,-0.554382
3520.8,-0.851174,-1.68629,-0.555996,-0.00116819,-0.554828
3521.4,-0.853174,-1.68582,-0.556441,-0.00116118,-0.55528
3522,-0.845175,-1.68536,-0.556923,-0.00118929,-0.555734
3522.6,-0.872678,-1.6849,-0.557259,-0.00109526,-0.556164
3523.2,-0.864171,-1.68443,-0.557706,-0.00112348,-0.556583
3523.8,-0.850666,-1.68396,-0.558199,-0.0011698,-0.557029
3524.4,-0.87217,-1.68349,-0.55856,-0.00109684,-0.557463
3525,-0.857681,-1.68302,-0.559042,-0.00114543,-0.557897
3525.6,-0.819656,-1.68255,-0.559621,-0.00128348,-0.558337
3526.2,-0.829671,-1.68207,-0.560086,-0.00124554,-0.55884
3526.8,-0.823656,-1.68159,-0.560605,-0.00126813,-0.559336
3527.4,-0.835161,-1.68111,-0.561033,-0.00122517,-0.559808
3528,-0.848175,-1.68064,-0.56142,-0.00117832,-0.560241
3528.6,-0.828671,-1.68015,-0.561951,-0.00124913,-0.560701
3529.2,-0.80915,-1.67967,-0.562493,-0.00132425,-0.561169
3529.8,-0.820656,-1.67919,-0.562898,-0.00127938,-0.561619
3530.4,-0.86368,-1.67871,-0.563166,-0.00112475,-0.562041
3531,-0.84016,-1.67823,-0.563653,-0.00120676,-0.562446
3531.6,-0.853174,-1.67775,-0.564013,-0.00116062,-0.562852
3532.2,-0.841668,-1.67727,-0.564451,-0.00120126,-0.56325
3532.8,-0.848175,-1.67679,-0.564822,-0.00117805,-0.563644
3533.4,-0.848666,-1.67631,-0.565228,-0.00117629,-0.564052
3534,-0.827655,-1.67583,-0.565708,-0.00125261,-0.564456
3534.6,-0.853665,-1.67535,-0.566027,-0.00115875,-0.564869
3535.2,-0.857681,-1.67487,-0.5664,-0.00114487,-0.565255
3535.8,-0.845175,-1.67439,-0.566839,-0.00118851,-0.56565
3536.4,-0.874677,-1.67392,-0.567075,-0.00108801,-0.565987
3537,-0.87017,-1.67344,-0.56745,-0.00110276,-0.566347
3537.6,-0.845667,-1.67296,-0.567909,-0.00118666,-0.566722
3538.2,-0.816149,-1.67248,-0.568418,-0.00129624,-0.567122
3538.8,-0.843176,-1.67201,-0.568704,-0.00119547,-0.567509
3539.4,-0.852174,-1.67153,-0.569049,-0.00116367,-0.567886
3540,-0.850174,-1.67105,-0.569435,-0.00117062,-0.568264
3540.6,-0.848175,-1.67057,-0.569835,-0.00117761,-0.568658
3541.2,-0.846667,-1.67009,-0.570232,-0.00118291,-0.569049
3541.8,-0.826655,-1.66961,-0.570708,-0.0012559,-0.569452
3542.4,-0.83167,-1.66913,-0.571102,-0.00123715,-0.569865
3543,-0.840668,-1.66865,-0.571482,-0.00120424,-0.570278
3543.6,-0.835161,-1.66817,-0.571895,-0.00122422,-0.570671
3544.2,-0.821656,-1.66768,-0.572377,-0.00127468,-0.571103
3544.8,-0.807151,-1.66719,-0.572865,-0.0013312,-0.571534
3545.4,-0.794645,-1.6667,-0.573342,-0.00138192,-0.57196
3546,-0.804152,-1.66621,-0.573741,-0.00134312,-0.572398
3546.6,-0.827655,-1.66572,-0.574079,-0.00125185,-0.572828
3547.2,-0.800152,-1.66523,-0.574623,-0.00135921,-0.573264
3547.8,-0.796153,-1.66474,-0.575051,-0.00137554,-0.573676
3548.4,-0.814149,-1.66425,-0.575424,-0.00130337,-0.574121
3549,-0.812658,-1.66376,-0.575844,-0.00130917,-0.574535
3549.6,-0.828671,-1.66327,-0.576193,-0.00124787,-0.574945
3550.2,-0.806659,-1.66277,-0.576687,-0.0013328,-0.575354
3550.8,-0.823656,-1.66228,-0.57701,-0.00126666,-0.575743
3551.4,-0.825655,-1.66179,-0.577408,-0.00125907,-0.576149
3552,-0.827163,-1.66131,-0.577768,-0.00125336,-0.576515
3552.6,-0.819165,-1.66082,-0.578147,-0.00128369,-0.576863
3553.2,-0.809659,-1.66033,-0.578572,-0.0013207,-0.577251
3553.8,-0.824164,-1.65984,-0.578864,-0.00126455,-0.577599
3554.4,-0.798645,-1.65935,-0.579323,-0.00136488,-0.577958
3555,-0.799153,-1.65886,-0.579689,-0.00136276,-0.578326
3555.6,-0.80915,-1.65838,-0.579998,-0.00132256,-0.578676
3556.2,-0.847175,-1.6579,-0.580194,-0.00118025,-0.579014
3556.8,-0.842668,-1.65742,-0.580542,-0.00119624,-0.579346
3557.4,-0.822164,-1.65693,-0.580954,-0.00127192,-0.579682
3558,-0.824164,-1.65645,-0.581272,-0.0012643,-0.580008
3558.6,-0.771634,-1.65596,-0.581818,-0.00147947,-0.580339
3559.2,-0.800152,-1.65548,-0.58206,-0.00135842,-0.580702
3559.8,-0.795153,-1.655,-0.582452,-0.00137885,-0.581073
3560.4,-0.786647,-1.65451,-0.582851,-0.00141436,-0.581436
3561,-0.795645,-1.65403,-0.5832,-0.00137674,-0.581823
3561.6,-0.770142,-1.65354,-0.583695,-0.00148587,-0.582209
3562.2,-0.818657,-1.65306,-0.583853,-0.00128505,-0.582568
3562.8,-0.769634,-1.65256,-0.584467,-0.00148804,-0.582979
3563.4,-0.760636,-1.65207,-0.584915,-0.0015286,-0.583386
3564,-0.762636,-1.65157,-0.585352,-0.00151944,-0.583833
3564.6,-0.788647,-1.65108,-0.585631,-0.00140563,-0.584226
3565.2,-0.795645,-1.65059,-0.585986,-0.00137646,-0.584609
3565.8,-0.81115,-1.6501,-0.586317,-0.00131401,-0.585003
3566.4,-0.776649,-1.6496,-0.586872,-0.00145688,-0.585415
3567,-0.785647,-1.6491,-0.587234,-0.00141813,-0.585816
3567.6,-0.763144,-1.64861,-0.587729,-0.00151686,-0.586212
3568.2,-0.78314,-1.64811,-0.58805,-0.00142873,-0.586621
3568.8,-0.759637,-1.6476,-0.58859,-0.00153277,-0.587058
3569.4,-0.765144,-1.64711,-0.588965,-0.00150768,-0.587457
3570,-0.757129,-1.6466,-0.589401,-0.00154422,-0.587856
3570.6,-0.806659,-1.64612,-0.589544,-0.00133147,-0.588213
3571.2,-0.800644,-1.64562,-0.589888,-0.00135562,-0.588532
3571.8,-0.765144,-1.64512,-0.590392,-0.0015075,-0.588884
3572.4,-0.767143,-1.64463,-0.59075,-0.00149846,-0.589252
3573,-0.745623,-1.64412,-0.591245,-0.00159805,-0.589647
3573.6,-0.791154,-1.64363,-0.591408,-0.0013945,-0.590014
3574.2,-0.777649,-1.64314,-0.591806,-0.00145196,-0.590354
3574.8,-0.769634,-1.64264,-0.592184,-0.00148716,-0.590696
3575.4,-0.825655,-1.64216,-0.592262,-0.00125759,-0.591004
3576,-0.765144,-1.64165,-0.592848,-0.00150718,-0.591341
3576.6,-0.763636,-1.64116,-0.593175,-0.00151395,-0.591661
3577.2,-0.783648,-1.64068,-0.593396,-0.00142592,-0.59197
3577.8,-0.786647,-1.64019,-0.593691,-0.00141314,-0.592278
3578.4,-0.779649,-1.6397,-0.594044,-0.001443,-0.592601
3579,-0.790155,-1.63921,-0.594321,-0.00139831,-0.592923
3579.6,-0.769634,-1.63872,-0.594746,-0.00148681,-0.593259
3580.2,-0.772634,-1.63822,-0.595076,-0.00147348,-0.593602
3580.8,-0.753638,-1.63773,-0.595497,-0.0015596,-0.593937
3581.4,-0.751638,-1.63723,-0.595883,-0.00156891,-0.594314
3582,-0.747623,-1.63674,-0.596259,-0.00158782,-0.594672
3582.6,-0.78314,-1.63626,-0.596414,-0.00142771,-0.594986
3583.2,-0.770634,-1.63577,-0.596794,-0.0014821,-0.595311
3583.8,-0.725628,-1.63526,-0.597356,-0.00169564,-0.59566
3584.4,-0.731626,-1.63477,-0.597695,-0.00166544,-0.596029
3585,-0.723628,-1.63427,-0.598095,-0.00170571,-0.59639
3585.6,-0.743132,-1.63378,-0.598392,-0.00160901,-0.596783
3586.2,-0.745623,-1.63328,-0.598737,-0.00159701,-0.59714
3586.8,-0.727119,-1.63278,-0.599199,-0.00168784,-0.597512
3587.4,-0.740624,-1.63228,-0.599512,-0.00162097,-0.597891
3588,-0.762636,-1.63179,-0.599763,-0.00151763,-0.598246
3588.6,-0.709615,-1.63128,-0.600395,-0.00177839,-0.598617
3589.2,-0.75213,-1.63078,-0.600558,-0.00156599,-0.598992
3589.8,-0.743624,-1.63028,-0.60095,-0.0016063,-0.599343
3590.4,-0.744132,-1.62978,-0.60131,-0.00160382,-0.599706
3591,-0.739624,-1.62928,-0.601651,-0.00162554,-0.600025
3591.6,-0.725119,-1.62879,-0.602029,-0.00169756,-0.600331
3592.2,-0.733118,-1.62829,-0.602323,-0.00165738,-0.600666
3592.8,-0.729627,-1.62778,-0.602714,-0.00167473,-0.601039
3593.4,-0.75213,-1.62729,-0.602949,-0.00156566,-0.601383
3594,-0.758637,-1.62679,-0.603233,-0.00153544,-0.601698
3594.6,-0.765635,-1.6263,-0.60351,-0.00150358,-0.602007
3595.2,-0.767143,-1.6258,-0.603794,-0.00149677,-0.602297
3595.8,-0.759637,-1.62531,-0.604118,-0.00153072,-0.602588
3596.4,-0.764635,-1.62482,-0.604359,-0.00150795,-0.602851
3597,-0.772634,-1.62433,-0.604611,-0.00147225,-0.603138
3597.6,-0.777649,-1.62384,-0.604891,-0.00145028,-0.603441
3598.2,-0.743624,-1.62334,-0.605354,-0.00160563,-0.603748
3598.8,-0.753638,-1.62285,-0.605579,-0.0015582,-0.604021
3599.4,-0.796645,-1.62237,-0.605644,-0.00137002,-0.604274
3600,-0.708615,-1.62186,-0.606369,-0.00178271,-0.604587
3600.6,-0.69111,-1.62136,-0.606825,-0.00187844,-0.604947
3601.2,-0.713614,-1.62086,-0.60709,-0.00175615,-0.605334
3601.8,-0.706615,-1.62036,-0.607523,-0.00179323,-0.605729
3602.4,-0.75313,-1.61987,-0.607628,-0.00156029,-0.606067
3603,-0.747131,-1.61938,-0.607949,-0.0015885,-0.606361
3603.6,-0.727119,-1.61887,-0.608363,-0.00168643,-0.606676
3604.2,-0.72212,-1.61837,-0.608717,-0.00171178,-0.607005
3604.8,-0.698109,-1.61787,-0.609184,-0.00183915,-0.607345
3605.4,-0.700108,-1.61736,-0.609547,-0.00182814,-0.607719
3606,-0.75013,-1.61687,-0.609626,-0.00157407,-0.608052
3606.6,-0.704124,-1.61636,-0.610226,-0.00180621,-0.60842
3607.2,-0.725628,-1.61586,-0.610439,-0.00169366,-0.608745
3607.8,-0.72412,-1.61536,-0.610774,-0.00170127,-0.609073
3608.4,-0.768143,-1.61487,-0.610849,-0.00149131,-0.609358
3609,-0.728119,-1.61436,-0.611336,-0.00168094,-0.609656
3609.6,-0.735625,-1.61386,-0.611634,-0.00164357,-0.609991
3610.2,-0.723628,-1.61335,-0.612027,-0.00170357,-0.610323
3610.8,-0.753638,-1.61286,-0.612156,-0.00155727,-0.610599
3611.4,-0.729119,-1.61236,-0.612558,-0.00167572,-0.610882
3612,-0.72412,-1.61187,-0.612839,-0.00170091,-0.611138
3612.6,-0.738625,-1.61137,-0.613032,-0.00162865,-0.611403
3613.2,-0.727627,-1.61087,-0.613376,-0.00168306,-0.611693
3613.8,-0.749639,-1.61038,-0.613546,-0.00157577,-0.61197
3614.4,-0.714122,-1.60988,-0.613999,-0.00175232,-0.612247
3615,-0.716121,-1.60938,-0.614286,-0.00174183,-0.612544
3615.6,-0.758129,-1.60891,-0.614303,-0.00153612,-0.612767
3616.2,-0.729627,-1.60841,-0.6147,-0.00167278,-0.613027
3616.8,-0.729119,-1.60792,-0.614963,-0.00167527,-0.613288
3617.4,-0.759128,-1.60743,-0.615068,-0.00153139,-0.613536
3618,-0.739133,-1.60694,-0.615439,-0.00162574,-0.613813
3618.6,-0.72112,-1.60644,-0.615805,-0.00171568,-0.614089
3619.2,-0.715613,-1.60595,-0.61612,-0.00174411,-0.614376
3619.8,-0.697617,-1.60546,-0.616485,-0.00184048,-0.614644
3620.4,-0.710123,-1.60496,-0.616712,-0.00177288,-0.614939
3621,-0.684604,-1.60446,-0.61717,-0.00191339,-0.615257
3621.6,-0.680604,-1.60396,-0.617515,-0.00193634,-0.615579
3622.2,-0.683112,-1.60346,-0.617866,-0.00192182,-0.615944
3622.8,-0.720629,-1.60297,-0.617954,-0.00171784,-0.616236
3623.4,-0.686603,-1.60246,-0.618425,-0.00190176,-0.616523
3624,-0.680604,-1.60196,-0.618791,-0.00193611,-0.616855
3624.6,-0.677605,-1.60146,-0.619125,-0.00195349,-0.617171
3625.2,-0.727119,-1.60097,-0.619161,-0.00168461,-0.617477
3625.8,-0.671098,-1.60045,-0.619787,-0.00199173,-0.617795
3626.4,-0.697109,-1.59995,-0.619989,-0.00184267,-0.618146
3627,-0.669099,-1.59943,-0.620491,-0.00200355,-0.618487
3627.6,-0.687111,-1.59893,-0.620714,-0.00189846,-0.618815
3628.2,-0.670607,-1.59842,-0.621111,-0.00199442,-0.619117
3628.8,-0.681604,-1.59791,-0.621368,-0.00192986,-0.619438
3629.4,-0.667099,-1.5974,-0.621763,-0.00201531,-0.619747
3630,-0.679605,-1.5969,-0.622002,-0.00194131,-0.620061
3630.6,-0.674606,-1.59639,-0.622331,-0.00197048,-0.62036
3631.2,-0.716121,-1.59589,-0.62238,-0.00174041,-0.620639
3631.8,-0.726627,-1.59539,-0.622587,-0.00168653,-0.620901
3632.4,-0.668607,-1.59487,-0.623194,-0.00200595,-0.621188
3633,-0.69311,-1.59437,-0.623349,-0.00186421,-0.621485
3633.6,-0.716613,-1.59387,-0.623457,-0.00173764,-0.62172
3634.2,-0.707123,-1.59337,-0.623741,-0.0017876,-0.621953
3634.8,-0.704616,-1.59286,-0.624021,-0.001801,-0.62222
3635.4,-0.719629,-1.59237,-0.624169,-0.00172188,-0.622447
3636,-0.704124,-1.59186,-0.624556,-0.00180354,-0.622753
3636.6,-0.726627,-1.59137,-0.624652,-0.00168612,-0.622966
3637.2,-0.748639,-1.59088,-0.624724,-0.00157864,-0.623145
3637.8,-0.729627,-1.59039,-0.625015,-0.00167096,-0.623344
3638.4,-0.69511,-1.58988,-0.625445,-0.00185259,-0.623592
3639,-0.679605,-1.58938,-0.625803,-0.00194043,-0.623863
3639.6,-0.718121,-1.5889,-0.62579,-0.00172931,-0.624061
3640.2,-0.743624,-1.58841,-0.625894,-0.00160226,-0.624292
3640.8,-0.69511,-1.5879,-0.626408,-0.00185237,-0.624555
3641.4,-0.666607,-1.58739,-0.626866,-0.00201706,-0.624848
3642,-0.679113,-1.5869,-0.627079,-0.001943,-0.625136
3642.6,-0.654102,-1.58638,-0.62756,-0.00209375,-0.625466
3643.2,-0.664608,-1.58588,-0.627795,-0.00202897,-0.625766
3643.8,-0.681113,-1.58537,-0.627984,-0.00193124,-0.626053
3644.4,-0.670607,-1.58486,-0.628354,-0.00199279,-0.626361
3645,-0.682112,-1.58436,-0.628579,-0.00192536,-0.626654
3645.6,-0.663592,-1.58384,-0.629005,-0.00203489,-0.62697
3646.2,-0.657101,-1.58333,-0.629348,-0.00207468,-0.627273
3646.8,-0.684112,-1.58282,-0.629499,-0.0019137,-0.627585
3647.4,-0.670099,-1.58231,-0.629895,-0.00199551,-0.627899
3648,-0.689602,-1.5818,-0.630039,-0.00188243,-0.628157
3648.6,-0.669099,-1.58129,-0.630434,-0.00200136,-0.628432
3649.2,-0.658101,-1.58077,-0.630806,-0.00206817,-0.628738
3649.8,-0.69511,-1.58026,-0.630865,-0.00185152,-0.629014
3650.4,-0.644596,-1.57974,-0.631447,-0.00215322,-0.629294
3651,-0.6621,-1.57923,-0.63163,-0.00204341,-0.629587
3651.6,-0.691602,-1.57872,-0.631714,-0.00187086,-0.629844
3652.2,-0.63309,-1.57819,-0.632364,-0.00222832,-0.630136
3652.8,-0.670099,-1.57769,-0.6324,-0.00199496,-0.630405
3653.4,-0.675097,-1.57718,-0.632625,-0.00196531,-0.63066
3654,-0.694618,-1.57668,-0.632724,-0.00185384,-0.63087
3654.6,-0.684604,-1.57617,-0.633007,-0.00191013,-0.631097
3655.2,-0.670607,-1.57565,-0.633316,-0.00199168,-0.631324
3655.8,-0.6651,-1.57514,-0.633582,-0.00202468,-0.631558
3656.4,-0.660592,-1.57463,-0.633856,-0.00205207,-0.631804
3657,-0.669099,-1.57412,-0.63406,-0.0020005,-0.63206
3657.6,-0.684112,-1.57362,-0.634186,-0.00191264,-0.632274
3658.2,-0.691602,-1.57312,-0.63436,-0.00187023,-0.63249
3658.8,-0.685112,-1.57261,-0.634612,-0.00190682,-0.632705
3659.4,-0.668607,-1.5721,-0.634954,-0.00200319,-0.63295
3660,-0.673098,-1.57159,-0.635158,-0.00197642,-0.633182
3660.6,-0.657101,-1.57108,-0.635529,-0.00207315,-0.633456
3661.2,-0.641088,-1.57056,-0.635902,-0.0021747,-0.633728
3661.8,-0.647087,-1.57005,-0.636139,-0.002136,-0.634003
3662.4,-0.608079,-1.56952,-0.636671,-0.00239994,-0.634271
3663,-0.666607,-1.56903,-0.636533,-0.00201483,-0.634518
3663.6,-0.656102,-1.56851,-0.636838,-0.00207903,-0.634759
3664.2,-0.632582,-1.56799,-0.637271,-0.00223034,-0.63504
3664.8,-0.654102,-1.56748,-0.637398,-0.00209136,-0.635306
3665.4,-0.667099,-1.56697,-0.637572,-0.00201162,-0.63556
3666,-0.670099,-1.56645,-0.637799,-0.0019936,-0.635805
3666.6,-0.617077,-1.56592,-0.638424,-0.00233578,-0.636088
3667.2,-0.613586,-1.56539,-0.63874,-0.00236019,-0.63638
3667.8,-0.63509,-1.56488,-0.638886,-0.00221327,-0.636673
3668.4,-0.614078,-1.56435,-0.639313,-0.00235658,-0.636957
3669,-0.612078,-1.56382,-0.639622,-0.00237062,-0.637251
3669.6,-0.630091,-1.5633,-0.639762,-0.00224636,-0.637515
3670.2,-0.679113,-1.56279,-0.639704,-0.00194017,-0.637764
3670.8,-0.666607,-1.56227,-0.639981,-0.00201401,-0.637967
3671.4,-0.669607,-1.56176,-0.640168,-0.00199597,-0.638172
3672,-0.63309,-1.56123,-0.640647,-0.00222604,-0.638421
3672.6,-0.630091,-1.5607,-0.640945,-0.00224601,-0.638699
3673.2,-0.632582,-1.56017,-0.641197,-0.00222928,-0.638968
3673.8,-0.657101,-1.55966,-0.64127,-0.00207172,-0.639198
3674.4,-0.659101,-1.55915,-0.641454,-0.00205932,-0.639395
3675,-0.649595,-1.55863,-0.641729,-0.00211859,-0.63961
3675.6,-0.647087,-1.55811,-0.641952,-0.00213446,-0.639817
3676.2,-0.647595,-1.55759,-0.64215,-0.00213116,-0.640019
3676.8,-0.657101,-1.55709,-0.642273,-0.0020714,-0.640201
3677.4,-0.683112,-1.55658,-0.642307,-0.00191639,-0.64039
3678,-0.682604,-1.55607,-0.642492,-0.00191925,-0.640573
3678.6,-0.655102,-1.55555,-0.642847,-0.00208362,-0.640764
3679.2,-0.651103,-1.55504,-0.643071,-0.00210861,-0.640963
3679.8,-0.646087,-1.55453,-0.643288,-0.00214038,-0.641148
3680.4,-0.636598,-1.554,-0.643588,-0.00220187,-0.641386
3681,-0.628091,-1.55348,-0.64389,-0.00225848,-0.641632
3681.6,-0.620585,-1.55296,-0.644192,-0.00230963,-0.641882
3682.2,-0.639089,-1.55245,-0.644292,-0.00218534,-0.642107
3682.8,-0.640089,-1.55194,-0.644482,-0.00217875,-0.642304
3683.4,-0.638089,-1.55142,-0.644703,-0.00219174,-0.642511
3684,-0.594082,-1.55088,-0.645266,-0.00249957,-0.642766
3684.6,-0.625584,-1.55037,-0.645321,-0.00227504,-0.643045
3685.2,-0.643596,-1.54985,-0.645445,-0.00215577,-0.64329
3685.8,-0.629091,-1.54932,-0.645808,-0.00225118,-0.643557
3686.4,-0.620585,-1.54878,-0.646143,-0.00230905,-0.643834
3687,-0.60308,-1.54825,-0.646525,-0.00243291,-0.644092
3687.6,-0.646595,-1.54774,-0.646444,-0.00213626,-0.644308
3688.2,-0.651103,-1.54721,-0.646658,-0.00210761,-0.644551
3688.8,-0.654102,-1.54669,-0.646879,-0.00208874,-0.644791
3689.4,-0.632582,-1.54615,-0.647267,-0.00222739,-0.64504
3690,-0.641088,-1.54563,-0.64744,-0.00217143,-0.645269
3690.6,-0.63209,-1.5451,-0.6477,-0.00223053,-0.64547
3691.2,-0.637597,-1.54458,-0.647854,-0.00219406,-0.64566
3691.8,-0.647595,-1.54406,-0.647966,-0.00212941,-0.645837
3692.4,-0.630582,-1.54353,-0.648299,-0.00224039,-0.646059
3693,-0.636598,-1.54301,-0.648462,-0.00220041,-0.646262
3693.6,-0.650103,-1.54249,-0.648569,-0.00211331,-0.646456
3694.2,-0.630091,-1.54196,-0.648886,-0.00224347,-0.646643
3694.8,-0.648087,-1.54145,-0.648949,-0.00212595,-0.646823
3695.4,-0.669099,-1.54094,-0.648982,-0.00199649,-0.646985
3696,-0.655593,-1.54042,-0.64924,-0.00207866,-0.647161
3696.6,-0.648087,-1.5399,-0.64944,-0.00212575,-0.647315
3697.2,-0.669099,-1.53939,-0.649465,-0.0019963,-0.647468
3697.8,-0.649103,-1.53887,-0.649753,-0.00211917,-0.647634
3698.4,-0.648595,-1.53836,-0.649923,-0.00212233,-0.647801
3699,-0.639597,-1.53784,-0.650161,-0.0021801,-0.647981
3699.6,-0.639089,-1.53733,-0.650319,-0.00218334,-0.648135
3700.2,-0.622584,-1.5368,-0.650637,-0.00229363,-0.648343
3700.8,-0.60608,-1.53627,-0.650994,-0.00240947,-0.648585
3701.4,-0.590575,-1.53574,-0.651356,-0.00252358,-0.648832
3702,-0.611587,-1.53521,-0.651464,-0.00237,-0.649094
3702.6,-0.625584,-1.53469,-0.651587,-0.00227288,-0.649314
3703.2,-0.595082,-1.53417,-0.651982,-0.0024896,-0.649492
3703.8,-0.608079,-1.53364,-0.652117,-0.00239474,-0.649722
3704.4,-0.595574,-1.53311,-0.652404,-0.00248579,-0.649918
3705,-0.613586,-1.53258,-0.652509,-0.00235552,-0.650153
3705.6,-0.577069,-1.53203,-0.653039,-0.00262683,-0.650412
3706.2,-0.591574,-1.5315,-0.653173,-0.00251541,-0.650658
3706.8,-0.606571,-1.53097,-0.653309,-0.00240516,-0.650904
3707.4,-0.591066,-1.53043,-0.653677,-0.00251906,-0.651158
3708,-0.568563,-1.52988,-0.654095,-0.00269404,-0.651401
3708.6,-0.560565,-1.52933,-0.654422,-0.00275905,-0.651663
3709.2,-0.578069,-1.52879,-0.654552,-0.00261849,-0.651934
3709.8,-0.583576,-1.52825,-0.654779,-0.0025757,-0.652204
3710.4,-0.601081,-1.52771,-0.654863,-0.00244444,-0.652418
3711,-0.594574,-1.52716,-0.655145,-0.00249233,-0.652653
3711.6,-0.587067,-1.52662,-0.655425,-0.00254874,-0.652876
3712.2,-0.591066,-1.52607,-0.655618,-0.0025184,-0.653099
3712.8,-0.583068,-1.52552,-0.655908,-0.00257919,-0.653329
3713.4,-0.598573,-1.52497,-0.656037,-0.00246241,-0.653575
3714,-0.589575,-1.52442,-0.656336,-0.00252939,-0.653807
3714.6,-0.587575,-1.52387,-0.656584,-0.00254445,-0.65404
3715.2,-0.60608,-1.52332,-0.656682,-0.00240758,-0.654274
3715.8,-0.607571,-1.52278,-0.656867,-0.0023968,-0.654471
3716.4,-0.613078,-1.52223,-0.657013,-0.00235762,-0.654655
3717,-0.617585,-1.52169,-0.657149,-0.00232601,-0.654823
3717.6,-0.600081,-1.52114,-0.657463,-0.00245078,-0.655012
3718.2,-0.583576,-1.52058,-0.657796,-0.00257451,-0.655221
3718.8,-0.601081,-1.52004,-0.65786,-0.00244331,-0.655416
3719.4,-0.607571,-1.51949,-0.657996,-0.00239632,-0.6556
3720,-0.600081,-1.51894,-0.658256,-0.00245045,-0.655805
3720.6,-0.585068,-1.51839,-0.658564,-0.00256273,-0.656001
3721.2,-0.570071,-1.51782,-0.658924,-0.00267998,-0.656244
3721.8,-0.577561,-1.51727,-0.6591,-0.00262064,-0.65648
3722.4,-0.577561,-1.5167,-0.659333,-0.00262055,-0.656712
3723,-0.602572,-1.51615,-0.659371,-0.00243188,-0.656939
3723.6,-0.579577,-1.51558,-0.659804,-0.00260464,-0.657199
3724.2,-0.569071,-1.51502,-0.660108,-0.00268754,-0.65742
3724.8,-0.555566,-1.51444,-0.660464,-0.002798,-0.657666
3725.4,-0.571562,-1.51388,-0.660581,-0.00266744,-0.657913
3726,-0.548551,-1.5133,-0.661025,-0.00285699,-0.658168
3726.6,-0.549551,-1.51272,-0.661293,-0.00284838,-0.658444
3727.2,-0.592574,-1.51216,-0.661205,-0.00250497,-0.6587
3727.8,-0.577069,-1.51158,-0.661565,-0.00262358,-0.658941
3728.4,-0.565056,-1.511,-0.661906,-0.00271929,-0.659187
3729,-0.518049,-1.51041,-0.662556,-0.00312864,-0.659427
3729.6,-0.563564,-1.50984,-0.662391,-0.00273123,-0.65966
3730.2,-0.554058,-1.50926,-0.662704,-0.00280973,-0.659895
3730.8,-0.599573,-1.5087,-0.662556,-0.00245265,-0.660103
3731.4,-0.592574,-1.50812,-0.66279,-0.00250436,-0.660286
3732,-0.595082,-1.50755,-0.662964,-0.00248559,-0.660478
3732.6,-0.57307,-1.50697,-0.663311,-0.00265435,-0.660656
3733.2,-0.589575,-1.5064,-0.66337,-0.00252663,-0.660843
3733.8,-0.592066,-1.50583,-0.663497,-0.00250782,-0.660989
3734.4,-0.593066,-1.50526,-0.663668,-0.00250026,-0.661167
3735,-0.566055,-1.50467,-0.664075,-0.00271015,-0.661365
3735.6,-0.592066,-1.50411,-0.664044,-0.00250756,-0.661536
3736.2,-0.605571,-1.50354,-0.664111,-0.00240835,-0.661703
3736.8,-0.574562,-1.50297,-0.664504,-0.00264192,-0.661862
3737.4,-0.580577,-1.5024,-0.664609,-0.00259481,-0.662015
3738,-0.600081,-1.50184,-0.664602,-0.00244792,-0.662154
3738.6,-0.573562,-1.50125,-0.664973,-0.00264954,-0.662323
3739.2,-0.574562,-1.50068,-0.665145,-0.00264155,-0.662503
3739.8,-0.539553,-1.50009,-0.665629,-0.0029324,-0.662696
3740.4,-0.57507,-1.49953,-0.665513,-0.00263737,-0.662875
3741,-0.576561,-1.49896,-0.665682,-0.00262556,-0.663057
3741.6,-0.580069,-1.49838,-0.665825,-0.00259811,-0.663227
3742.2,-0.568071,-1.4978,-0.666108,-0.00269276,-0.663415
3742.8,-0.510543,-1.4972,-0.666819,-0.00319692,-0.663623
3743.4,-0.531555,-1.49662,-0.666844,-0.00300259,-0.663841
3744,-0.540553,-1.49604,-0.666997,-0.00292295,-0.664074
3744.6,-0.575562,-1.49547,-0.666908,-0.00263285,-0.664276
3745.2,-0.560057,-1.49488,-0.667218,-0.00275747,-0.664461
3745.8,-0.565056,-1.49429,-0.667372,-0.00271654,-0.664656
3746.4,-0.556058,-1.4937,-0.66766,-0.00279038,-0.66487
3747,-0.542061,-1.4931,-0.667991,-0.00290931,-0.665081
3747.6,-0.541061,-1.49251,-0.668211,-0.00291789,-0.665293
3748.2,-0.547551,-1.49192,-0.668366,-0.00286182,-0.665505
3748.8,-0.566564,-1.49134,-0.668398,-0.00270385,-0.665694
3749.4,-0.561056,-1.49075,-0.6686,-0.00274857,-0.665852
3750,-0.593574,-1.49018,-0.668482,-0.00249419,-0.665988
3750.6,-0.555058,-1.48958,-0.668935,-0.00279803,-0.666137
3751.2,-0.566055,-1.489,-0.669014,-0.00270757,-0.666306
3751.8,-0.563564,-1.48841,-0.669208,-0.00272768,-0.666481
3752.4,-0.564056,-1.48782,-0.669369,-0.00272359,-0.666646
3753,-0.573562,-1.48723,-0.669461,-0.00264729,-0.666814
3753.6,-0.589067,-1.48666,-0.66946,-0.00252744,-0.666932
3754.2,-0.577561,-1.48607,-0.669683,-0.00261569,-0.667067
3754.8,-0.580069,-1.48549,-0.669813,-0.00259608,-0.667217
3755.4,-0.553058,-1.48489,-0.670184,-0.00281397,-0.66737
3756,-0.565056,-1.48431,-0.670242,-0.00271489,-0.667527
3756.6,-0.587067,-1.48373,-0.670193,-0.00254213,-0.667651
3757.2,-0.588067,-1.48315,-0.670294,-0.00253446,-0.667759
3757.8,-0.595082,-1.48257,-0.670371,-0.00248183,-0.667889
3758.4,-0.580577,-1.48199,-0.670607,-0.0025916,-0.668015
3759,-0.590067,-1.48141,-0.670638,-0.00251911,-0.668119
3759.6,-0.569563,-1.48082,-0.670943,-0.00267804,-0.668265
3760.2,-0.57407,-1.48024,-0.671055,-0.00264216,-0.668413
3760.8,-0.568563,-1.47965,-0.671251,-0.00268586,-0.668566
3761.4,-0.564056,-1.47906,-0.671461,-0.00272214,-0.668739
3762,-0.55355,-1.47847,-0.67171,-0.00280875,-0.668902
3762.6,-0.558057,-1.47787,-0.671842,-0.00277112,-0.669071
3763.2,-0.568071,-1.47729,-0.671922,-0.00268942,-0.669233
3763.8,-0.554566,-1.47668,-0.672234,-0.00279994,-0.669434
3764.4,-0.535554,-1.47607,-0.672617,-0.00296328,-0.669654
3765,-0.535046,-1.47546,-0.672838,-0.00296766,-0.66987
3765.6,-0.545552,-1.47487,-0.672927,-0.00287597,-0.670051
3766.2,-0.538045,-1.47426,-0.673165,-0.00294101,-0.670224
3766.8,-0.520541,-1.47364,-0.67355,-0.00309856,-0.670452
3767.4,-0.557565,-1.47305,-0.673411,-0.00277438,-0.670636
3768,-0.506036,-1.47241,-0.674061,-0.00323531,-0.670826
3768.6,-0.531047,-1.47181,-0.674042,-0.00300262,-0.671039
3769.2,-0.531047,-1.4712,-0.674222,-0.00300251,-0.671219
3769.8,-0.548059,-1.47059,-0.674247,-0.00285379,-0.671393
3770.4,-0.557057,-1.46999,-0.674323,-0.00277807,-0.671545
3771,-0.542552,-1.46937,-0.674608,-0.00290086,-0.671707
3771.6,-0.57307,-1.46877,-0.674507,-0.00264821,-0.671859
3772.2,-0.561565,-1.46816,-0.67474,-0.00274064,-0.671999
3772.8,-0.541553,-1.46754,-0.675064,-0.0029092,-0.672155
3773.4,-0.556566,-1.46694,-0.675088,-0.00278164,-0.672307
3774,-0.550551,-1.46632,-0.675264,-0.00283192,-0.672432
3774.6,-0.550551,-1.46571,-0.675409,-0.00283181,-0.672578
3775.2,-0.589575,-1.46511,-0.675238,-0.00252031,-0.672718
3775.8,-0.568071,-1.4645,-0.675528,-0.00268733,-0.67284
3776.4,-0.535046,-1.46387,-0.675961,-0.00296558,-0.672995
3777,-0.566055,-1.46327,-0.67581,-0.00270335,-0.673107
3777.6,-0.548059,-1.46265,-0.676084,-0.00285242,-0.673231
3778.2,-0.539553,-1.46203,-0.6763,-0.00292564,-0.673375
3778.8,-0.551059,-1.46142,-0.67635,-0.00282679,-0.673523
3779.4,-0.54706,-1.4608,-0.676543,-0.00286062,-0.673683
3780,-0.522049,-1.46016,-0.676947,-0.00308213,-0.673865
3780.6,-0.509543,-1.45952,-0.67728,-0.00319914,-0.674081
3781.2,-0.531047,-1.4589,-0.677284,-0.00300027,-0.674284
3781.8,-0.528555,-1.45825,-0.67752,-0.00302253,-0.674498
3782.4,-0.536554,-1.45763,-0.677622,-0.00295115,-0.674671
3783,-0.554566,-1.457,-0.677624,-0.0027966,-0.674827
3783.6,-0.519049,-1.45636,-0.678098,-0.00310911,-0.674989
3784.2,-0.51705,-1.45571,-0.678316,-0.00312759,-0.675188
3784.8,-0.54306,-1.45508,-0.678271,-0.00289395,-0.675377
3785.4,-0.48504,-1.45441,-0.679008,-0.00344055,-0.675568
3786,-0.505544,-1.45377,-0.678998,-0.00323639,-0.675762
3786.6,-0.521049,-1.45312,-0.67905,-0.00309001,-0.67596
3787.2,-0.509543,-1.45247,-0.679338,-0.00319777,-0.67614
3787.8,-0.494038,-1.45181,-0.679695,-0.00334895,-0.676346
3788.4,-0.513542,-1.45116,-0.679691,-0.0031596,-0.676531
3789,-0.504544,-1.4505,-0.679954,-0.00324541,-0.676709
3789.6,-0.51405,-1.44985,-0.680046,-0.00315457,-0.676892
3790.2,-0.537553,-1.4492,-0.679998,-0.00294085,-0.677058
3790.8,-0.533554,-1.44855,-0.680152,-0.00297603,-0.677176
3791.4,-0.548551,-1.44791,-0.680132,-0.00284568,-0.677286
3792,-0.52254,-1.44724,-0.680499,-0.0030752,-0.677423
3792.6,-0.511051,-1.44658,-0.680757,-0.00318228,-0.677575
3793.2,-0.490039,-1.4459,-0.68116,-0.0033879,-0.677772
3793.8,-0.499037,-1.44524,-0.681238,-0.00329809,-0.67794
3794.4,-0.536554,-1.44458,-0.68106,-0.00294881,-0.678111
3795,-0.52254,-1.44391,-0.681344,-0.00307457,-0.67827
3795.6,-0.526556,-1.44326,-0.681427,-0.00303785,-0.678389
3796.2,-0.541061,-1.4426,-0.681425,-0.00290906,-0.678516
3796.8,-0.527556,-1.44194,-0.681644,-0.00302856,-0.678615
3797.4,-0.491039,-1.44126,-0.682129,-0.00337687,-0.678752
3798,-0.511543,-1.44059,-0.682084,-0.00317646,-0.678908
3798.6,-0.509543,-1.43991,-0.682266,-0.00319533,-0.679071
3799.2,-0.502545,-1.43924,-0.682487,-0.00326259,-0.679225
3799.8,-0.508035,-1.43857,-0.68256,-0.00320947,-0.67935
3800.4,-0.519049,-1.4379,-0.682607,-0.00310563,-0.679501
3801,-0.488039,-1.4372,-0.683086,-0.00340636,-0.679679
3801.6,-0.487531,-1.43651,-0.683281,-0.00341138,-0.67987
3802.2,-0.536554,-1.43584,-0.682993,-0.00294724,-0.680046
3802.8,-0.506544,-1.43514,-0.683446,-0.0032231,-0.680223
3803.4,-0.469027,-1.43443,-0.684004,-0.00360436,-0.6804
3804,-0.511051,-1.43375,-0.683774,-0.0031798,-0.680594
3804.6,-0.49353,-1.43304,-0.68413,-0.0033502,-0.68078
3805.2,-0.487531,-1.43234,-0.684375,-0.00341051,-0.680964
3805.8,-0.464028,-1.43161,-0.684848,-0.00365782,-0.68119
3806.4,-0.460029,-1.43089,-0.685119,-0.00370151,-0.681417
3807,-0.471535,-1.43017,-0.68522,-0.00357659,-0.681644
3807.6,-0.49553,-1.42946,-0.685179,-0.00332956,-0.681849
3808.2,-0.520541,-1.42875,-0.685129,-0.00309012,-0.682038
3808.8,-0.488039,-1.42801,-0.685647,-0.00340445,-0.682243
3809.4,-0.482041,-1.42729,-0.685865,-0.00346573,-0.682399
3810,-0.494038,-1.42656,-0.685931,-0.00334381,-0.682588
3810.6,-0.488039,-1.42584,-0.686152,-0.00340401,-0.682748
3811.2,-0.504036,-1.42512,-0.686134,-0.00324532,-0.682888
3811.8,-0.51305,-1.42441,-0.686169,-0.0031591,-0.68301
3812.4,-0.505036,-1.42368,-0.686371,-0.00323537,-0.683136
3813,-0.488039,-1.42293,-0.686701,-0.0034034,-0.683298
3813.6,-0.538045,-1.42223,-0.686349,-0.00293172,-0.683417
3814.2,-0.52354,-1.4215,-0.686592,-0.00306124,-0.683531
3814.8,-0.519541,-1.42077,-0.686745,-0.00309784,-0.683647
3815.4,-0.525048,-1.42004,-0.686807,-0.00304723,-0.68376
3816,-0.531555,-1.41932,-0.686855,-0.00298852,-0.683867
3816.6,-0.521049,-1.41859,-0.687044,-0.00308353,-0.683961
3817.2,-0.528047,-1.41786,-0.68708,-0.00301969,-0.68406
3817.8,-0.492039,-1.41711,-0.687549,-0.00336188,-0.684187
3818.4,-0.502036,-1.41638,-0.687577,-0.00326299,-0.684314
3819,-0.547551,-1.41567,-0.687251,-0.00284859,-0.684403
3819.6,-0.489039,-1.4149,-0.687936,-0.00339161,-0.684544
3820.2,-0.497529,-1.41416,-0.687983,-0.00330669,-0.684676
3820.8,-0.503036,-1.41341,-0.688068,-0.00325269,-0.684815
3821.4,-0.494038,-1.41266,-0.688292,-0.00334099,-0.684951
3822,-0.482041,-1.41191,-0.688541,-0.00346249,-0.685079
3822.6,-0.454014,-1.41113,-0.689029,-0.00376391,-0.685265
3823.2,-0.49353,-1.41038,-0.68877,-0.00334559,-0.685425
3823.8,-0.470027,-1.4096,-0.689191,-0.00358821,-0.685603
3824.4,-0.476026,-1.40884,-0.689302,-0.00352447,-0.685777
3825,-0.490039,-1.40807,-0.689315,-0.00338011,-0.685935
3825.6,-0.449523,-1.40728,-0.689897,-0.00381371,-0.686083
3826.2,-0.468027,-1.4065,-0.689878,-0.00360897,-0.686269
3826.8,-0.471535,-1.40572,-0.690036,-0.00357127,-0.686465
3827.4,-0.461029,-1.40492,-0.690333,-0.00368467,-0.686648
3828,-0.440509,-1.40411,-0.690767,-0.00391674,-0.68685
3828.6,-0.474534,-1.40333,-0.690565,-0.00353898,-0.687026
3829.2,-0.461029,-1.40252,-0.690904,-0.00368413,-0.687219
3829.8,-0.48704,-1.40173,-0.690795,-0.00340916,-0.687385
3830.4,-0.482532,-1.40093,-0.69098,-0.0034551,-0.687525
3831,-0.51405,-1.40014,-0.690812,-0.00314504,-0.687667
3831.6,-0.498037,-1.39935,-0.691056,-0.00329871,-0.687757
3832.2,-0.48604,-1.39854,-0.691277,-0.00341867,-0.687858
3832.8,-0.45703,-1.3977,-0.69176,-0.0037272,-0.688033
3833.4,-0.475534,-1.3969,-0.691702,-0.00352707,-0.688175
3834,-0.48704,-1.39609,-0.691702,-0.00340798,-0.688294
3834.6,-0.441509,-1.39525,-0.692356,-0.00390299,-0.688453
3835.2,-0.46552,-1.39443,-0.692241,-0.00363337,-0.688608
3835.8,-0.475026,-1.39361,-0.69228,-0.00353171,-0.688748
3836.4,-0.462029,-1.39278,-0.692549,-0.003671,-0.688878
3837,-0.445016,-1.39195,-0.69286,-0.00386165,-0.688998
3837.6,-0.458521,-1.39112,-0.692841,-0.00370918,-0.689132
3838.2,-0.472535,-1.39029,-0.69281,-0.0035573,-0.689253
3838.8,-0.45803,-1.38943,-0.693139,-0.00371423,-0.689425
3839.4,-0.461029,-1.38858,-0.693257,-0.003681,-0.689576
3840,-0.439509,-1.38773,-0.693642,-0.0039245,-0.689718
3840.6,-0.417514,-1.38684,-0.694107,-0.00418989,-0.689917
3841.2,-0.460029,-1.386,-0.693764,-0.0036914,-0.690073
3841.8,-0.427003,-1.38511,-0.694338,-0.00407275,-0.690265
3842.4,-0.442508,-1.38423,-0.694347,-0.00388877,-0.690459
3843,-0.435018,-1.38336,-0.694589,-0.00397628,-0.690613
3843.6,-0.398501,-1.38243,-0.695272,-0.00443262,-0.69084
3844.2,-0.439509,-1.38157,-0.694954,-0.00392303,-0.691031
3844.8,-0.468027,-1.38068,-0.694803,-0.00360329,-0.691199
3845.4,-0.453014,-1.37977,-0.695133,-0.00376793,-0.691366
3846,-0.441509,-1.37887,-0.695416,-0.00389909,-0.691517
3846.6,-0.453014,-1.37796,-0.695456,-0.00376751,-0.691689
3847.2,-0.447016,-1.37703,-0.695699,-0.00383522,-0.691864
3847.8,-0.410007,-1.37609,-0.696332,-0.00428176,-0.69205
3848.4,-0.422513,-1.37517,-0.696358,-0.00412507,-0.692233
3849,-0.459029,-1.37426,-0.696091,-0.00369976,-0.692391
3849.6,-0.436018,-1.37332,-0.696486,-0.00396203,-0.692524
3850.2,-0.454014,-1.3724,-0.696413,-0.00375503,-0.692658
3850.8,-0.426004,-1.37145,-0.696877,-0.0040815,-0.692795
3851.4,-0.447524,-1.37052,-0.696751,-0.0038279,-0.692923
3852,-0.444524,-1.36957,-0.696939,-0.00386203,-0.693077
3852.6,-0.418005,-1.36859,-0.697411,-0.00417911,-0.693232
3853.2,-0.48504,-1.36766,-0.696804,-0.00342242,-0.693381
3853.8,-0.445016,-1.36668,-0.697387,-0.0038557,-0.693531
3854.4,-0.48504,-1.36572,-0.697093,-0.00342201,-0.693671
3855,-0.46452,-1.36475,-0.69744,-0.00363761,-0.693802
3855.6,-0.482532,-1.36379,-0.697343,-0.00344728,-0.693896
3856.2,-0.454522,-1.3628,-0.697776,-0.00374716,-0.694029
3856.8,-0.453014,-1.3618,-0.697951,-0.0037638,-0.694187
3857.4,-0.445016,-1.36081,-0.698167,-0.00385432,-0.694312
3858,-0.474534,-1.35984,-0.697942,-0.0035296,-0.694412
3858.6,-0.43551,-1.35881,-0.698497,-0.00396452,-0.694533
3859.2,-0.419005,-1.3578,-0.698831,-0.00416395,-0.694667
3859.8,-0.43651,-1.35678,-0.698769,-0.00395224,-0.694817
3860.4,-0.377998,-1.35573,-0.699697,-0.00470371,-0.694993
3861,-0.422513,-1.35471,-0.699282,-0.00411992,-0.695162
3861.6,-0.424004,-1.35367,-0.699439,-0.0041014,-0.695337
3862.2,-0.418514,-1.35261,-0.699683,-0.00416873,-0.695515
3862.8,-0.396994,-1.35154,-0.700133,-0.00444416,-0.695689
3863.4,-0.39901,-1.35047,-0.700294,-0.00441729,-0.695876
3864,-0.417514,-1.34938,-0.700267,-0.00418032,-0.696086
3864.6,-0.408008,-1.34829,-0.700591,-0.00430001,-0.696291
3865.2,-0.368983,-1.34717,-0.701306,-0.00482897,-0.696477
3865.8,-0.437018,-1.3461,-0.700616,-0.00394369,-0.696673
3866.4,-0.390995,-1.34497,-0.701383,-0.00452237,-0.69686
3867,-0.417514,-1.34387,-0.701191,-0.00417892,-0.697012
3867.6,-0.403009,-1.34274,-0.70153,-0.00436298,-0.697167
3868.2,-0.431019,-1.34161,-0.701349,-0.00401367,-0.697336
3868.8,-0.43551,-1.34049,-0.701426,-0.00396008,-0.697466
3869.4,-0.45503,-1.33936,-0.701326,-0.00373614,-0.69759
3870,-0.473534,-1.33824,-0.701222,-0.00353546,-0.697686
3870.6,-0.450015,-1.33709,-0.70156,-0.00379185,-0.697768
3871.2,-0.461029,-1.33595,-0.70152,-0.00366919,-0.697851
3871.8,-0.460521,-1.3348,-0.701594,-0.00367449,-0.697919
3872.4,-0.441017,-1.33361,-0.701918,-0.00389402,-0.698024
3873,-0.388995,-1.33241,-0.702696,-0.00454586,-0.69815
3873.6,-0.43351,-1.33126,-0.702236,-0.00398149,-0.698255
3874.2,-0.447524,-1.33008,-0.702159,-0.00381846,-0.69834
3874.8,-0.461521,-1.32889,-0.702083,-0.00366224,-0.69842
3875.4,-0.471535,-1.32772,-0.702015,-0.00355431,-0.698461
3876,-0.474026,-1.32652,-0.702036,-0.00352776,-0.698508
3876.6,-0.446524,-1.3253,-0.702399,-0.00382873,-0.698571
3877.2,-0.448523,-1.32408,-0.702455,-0.00380571,-0.69865
3877.8,-0.446016,-1.32286,-0.702548,-0.00383395,-0.698714
3878.4,-0.463028,-1.32164,-0.702422,-0.0036442,-0.698778
3879,-0.43651,-1.32038,-0.702787,-0.00394346,-0.698843
3879.6,-0.430019,-1.31913,-0.702927,-0.00402011,-0.698906
3880.2,-0.389995,-1.31785,-0.703523,-0.00452833,-0.698994
3880.8,-0.415514,-1.31658,-0.703326,-0.00419685,-0.699129
3881.4,-0.398501,-1.31528,-0.703668,-0.00441446,-0.699253
3882,-0.4035,-1.31397,-0.703728,-0.00434894,-0.699379
3882.6,-0.415006,-1.31267,-0.703696,-0.0042022,-0.699494
3883.2,-0.418005,-1.31136,-0.70375,-0.00416452,-0.699585
3883.8,-0.436018,-1.31002,-0.703662,-0.00394673,-0.699715
3884.4,-0.410007,-1.30866,-0.704114,-0.00426414,-0.69985
3885,-0.394994,-1.30729,-0.704441,-0.00445859,-0.699982
3885.6,-0.409007,-1.30592,-0.70439,-0.00427613,-0.700114
3886.2,-0.371491,-1.3045,-0.705029,-0.0047806,-0.700249
3886.8,-0.393994,-1.30311,-0.704876,-0.00447072,-0.700405
3887.4,-0.4065,-1.30171,-0.704829,-0.00430706,-0.700522
3888,-0.362985,-1.30023,-0.70558,-0.00490176,-0.700678
3888.6,-0.39901,-1.29881,-0.705228,-0.00440335,-0.700825
3889.2,-0.392994,-1.29733,-0.705464,-0.00448245,-0.700982
3889.8,-0.391503,-1.29586,-0.705631,-0.00450198,-0.701129
3890.4,-0.409007,-1.29439,-0.705503,-0.00427312,-0.70123
3891,-0.419513,-1.2929,-0.705454,-0.00414118,-0.701313
3891.6,-0.4075,-1.29139,-0.705684,-0.00429155,-0.701393
3892.2,-0.431511,-1.28988,-0.705451,-0.00399513,-0.701456
3892.8,-0.390995,-1.28831,-0.706083,-0.00450671,-0.701577
3893.4,-0.382489,-1.28673,-0.706354,-0.00462174,-0.701733
3894,-0.400501,-1.28516,-0.706248,-0.00438018,-0.701868
3894.6,-0.404008,-1.28357,-0.706292,-0.00433429,-0.701958
3895.2,-0.424004,-1.28198,-0.706118,-0.00408345,-0.702035
3895.8,-0.371983,-1.28033,-0.706884,-0.00476656,-0.702117
3896.4,-0.410007,-1.27872,-0.706438,-0.00425633,-0.702182
3897,-0.4065,-1.27707,-0.706536,-0.00430056,-0.702235
3897.6,-0.395502,-1.27537,-0.70679,-0.00444315,-0.702347
3898.2,-0.379489,-1.27365,-0.707111,-0.00465942,-0.702452
3898.8,-0.401501,-1.27195,-0.706914,-0.00436364,-0.702551
3899.4,-0.377998,-1.27022,-0.707293,-0.00467916,-0.702614
3900,-0.387504,-1.26844,-0.707272,-0.00454821,-0.702724
3900.6,-0.37449,-1.26664,-0.70757,-0.00472717,-0.702843
3901.2,-0.382489,-1.26481,-0.707619,-0.00461553,-0.703003
3901.8,-0.345988,-1.26294,-0.708312,-0.00514395,-0.703168
3902.4,-0.381997,-1.26108,-0.707934,-0.00462123,-0.703313
3903,-0.368983,-1.25919,-0.708219,-0.00480302,-0.703416
3903.6,-0.378489,-1.25728,-0.708209,-0.0046686,-0.70354
3904.2,-0.391503,-1.25532,-0.708178,-0.0044908,-0.703687
3904.8,-0.378489,-1.25334,-0.708491,-0.00466747,-0.703824
3905.4,-0.349987,-1.25131,-0.70904,-0.00507956,-0.703961
3906,-0.351987,-1.24926,-0.709167,-0.00504882,-0.704118
3906.6,-0.350987,-1.24717,-0.70935,-0.00506319,-0.704287
3907.2,-0.367983,-1.24507,-0.709255,-0.00481313,-0.704442
3907.8,-0.356478,-1.24292,-0.709583,-0.00497994,-0.704603
3908.4,-0.370983,-1.24075,-0.709514,-0.00476914,-0.704745
3909,-0.348988,-1.2385,-0.710008,-0.00509066,-0.704917
3909.6,-0.350479,-1.23625,-0.710148,-0.00506745,-0.705081
3910.2,-0.351479,-1.23396,-0.71029,-0.0050517,-0.705238
3910.8,-0.378997,-1.23167,-0.709997,-0.00465422,-0.705342
3911.4,-0.389995,-1.22933,-0.709937,-0.00450379,-0.705433
3912,-0.359477,-1.22695,-0.710428,-0.00493092,-0.705497
3912.6,-0.359985,-1.2245,-0.710528,-0.00492273,-0.705605
3913.2,-0.364984,-1.22204,-0.710545,-0.00484939,-0.705695
3913.8,-0.390503,-1.21955,-0.710247,-0.0044943,-0.705753
3914.4,-0.396502,-1.217,-0.710229,-0.00441411,-0.705815
3915,-0.37349,-1.21439,-0.710623,-0.00472605,-0.705897
3915.6,-0.391995,-1.21177,-0.710414,-0.00447226,-0.705942
3916.2,-0.384488,-1.20908,-0.710547,-0.00457249,-0.705974
3916.8,-0.380489,-1.20632,-0.710664,-0.00462641,-0.706037
3917.4,-0.342481,-1.20348,-0.711312,-0.00517888,-0.706133
3918,-0.326976,-1.20061,-0.71165,-0.00542201,-0.706228
3918.6,-0.322977,-1.19769,-0.711803,-0.0054858,-0.706318
3919.2,-0.352479,-1.19472,-0.711428,-0.00502458,-0.706404
3919.8,-0.34548,-1.19168,-0.711599,-0.00512921,-0.70647
3920.4,-0.31547,-1.18854,-0.712165,-0.00560627,-0.706559
3921,-0.327468,-1.18534,-0.712079,-0.00540901,-0.70667
3921.6,-0.299457,-1.18207,-0.71264,-0.00587678,-0.706763
3922.2,-0.309472,-1.17874,-0.712569,-0.00570354,-0.706865
3922.8,-0.340481,-1.17536,-0.712132,-0.00520072,-0.706931
3923.4,-0.304456,-1.17182,-0.712805,-0.0057866,-0.707018
3924,-0.296966,-1.1682,-0.713065,-0.00591532,-0.70715
3924.6,-0.305964,-1.16453,-0.713023,-0.00575817,-0.707265
3925.2,-0.348988,-1.16081,-0.712383,-0.00506639,-0.707316
3925.8,-0.337974,-1.15694,-0.712621,-0.00523367,-0.707387
3926.4,-0.28646,-1.15291,-0.713594,-0.00609682,-0.707497
3927,-0.315962,-1.14882,-0.7132,-0.00558439,-0.707615
3927.6,-0.336482,-1.14466,-0.712937,-0.00525293,-0.707684
3928.2,-0.28846,-1.14031,-0.713807,-0.00605607,-0.707751
3928.8,-0.323977,-1.1359,-0.713249,-0.00544875,-0.7078
3929.4,-0.290967,-1.13132,-0.713844,-0.00600786,-0.707836
3930,-0.310471,-1.12661,-0.71356,-0.00566839,-0.707892
3930.6,-0.281953,-1.12175,-0.714091,-0.006167,-0.707924
3931.2,-0.319977,-1.11677,-0.713458,-0.00550733,-0.707951
3931.8,-0.328467,-1.11163,-0.713307,-0.00536853,-0.707939
3932.4,-0.319469,-1.1063,-0.713439,-0.00551208,-0.707927
3933,-0.286952,-1.10077,-0.713966,-0.00606839,-0.707898
3933.6,-0.315962,-1.09509,-0.713438,-0.00556592,-0.707872
3934.2,-0.325976,-1.08918,-0.713242,-0.00540089,-0.707841
3934.8,-0.321469,-1.08306,-0.713285,-0.00547159,-0.707814
3935.4,-0.310471,-1.07672,-0.713395,-0.00565096,-0.707744
3936,-0.304964,-1.07012,-0.713398,-0.00574174,-0.707656
3936.6,-0.304456,-1.06327,-0.713309,-0.00574796,-0.707561
3937.2,-0.332483,-1.05616,-0.712733,-0.00528672,-0.707446
3937.8,-0.333483,-1.04874,-0.712578,-0.00526863,-0.70731
3938.4,-0.311471,-1.04096,-0.712796,-0.00562177,-0.707175
3939,-0.296458,-1.03283,-0.712908,-0.00587493,-0.707033
3939.6,-0.295966,-1.02433,-0.712779,-0.00588041,-0.706899
3940.2,-0.271447,-1.01538,-0.713073,-0.0063204,-0.706753
3940.8,-0.290459,-1.006,-0.712586,-0.00597047,-0.706615
3941.4,-0.293967,-0.99616,-0.71233,-0.00590508,-0.706425
3942,-0.297458,-0.985788,-0.712046,-0.00584049,-0.706206
3942.6,-0.293967,-0.974811,-0.711864,-0.00589727,-0.705967
3943.2,-0.282953,-0.963176,-0.71179,-0.0060887,-0.705701
3943.8,-0.264448,-0.950798,-0.71187,-0.00642708,-0.705443
3944.4,-0.260449,-0.937656,-0.711657,-0.00649839,-0.705159
3945,-0.269447,-0.923645,-0.711144,-0.00632189,-0.704822
3945.6,-0.263957,-0.908667,-0.710852,-0.00641964,-0.704433
3946.2,-0.247436,-0.89254,-0.710752,-0.0067349,-0.704017
3946.8,-0.246944,-0.875171,-0.710301,-0.00673743,-0.703563
3947.4,-0.248436,-0.856386,-0.709743,-0.0066999,-0.703043
3948,-0.262957,-0.835982,-0.708854,-0.00640965,-0.702444
3948.6,-0.247436,-0.813677,-0.708471,-0.00670194,-0.701769
3949.2,-0.276462,-0.789269,-0.707097,-0.00614027,-0.700957
3949.8,-0.275954,-0.762186,-0.706179,-0.00613916,-0.70004
3950.4,-0.273955,-0.732072,-0.705137,-0.00616408,-0.698973
3951,-0.277462,-0.698165,-0.703839,-0.00608743,-0.697752
3951.6,-0.245944,-0.659627,-0.703006,-0.0066673,-0.696339
3952.2,-0.265448,-0.615313,-0.700954,-0.00627561,-0.694678
3952.8,-0.262957,-0.563493,-0.699005,-0.0063017,-0.692704
3953.4,-0.288968,-0.50171,-0.696113,-0.00581158,-0.690301
3954,-0.28646,-0.426167,-0.693103,-0.00582746,-0.687276
3954.6,-0.266448,-0.330259,-0.689579,-0.00614685,-0.683432
3955.2,-0.278462,-0.202505,-0.684145,-0.00588495,-0.67826
3955.8,-0.247436,-0.0187636,-0.677202,-0.00637888,-0.670823
3956.4,-0.297458,0.27889,-0.664327,-0.00540052,-0.658926
3957,-0.278954,0.84104,-0.642258,-0.00551148,-0.636747
3957.6,-0.264448,1.65959,-0.605046,-0.00541636,-0.599629
3958.2,-0.265956,1.27383,-0.609415,-0.00542972,-0.603985
3958.8,-0.288968,-0.497474,-0.685606,-0.00570729,-0.679898
3959.4,-0.268956,-0.917682,-0.716607,-0.00632478,-0.710283
3960,-0.240945,-0.913873,-0.717649,-0.00687457,-0.710775
3960.6,-0.241945,-0.898897,-0.717266,-0.00684794,-0.710418
3961.2,-0.22844,-0.882654,-0.717103,-0.00712007,-0.709983
3961.8,-0.281953,-0.865185,-0.715536,-0.00606967,-0.709467
3962.4,-0.245436,-0.846199,-0.715621,-0.00675536,-0.708866
3963,-0.219442,-0.825486,-0.71551,-0.00728622,-0.708223
3963.6,-0.216426,-0.802823,-0.714844,-0.00734114,-0.707503
3964.2,-0.211427,-0.77783,-0.714157,-0.00743888,-0.706719
3964.8,-0.203429,-0.750192,-0.713409,-0.0076038,-0.705805
3965.4,-0.201921,-0.719267,-0.712382,-0.00762305,-0.704759
3966,-0.207428,-0.684381,-0.711035,-0.00748365,-0.703551
3966.6,-0.192415,-0.64462,-0.70993,-0.00780384,-0.702126
3967.2,-0.202429,-0.598667,-0.707985,-0.00755457,-0.70043
3967.8,-0.201429,-0.544672,-0.705932,-0.00755144,-0.69838
3968.4,-0.197922,-0.479826,-0.703473,-0.00759933,-0.695874
3969,-0.187924,-0.399724,-0.700527,-0.00778819,-0.692739
3969.6,-0.194922,-0.297023,-0.696222,-0.0075802,-0.688642
3970.2,-0.227932,-0.157873,-0.689811,-0.00681615,-0.682994
3970.8,-0.242437,0.04758,-0.681092,-0.00644752,-0.674645
3971.4,-0.232931,0.393771,-0.667254,-0.00649276,-0.660761
3972,-0.209428,1.05862,-0.640783,-0.00667702,-0.634106
3972.6,-0.220425,1.72974,-0.605414,-0.00610614,-0.599308
3973.2,-0.187924,0.879003,-0.631534,-0.00700194,-0.624532
3973.8,-0.216426,-0.751777,-0.710992,-0.00724967,-0.703742
3974.4,-0.204937,-0.919454,-0.725563,-0.00764837,-0.717914
3975,-0.209428,-0.909195,-0.725443,-0.00754433,-0.717899
3975.6,-0.214426,-0.894369,-0.724923,-0.00742681,-0.717496
3976.2,-0.204429,-0.878293,-0.724695,-0.007642,-0.717053
3976.8,-0.185416,-0.860877,-0.724662,-0.00807488,-0.716587
3977.4,-0.216426,-0.842074,-0.723416,-0.00735902,-0.716057
3978,-0.17591,-0.821535,-0.723736,-0.00828447,-0.715451
3978.6,-0.172911,-0.799096,-0.723102,-0.00834649,-0.714756
3979.2,-0.203921,-0.774383,-0.721569,-0.00760414,-0.713965
3979.8,-0.163913,-0.746959,-0.721577,-0.00854332,-0.713034
3980.4,-0.156406,-0.716216,-0.720729,-0.00871789,-0.712011
3981,-0.137902,-0.681511,-0.72003,-0.00918679,-0.710843
3981.6,-0.164421,-0.642009,-0.717938,-0.00847483,-0.709463
3982.2,-0.143409,-0.596323,-0.716803,-0.00899097,-0.707812
3982.8,-0.180417,-0.542782,-0.713813,-0.00803405,-0.705779
3983.4,-0.130904,-0.478363,-0.712543,-0.00926007,-0.703283
3984,-0.121889,-0.398794,-0.709641,-0.00946213,-0.700179
3984.6,-0.11989,-0.296886,-0.705575,-0.00945782,-0.696117
3985.2,-0.106892,-0.158577,-0.70032,-0.00974261,-0.690577
3985.8,-0.128396,0.0449902,-0.691371,-0.00903098,-0.68234
3986.4,-0.102385,0.38703,-0.678163,-0.00954781,-0.668615
3987,-0.110891,1.04208,-0.651104,-0.00893873,-0.642165
3987.6,-0.101893,1.72435,-0.615566,-0.00866919,-0.606896
3988.2,-0.129396,0.90956,-0.639188,-0.00830673,-0.630881
3988.8,-0.102385,-0.73692,-0.721354,-0.0101339,-0.71122
3989.4,-0.0893879,-0.918016,-0.737434,-0.0107511,-0.726683
3990,-0.0833892,-0.908311,-0.737788,-0.0109383,-0.72685
3990.6,-0.103385,-0.893763,-0.7369,-0.0103047,-0.726595
3991.2,-0.123889,-0.878074,-0.735957,-0.00969183,-0.726265
3991.8,-0.0953866,-0.861002,-0.736405,-0.0105284,-0.725877
3992.4,-0.0573784,-0.842452,-0.737221,-0.0117579,-0.725463
3993,-0.0833892,-0.822366,-0.735853,-0.0108801,-0.724973
3993.6,-0.0738831,-0.800324,-0.735563,-0.0111727,-0.72439
3994.2,-0.0818813,-0.776072,-0.734612,-0.0108969,-0.723715
3994.8,-0.0428734,-0.749109,-0.735134,-0.0121975,-0.722936
3995.4,-0.0663765,-0.719062,-0.733398,-0.0113639,-0.722034
3996,-0.0893879,-0.685304,-0.731532,-0.010599,-0.720933
3996.6,-0.0453646,-0.646603,-0.731686,-0.0120316,-0.719654
3997.2,-0.0283683,-0.602022,-0.730732,-0.0126105,-0.718121
3997.8,-0.0143549,-0.549572,-0.729389,-0.0130951,-0.716293
3998.4,-0.0163545,-0.487001,-0.726977,-0.0129681,-0.714009
3999,-0.00484879,-0.410081,-0.724442,-0.0133474,-0.711095
3999.6,-0.00335731,-0.312113,-0.72059,-0.0133242,-0.707266
4000.2,0.00714862,-0.180293,-0.715657,-0.0136272,-0.702029
4000.8,0.0576787,0.0116399,-0.709949,-0.0156018,-0.694348
4001.4,0.0306681,0.326581,-0.695784,-0.0141474,-0.681637
4002,0.0621695,0.925156,-0.672341,-0.0149415,-0.6574
4002.6,0.0686763,1.69385,-0.634327,-0.0143471,-0.619979
4003.2,0.0581704,1.12637,-0.647343,-0.0142001,-0.633143
4003.8,0.0911796,-0.615333,-0.732264,-0.0176233,-0.714641
4004.4,0.11919,-0.915527,-0.758713,-0.0197424,-0.738971
4005,0.1492,-0.908551,-0.76121,-0.0215257,-0.739684
4005.6,0.212235,-0.893354,-0.765539,-0.0257627,-0.739776
4006.2,0.600873,-0.872005,-0.814569,-0.0744861,-0.740083
4006.8,0.879485,-0.841504,-0.885134,-0.144631,-0.740503
4007.4,0.955501,-0.809386,-0.910323,-0.169315,-0.741008
4008,0.905987,-0.779053,-0.894047,-0.152492,-0.741555
4008.6,0.764444,-0.749647,-0.852708,-0.110762,-0.741946
4009.2,0.671907,-0.717561,-0.830389,-0.0883062,-0.742082
4009.8,0.582369,-0.681728,-0.812016,-0.070167,-0.741849
4010.4,0.446316,-0.641491,-0.789963,-0.0487479,-0.741215
4011,0.374791,-0.595147,-0.780106,-0.039949,-0.740157
4011.6,0.327768,-0.540418,-0.773508,-0.0349315,-0.738576
4012.2,0.272255,-0.474357,-0.766163,-0.0297616,-0.736401
4012.8,0.260241,-0.392558,-0.762085,-0.0286212,-0.733464
4013.4,0.254751,-0.287564,-0.757426,-0.0279963,-0.72943
4014,0.225233,-0.144556,-0.749175,-0.0255173,-0.723658
4014.6,0.22774,0.0688166,-0.740229,-0.0253646,-0.714864
4015.2,0.23074,0.433204,-0.724793,-0.0250191,-0.699774
4015.8,0.173211,1.13072,-0.690551,-0.0203141,-0.670236
4016.4,0.192715,1.725,-0.656158,-0.0203615,-0.635797
4017,0.202221,0.734191,-0.691763,-0.0220211,-0.669742
4017.6,0.19773,-0.794926,-0.776334,-0.024388,-0.751946
4018.2,0.199222,-0.916366,-0.788554,-0.0248542,-0.7637
4018.8,0.217234,-0.904239,-0.790065,-0.02615,-0.763915
4019.4,0.193715,-0.888633,-0.788245,-0.0244278,-0.763817
4020,0.20622,-0.87163,-0.788926,-0.0252899,-0.763636
4020.6,0.226741,-0.852936,-0.79019,-0.0267823,-0.763408
4021.2,0.282253,-0.832445,-0.794453,-0.0313052,-0.763148
4021.8,0.284253,-0.810211,-0.794236,-0.0314386,-0.762798
4022.4,0.25775,-0.785787,-0.791466,-0.0291254,-0.76234
4023,0.277746,-0.75861,-0.792542,-0.0307676,-0.761774
4023.6,0.302757,-0.727984,-0.794015,-0.0329499,-0.761065
4024.2,0.278762,-0.693781,-0.79092,-0.0307313,-0.760189
4024.8,0.293251,-0.654898,-0.791017,-0.0319349,-0.759082
4025.4,0.348288,-0.609617,-0.79485,-0.0371503,-0.7577
4026,0.318262,-0.557065,-0.789994,-0.03405,-0.755944
4026.6,0.328768,-0.493752,-0.788642,-0.0349276,-0.753714
4027.2,0.362285,-0.415698,-0.788985,-0.0381597,-0.750825
4027.8,0.338274,-0.316477,-0.782429,-0.0354732,-0.746956
4028.4,0.37579,-0.182765,-0.780613,-0.0390456,-0.741568
4029,0.368792,0.0118046,-0.771315,-0.0378392,-0.733475
4029.6,0.419814,0.335205,-0.762632,-0.0426966,-0.719935
4030.2,0.621377,0.961374,-0.763679,-0.0700907,-0.693588
4030.8,0.969514,1.7532,-0.799646,-0.146676,-0.65297
4031.4,1.12007,1.10585,-0.869922,-0.198536,-0.671386
4032,1.09506,-0.653693,-0.976352,-0.215172,-0.761179
4032.6,0.986511,-0.917772,-0.966919,-0.181265,-0.785654
4033.2,0.90248,-0.905619,-0.939491,-0.152551,-0.78694
4033.8,0.747923,-0.889264,-0.894935,-0.107433,-0.787502
4034.4,0.667399,-0.871068,-0.875978,-0.0881585,-0.78782
4035,0.598873,-0.851227,-0.861932,-0.0740025,-0.78793
4035.6,0.508335,-0.830069,-0.846116,-0.0582865,-0.787829
4036.2,0.468819,-0.80688,-0.83989,-0.0523493,-0.787541
4036.8,0.426304,-0.781424,-0.833615,-0.046567,-0.787048
4037.4,0.385788,-0.753473,-0.827943,-0.0415911,-0.786352
4038,0.361777,-0.722132,-0.82428,-0.0388409,-0.785439
4038.6,0.353287,-0.68655,-0.822155,-0.0378514,-0.784303
4039.2,0.370791,-0.646078,-0.822543,-0.0396361,-0.782907
4039.8,0.34978,-0.599099,-0.818456,-0.0372801,-0.781176
4040.4,0.364285,-0.543491,-0.817738,-0.0386789,-0.779059
4041,0.381297,-0.476386,-0.816789,-0.040375,-0.776414
4041.6,0.372791,-0.393206,-0.81224,-0.0392319,-0.773008
4042.2,0.396802,-0.286024,-0.81013,-0.0416426,-0.768487
4042.8,0.418306,-0.139047,-0.805918,-0.0437747,-0.762144
4043.4,0.391295,0.0806838,-0.792586,-0.0400977,-0.752488
4044,0.446316,0.462309,-0.781372,-0.0455428,-0.735829
4044.6,0.471819,1.19215,-0.749719,-0.0465897,-0.703129
4045.2,0.453823,1.72346,-0.710957,-0.0421723,-0.668785
4045.8,0.454822,0.608729,-0.755823,-0.0449113,-0.710911
4046.4,0.506336,-0.826488,-0.852574,-0.0576297,-0.794945
4047,0.518841,-0.91511,-0.864891,-0.0602504,-0.80464
4047.6,0.49383,-0.900803,-0.861075,-0.0563184,-0.804757
4048.2,0.525348,-0.882616,-0.865807,-0.0611834,-0.804623
4048.8,0.509843,-0.863294,-0.863057,-0.0586432,-0.804414
4049.4,0.508335,-0.842252,-0.862424,-0.0583315,-0.804092
4050,0.52284,-0.818799,-0.864224,-0.0605368,-0.803687
4050.6,0.51835,-0.793394,-0.862882,-0.0597249,-0.803157
4051.2,0.557866,-0.764721,-0.868658,-0.0661692,-0.802489
4051.8,0.597382,-0.731923,-0.874829,-0.0731747,-0.801655
4052.4,0.902988,-0.686117,-0.951235,-0.15067,-0.800565
4053,1.1976,-0.618825,-1.05575,-0.256985,-0.798767
4053.6,1.23411,-0.542994,-1.06635,-0.269793,-0.796556
4054.2,1.22561,-0.45629,-1.05897,-0.265088,-0.79388
4054.8,1.11507,-0.352872,-1.01172,-0.221492,-0.790228
4055.4,1.00252,-0.22134,-0.964275,-0.179148,-0.785127
4056,0.89099,-0.0391099,-0.918541,-0.141048,-0.777492
4056.6,0.793454,0.253345,-0.876109,-0.11141,-0.764698
4057.2,0.673906,0.800191,-0.821118,-0.0808173,-0.740301
4057.8,0.6654,1.63616,-0.772108,-0.0744847,-0.697623
4058.4,0.588875,1.34001,-0.759921,-0.0613389,-0.698582
4059,0.566864,-0.424008,-0.849965,-0.0650359,-0.784929
4059.6,0.520349,-0.913572,-0.885628,-0.0604468,-0.825181
4060.2,0.542361,-0.909762,-0.890311,-0.0641033,-0.826208
4060.8,0.500829,-0.892992,-0.883275,-0.057355,-0.82592
4061.4,0.52384,-0.873954,-0.886419,-0.0609062,-0.825513
4062,0.51835,-0.85404,-0.884988,-0.0599517,-0.825036
4062.6,0.499337,-0.832098,-0.881335,-0.0569113,-0.824424
4063.2,0.51635,-0.808072,-0.883177,-0.0594638,-0.823713
4063.8,0.508844,-0.780986,-0.881037,-0.058188,-0.822849
4064.4,0.60538,-0.749853,-0.896669,-0.0747811,-0.821887
4065,0.602381,-0.715589,-0.894786,-0.0740476,-0.820738
4065.6,0.603872,-0.676309,-0.893505,-0.0741493,-0.819355
4066.2,0.628883,-0.631086,-0.896528,-0.078823,-0.817705
4066.8,0.608871,-0.578689,-0.890322,-0.0746508,-0.815672
4067.4,0.63639,-0.515462,-0.892901,-0.0797612,-0.813139
4068,0.650387,-0.438894,-0.892168,-0.0822382,-0.80993
4068.6,0.654402,-0.340281,-0.888204,-0.082563,-0.805641
4069.2,0.660401,-0.209549,-0.882941,-0.0831375,-0.799804
4069.8,0.672398,-0.0212155,-0.875909,-0.0846765,-0.791233
4070.4,0.701408,0.287371,-0.866402,-0.089269,-0.777133
4071,0.679397,0.87671,-0.831662,-0.0815437,-0.750119
4071.6,0.738925,1.69996,-0.794301,-0.088625,-0.705676
4072.2,0.728419,1.2175,-0.803498,-0.0875866,-0.715911
4072.8,1.00503,-0.549367,-0.989102,-0.180795,-0.808307
4073.4,1.31814,-0.887326,-1.14802,-0.308085,-0.83994
4074,1.42568,-0.858919,-1.18752,-0.347153,-0.840367
4074.6,1.37316,-0.823475,-1.16753,-0.327539,-0.839995
4075.2,1.26763,-0.788529,-1.1265,-0.28695,-0.839551
4075.8,1.14708,-0.753813,-1.07843,-0.239439,-0.838991
4076.4,1.02653,-0.718052,-1.03164,-0.19343,-0.838214
4077,0.909986,-0.678604,-0.989894,-0.152826,-0.837068
4077.6,0.839969,-0.632955,-0.966356,-0.130839,-0.835518
4078.2,0.806959,-0.579593,-0.954505,-0.121004,-0.833501
4078.8,0.742924,-0.516985,-0.934621,-0.103728,-0.830893
4079.4,0.705408,-0.440022,-0.921795,-0.0942731,-0.827522
4080,0.703408,-0.342496,-0.916348,-0.093247,-0.823101
4080.6,0.710423,-0.211713,-0.911112,-0.0940936,-0.817018
4081.2,0.691411,-0.0236482,-0.896893,-0.0887713,-0.808122
4081.8,0.686412,0.281792,-0.879749,-0.086061,-0.793688
4082.4,0.691411,0.86347,-0.850397,-0.0840713,-0.766326
4083,0.6644,1.68646,-0.794917,-0.0739249,-0.720992
4083.6,0.739925,1.23969,-0.819495,-0.0899428,-0.729552
4084.2,0.721912,-0.53476,-0.919928,-0.09707,-0.822858
4084.8,0.761936,-0.911858,-0.968034,-0.111169,-0.856866
4085.4,0.774442,-0.901436,-0.971869,-0.114478,-0.85739
4086,0.766935,-0.881137,-0.969273,-0.112335,-0.856938
4086.6,0.763936,-0.857877,-0.967688,-0.111377,-0.856311
4087.2,0.823956,-0.832124,-0.983439,-0.127782,-0.855658
4087.8,0.789947,-0.805075,-0.972821,-0.117988,-0.854833
4088.4,0.846967,-0.7729,-0.987892,-0.134068,-0.853824
4089,0.876485,-0.736834,-0.995361,-0.142751,-0.85261
4089.6,0.895989,-0.695515,-0.999653,-0.148505,-0.851148
4090.2,0.940504,-0.647256,-1.01193,-0.162562,-0.849364
4090.8,1.22512,-0.576992,-1.11373,-0.266942,-0.846786
4091.4,1.51922,-0.477214,-1.21242,-0.369545,-0.842873
4092,1.57175,-0.353508,-1.21985,-0.382134,-0.837715
4092.6,1.49471,-0.194757,-1.18634,-0.35555,-0.830792
4093.2,1.33465,0.0309099,-1.11753,-0.297084,-0.820444
4093.8,1.19411,0.402476,-1.04306,-0.240024,-0.803038
4094.4,1.06654,1.11845,-0.954409,-0.185798,-0.768611
4095,0.962008,1.75979,-0.870378,-0.143777,-0.726601
4095.6,0.889974,0.76493,-0.895423,-0.130216,-0.765207
4096.2,0.84046,-0.799866,-0.992544,-0.131366,-0.861179
4096.8,0.788947,-0.920429,-0.993074,-0.118542,-0.874532
4097.4,0.769443,-0.904671,-0.987448,-0.113164,-0.874283
4098,0.78344,-0.883612,-0.990416,-0.116784,-0.873632
4098.6,0.765936,-0.862398,-0.984868,-0.111941,-0.872928
4099.2,0.769935,-0.838412,-0.984894,-0.112832,-0.872062
4099.8,0.768443,-0.811989,-0.983305,-0.112251,-0.871053
4100.4,0.776441,-0.782313,-0.984055,-0.114168,-0.869886
4101,0.83297,-0.747682,-0.998253,-0.129727,-0.868526
4101.6,0.805452,-0.709455,-0.988484,-0.12156,-0.866923
4102.2,0.846459,-0.664843,-0.998084,-0.133015,-0.865069
4102.8,0.874469,-0.612968,-1.00386,-0.141031,-0.862832
4103.4,0.919001,-0.551622,-1.01467,-0.154539,-0.860126
4104,0.945503,-0.474956,-1.0191,-0.162484,-0.856613
4104.6,0.95101,-0.379274,-1.01547,-0.163343,-0.852124
4105.2,1.02904,-0.251514,-1.03492,-0.188809,-0.846109
4105.8,1.02454,-0.0675074,-1.02227,-0.185094,-0.837174
4106.4,1.09606,0.233679,-1.02952,-0.206847,-0.822676
4107,1.38567,0.835624,-1.09425,-0.300054,-0.794196
4107.6,1.66327,1.78703,-1.09344,-0.352176,-0.741267
4108.2,1.70278,1.30429,-1.11501,-0.364267,-0.750741
4108.8,1.63976,-0.57831,-1.25355,-0.398995,-0.854552
4109.4,1.42568,-0.938143,-1.23842,-0.348657,-0.889763
4110,1.22412,-0.927509,-1.16285,-0.272357,-0.890496
4110.6,1.08456,-0.909366,-1.10778,-0.217544,-0.89024
4111.2,0.966007,-0.890489,-1.06357,-0.173806,-0.88976
4111.8,0.87347,-0.870222,-1.03207,-0.142992,-0.889082
4112.4,0.844968,-0.847167,-1.0223,-0.134088,-0.888211
4113,0.822956,-0.821583,-1.01456,-0.127407,-0.887154
4113.6,0.804452,-0.793674,-1.00785,-0.121923,-0.885927
4114.2,0.788439,-0.762628,-1.00177,-0.117265,-0.884505
4114.8,0.823956,-0.726612,-1.00981,-0.126945,-0.882866
4115.4,0.802452,-0.687436,-1.00157,-0.120565,-0.881001
4116,0.806451,-0.641436,-1.00011,-0.121329,-0.878778
4116.6,0.798945,-0.588525,-0.995032,-0.118859,-0.876174
4117.2,0.84046,-0.52392,-1.00309,-0.130102,-0.872989
4117.8,0.829463,-0.445492,-0.995333,-0.126303,-0.86903
4118.4,0.895481,-0.343075,-1.00905,-0.145128,-0.86392
4119,0.901988,-0.205339,-1.00285,-0.145904,-0.856948
4119.6,0.925999,-0.00416655,-0.998404,-0.151587,-0.846817
4120.2,0.970514,0.334349,-0.99261,-0.16262,-0.82999
4120.8,1.01354,0.998763,-0.966882,-0.169772,-0.79711
4121.4,1.04704,1.77398,-0.918678,-0.169742,-0.748936
4122,1.05754,1.00562,-0.954313,-0.17901,-0.775303
4122.6,1.10957,-0.715955,-1.09975,-0.221953,-0.8778
4123.2,1.2081,-0.911991,-1.16481,-0.265754,-0.899058
4123.8,1.53423,-0.875962,-1.28176,-0.383467,-0.898288
4124.4,1.7243,-0.830709,-1.3297,-0.432865,-0.896836
4125,1.7253,-0.785548,-1.32731,-0.43186,-0.895447
4125.6,1.58174,-0.739776,-1.28815,-0.394237,-0.893916
4126.2,1.42068,-0.692859,-1.23402,-0.341819,-0.892201
4126.8,1.23762,-0.645139,-1.16309,-0.272841,-0.890249
4127.4,1.10006,-0.592626,-1.10703,-0.219128,-0.8879
4128,0.974513,-0.532572,-1.05787,-0.172885,-0.884985
4128.6,0.939505,-0.458224,-1.0416,-0.160324,-0.881273
4129.2,0.878485,-0.364861,-1.01649,-0.140086,-0.876409
4129.8,0.829954,-0.241925,-0.994792,-0.12485,-0.869941
4130.4,0.778949,-0.0696982,-0.970744,-0.109863,-0.860881
4131,0.830463,0.205017,-0.968359,-0.121613,-0.846747
4131.6,0.820956,0.716698,-0.936223,-0.115361,-0.820862
4132.2,0.862472,1.57535,-0.89275,-0.119254,-0.773496
4132.8,0.869979,1.46839,-0.883415,-0.119676,-0.763739
4133.4,0.858965,-0.247717,-0.981971,-0.130242,-0.851729
4134,0.851474,-0.906168,-1.0434,-0.136381,-0.907014
4134.6,0.876977,-0.905685,-1.05269,-0.144406,-0.908282
4135.2,0.885483,-0.884721,-1.05427,-0.146905,-0.907363
4135.8,0.908987,-0.861105,-1.06057,-0.154252,-0.906315
4136.4,0.948503,-0.833672,-1.07225,-0.167171,-0.905076
4137,0.95401,-0.80374,-1.07244,-0.168736,-0.903699
4137.6,0.988019,-0.770326,-1.08241,-0.180218,-0.902195
4138.2,1.00703,-0.732322,-1.08698,-0.186554,-0.900428
4138.8,1.02203,-0.688727,-1.08982,-0.191446,-0.898375
4139.4,1.05204,-0.637877,-1.09775,-0.201796,-0.89595
4140,1.09455,-0.57689,-1.10987,-0.216857,-0.893013
4140.6,1.07756,-0.505044,-1.09897,-0.209541,-0.889431
4141.2,1.09755,-0.414531,-1.10068,-0.215791,-0.884893
4141.8,1.14908,-0.293594,-1.11224,-0.233455,-0.878788
4142.4,1.42368,-0.104704,-1.20017,-0.330687,-0.869486
4143,1.65827,0.220515,-1.24446,-0.391085,-0.853371
4143.6,1.7323,0.86016,-1.21367,-0.391935,-0.821738
4144.2,1.58425,1.79186,-1.10062,-0.333884,-0.766732
4144.8,1.41519,1.22877,-1.07387,-0.293185,-0.780688
4145.4,1.23511,-0.64815,-1.15707,-0.267765,-0.889304
4146,1.04355,-0.954435,-1.12301,-0.202523,-0.920489
4146.6,0.995017,-0.944048,-1.10528,-0.184673,-0.920611
4147.2,0.932506,-0.927444,-1.08261,-0.162702,-0.919904
4147.8,0.905987,-0.908809,-1.07275,-0.153725,-0.919024
4148.4,0.830954,-0.890486,-1.04835,-0.130284,-0.918068
4149,0.833462,-0.869921,-1.04785,-0.130859,-0.916993
4149.6,0.793454,-0.847925,-1.03503,-0.119266,-0.915768
4150.2,0.792946,-0.823576,-1.03338,-0.118947,-0.914434
4150.8,0.761936,-0.796786,-1.02335,-0.11043,-0.912917
4151.4,0.788439,-0.767249,-1.0286,-0.117299,-0.911304
4152,0.796454,-0.733863,-1.02868,-0.11925,-0.90943
4152.6,0.802944,-0.696541,-1.02812,-0.120768,-0.907351
4153.2,0.735926,-0.65537,-1.00786,-0.10288,-0.90498
4153.8,0.709423,-0.60833,-0.998505,-0.0962025,-0.902303
4154.4,0.713422,-0.55212,-0.995923,-0.0968055,-0.899118
4155,0.716913,-0.484828,-0.992547,-0.0972231,-0.895324
4155.6,0.716913,-0.402187,-0.987402,-0.0967244,-0.890678
4156.2,0.743924,-0.294867,-0.98728,-0.102548,-0.884733
4156.8,0.701408,-0.150945,-0.96847,-0.0916909,-0.876779
4157.4,0.714914,0.0632677,-0.958758,-0.0935248,-0.865233
4158,0.670907,0.427413,-0.92816,-0.0820727,-0.846088
4158.6,0.6654,1.12349,-0.887184,-0.0774807,-0.809703
4159.2,0.676906,1.72556,-0.842646,-0.0755463,-0.7671
4159.8,0.709915,0.745855,-0.892863,-0.08618,-0.806683
4160.4,0.734418,-0.784879,-1.00733,-0.102577,-0.904757
4161,0.700917,-0.908692,-1.01429,-0.0959862,-0.918307
4161.6,0.697917,-0.894999,-1.01281,-0.0952185,-0.917596
4162.2,0.69441,-0.877117,-1.01079,-0.094297,-0.916493
4162.8,0.667399,-0.858531,-1.00339,-0.0880901,-0.915296
4163.4,0.643896,-0.838023,-0.996906,-0.0829365,-0.913969
4164,0.676906,-0.814632,-1.0025,-0.0899527,-0.912551
4164.6,0.673906,-0.789242,-1.00014,-0.0891424,-0.911001
4165.2,0.643388,-0.762959,-0.991816,-0.0824448,-0.909372
4165.8,0.666908,-0.732224,-0.994805,-0.0872929,-0.907512
4166.4,0.659401,-0.698168,-0.990935,-0.0854873,-0.905448
4167,0.63339,-0.660099,-0.983016,-0.0798707,-0.903145
4167.6,0.638389,-0.615878,-0.981182,-0.0806662,-0.900515
4168.2,0.587368,-0.565285,-0.968041,-0.0705638,-0.897477
4168.8,0.623884,-0.504571,-0.971153,-0.0772111,-0.893942
4169.4,0.582369,-0.431718,-0.958754,-0.0690787,-0.889676
4170,0.582369,-0.33965,-0.953075,-0.0686839,-0.884391
4170.6,0.543361,-0.219627,-0.939135,-0.0615651,-0.877569
4171.2,0.535854,-0.0505472,-0.927912,-0.0597308,-0.868181
4171.8,0.493339,0.215037,-0.906332,-0.0524805,-0.853852
4172.4,0.514842,0.699672,-0.882579,-0.0539546,-0.828625
4173,0.526348,1.50872,-0.836045,-0.05261,-0.783435
4173.6,0.493339,1.47553,-0.81759,-0.047384,-0.770206
4174.2,0.469327,-0.15033,-0.90116,-0.0491565,-0.852003
4174.8,0.478834,-0.892417,-0.965727,-0.0539878,-0.911739
4175.4,0.419305,-0.904754,-0.959382,-0.0460333,-0.913349
4176,0.45833,-0.890919,-0.963372,-0.0511511,-0.912221
4176.6,0.406308,-0.876576,-0.955338,-0.0443452,-0.910993
4177.2,0.423813,-0.86084,-0.956177,-0.0464792,-0.909698
4177.8,0.378298,-0.844157,-0.949268,-0.0409683,-0.9083
4178.4,0.388804,-0.825704,-0.948963,-0.0421261,-0.906837
4179,0.386296,-0.806197,-0.947072,-0.0417853,-0.905286
4179.6,0.352287,-0.784919,-0.941575,-0.037977,-0.903598
4180.2,0.336782,-0.761354,-0.938098,-0.0363178,-0.90178
4180.8,0.356778,-0.73524,-0.938171,-0.0383352,-0.899836
4181.4,0.339274,-0.70632,-0.934174,-0.0364459,-0.897728
4182,0.329767,-0.673828,-0.930837,-0.0354193,-0.895417
4182.6,0.282761,-0.637685,-0.923822,-0.0309701,-0.892852
4183.2,0.25675,-0.596116,-0.918657,-0.0287002,-0.889957
4183.8,0.254751,-0.547113,-0.915133,-0.0284507,-0.886682
4184.4,0.237738,-0.489511,-0.909931,-0.0270124,-0.882919
4185,0.248736,-0.4193,-0.906227,-0.0277474,-0.87848
4185.6,0.247244,-0.331329,-0.900561,-0.027479,-0.873082
4186.2,0.20822,-0.216455,-0.890655,-0.0244151,-0.86624
4186.8,0.174211,-0.055773,-0.878955,-0.0219315,-0.857023
4187.4,0.163705,0.19218,-0.864363,-0.0209577,-0.843405
4188,0.11919,0.632387,-0.838218,-0.0179445,-0.820273
4188.6,0.108192,1.39524,-0.795232,-0.0165164,-0.778715
4189.2,0.0936873,1.54837,-0.772166,-0.0154039,-0.756762
4189.8,0.0821816,0.098086,-0.840842,-0.0162481,-0.824594
4190.4,0.024653,-0.868366,-0.909861,-0.0149321,-0.894929
4191,0.0341592,-0.900174,-0.913428,-0.0154182,-0.89801
4191.6,-0.00484879,-0.890375,-0.910402,-0.0137524,-0.89665
4192.2,0.00314948,-0.879009,-0.909195,-0.0140676,-0.895127
4192.8,-0.0133551,-0.866746,-0.906974,-0.0133951,-0.893579
4193.4,-0.0443648,-0.853816,-0.904182,-0.0122231,-0.891959
4194,-0.0583782,-0.839944,-0.90198,-0.011721,-0.890259
4194.6,-0.0923873,-0.825081,-0.899068,-0.0105974,-0.88847
4195.2,-0.117398,-0.809073,-0.896423,-0.00983593,-0.886587
4195.8,-0.114399,-0.791586,-0.894545,-0.00991232,-0.884632
4196.4,-0.137902,-0.772669,-0.891807,-0.00923854,-0.882568
4197,-0.207428,-0.75199,-0.887892,-0.00751466,-0.880378
4197.6,-0.164913,-0.72908,-0.886587,-0.00850804,-0.878079
4198.2,-0.190415,-0.703762,-0.883516,-0.00787842,-0.875638
4198.8,-0.195922,-0.675517,-0.88076,-0.00773759,-0.873022
4199.4,-0.232439,-0.643784,-0.877118,-0.00693172,-0.870186
4200,-0.237438,-0.607548,-0.87394,-0.00681444,-0.867126
4200.6,-0.233947,-0.565754,-0.870656,-0.00686724,-0.863789
4201.2,-0.242437,-0.516955,-0.866745,-0.00667638,-0.860068
4201.8,-0.274954,-0.458763,-0.861894,-0.00604114,-0.855853
4202.4,-0.28646,-0.387676,-0.856775,-0.00581262,-0.850963
4203,-0.291967,-0.29791,-0.850802,-0.00568648,-0.845115
4203.6,-0.314962,-0.179238,-0.843078,-0.00527227,-0.837806
4204.2,-0.286952,-0.0114332,-0.833716,-0.00566985,-0.828046
4204.8,-0.336482,0.251447,-0.818456,-0.00481603,-0.81364
4205.4,-0.333974,0.722717,-0.793961,-0.00471294,-0.789248
4206,-0.334974,1.47269,-0.752529,-0.00445993,-0.748069
4206.6,-0.336974,1.42433,-0.740915,-0.00437112,-0.736543
4207.2,-0.388995,-0.137707,-0.814637,-0.00412662,-0.810511
4207.8,-0.401009,-0.87495,-0.869598,-0.0042572,-0.865341
4208.4,-0.392994,-0.89391,-0.870821,-0.00437165,-0.86645
4209,-0.446016,-0.88639,-0.868541,-0.00373171,-0.86481
4209.6,-0.444524,-0.877829,-0.866816,-0.00374633,-0.86307
4210.2,-0.482532,-0.868771,-0.864621,-0.00334329,-0.861277
4210.8,-0.451523,-0.85909,-0.863149,-0.00366475,-0.859484
4211.4,-0.512542,-0.848868,-0.860674,-0.00305333,-0.857621
4212,-0.471027,-0.837899,-0.859182,-0.00345328,-0.855729
4212.6,-0.491039,-0.8262,-0.857036,-0.00325093,-0.853785
4213.2,-0.534554,-0.813639,-0.854647,-0.002853,-0.851794
4213.8,-0.525048,-0.800131,-0.852659,-0.0029326,-0.849726
4214.4,-0.532046,-0.785496,-0.850492,-0.00286938,-0.847623
4215,-0.553058,-0.769644,-0.848145,-0.00269233,-0.845452
4215.6,-0.580577,-0.752388,-0.845666,-0.00247733,-0.843189
4216.2,-0.630582,-0.733532,-0.842935,-0.00213112,-0.840804
4216.8,-0.617077,-0.712734,-0.840557,-0.00221598,-0.838341
4217.4,-0.589575,-0.6897,-0.838175,-0.00240222,-0.835773
4218,-0.620077,-0.664063,-0.835238,-0.00218954,-0.833048
4218.6,-0.601572,-0.63522,-0.832498,-0.00230979,-0.830188
4219.2,-0.631091,-0.602509,-0.829266,-0.00211051,-0.827156
4219.8,-0.629091,-0.56502,-0.82598,-0.00211818,-0.823862
4220.4,-0.642596,-0.521431,-0.822315,-0.00202886,-0.820286
4221,-0.645088,-0.469963,-0.818315,-0.00200733,-0.816308
4221.6,-0.673606,-0.407891,-0.813633,-0.00183617,-0.811796
4222.2,-0.634598,-0.330952,-0.808601,-0.00205329,-0.806548
4222.8,-0.668099,-0.231959,-0.802094,-0.00184623,-0.800248
4223.4,-0.649595,-0.0976739,-0.794211,-0.00193495,-0.792276
4224,-0.625584,0.0994031,-0.783438,-0.00205364,-0.781384
4224.6,-0.660101,0.424077,-0.766469,-0.00181568,-0.764653
4225.2,-0.697617,1.01266,-0.737049,-0.00156374,-0.735485
4225.8,-0.676605,1.60999,-0.700543,-0.00158505,-0.698958
4226.4,-0.723628,0.923815,-0.721019,-0.00142022,-0.719599
4227,-0.714122,-0.649741,-0.804694,-0.00163343,-0.80306
4227.6,-0.726119,-0.88427,-0.823865,-0.00161623,-0.822249
4228.2,-0.724628,-0.88529,-0.822819,-0.00162411,-0.821195
4228.8,-0.781648,-0.880187,-0.820895,-0.00136899,-0.819526
4229.4,-0.767143,-0.874686,-0.819265,-0.00142922,-0.817835
4230,-0.737625,-0.868905,-0.81769,-0.0015606,-0.81613
4230.6,-0.795153,-0.86285,-0.815704,-0.00131335,-0.814391
4231.2,-0.81315,-0.856463,-0.813879,-0.00124399,-0.812635
4231.8,-0.807659,-0.849715,-0.812134,-0.00126407,-0.81087
4232.4,-0.78114,-0.842564,-0.81048,-0.00136786,-0.809113
4233,-0.787139,-0.834995,-0.808683,-0.00134289,-0.80734
4233.6,-0.824655,-0.826977,-0.806716,-0.00119967,-0.805516
4234.2,-0.83167,-0.818437,-0.804827,-0.00117411,-0.803653
4234.8,-0.83367,-0.809321,-0.80294,-0.00116644,-0.801774
4235.4,-0.900196,-0.799595,-0.800781,-0.000955209,-0.799826
4236,-0.825163,-0.789125,-0.799089,-0.00119501,-0.797894
4236.6,-0.837161,-0.777892,-0.797049,-0.00115205,-0.795897
4237.2,-0.858173,-0.765761,-0.79496,-0.001081,-0.793879
4237.8,-0.910194,-0.752639,-0.792722,-0.000924314,-0.791798
4238.4,-0.866171,-0.738358,-0.790744,-0.00105361,-0.78969
4239,-0.854174,-0.722786,-0.788612,-0.00109108,-0.787521
4239.6,-0.873186,-0.70572,-0.786312,-0.00102961,-0.785282
4240.2,-0.867171,-0.686912,-0.784028,-0.00104708,-0.782981
4240.8,-0.855665,-0.666075,-0.781679,-0.00108236,-0.780597
4241.4,-0.881184,-0.642848,-0.779111,-0.00100129,-0.77811
4242,-0.885691,-0.616769,-0.776469,-0.000986252,-0.775482
4242.6,-0.899688,-0.587236,-0.773641,-0.00094402,-0.772697
4243.2,-0.885691,-0.553468,-0.770685,-0.000982344,-0.769703
4243.8,-0.876185,-0.514377,-0.767485,-0.00100823,-0.766477
4244.4,-0.909686,-0.468475,-0.763861,-0.000909374,-0.762952
4245,-0.927699,-0.4136,-0.759861,-0.000858657,-0.759002
4245.6,-0.904687,-0.346452,-0.755399,-0.000916053,-0.754483
4246.2,-0.913685,-0.261695,-0.750056,-0.000886977,-0.749169
4246.8,-0.915193,-0.150002,-0.743565,-0.000876837,-0.742688
4247.4,-0.924699,0.00650788,-0.735045,-0.000843961,-0.734201
4248,-0.902688,0.246896,-0.722984,-0.000888145,-0.722095
4248.6,-0.926699,0.66206,-0.703316,-0.000805504,-0.702511
4249.2,-0.912194,1.33269,-0.670849,-0.000803797,-0.670046
4249.8,-0.947203,1.46054,-0.654063,-0.000707,-0.653356
4250.4,-0.977721,0.141809,-0.70586,-0.000697641,-0.705162
4251,-0.985227,-0.825856,-0.763922,-0.000739569,-0.763183
4251.6,-0.984227,-0.875784,-0.767032,-0.00074613,-0.766286
4252.2,-0.946203,-0.875243,-0.765804,-0.000836173,-0.764968
4252.8,-0.976213,-0.873475,-0.764314,-0.000764203,-0.76355
4253.4,-0.970722,-0.871655,-0.762899,-0.000776787,-0.762122
4254,-0.973721,-0.869797,-0.761479,-0.000769749,-0.760709
4254.6,-0.976721,-0.867914,-0.760047,-0.000762774,-0.759284
4255.2,-0.993225,-0.865995,-0.758589,-0.000725889,-0.757864
4255.8,-0.994717,-0.864042,-0.757159,-0.000722565,-0.756437
4256.4,-1.02024,-0.862054,-0.755676,-0.000669296,-0.755006
4257,-1.02324,-0.860024,-0.754224,-0.000663224,-0.753561
4257.6,-1.02874,-0.857951,-0.752773,-0.000652285,-0.75212
4258.2,-1.01473,-0.855826,-0.751371,-0.000680165,-0.750691
4258.8,-1.01473,-0.853648,-0.749955,-0.000680071,-0.749275
4259.4,-1.03374,-0.851418,-0.748498,-0.000642324,-0.747856
4260,-1.02024,-0.849123,-0.747104,-0.000668753,-0.746435
4260.6,-0.996225,-0.846751,-0.745777,-0.000718527,-0.745059
4261.2,-1.02124,-0.844316,-0.744343,-0.000666551,-0.743676
4261.8,-1.01324,-0.841794,-0.742988,-0.000682609,-0.742306
4262.4,-1.05624,-0.839195,-0.741524,-0.00059998,-0.740924
4263,-1.04725,-0.836506,-0.740138,-0.000616273,-0.739521
4263.6,-1.01273,-0.833712,-0.738821,-0.000683302,-0.738138
4264.2,-1.01424,-0.83081,-0.737451,-0.000680098,-0.736771
4264.8,-1.00573,-0.827788,-0.736114,-0.000697521,-0.735416
4265.4,-1.00924,-0.824639,-0.734758,-0.000690094,-0.734068
4266,-1.02124,-0.821356,-0.733372,-0.000665591,-0.732707
4266.6,-0.996225,-0.817917,-0.732078,-0.000717228,-0.731361
4267.2,-1.03274,-0.814328,-0.730628,-0.000642753,-0.729986
4267.8,-1.02474,-0.810558,-0.729271,-0.000658187,-0.728613
4268.4,-1.04474,-0.806603,-0.727842,-0.000619757,-0.727222
4269,-1.01524,-0.802426,-0.726541,-0.000676858,-0.725865
4269.6,-1.02823,-0.798032,-0.725143,-0.000650827,-0.724492
4270.2,-1.05775,-0.793398,-0.723681,-0.000595561,-0.723085
4270.8,-1.05724,-0.788494,-0.722258,-0.000596285,-0.721662
4271.4,-1.07275,-0.783303,-0.72078,-0.000569029,-0.720211
4272,-1.03323,-0.777781,-0.719412,-0.000640338,-0.718771
4272.6,-1.03323,-0.771904,-0.717983,-0.000640101,-0.717343
4273.2,-1.04225,-0.765639,-0.716518,-0.000622799,-0.715895
4273.8,-1.06575,-0.758944,-0.715011,-0.000580201,-0.714431
4274.4,-1.05425,-0.751773,-0.713547,-0.000600284,-0.712947
4275,-1.05425,-0.744067,-0.712063,-0.000599994,-0.711463
4275.6,-1.07075,-0.735781,-0.710505,-0.000570745,-0.709934
4276.2,-1.10276,-0.726845,-0.708879,-0.000518248,-0.708361
4276.8,-1.08326,-0.717179,-0.707288,-0.00054911,-0.706739
4277.4,-1.06926,-0.70668,-0.705686,-0.000572255,-0.705114
4278,-1.07075,-0.695241,-0.704056,-0.000569294,-0.703487
4278.6,-1.07026,-0.682742,-0.702384,-0.000569687,-0.701815
4279.2,-1.06875,-0.669034,-0.700665,-0.000571774,-0.700093
4279.8,-1.07075,-0.653938,-0.698869,-0.00056782,-0.698301
4280.4,-1.03174,-0.637209,-0.697141,-0.000637555,-0.696503
4281,-1.05025,-0.618604,-0.695232,-0.000602463,-0.69463
4281.6,-1.04225,-0.597781,-0.693284,-0.00061627,-0.692667
4282.2,-1.05975,-0.574326,-0.691177,-0.000583917,-0.690593
4282.8,-1.06575,-0.547692,-0.688966,-0.000572555,-0.688393
4283.4,-1.06575,-0.517186,-0.68659,-0.000571457,-0.686018
4284,-1.07326,-0.481841,-0.68404,-0.000557505,-0.683483
4284.6,-1.06324,-0.440379,-0.681255,-0.000572994,-0.680682
4285.2,-1.02923,-0.390929,-0.678199,-0.000632495,-0.677567
4285.8,-1.04625,-0.330735,-0.674617,-0.000598791,-0.674019
4286.4,-1.04574,-0.255457,-0.670468,-0.000596874,-0.669872
4287,-1.02224,-0.157829,-0.665462,-0.000636514,-0.664826
4287.6,-1.08476,-0.0245562,-0.65886,-0.000523379,-0.658337
4288.2,-1.02874,0.171413,-0.650012,-0.000611533,-0.649401
4288.8,-1.07375,0.490113,-0.636265,-0.000523893,-0.635741
4289.4,-1.05225,1.03224,-0.613526,-0.000539549,-0.612986
4290,-1.07826,1.50016,-0.588572,-0.00047951,-0.588093
4290.6,-1.08976,0.819408,-0.607,-0.000478476,-0.606522
4291.2,-1.11377,-0.613456,-0.670931,-0.00049291,-0.670438
4291.8,-1.08876,-0.846594,-0.686394,-0.00054429,-0.68585
4292.4,-1.09627,-0.856318,-0.686065,-0.000532705,-0.685532
4293,-1.08026,-0.859373,-0.68525,-0.000559004,-0.684691
4293.6,-1.11227,-0.862493,-0.684319,-0.000507969,-0.683811
4294.2,-1.11227,-0.865846,-0.683453,-0.000508075,-0.682945
4294.8,-1.10227,-0.869443,-0.682645,-0.000523646,-0.682122
4295.4,-1.10677,-0.873309,-0.681816,-0.000516745,-0.681299
4296,-1.15029,-0.877457,-0.680898,-0.000453676,-0.680444
4296.6,-1.17679,-0.881896,-0.679997,-0.000419145,-0.679577
4297.2,-1.2168,-0.886641,-0.679046,-0.000371883,-0.678674
4297.8,-1.22331,-0.891699,-0.678117,-0.000364814,-0.677752
4298.4,-1.26333,-0.897086,-0.677134,-0.000323672,-0.676811
4299,-1.29883,-0.902812,-0.676143,-0.000291094,-0.675852
4299.6,-1.30485,-0.908885,-0.675154,-0.000286,-0.674868
4300.2,-1.31935,-0.915311,-0.674174,-0.000273937,-0.6739
4300.8,-1.33986,-0.922097,-0.673202,-0.000257712,-0.672944
4301.4,-1.31984,-0.929247,-0.672282,-0.000273771,-0.672008
4302,-1.33235,-0.936772,-0.671334,-0.000263819,-0.67107
4302.6,-1.33686,-0.94467,-0.67042,-0.000260405,-0.670159
4303.2,-1.33535,-0.952944,-0.669532,-0.00026172,-0.669271
4303.8,-1.30734,-0.961588,-0.668718,-0.000284804,-0.668433
4304.4,-1.28383,-0.970603,-0.667948,-0.00030577,-0.667642
4305,-1.30234,-0.979989,-0.667166,-0.000289436,-0.666877
4305.6,-1.29283,-0.989739,-0.666436,-0.000297985,-0.666138
4306.2,-1.28783,-0.999848,-0.665733,-0.000302675,-0.66543
4306.8,-1.28233,-1.01031,-0.665064,-0.000307914,-0.664756
4307.4,-1.26882,-1.02111,-0.664423,-0.000320853,-0.664102
4308,-1.26733,-1.03224,-0.663788,-0.000322514,-0.663465
4308.6,-1.30434,-1.04369,-0.66313,-0.000288847,-0.662841
4309.2,-1.26533,-1.05544,-0.662572,-0.000324921,-0.662247
4309.8,-1.29134,-1.06748,-0.661972,-0.000300769,-0.661672
4310.4,-1.25732,-1.07978,-0.661464,-0.000333326,-0.66113
4311,-1.30534,-1.09234,-0.660896,-0.000288852,-0.660607
4311.6,-1.28184,-1.10513,-0.660382,-0.000310188,-0.660072
4312.2,-1.26682,-1.11813,-0.659887,-0.00032473,-0.659563
4312.8,-1.24532,-1.13131,-0.659447,-0.000346638,-0.6591
4313.4,-1.26733,-1.14466,-0.658956,-0.000324769,-0.658632
4314,-1.25432,-1.15815,-0.658517,-0.000337972,-0.658179
4314.6,-1.26582,-1.17176,-0.65806,-0.000326787,-0.657733
4315.2,-1.27384,-1.18546,-0.657623,-0.000319298,-0.657303
4315.8,-1.28333,-1.19923,-0.657166,-0.000310605,-0.656856
4316.4,-1.27182,-1.21305,-0.656742,-0.000321781,-0.65642
4317,-1.28834,-1.22689,-0.656288,-0.000306492,-0.655982
4317.6,-1.25532,-1.24073,-0.65589,-0.000338682,-0.655551
4318.2,-1.32886,-1.25455,-0.655355,-0.000271894,-0.655083
4318.8,-1.34186,-1.26833,-0.654819,-0.000261724,-0.654558
4319.4,-1.35385,-1.28205,-0.65425,-0.000252689,-0.653997
4320,-1.38286,-1.29568,-0.653625,-0.00023183,-0.653393
4320.6,-1.41789,-1.30922,-0.652996,-0.000208889,-0.652787
4321.2,-1.44239,-1.32263,-0.652336,-0.00019425,-0.652142
4321.8,-1.45139,-1.33591,-0.651668,-0.000189232,-0.651479
4322.4,-1.43988,-1.34902,-0.651003,-0.000196033,-0.650807
4323,-1.4499,-1.36197,-0.650323,-0.000190385,-0.650133
4323.6,-1.42338,-1.37473,-0.649688,-0.000206305,-0.649482
4324.2,-1.44088,-1.38729,-0.649023,-0.000195905,-0.648827
4324.8,-1.42789,-1.39964,-0.648374,-0.000203846,-0.648171
4325.4,-1.39288,-1.41176,-0.647735,-0.000226578,-0.647508
4326,-1.40138,-1.42365,-0.647094,-0.000221032,-0.646873
4326.6,-1.38237,-1.43529,-0.646478,-0.000234166,-0.646243
4327.2,-1.39337,-1.44669,-0.645847,-0.000226728,-0.645621
4327.8,-1.39388,-1.45783,-0.645222,-0.000226536,-0.644995
4328.4,-1.41489,-1.46871,-0.644575,-0.000212844,-0.644362
4329,-1.38037,-1.47932,-0.643983,-0.000236208,-0.643747
4329.6,-1.39088,-1.48967,-0.643344,-0.000229027,-0.643115
4330.2,-1.35836,-1.49975,-0.642752,-0.00025264,-0.6425
4330.8,-1.40387,-1.50955,-0.642084,-0.000220539,-0.641863
4331.4,-1.35536,-1.51909,-0.64148,-0.000255222,-0.641225
4332,-1.38937,-1.52835,-0.640814,-0.000230607,-0.640584
4332.6,-1.34585,-1.53734,-0.640225,-0.000262894,-0.639962
4333.2,-1.36536,-1.54606,-0.639575,-0.000248091,-0.639326
4333.8,-1.35285,-1.55452,-0.638942,-0.000257703,-0.638684
4334.4,-1.36136,-1.56272,-0.638279,-0.000251338,-0.638028
4335,-1.36436,-1.57065,-0.637638,-0.000249208,-0.637389
4335.6,-1.35536,-1.57832,-0.636995,-0.000256142,-0.636739
4336.2,-1.34836,-1.58575,-0.636353,-0.000261692,-0.636092
4336.8,-1.34585,-1.59292,-0.635704,-0.000263782,-0.63544
4337.4,-1.35085,-1.59985,-0.635049,-0.000259967,-0.634789
4338,-1.30585,-1.60654,-0.634437,-0.000297648,-0.634139
4338.6,-1.32786,-1.61299,-0.633789,-0.000278746,-0.63351
4339.2,-1.35787,-1.61922,-0.633093,-0.000254854,-0.632838
4339.8,-1.35836,-1.62523,-0.63243,-0.000254572,-0.632175
4340.4,-1.33335,-1.63101,-0.631819,-0.000274494,-0.631545
4341,-1.33686,-1.63659,-0.631182,-0.000271714,-0.63091
4341.6,-1.37886,-1.64196,-0.630481,-0.000239633,-0.630242
4342.2,-1.39688,-1.64713,-0.629755,-0.000227104,-0.629528
4342.8,-1.43139,-1.65212,-0.628949,-0.000204834,-0.628744
4343.4,-1.41389,-1.65691,-0.628163,-0.000215936,-0.627947
4344,-1.42038,-1.66153,-0.627337,-0.000211833,-0.627125
4344.6,-1.45139,-1.66598,-0.626482,-0.000193074,-0.626289
4345.2,-1.51392,-1.67026,-0.625571,-0.000160101,-0.625411
4345.8,-1.51242,-1.67437,-0.624689,-0.000160859,-0.624528
4346.4,-1.50641,-1.67833,-0.623786,-0.000163826,-0.623622
4347,-1.48441,-1.68214,-0.622906,-0.000175038,-0.622731
4347.6,-1.51542,-1.6858,-0.62199,-0.000159529,-0.62183
4348.2,-1.48441,-1.68932,-0.621099,-0.000175114,-0.620924
4348.8,-1.47991,-1.6927,-0.620227,-0.000177533,-0.62005
4349.4,-1.49892,-1.69595,-0.619349,-0.000167726,-0.619181
4350,-1.48791,-1.69907,-0.618478,-0.000173392,-0.618304
4350.6,-1.4694,-1.70207,-0.617618,-0.000183319,-0.617435
4351.2,-1.4744,-1.70495,-0.616737,-0.000180623,-0.616556
4351.8,-1.49241,-1.70771,-0.615846,-0.000171153,-0.615675
4352.4,-1.47591,-1.71037,-0.614992,-0.000179867,-0.614812
4353,-1.45439,-1.71291,-0.614196,-0.000191887,-0.614004
4353.6,-1.4599,-1.71535,-0.613373,-0.000188772,-0.613184
4354.2,-1.4614,-1.7177,-0.61254,-0.000187947,-0.612352
4354.8,-1.44739,-1.71995,-0.61174,-0.00019604,-0.611544
4355.4,-1.4594,-1.72211,-0.610901,-0.000189127,-0.610712
4356,-1.43539,-1.72418,-0.610121,-0.000203274,-0.609918
4356.6,-1.42038,-1.72616,-0.609333,-0.00021266,-0.60912
4357.2,-1.4549,-1.72807,-0.608524,-0.00019177,-0.608332
4357.8,-1.42489,-1.72989,-0.607771,-0.000209852,-0.607561
4358.4,-1.43639,-1.73165,-0.607002,-0.000202756,-0.606799
4359,-1.42089,-1.73332,-0.606262,-0.000212428,-0.606049
4359.6,-1.40587,-1.73493,-0.605527,-0.000222232,-0.605305
4360.2,-1.36036,-1.73647,-0.604857,-0.000254754,-0.604602
4360.8,-1.36436,-1.73794,-0.604159,-0.00025174,-0.603908
4361.4,-1.36087,-1.73935,-0.603499,-0.00025441,-0.603245
4362,-1.36387,-1.7407,-0.602802,-0.000252153,-0.60255
4362.6,-1.41338,-1.742,-0.602093,-0.000217377,-0.601875
4363.2,-1.37886,-1.74324,-0.601419,-0.000241102,-0.601177
4363.8,-1.33735,-1.74442,-0.600819,-0.000273084,-0.600546
4364.4,-1.34585,-1.74556,-0.600175,-0.000266225,-0.599909
4365,-1.31634,-1.74664,-0.599582,-0.000290881,-0.599292
4365.6,-1.34035,-1.74768,-0.598959,-0.000270692,-0.598688
4366.2,-1.31784,-1.74867,-0.59837,-0.000289605,-0.598081
4366.8,-1.29483,-1.74961,-0.597823,-0.000310309,-0.597513
4367.4,-1.27984,-1.75052,-0.597289,-0.000324598,-0.596965
4368,-1.28983,-1.75138,-0.596729,-0.000315029,-0.596414
4368.6,-1.36187,-1.75221,-0.596097,-0.000253845,-0.595843
4369.2,-1.35185,-1.753,-0.595516,-0.000261596,-0.595254
4369.8,-1.41989,-1.75376,-0.594802,-0.000213328,-0.594589
4370.4,-1.46389,-1.7545,-0.594051,-0.000186961,-0.593864
4371,-1.52693,-1.75521,-0.593207,-0.000154763,-0.593053
4371.6,-1.53944,-1.75589,-0.592349,-0.000149072,-0.5922
4372.2,-1.51942,-1.75656,-0.591508,-0.0001583,-0.59135
4372.8,-1.56994,-1.75719,-0.590623,-0.000136051,-0.590487
4373.4,-1.52442,-1.75781,-0.58981,-0.000155956,-0.589654
4374,-1.55843,-1.7584,-0.588924,-0.000140838,-0.588783
4374.6,-1.52142,-1.75898,-0.588081,-0.000157376,-0.587924
4375.2,-1.54243,-1.75953,-0.587216,-0.000147769,-0.587069
4375.8,-1.53293,-1.76007,-0.586359,-0.000152048,-0.586207
4376.4,-1.55894,-1.76059,-0.585515,-0.000140642,-0.585375
4377,-1.52993,-1.76108,-0.584708,-0.000153431,-0.584555
4377.6,-1.51442,-1.76156,-0.583917,-0.000160739,-0.583757
4378.2,-1.50292,-1.76203,-0.583143,-0.000166387,-0.582977
4378.8,-1.4684,-1.76247,-0.582401,-0.000184539,-0.582217
4379.4,-1.52042,-1.7629,-0.581593,-0.000157886,-0.581435
4380,-1.48291,-1.76331,-0.580868,-0.000176693,-0.580691
4380.6,-1.46791,-1.76371,-0.580158,-0.000184825,-0.579973
4381.2,-1.46891,-1.76409,-0.579457,-0.000184276,-0.579272
4381.8,-1.42138,-1.76446,-0.578798,-0.000212512,-0.578586
4382.4,-1.44839,-1.76481,-0.578111,-0.000195981,-0.577915
4383,-1.4564,-1.76515,-0.577425,-0.000191331,-0.577234
4383.6,-1.46891,-1.76548,-0.576772,-0.000184292,-0.576588
4384.2,-1.40738,-1.76579,-0.576173,-0.00022164,-0.575951
4384.8,-1.40738,-1.76609,-0.575553,-0.000221644,-0.575331
4385.4,-1.41289,-1.76637,-0.574929,-0.000218017,-0.574711
4386,-1.38186,-1.76664,-0.57436,-0.000239279,-0.57412
4386.6,-1.39937,-1.76691,-0.573769,-0.000227047,-0.573542
4387.2,-1.39188,-1.76716,-0.573186,-0.000232208,-0.572954
4387.8,-1.39437,-1.7674,-0.57261,-0.000230483,-0.57238
4388.4,-1.41389,-1.76763,-0.572012,-0.000217381,-0.571794
4389,-1.39838,-1.76785,-0.571441,-0.00022773,-0.571214
4389.6,-1.37637,-1.76805,-0.5709,-0.000243272,-0.570657
4390.2,-1.38488,-1.76825,-0.570352,-0.000237148,-0.570115
4390.8,-1.39037,-1.76844,-0.569808,-0.000233278,-0.569575
4391.4,-1.38237,-1.76863,-0.569284,-0.000238943,-0.569045
4392,-1.38337,-1.7688,-0.56877,-0.00023823,-0.568531
4392.6,-1.36236,-1.76896,-0.568258,-0.000253726,-0.568004
4393.2,-1.37036,-1.76912,-0.567751,-0.000247716,-0.567504
4393.8,-1.36236,-1.76926,-0.567248,-0.000253731,-0.566994
4394.4,-1.37036,-1.7694,-0.566741,-0.00024772,-0.566493
4395,-1.38537,-1.76954,-0.566228,-0.000236817,-0.565992
4395.6,-1.34186,-1.76966,-0.565798,-0.000269827,-0.565529
4396.2,-1.35585,-1.76978,-0.56532,-0.000258738,-0.565061
4396.8,-1.35936,-1.76989,-0.564842,-0.000256033,-0.564586
4397.4,-1.37136,-1.77,-0.564348,-0.000246987,-0.564101
4398,-1.34536,-1.77009,-0.563907,-0.000267011,-0.563639
4398.6,-1.35085,-1.77018,-0.56347,-0.000262652,-0.563207
4399.2,-1.32084,-1.77027,-0.563067,-0.000287384,-0.56278
4399.8,-1.33235,-1.77035,-0.562625,-0.00027764,-0.562347
4400.4,-1.34086,-1.77042,-0.562206,-0.000270649,-0.561936
4401,-1.30634,-1.77048,-0.561863,-0.000300163,-0.561563
4401.6,-1.29483,-1.77054,-0.561497,-0.0003107,-0.561187
4402.2,-1.31434,-1.77059,-0.561109,-0.000293052,-0.560815
4402.8,-1.33835,-1.77064,-0.560698,-0.000272696,-0.560425
4403.4,-1.33086,-1.77068,-0.560283,-0.00027889,-0.560004
4404,-1.35736,-1.77072,-0.559814,-0.000257586,-0.559556
4404.6,-1.44239,-1.77077,-0.559219,-0.00019961,-0.559019
4405.2,-1.45139,-1.77082,-0.558621,-0.000194296,-0.558426
4405.8,-1.49241,-1.77086,-0.55797,-0.000171804,-0.557798
4406.4,-1.48991,-1.77091,-0.557341,-0.000173102,-0.557168
4407,-1.4939,-1.77096,-0.556722,-0.000171039,-0.556551
4407.6,-1.52091,-1.77101,-0.556064,-0.00015773,-0.555907
4408.2,-1.50141,-1.77105,-0.555424,-0.000167232,-0.555257
4408.8,-1.53393,-1.7711,-0.554754,-0.000151693,-0.554603
4409.4,-1.54543,-1.77115,-0.554089,-0.000146548,-0.553942
4410,-1.52842,-1.7712,-0.553427,-0.00015422,-0.553273
4410.6,-1.54693,-1.77125,-0.552749,-0.000145895,-0.552604
4411.2,-1.51392,-1.7713,-0.552133,-0.000161079,-0.551972
4411.8,-1.52893,-1.77135,-0.551485,-0.000153987,-0.551331
4412.4,-1.48241,-1.7714,-0.550869,-0.00017704,-0.550692
4413,-1.49841,-1.77145,-0.55025,-0.000168747,-0.550081
4413.6,-1.53593,-1.7715,-0.549623,-0.00015079,-0.549472
4414.2,-1.51592,-1.77154,-0.54903,-0.000160118,-0.548869
4414.8,-1.4909,-1.77159,-0.548449,-0.000172591,-0.548277
4415.4,-1.4704,-1.77163,-0.547905,-0.000183537,-0.547722
4416,-1.43188,-1.77167,-0.547402,-0.00020601,-0.547196
4416.6,-1.44939,-1.7717,-0.546858,-0.000195475,-0.546663
4417.2,-1.46589,-1.77174,-0.546324,-0.000186036,-0.546138
4417.8,-1.44239,-1.77177,-0.545838,-0.000199622,-0.545639
4418.4,-1.4439,-1.7718,-0.545339,-0.000198722,-0.54514
4419,-1.44088,-1.77183,-0.544869,-0.000200528,-0.544668
4419.6,-1.43639,-1.77185,-0.544399,-0.000203247,-0.544195
4420.2,-1.40938,-1.77187,-0.543976,-0.000220395,-0.543755
4420.8,-1.39437,-1.77188,-0.543578,-0.000230545,-0.543347
4421.4,-1.38237,-1.77189,-0.543188,-0.00023899,-0.542949
4422,-1.40187,-1.7719,-0.542761,-0.000225413,-0.542535
4422.6,-1.40088,-1.77191,-0.542356,-0.00022609,-0.542129
4423.2,-1.38037,-1.77191,-0.541964,-0.000240428,-0.541724
4423.8,-1.36787,-1.77191,-0.541619,-0.000249615,-0.541369
4424.4,-1.35436,-1.7719,-0.541298,-0.000259931,-0.541038
4425,-1.34336,-1.77189,-0.540997,-0.000268646,-0.540729
4425.6,-1.33735,-1.77187,-0.540692,-0.000273535,-0.540418
4426.2,-1.33335,-1.77185,-0.540395,-0.000276834,-0.540118
4426.8,-1.34785,-1.77183,-0.540097,-0.000265051,-0.539832
4427.4,-1.33286,-1.7718,-0.539835,-0.000277242,-0.539558
4428,-1.33786,-1.77177,-0.539558,-0.000273117,-0.539285
4428.6,-1.32184,-1.77173,-0.539299,-0.000286549,-0.539013
4429.2,-1.32684,-1.77169,-0.539025,-0.000282286,-0.538742
4429.8,-1.32986,-1.77164,-0.538773,-0.000279744,-0.538493
4430.4,-1.31284,-1.7716,-0.538526,-0.000294384,-0.538231
4431,-1.35185,-1.77155,-0.538216,-0.000261888,-0.537954
4431.6,-1.30334,-1.7715,-0.537979,-0.000302893,-0.537676
4432.2,-1.30485,-1.77144,-0.537736,-0.000301526,-0.537435
4432.8,-1.29985,-1.77138,-0.537519,-0.000306078,-0.537213
4433.4,-1.32735,-1.77131,-0.537281,-0.00028185,-0.536999
4434,-1.33886,-1.77125,-0.537008,-0.000272291,-0.536736
4434.6,-1.34385,-1.77118,-0.536749,-0.000268239,-0.53648
4435.2,-1.31884,-1.77111,-0.536543,-0.000289128,-0.536253
4435.8,-1.33186,-1.77104,-0.53628,-0.000278062,-0.536001
4436.4,-1.33786,-1.77096,-0.536037,-0.000273104,-0.535764
4437,-1.32235,-1.77088,-0.535819,-0.000286099,-0.535533
4437.6,-1.32786,-1.7708,-0.535574,-0.000281412,-0.535293
4438.2,-1.33386,-1.77072,-0.535313,-0.000276394,-0.535037
4438.8,-1.33486,-1.77064,-0.535079,-0.000275566,-0.534803
4439.4,-1.32735,-1.77055,-0.534832,-0.000281837,-0.53455
4440,-1.27733,-1.77046,-0.534658,-0.000327441,-0.53433
4440.6,-1.27384,-1.77037,-0.534495,-0.000330884,-0.534164
4441.2,-1.31735,-1.77028,-0.534224,-0.000290409,-0.533934
4441.8,-1.36136,-1.77019,-0.533922,-0.000254507,-0.533668
4442.4,-1.39137,-1.7701,-0.533607,-0.000232603,-0.533374
4443,-1.44239,-1.77002,-0.533184,-0.000199602,-0.532984
4443.6,-1.4584,-1.76993,-0.532758,-0.000190242,-0.532568
4444.2,-1.4684,-1.76986,-0.532315,-0.000184622,-0.53213
4444.8,-1.47791,-1.76978,-0.531838,-0.000179432,-0.531659
4445.4,-1.4734,-1.76971,-0.531345,-0.000181873,-0.531163
4446,-1.53442,-1.76964,-0.53081,-0.000151457,-0.530658
4446.6,-1.51542,-1.76958,-0.530306,-0.000160335,-0.530146
4447.2,-1.51742,-1.76952,-0.529798,-0.000159376,-0.529638
4447.8,-1.55543,-1.76946,-0.529264,-0.000142205,-0.529121
4448.4,-1.51742,-1.7694,-0.528793,-0.000159375,-0.528633
4449,-1.50241,-1.76934,-0.528346,-0.000166715,-0.528179
4449.6,-1.4929,-1.76929,-0.527891,-0.000171535,-0.52772
4450.2,-1.49792,-1.76923,-0.527424,-0.000168974,-0.527255
4450.8,-1.50341,-1.76918,-0.526949,-0.000166214,-0.526783
4451.4,-1.4939,-1.76913,-0.526487,-0.00017102,-0.526316
4452,-1.4489,-1.76908,-0.526092,-0.000195733,-0.525897
4452.6,-1.4539,-1.76902,-0.525666,-0.00019282,-0.525473
4453.2,-1.4704,-1.76897,-0.525252,-0.000183508,-0.525069
4453.8,-1.47191,-1.76892,-0.524846,-0.00018268,-0.524663
4454.4,-1.4554,-1.76887,-0.524459,-0.000191949,-0.524267
4455,-1.4479,-1.76881,-0.524083,-0.000196318,-0.523887
4455.6,-1.47391,-1.76876,-0.523696,-0.000181586,-0.523514
4456.2,-1.43688,-1.7687,-0.523342,-0.000202909,-0.523139
4456.8,-1.41838,-1.76864,-0.523008,-0.000214487,-0.522794
4457.4,-1.42638,-1.76858,-0.522668,-0.000209403,-0.522459
4458,-1.42489,-1.76852,-0.522357,-0.000210341,-0.522147
4458.6,-1.42889,-1.76846,-0.522036,-0.000207832,-0.521828
4459.2,-1.43639,-1.7684,-0.521715,-0.000203205,-0.521512
4459.8,-1.42989,-1.76833,-0.521386,-0.000207208,-0.521179
4460.4,-1.41238,-1.76826,-0.521112,-0.000218375,-0.520893
4461,-1.37937,-1.76819,-0.520896,-0.000241096,-0.520655
4461.6,-1.35887,-1.76811,-0.520699,-0.000256384,-0.520443
4462.2,-1.36436,-1.76804,-0.520491,-0.000252196,-0.520239
4462.8,-1.38488,-1.76795,-0.520253,-0.000237144,-0.520016
4463.4,-1.33735,-1.76787,-0.52007,-0.00027347,-0.519797
4464,-1.35636,-1.76778,-0.519847,-0.000258314,-0.519589
4464.6,-1.33135,-1.76769,-0.519691,-0.00027843,-0.519413
4465.2,-1.34585,-1.7676,-0.519524,-0.000266578,-0.519258
4465.8,-1.29783,-1.7675,-0.519423,-0.000307863,-0.519115
4466.4,-1.31134,-1.7674,-0.51929,-0.000295644,-0.518994
4467,-1.29683,-1.76729,-0.519182,-0.000308783,-0.518874
4467.6,-1.32135,-1.76718,-0.519014,-0.000286895,-0.518727
4468.2,-1.33986,-1.76708,-0.518842,-0.000271408,-0.518571
4468.8,-1.30934,-1.76696,-0.518741,-0.000297414,-0.518443
4469.4,-1.29134,-1.76684,-0.518647,-0.0003139,-0.518333
4470,-1.30285,-1.76672,-0.518533,-0.000303254,-0.51823
4470.6,-1.28683,-1.7666,-0.518456,-0.000318167,-0.518138
4471.2,-1.29134,-1.76647,-0.518333,-0.000313894,-0.51802
4471.8,-1.30183,-1.76635,-0.518198,-0.000304173,-0.517893
4472.4,-1.29583,-1.76622,-0.518122,-0.000309691,-0.517812
4473,-1.26982,-1.76608,-0.518087,-0.000334806,-0.517752
4473.6,-1.29783,-1.76594,-0.517985,-0.000307834,-0.517678
4474.2,-1.27784,-1.7658,-0.517911,-0.000326852,-0.517584
4474.8,-1.28333,-1.76566,-0.51783,-0.000321512,-0.517509
4475.4,-1.28983,-1.76552,-0.517719,-0.000315298,-0.517404
4476,-1.33986,-1.76537,-0.517551,-0.000271381,-0.517279
4476.6,-1.31484,-1.76523,-0.517458,-0.000292513,-0.517165
4477.2,-1.31384,-1.76508,-0.517358,-0.000293389,-0.517065
4477.8,-1.28333,-1.76493,-0.517319,-0.000321498,-0.516998
4478.4,-1.27784,-1.76478,-0.517252,-0.000326832,-0.516926
4479,-1.26282,-1.76462,-0.51721,-0.000341876,-0.516868
4479.6,-1.33086,-1.76446,-0.51707,-0.000278787,-0.516791
4480.2,-1.27784,-1.7643,-0.51707,-0.000326822,-0.516744
4480.8,-1.23432,-1.76414,-0.517114,-0.000372363,-0.516742
4481.4,-1.25732,-1.76397,-0.517087,-0.000347554,-0.51674
4482,-1.23781,-1.7638,-0.517118,-0.000368479,-0.516749
4482.6,-1.22481,-1.76362,-0.517164,-0.000383116,-0.516781
4483.2,-1.1988,-1.76344,-0.517232,-0.000414181,-0.516817
4483.8,-1.22282,-1.76326,-0.517251,-0.000385411,-0.516866
4484.4,-1.22881,-1.76307,-0.517263,-0.000378538,-0.516885
4485,-1.2058,-1.76288,-0.51735,-0.000405569,-0.516945
4485.6,-1.23932,-1.76269,-0.517344,-0.000366793,-0.516977
4486.2,-1.22082,-1.7625,-0.517415,-0.000387711,-0.517027
4486.8,-1.1923,-1.7623,-0.517511,-0.000422311,-0.517089
4487.4,-1.22031,-1.7621,-0.517537,-0.000388293,-0.517149
4488,-1.22881,-1.7619,-0.517565,-0.000378512,-0.517186
4488.6,-1.2323,-1.7617,-0.517627,-0.000374566,-0.517252
4489.2,-1.20531,-1.76149,-0.517726,-0.000406134,-0.51732
4489.8,-1.20731,-1.76128,-0.5178,-0.000403701,-0.517396
4490.4,-1.22581,-1.76107,-0.517857,-0.000381912,-0.517475
4491,-1.23532,-1.76086,-0.517891,-0.000371177,-0.51752
4491.6,-1.1903,-1.76064,-0.517994,-0.000424808,-0.51757
4492.2,-1.22182,-1.76043,-0.518011,-0.000386503,-0.517624
4492.8,-1.1988,-1.76021,-0.518107,-0.000414102,-0.517693
4493.4,-1.2048,-1.75999,-0.518131,-0.000406716,-0.517724
4494,-1.21731,-1.75977,-0.518178,-0.000391746,-0.517786
4494.6,-1.1943,-1.75955,-0.518266,-0.000419718,-0.517846
4495.2,-1.18079,-1.75932,-0.518356,-0.000437053,-0.517919
4495.8,-1.21331,-1.7591,-0.518366,-0.000396455,-0.517969
4496.4,-1.1833,-1.75887,-0.518471,-0.000433768,-0.518037
4497,-1.23781,-1.75865,-0.518462,-0.000368366,-0.518093
4497.6,-1.1998,-1.75841,-0.518587,-0.000412818,-0.518174
4498.2,-1.18079,-1.75818,-0.51871,-0.000437023,-0.518273
4498.8,-1.16679,-1.75794,-0.518858,-0.000455743,-0.518403
4499.4,-1.17979,-1.7577,-0.518951,-0.000438323,-0.518513
4500,-1.16078,-1.75746,-0.519102,-0.000464022,-0.518638
4500.6,-1.15878,-1.75722,-0.519255,-0.000466804,-0.518788
4501.2,-1.16329,-1.75697,-0.519379,-0.000460533,-0.518919
4501.8,-1.16829,-1.75673,-0.51951,-0.000453677,-0.519056
4502.4,-1.18779,-1.75648,-0.519594,-0.000427907,-0.519166
4503,-1.14478,-1.75623,-0.519797,-0.000486777,-0.51931
4503.6,-1.14327,-1.75597,-0.519954,-0.000488975,-0.519465
4504.2,-1.10376,-1.75571,-0.520202,-0.000550448,-0.519651
4504.8,-1.12026,-1.75545,-0.520359,-0.000523874,-0.519836
4505.4,-1.13379,-1.75519,-0.520517,-0.000503059,-0.520014
4506,-1.12977,-1.75493,-0.52066,-0.000509142,-0.520151
4506.6,-1.10577,-1.75466,-0.52089,-0.000547098,-0.520343
4507.2,-1.12728,-1.75439,-0.521046,-0.000512942,-0.520533
4507.8,-1.12126,-1.75412,-0.521251,-0.000522265,-0.520728
4508.4,-1.15729,-1.75385,-0.521354,-0.000468802,-0.520885
4509,-1.14527,-1.75357,-0.521561,-0.000485983,-0.521075
4509.6,-1.12177,-1.7533,-0.521777,-0.000521444,-0.521255
4510.2,-1.11377,-1.75302,-0.521999,-0.000534087,-0.521464
4510.8,-1.15729,-1.75274,-0.522085,-0.000468771,-0.521617
4511.4,-1.13828,-1.75246,-0.522291,-0.000496252,-0.521795
4512,-1.15478,-1.75219,-0.522401,-0.000472292,-0.521929
4512.6,-1.12226,-1.7519,-0.522625,-0.000520633,-0.522105
4513.2,-1.13578,-1.75162,-0.522788,-0.000499947,-0.522288
4513.8,-1.13878,-1.75134,-0.52293,-0.000495464,-0.522435
4514.4,-1.13479,-1.75106,-0.523069,-0.00050143,-0.522568
4515,-1.15029,-1.75077,-0.523184,-0.000478652,-0.522706
4515.6,-1.09427,-1.75049,-0.523412,-0.000566151,-0.522846
4516.2,-1.16929,-1.75021,-0.523448,-0.000452144,-0.522995
4516.8,-1.14327,-1.74992,-0.523642,-0.000488798,-0.523153
4517.4,-1.13177,-1.74964,-0.523799,-0.00050594,-0.523293
4518,-1.12126,-1.74935,-0.523974,-0.000522116,-0.523452
4518.6,-1.12428,-1.74906,-0.524134,-0.000517409,-0.523616
4519.2,-1.12226,-1.74877,-0.524313,-0.000520536,-0.523792
4519.8,-1.15829,-1.74849,-0.524377,-0.00046725,-0.52391
4520.4,-1.17328,-1.7482,-0.524446,-0.000446703,-0.524
4521,-1.21031,-1.74793,-0.524439,-0.000399769,-0.524039
4521.6,-1.27384,-1.74766,-0.524275,-0.000330437,-0.523944
4522.2,-1.30885,-1.7474,-0.524128,-0.000297505,-0.523831
4522.8,-1.36036,-1.74714,-0.523874,-0.000254921,-0.52362
4523.4,-1.35036,-1.7469,-0.523656,-0.000262675,-0.523394
4524,-1.36836,-1.74666,-0.523404,-0.000248873,-0.523155
4524.6,-1.38588,-1.74642,-0.52313,-0.000236131,-0.522894
4525.2,-1.36187,-1.7462,-0.522877,-0.000253757,-0.522624
4525.8,-1.38137,-1.74597,-0.522582,-0.000239338,-0.522342
4526.4,-1.34985,-1.74575,-0.522364,-0.000263058,-0.522101
4527,-1.35987,-1.74554,-0.522126,-0.000255273,-0.521871
4527.6,-1.32235,-1.74533,-0.521909,-0.000285663,-0.521623
4528.2,-1.35836,-1.74512,-0.521681,-0.000256423,-0.521425
4528.8,-1.32584,-1.74491,-0.521555,-0.000282682,-0.521272
4529.4,-1.32786,-1.74471,-0.521375,-0.000280975,-0.521095
4530,-1.32484,-1.7445,-0.521199,-0.000283523,-0.520915
4530.6,-1.33935,-1.7443,-0.521006,-0.000271453,-0.520735
4531.2,-1.35236,-1.74411,-0.520804,-0.000261061,-0.520542
4531.8,-1.31584,-1.74391,-0.520656,-0.000291267,-0.520365
4532.4,-1.32184,-1.74372,-0.52051,-0.000286071,-0.520224
4533,-1.30183,-1.74352,-0.520402,-0.000303759,-0.520098
4533.6,-1.31684,-1.74333,-0.520252,-0.000290385,-0.519961
4534.2,-1.30285,-1.74314,-0.520114,-0.000302828,-0.519812
4534.8,-1.28084,-1.74294,-0.520018,-0.000323484,-0.519695
4535.4,-1.29083,-1.74275,-0.519887,-0.000313928,-0.519573
4536,-1.31185,-1.74256,-0.519747,-0.000294757,-0.519452
4536.6,-1.29883,-1.74237,-0.519666,-0.000306482,-0.51936
4537.2,-1.29483,-1.74218,-0.519577,-0.000310175,-0.519267
4537.8,-1.26482,-1.74199,-0.519536,-0.000339374,-0.519197
4538.4,-1.26633,-1.74179,-0.519466,-0.000337839,-0.519128
4539,-1.23932,-1.7416,-0.51945,-0.000366331,-0.519084
4539.6,-1.24783,-1.7414,-0.519414,-0.000357103,-0.519057
4540.2,-1.22631,-1.7412,-0.519413,-0.000380897,-0.519032
4540.8,-1.21331,-1.741,-0.519453,-0.000396027,-0.519057
4541.4,-1.22481,-1.7408,-0.519464,-0.000382595,-0.519082
4542,-1.2323,-1.74059,-0.519489,-0.000374095,-0.519115
4542.6,-1.1913,-1.74038,-0.519578,-0.000423025,-0.519155
4543.2,-1.2058,-1.74017,-0.519596,-0.00040502,-0.519191
4543.8,-1.2038,-1.73996,-0.519641,-0.00040745,-0.519233
4544.4,-1.20531,-1.73974,-0.519708,-0.000405607,-0.519302
4545,-1.1998,-1.73952,-0.519814,-0.000412353,-0.519401
4545.6,-1.2128,-1.7393,-0.519873,-0.00039659,-0.519476
4546.2,-1.1993,-1.73908,-0.519959,-0.000412971,-0.519546
4546.8,-1.17179,-1.73886,-0.520088,-0.000448454,-0.51964
4547.4,-1.15329,-1.73862,-0.520237,-0.000474024,-0.519763
4548,-1.1843,-1.73839,-0.520302,-0.000431942,-0.51987
4548.6,-1.15829,-1.73816,-0.52046,-0.000466961,-0.519993
4549.2,-1.16329,-1.73792,-0.520572,-0.00046001,-0.520112
4549.8,-1.1783,-1.73769,-0.520638,-0.000439761,-0.520199
4550.4,-1.18679,-1.73745,-0.520729,-0.000428704,-0.5203
4551,-1.1968,-1.73721,-0.520771,-0.00041602,-0.520355
4551.6,-1.22131,-1.73697,-0.520784,-0.000386551,-0.520398
4552.2,-1.22781,-1.73673,-0.520845,-0.000379078,-0.520466
4552.8,-1.17328,-1.73649,-0.521027,-0.00044639,-0.520581
4553.4,-1.16278,-1.73624,-0.521151,-0.000460665,-0.52069
4554,-1.2098,-1.736,-0.521173,-0.000400093,-0.520773
4554.6,-1.17129,-1.73574,-0.521337,-0.000449054,-0.520888
4555.2,-1.16629,-1.73549,-0.521462,-0.000455826,-0.521006
4555.8,-1.16529,-1.73524,-0.521576,-0.000457188,-0.521119
4556.4,-1.16829,-1.73499,-0.521673,-0.000453089,-0.52122
4557,-1.16479,-1.73473,-0.5218,-0.000457848,-0.521342
4557.6,-1.15729,-1.73448,-0.521916,-0.00046826,-0.521447
4558.2,-1.14727,-1.73422,-0.522035,-0.000482521,-0.521552
4558.8,-1.17129,-1.73396,-0.522108,-0.000449006,-0.521659
4559.4,-1.16278,-1.7337,-0.522205,-0.000460595,-0.521744
4560,-1.14327,-1.73344,-0.522337,-0.000488317,-0.521848
4560.6,-1.13128,-1.73318,-0.522521,-0.000506188,-0.522015
4561.2,-1.11526,-1.73291,-0.522739,-0.000531066,-0.522208
4561.8,-1.11027,-1.73263,-0.522947,-0.000539074,-0.522408
4562.4,-1.12928,-1.73236,-0.52308,-0.000509206,-0.522571
4563,-1.1638,-1.73209,-0.523198,-0.00045915,-0.522739
4563.6,-1.11526,-1.73181,-0.523476,-0.000531031,-0.522945
4564.2,-1.07675,-1.73152,-0.52378,-0.000595997,-0.523184
4564.8,-1.13428,-1.73124,-0.523891,-0.0005016,-0.523389
4565.4,-1.05524,-1.73095,-0.524277,-0.000635645,-0.523641
4566,-1.08876,-1.73066,-0.524472,-0.000574891,-0.523897
4566.6,-1.08976,-1.73036,-0.52471,-0.000573161,-0.524137
4567.2,-1.05924,-1.73007,-0.525006,-0.00062804,-0.524378
4567.8,-1.07626,-1.72977,-0.525207,-0.000596813,-0.52461
4568.4,-1.09727,-1.72947,-0.525401,-0.000560381,-0.524841
4569,-1.07675,-1.72916,-0.525693,-0.000595913,-0.525097
4569.6,-1.09527,-1.72886,-0.525909,-0.000563728,-0.525345
4570.2,-1.06926,-1.72855,-0.526221,-0.000609417,-0.525612
4570.8,-1.09776,-1.72824,-0.526387,-0.000559515,-0.525828
4571.4,-1.09376,-1.72793,-0.526613,-0.00056625,-0.526047
4572,-1.05375,-1.72762,-0.526905,-0.000638365,-0.526267
4572.6,-1.08925,-1.72731,-0.527079,-0.00057393,-0.526505
4573.2,-1.05475,-1.72699,-0.527386,-0.000636431,-0.526749
4573.8,-1.10627,-1.72668,-0.527491,-0.00054538,-0.526946
4574.4,-1.11826,-1.72636,-0.527702,-0.000526108,-0.527176
4575,-1.07826,-1.72604,-0.528011,-0.000593115,-0.527418
4575.6,-1.10827,-1.72572,-0.528189,-0.00054209,-0.527646
4576.2,-1.08176,-1.7254,-0.528441,-0.000586891,-0.527854
4576.8,-1.05575,-1.72508,-0.528735,-0.000634455,-0.528101
4577.4,-1.06375,-1.72476,-0.528947,-0.000619418,-0.528327
4578,-1.04074,-1.72443,-0.529242,-0.000663623,-0.528579
4578.6,-1.06775,-1.7241,-0.52944,-0.000612015,-0.528828
4579.2,-1.04925,-1.72377,-0.529736,-0.000646896,-0.529089
4579.8,-1.07126,-1.72345,-0.529926,-0.000605592,-0.52932
4580.4,-1.08425,-1.72312,-0.530151,-0.000582446,-0.529569
4581,-1.05074,-1.72278,-0.53048,-0.000643973,-0.529836
4581.6,-1.08825,-1.72245,-0.530693,-0.000575484,-0.530117
4582.2,-1.03925,-1.7221,-0.531085,-0.000666503,-0.530419
4582.8,-1.02523,-1.72176,-0.53142,-0.00069507,-0.530725
4583.4,-1.04425,-1.72142,-0.531643,-0.000656567,-0.530987
4584,-1.01624,-1.72108,-0.532,-0.000714034,-0.531286
4584.6,-1.03123,-1.72073,-0.53227,-0.000682646,-0.531587
4585.2,-1.01424,-1.72038,-0.53262,-0.000718295,-0.531902
4585.8,-1.01124,-1.72003,-0.532925,-0.000724764,-0.532201
4586.4,-0.97872,-1.71967,-0.533366,-0.000798905,-0.532567
4587,-1.03423,-1.71932,-0.533546,-0.000676482,-0.532869
4587.6,-1.00722,-1.71896,-0.533925,-0.000733489,-0.533191
4588.2,-0.998732,-1.7186,-0.534262,-0.000752369,-0.533509
4588.8,-1.00073,-1.71824,-0.53461,-0.000747859,-0.533862
4589.4,-1.00973,-1.71788,-0.53491,-0.000727952,-0.534182
4590,-1.01024,-1.71751,-0.535223,-0.000726829,-0.534496
4590.6,-1.01524,-1.71715,-0.5355,-0.000716008,-0.534784
4591.2,-1.02923,-1.71679,-0.535718,-0.000686587,-0.535032
4591.8,-1.06575,-1.71644,-0.535864,-0.000615411,-0.535249
4592.4,-1.01573,-1.71607,-0.536248,-0.000714908,-0.535533
4593,-1.00122,-1.7157,-0.53658,-0.000746645,-0.535834
4593.6,-1.01773,-1.71534,-0.536805,-0.000710607,-0.536095
4594.2,-1.01224,-1.71498,-0.537067,-0.000722378,-0.536344
4594.8,-1.02024,-1.71461,-0.537359,-0.000705257,-0.536654
4595.4,-0.988718,-1.71424,-0.537707,-0.000775081,-0.536932
4596,-1.02224,-1.71388,-0.537919,-0.000701014,-0.537218
4596.6,-1.02124,-1.71351,-0.538175,-0.000703101,-0.537472
4597.2,-1.01973,-1.71315,-0.53844,-0.00070627,-0.537734
4597.8,-1.01473,-1.71278,-0.538702,-0.000716912,-0.537985
4598.4,-1.02373,-1.71241,-0.53895,-0.000697827,-0.538253
4599,-1.01924,-1.71205,-0.539199,-0.000707264,-0.538491
4599.6,-0.984719,-1.71168,-0.539557,-0.000784302,-0.538773
4600.2,-1.01473,-1.71131,-0.539772,-0.000716848,-0.539056
4600.8,-0.989718,-1.71094,-0.540127,-0.00077261,-0.539354
4601.4,-1.01024,-1.71057,-0.540355,-0.000726527,-0.539629
4602,-1.02124,-1.7102,-0.540594,-0.000702962,-0.539891
4602.6,-0.983211,-1.70982,-0.541005,-0.000787765,-0.540217
4603.2,-0.975721,-1.70945,-0.541302,-0.000805623,-0.540496
4603.8,-0.966215,-1.70907,-0.541654,-0.000828875,-0.540825
4604.4,-0.975213,-1.70869,-0.54195,-0.000806814,-0.541143
4605,-0.993717,-1.70832,-0.542197,-0.000763289,-0.541434
4605.6,-0.991226,-1.70794,-0.5425,-0.000768989,-0.541731
4606.2,-0.985719,-1.70756,-0.542799,-0.000781764,-0.542017
4606.8,-0.957709,-1.70718,-0.543188,-0.00085017,-0.542338
4607.4,-0.959216,-1.7068,-0.543504,-0.00084632,-0.542658
4608,-0.941696,-1.70641,-0.543875,-0.0008919,-0.542983
4608.6,-0.925699,-1.70602,-0.544259,-0.000935649,-0.543323
4609.2,-0.973721,-1.70564,-0.544461,-0.000810278,-0.543651
4609.8,-0.954201,-1.70525,-0.544828,-0.00085905,-0.543969
4610.4,-0.981212,-1.70487,-0.54507,-0.000792263,-0.544278
4611,-1.02823,-1.70449,-0.545219,-0.00068814,-0.544531
4611.6,-0.964215,-1.7041,-0.545655,-0.000833607,-0.544821
4612.2,-0.971214,-1.70371,-0.54593,-0.000816294,-0.545114
4612.8,-0.967215,-1.70333,-0.546214,-0.000826113,-0.545388
4613.4,-1.00573,-1.70295,-0.546374,-0.000736068,-0.545638
4614,-0.995717,-1.70257,-0.546638,-0.000758469,-0.54588
4614.6,-0.997225,-1.70219,-0.546877,-0.000755033,-0.546122
4615.2,-0.97872,-1.7018,-0.547188,-0.000798051,-0.54639
4615.8,-0.983211,-1.70142,-0.547436,-0.000787369,-0.546648
4616.4,-1.02073,-1.70104,-0.547589,-0.000703647,-0.546885
4617,-0.983211,-1.70066,-0.547942,-0.000787333,-0.547154
4617.6,-0.994225,-1.70028,-0.548156,-0.000761761,-0.547395
4618.2,-0.969214,-1.69989,-0.548474,-0.00082101,-0.547653
4618.8,-0.975213,-1.69951,-0.548734,-0.00080637,-0.547928
4619.4,-0.994225,-1.69913,-0.548915,-0.000761709,-0.548153
4620,-0.962216,-1.69875,-0.549283,-0.000838346,-0.548445
4620.6,-0.945203,-1.69836,-0.549624,-0.000882153,-0.548742
4621.2,-0.964215,-1.69797,-0.549886,-0.000833301,-0.549053
4621.8,-0.953201,-1.69759,-0.550214,-0.000861231,-0.549353
4622.4,-0.973721,-1.6972,-0.550423,-0.000809869,-0.549614
4623,-0.985719,-1.69682,-0.550653,-0.000781261,-0.549872
4623.6,-0.963216,-1.69643,-0.551011,-0.000835723,-0.550175
4624.2,-0.953709,-1.69604,-0.551376,-0.000859841,-0.550516
4624.8,-0.946203,-1.69564,-0.551732,-0.000879373,-0.550853
4625.4,-0.933697,-1.69525,-0.552094,-0.000912913,-0.551181
4626,-0.908195,-1.69485,-0.552501,-0.000985347,-0.551515
4626.6,-0.940204,-1.69446,-0.552753,-0.000895251,-0.551858
4627.2,-0.961708,-1.69406,-0.55302,-0.000839387,-0.552181
4627.8,-0.934697,-1.69366,-0.553414,-0.000910097,-0.552504
4628.4,-0.908195,-1.69326,-0.553839,-0.000985252,-0.552854
4629,-0.937205,-1.69286,-0.5541,-0.000903244,-0.553197
4629.6,-0.915701,-1.69246,-0.554485,-0.000963305,-0.553522
4630.2,-0.962707,-1.69206,-0.554655,-0.000836777,-0.553818
4630.8,-0.977212,-1.69167,-0.554867,-0.000801178,-0.554066
4631.4,-0.964707,-1.69127,-0.555155,-0.00083174,-0.554323
4632,-0.945203,-1.69087,-0.555454,-0.000881758,-0.554572
4632.6,-0.932206,-1.69047,-0.555786,-0.000916738,-0.554869
4633.2,-0.932206,-1.69007,-0.556086,-0.000916716,-0.555169
4633.8,-0.937696,-1.68967,-0.556337,-0.000901743,-0.555436
4634.4,-0.961216,-1.68928,-0.556547,-0.000840383,-0.555707
4635,-0.932206,-1.68888,-0.556894,-0.00091665,-0.555977
4635.6,-0.939696,-1.68848,-0.557145,-0.000896294,-0.556249
4636.2,-0.946203,-1.68809,-0.557382,-0.000878975,-0.556503
4636.8,-0.931206,-1.68769,-0.557711,-0.000919334,-0.556792
4637.4,-0.931698,-1.68729,-0.557989,-0.000917959,-0.557071
4638,-0.925699,-1.68689,-0.558258,-0.000934578,-0.557324
4638.6,-0.936697,-1.68649,-0.558523,-0.000904275,-0.557619
4639.2,-0.923191,-1.6861,-0.558837,-0.000941578,-0.557895
4639.8,-0.92819,-1.6857,-0.559106,-0.000927564,-0.558178
4640.4,-0.917701,-1.68529,-0.559439,-0.000957143,-0.558482
4641,-0.910686,-1.68489,-0.559803,-0.000977439,-0.558826
4641.6,-0.882184,-1.68448,-0.560247,-0.0010645,-0.559182
4642.2,-0.888691,-1.68407,-0.560576,-0.00104393,-0.559532
4642.8,-0.917701,-1.68366,-0.560814,-0.000957049,-0.559857
4643.4,-0.884692,-1.68325,-0.561247,-0.00105646,-0.560191
4644,-0.907195,-1.68284,-0.561519,-0.00098759,-0.560531
4644.6,-0.864679,-1.68242,-0.561998,-0.00112164,-0.560877
4645.2,-0.86368,-1.68201,-0.562383,-0.00112497,-0.561258
4645.8,-0.880184,-1.68159,-0.562721,-0.00107071,-0.56165
4646.4,-0.855665,-1.68116,-0.563217,-0.00115223,-0.562065
4647,-0.867679,-1.68074,-0.563568,-0.0011115,-0.562456
4647.6,-0.9197,-1.68032,-0.563746,-0.000951144,-0.562795
4648.2,-0.891182,-1.6799,-0.564156,-0.00103592,-0.56312
4648.8,-0.877677,-1.67947,-0.564544,-0.00107864,-0.563466
4649.4,-0.884183,-1.67905,-0.564903,-0.0010578,-0.563845
4650,-0.876677,-1.67862,-0.565279,-0.00108182,-0.564198
4650.6,-0.900688,-1.6782,-0.565526,-0.00100674,-0.564519
4651.2,-0.906687,-1.67778,-0.56581,-0.000988794,-0.564821
4651.8,-0.904687,-1.67735,-0.566128,-0.000994707,-0.565134
4652.4,-0.869678,-1.67692,-0.56659,-0.00110461,-0.565486
4653,-0.836669,-1.67648,-0.567076,-0.00121931,-0.565857
4653.6,-0.880676,-1.67606,-0.567267,-0.00106878,-0.566198
4654.2,-0.902196,-1.67564,-0.567502,-0.00100205,-0.5665
4654.8,-0.903687,-1.67521,-0.567795,-0.000997561,-0.566797
4655.4,-0.896689,-1.67478,-0.568097,-0.00101866,-0.567078
4656,-0.887691,-1.67436,-0.56842,-0.00104645,-0.567374
4656.6,-0.89069,-1.67393,-0.568698,-0.00103707,-0.567661
4657.2,-0.887183,-1.67351,-0.569019,-0.00104799,-0.567971
4657.8,-0.854665,-1.67307,-0.56947,-0.00115513,-0.568314
4658.4,-0.865171,-1.67264,-0.569759,-0.00111933,-0.56864
4659,-0.853665,-1.67221,-0.570112,-0.00115853,-0.568953
4659.6,-0.886691,-1.67179,-0.570311,-0.00104943,-0.569262
4660.2,-0.83916,-1.67135,-0.570806,-0.00120988,-0.569596
4660.8,-0.87217,-1.67092,-0.571032,-0.00109601,-0.569936
4661.4,-0.84216,-1.67049,-0.571472,-0.001199,-0.570273
4662,-0.847175,-1.67005,-0.571827,-0.00118111,-0.570646
4662.6,-0.854665,-1.66961,-0.572176,-0.00115489,-0.571021
4663.2,-0.826655,-1.66917,-0.572633,-0.00125586,-0.571377
4663.8,-0.83067,-1.66873,-0.572999,-0.00124083,-0.571758
4664.4,-0.841668,-1.66829,-0.573352,-0.00120061,-0.572152
4665,-0.846175,-1.66785,-0.573687,-0.00118449,-0.572503
4665.6,-0.814657,-1.6674,-0.574191,-0.00130164,-0.572889
4666.2,-0.797645,-1.66694,-0.57467,-0.00136959,-0.5733
4666.8,-0.83167,-1.6665,-0.574922,-0.00123695,-0.573685
4667.4,-0.843176,-1.66605,-0.575241,-0.00119504,-0.574046
4668,-0.840668,-1.66561,-0.575584,-0.00120402,-0.57438
4668.6,-0.846667,-1.66516,-0.575928,-0.00118256,-0.574746
4669.2,-0.866171,-1.66471,-0.576223,-0.00111545,-0.575107
4669.8,-0.823164,-1.66425,-0.576766,-0.00126868,-0.575497
4670.4,-0.864679,-1.6638,-0.576971,-0.00112039,-0.57585
4671,-0.862172,-1.66335,-0.577308,-0.0011288,-0.576179
4671.6,-0.855173,-1.66291,-0.577627,-0.00115267,-0.576474
4672.2,-0.883675,-1.66246,-0.577824,-0.00105836,-0.576766
4672.8,-0.84216,-1.66201,-0.578272,-0.00119839,-0.577074
4673.4,-0.827163,-1.66156,-0.578686,-0.00125338,-0.577432
4674,-0.864679,-1.66111,-0.578847,-0.0011202,-0.577727
4674.6,-0.827163,-1.66066,-0.579318,-0.00125331,-0.578065
4675.2,-0.847175,-1.66021,-0.579564,-0.00118041,-0.578383
4675.8,-0.836669,-1.65976,-0.579895,-0.00121809,-0.578677
4676.4,-0.857173,-1.65932,-0.580118,-0.00114554,-0.578973
4677,-0.840668,-1.65887,-0.580465,-0.00120353,-0.579261
4677.6,-0.840668,-1.65843,-0.580754,-0.0012035,-0.579551
4678.2,-0.83067,-1.65798,-0.581113,-0.00124003,-0.579873
4678.8,-0.815657,-1.65753,-0.581516,-0.00129698,-0.580219
4679.4,-0.830162,-1.65708,-0.581787,-0.00124185,-0.580545
4680,-0.799644,-1.65662,-0.582221,-0.00136058,-0.580861
4680.6,-0.795645,-1.65617,-0.582585,-0.00137692,-0.581208
4681.2,-0.787647,-1.65571,-0.582985,-0.00141023,-0.581575
4681.8,-0.81015,-1.65526,-0.583254,-0.00131836,-0.581936
4682.4,-0.798645,-1.6548,-0.583683,-0.0013645,-0.582318
4683,-0.815149,-1.65434,-0.583988,-0.00129871,-0.582689
4683.6,-0.815657,-1.65388,-0.58435,-0.0012967,-0.583054
4684.2,-0.782648,-1.65342,-0.584876,-0.00143129,-0.583445
4684.8,-0.797645,-1.65295,-0.585188,-0.00136844,-0.58382
4685.4,-0.812658,-1.6525,-0.585479,-0.00130828,-0.584171
4686,-0.839668,-1.65204,-0.585698,-0.00120664,-0.584492
4686.6,-0.800644,-1.65157,-0.586224,-0.0013561,-0.584868
4687.2,-0.811658,-1.65111,-0.586531,-0.00131209,-0.585219
4687.8,-0.816657,-1.65065,-0.586834,-0.00129257,-0.585542
4688.4,-0.776649,-1.65018,-0.587343,-0.00145693,-0.585886
4689,-0.812658,-1.64972,-0.587528,-0.00130806,-0.58622
4689.6,-0.821164,-1.64926,-0.587813,-0.00127515,-0.586538
4690.2,-0.847175,-1.6488,-0.588021,-0.0011796,-0.586842
4690.8,-0.821656,-1.64833,-0.588415,-0.0012732,-0.587142
4691.4,-0.855665,-1.64788,-0.588576,-0.00114993,-0.587426
4692,-0.848666,-1.64742,-0.588867,-0.00117425,-0.587693
4692.6,-0.807659,-1.64696,-0.589324,-0.00132756,-0.587996
4693.2,-0.810658,-1.6465,-0.589621,-0.00131566,-0.588306
4693.8,-0.826655,-1.64605,-0.58984,-0.00125412,-0.588586
4694.4,-0.81315,-1.64559,-0.590147,-0.00130582,-0.588841
4695,-0.819165,-1.64513,-0.590415,-0.00128248,-0.589132
4695.6,-0.83916,-1.64468,-0.590607,-0.00120794,-0.589399
4696.2,-0.84016,-1.64423,-0.590885,-0.0012043,-0.589681
4696.8,-0.836669,-1.64377,-0.591166,-0.00121692,-0.589949
4697.4,-0.814149,-1.64332,-0.59153,-0.00130174,-0.590228
4698,-0.809659,-1.64287,-0.591812,-0.00131932,-0.590493
4698.6,-0.818657,-1.64241,-0.592059,-0.00128423,-0.590775
4699.2,-0.834161,-1.64196,-0.592271,-0.00122596,-0.591045
4699.8,-0.816149,-1.64151,-0.592617,-0.00129383,-0.591324
4700.4,-0.792154,-1.64105,-0.593008,-0.00139012,-0.591617
4701,-0.81315,-1.6406,-0.593226,-0.00130542,-0.59192
4701.6,-0.781648,-1.64014,-0.593691,-0.00143443,-0.592257
4702.2,-0.800644,-1.63968,-0.593939,-0.00135513,-0.592584
4702.8,-0.789155,-1.63922,-0.594308,-0.0014025,-0.592905
4703.4,-0.754638,-1.63875,-0.594809,-0.00155503,-0.593254
4704,-0.754638,-1.63829,-0.595162,-0.00155499,-0.593607
4704.6,-0.78014,-1.63783,-0.595393,-0.00144072,-0.593953
4705.2,-0.774142,-1.63736,-0.595766,-0.00146677,-0.594299
4705.8,-0.815149,-1.63691,-0.595895,-0.00129735,-0.594598
4706.4,-0.744623,-1.63643,-0.596558,-0.0016021,-0.594956
4707,-0.735625,-1.63596,-0.596946,-0.00164576,-0.5953
4707.6,-0.749131,-1.63549,-0.597266,-0.00158055,-0.595685
4708.2,-0.764144,-1.63501,-0.597566,-0.00151109,-0.596055
4708.8,-0.78314,-1.63455,-0.597838,-0.00142757,-0.596411
4709.4,-0.813658,-1.63408,-0.598035,-0.00130293,-0.596732
4710,-0.763636,-1.6336,-0.598568,-0.00151326,-0.597054
4710.6,-0.80366,-1.63314,-0.598691,-0.00134243,-0.597348
4711.2,-0.761144,-1.63266,-0.599171,-0.0015245,-0.597647
4711.8,-0.780648,-1.6322,-0.599389,-0.00143804,-0.597951
4712.4,-0.794154,-1.63173,-0.599641,-0.00138105,-0.59826
4713,-0.793154,-1.63126,-0.59996,-0.00138515,-0.598574
4713.6,-0.784139,-1.63079,-0.600289,-0.00142298,-0.598866
4714.2,-0.778649,-1.63032,-0.600583,-0.00144651,-0.599136
4714.8,-0.793646,-1.62986,-0.600783,-0.001383,-0.5994
4715.4,-0.780648,-1.62939,-0.601089,-0.0014378,-0.599651
4716,-0.78314,-1.62892,-0.601356,-0.00142708,-0.599929
4716.6,-0.796153,-1.62846,-0.601555,-0.00137254,-0.600183
4717.2,-0.810658,-1.628,-0.601734,-0.0013142,-0.600419
4717.8,-0.799153,-1.62754,-0.602021,-0.0013602,-0.600661
4718.4,-0.800152,-1.62708,-0.602273,-0.0013561,-0.600917
4719,-0.793646,-1.62662,-0.602579,-0.00138273,-0.601197
4719.6,-0.785139,-1.62615,-0.602879,-0.00141833,-0.601461
4720.2,-0.739133,-1.62568,-0.603409,-0.00162758,-0.601782
4720.8,-0.777649,-1.62521,-0.603568,-0.0014504,-0.602118
4721.4,-0.717121,-1.62473,-0.604206,-0.00173823,-0.602467
4722,-0.756637,-1.62426,-0.60434,-0.00154441,-0.602796
4722.6,-0.765144,-1.62379,-0.60462,-0.00150557,-0.603114
4723.2,-0.751638,-1.62332,-0.604963,-0.0015676,-0.603395
4723.8,-0.740133,-1.62284,-0.605353,-0.00162244,-0.603731
4724.4,-0.737625,-1.62237,-0.605674,-0.00163461,-0.604039
4725,-0.781648,-1.62191,-0.605774,-0.00143286,-0.604341
4725.6,-0.734626,-1.62143,-0.606281,-0.00164924,-0.604632
4726.2,-0.725119,-1.62095,-0.606664,-0.00169676,-0.604968
4726.8,-0.720629,-1.62047,-0.60702,-0.00171965,-0.6053
4727.4,-0.742132,-1.61999,-0.607239,-0.00161249,-0.605627
4728,-0.733626,-1.61952,-0.607588,-0.00165399,-0.605934
4728.6,-0.755129,-1.61904,-0.607821,-0.00155091,-0.60627
4729.2,-0.717613,-1.61855,-0.608349,-0.00173503,-0.606614
4729.8,-0.727119,-1.61807,-0.60863,-0.00168635,-0.606943
4730.4,-0.743132,-1.61759,-0.608847,-0.00160744,-0.60724
4731,-0.742132,-1.61711,-0.609132,-0.00161221,-0.60752
4731.6,-0.770634,-1.61664,-0.609284,-0.0014804,-0.607804
4732.2,-0.710123,-1.61615,-0.609891,-0.00177407,-0.608117
4732.8,-0.743624,-1.61567,-0.610052,-0.00160489,-0.608447
4733.4,-0.752638,-1.61519,-0.610313,-0.00156215,-0.608751
4734,-0.748639,-1.61471,-0.610602,-0.0015809,-0.609021
4734.6,-0.741132,-1.61423,-0.610904,-0.00161676,-0.609287
4735.2,-0.738133,-1.61375,-0.611182,-0.00163128,-0.609551
4735.8,-0.764144,-1.61328,-0.611295,-0.00150912,-0.609786
4736.4,-0.762144,-1.61281,-0.611524,-0.00151813,-0.610006
4737,-0.748639,-1.61233,-0.611852,-0.00158068,-0.610271
4737.6,-0.735625,-1.61185,-0.612158,-0.00164337,-0.610514
4738.2,-0.75113,-1.61138,-0.612352,-0.00156885,-0.610784
4738.8,-0.734134,-1.6109,-0.612684,-0.00165063,-0.611034
4739.4,-0.739624,-1.61043,-0.612897,-0.00162369,-0.611274
4740,-0.764144,-1.60997,-0.613015,-0.00150882,-0.611506
4740.6,-0.701616,-1.60948,-0.613632,-0.00181905,-0.611813
4741.2,-0.702108,-1.60899,-0.61394,-0.00181632,-0.612123
4741.8,-0.686603,-1.60851,-0.614367,-0.00190245,-0.612464
4742.4,-0.711122,-1.60803,-0.614548,-0.00176791,-0.61278
4743,-0.739624,-1.60756,-0.614674,-0.00162341,-0.613051
4743.6,-0.69411,-1.60706,-0.615209,-0.00186007,-0.613349
4744.2,-0.699617,-1.60658,-0.615472,-0.00182964,-0.613643
4744.8,-0.696109,-1.6061,-0.615776,-0.00184887,-0.613927
4745.4,-0.712614,-1.60562,-0.616012,-0.00175979,-0.614252
4746,-0.678605,-1.60512,-0.616508,-0.00194809,-0.61456
4746.6,-0.698617,-1.60464,-0.616722,-0.0018349,-0.614887
4747.2,-0.6621,-1.60414,-0.617266,-0.00204648,-0.615219
4747.8,-0.699617,-1.60365,-0.617368,-0.00182931,-0.615539
4748.4,-0.695618,-1.60316,-0.617698,-0.00185126,-0.615847
4749,-0.712122,-1.60268,-0.617905,-0.00176207,-0.616143
4749.6,-0.705124,-1.60218,-0.618253,-0.00179928,-0.616454
4750.2,-0.736625,-1.6017,-0.618364,-0.00163746,-0.616726
4750.8,-0.761636,-1.60122,-0.618504,-0.00151938,-0.616985
4751.4,-0.75013,-1.60073,-0.618778,-0.00157254,-0.617206
4752,-0.723628,-1.60025,-0.619127,-0.00170222,-0.617425
4752.6,-0.726627,-1.59976,-0.619392,-0.00168697,-0.617705
4753.2,-0.703616,-1.59926,-0.619815,-0.00180709,-0.618008
4753.8,-0.730626,-1.59878,-0.619926,-0.00166682,-0.618259
4754.4,-0.712614,-1.59829,-0.620273,-0.00175901,-0.618514
4755,-0.712614,-1.59781,-0.620501,-0.00175896,-0.618742
4755.6,-0.745623,-1.59733,-0.620578,-0.00159356,-0.618984
4756.2,-0.75113,-1.59685,-0.620786,-0.00156748,-0.619218
4756.8,-0.722628,-1.59636,-0.621157,-0.00170692,-0.61945
4757.4,-0.719121,-1.59588,-0.621435,-0.00172487,-0.61971
4758,-0.725119,-1.59539,-0.621656,-0.00169415,-0.619962
4758.6,-0.72312,-1.59491,-0.621896,-0.00170426,-0.620191
4759.2,-0.723628,-1.59443,-0.622138,-0.00170162,-0.620437
4759.8,-0.78014,-1.59397,-0.622057,-0.00143692,-0.62062
4760.4,-0.722628,-1.59347,-0.622563,-0.00170662,-0.620857
4761,-0.711614,-1.59299,-0.622881,-0.00176372,-0.621118
4761.6,-0.707615,-1.5925,-0.623179,-0.00178488,-0.621394
4762.2,-0.675097,-1.59201,-0.623643,-0.00196707,-0.621676
4762.8,-0.690602,-1.59152,-0.62384,-0.00187791,-0.621962
4763.4,-0.679113,-1.59103,-0.624172,-0.00194348,-0.622229
4764,-0.689602,-1.59054,-0.624421,-0.00188342,-0.622537
4764.6,-0.686603,-1.59005,-0.624729,-0.00190033,-0.622829
4765.2,-0.679113,-1.58955,-0.625097,-0.0019433,-0.623154
4765.8,-0.669099,-1.58905,-0.62548,-0.0020023,-0.623477
4766.4,-0.669099,-1.58855,-0.625794,-0.00200224,-0.623792
4767,-0.673098,-1.58805,-0.626072,-0.00197839,-0.624094
4767.6,-0.673606,-1.58755,-0.626376,-0.00197532,-0.624401
4768.2,-0.682604,-1.58706,-0.626588,-0.00192284,-0.624665
4768.8,-0.709123,-1.58657,-0.626705,-0.00177622,-0.624929
4769.4,-0.676605,-1.58606,-0.62716,-0.00195752,-0.625203
4770,-0.702616,-1.58557,-0.627288,-0.00181101,-0.625477
4770.6,-0.745131,-1.58508,-0.627312,-0.00159473,-0.625717
4771.2,-0.727627,-1.58459,-0.627626,-0.0016804,-0.625946
4771.8,-0.683112,-1.58409,-0.62808,-0.00191958,-0.62616
4772.4,-0.719121,-1.5836,-0.628106,-0.00172359,-0.626382
4773,-0.671098,-1.5831,-0.628629,-0.00198965,-0.626639
4773.6,-0.710614,-1.58261,-0.628648,-0.00176789,-0.62688
4774.2,-0.708123,-1.58212,-0.628872,-0.00178106,-0.627091
4774.8,-0.745131,-1.58164,-0.628881,-0.0015944,-0.627287
4775.4,-0.693618,-1.58115,-0.629347,-0.0018599,-0.627487
4776,-0.712122,-1.58066,-0.629446,-0.00175973,-0.627686
4776.6,-0.716613,-1.58018,-0.629601,-0.00173621,-0.627865
4777.2,-0.740624,-1.5797,-0.62967,-0.00161585,-0.628054
4777.8,-0.693618,-1.57921,-0.630127,-0.00185968,-0.628267
4778.4,-0.689111,-1.57872,-0.630385,-0.00188485,-0.6285
4779,-0.676097,-1.57823,-0.63071,-0.00195957,-0.62875
4779.6,-0.705124,-1.57775,-0.630759,-0.00179663,-0.628963
4780.2,-0.683112,-1.57726,-0.631104,-0.00191879,-0.629186
4780.8,-0.666099,-1.57676,-0.631451,-0.00201883,-0.629432
4781.4,-0.6611,-1.57627,-0.631722,-0.00204916,-0.629673
4782,-0.657101,-1.57578,-0.631984,-0.00207374,-0.62991
4782.6,-0.688603,-1.57529,-0.632057,-0.00188733,-0.630169
4783.2,-0.644596,-1.5748,-0.63256,-0.00215258,-0.630408
4783.8,-0.660592,-1.57431,-0.632691,-0.00205203,-0.630639
4784.4,-0.672606,-1.57382,-0.632859,-0.0019796,-0.630879
4785,-0.678097,-1.57333,-0.633079,-0.00194731,-0.631131
4785.6,-0.629091,-1.57282,-0.633645,-0.00225438,-0.63139
4786.2,-0.685603,-1.57233,-0.633557,-0.00190399,-0.631653
4786.8,-0.662592,-1.57183,-0.633942,-0.0020395,-0.631903
4787.4,-0.667099,-1.57134,-0.634181,-0.00201215,-0.632169
4788,-0.69511,-1.57085,-0.634245,-0.00185047,-0.632395
4788.6,-0.720629,-1.57037,-0.634286,-0.00171447,-0.632572
4789.2,-0.648087,-1.56986,-0.634933,-0.0021296,-0.632803
4789.8,-0.675606,-1.56937,-0.635012,-0.0019614,-0.63305
4790.4,-0.699617,-1.56888,-0.635067,-0.00182548,-0.633242
4791,-0.723628,-1.5684,-0.635113,-0.00169896,-0.633414
4791.6,-0.716613,-1.56792,-0.63531,-0.00173492,-0.633575
4792.2,-0.673098,-1.56742,-0.635743,-0.00197592,-0.633767
4792.8,-0.672606,-1.56693,-0.635962,-0.00197877,-0.633983
4793.4,-0.722628,-1.56646,-0.635853,-0.00170384,-0.634149
4794,-0.699617,-1.56597,-0.636143,-0.00182516,-0.634318
4794.6,-0.69211,-1.56548,-0.636368,-0.00186653,-0.634502
4795.2,-0.710614,-1.565,-0.636453,-0.00176601,-0.634687
4795.8,-0.736133,-1.56453,-0.636457,-0.0016362,-0.634821
4796.4,-0.701616,-1.56404,-0.636797,-0.00181407,-0.634983
4797,-0.722628,-1.56358,-0.636818,-0.00170355,-0.635114
4797.6,-0.703616,-1.56309,-0.637074,-0.00180315,-0.63527
4798.2,-0.710614,-1.56262,-0.637182,-0.00176576,-0.635417
4798.8,-0.713614,-1.56214,-0.637353,-0.00174994,-0.635603
4799.4,-0.675097,-1.56166,-0.637705,-0.00196347,-0.635742
4800,-0.709615,-1.56119,-0.637674,-0.0017709,-0.635903
4800.6,-0.683112,-1.56071,-0.638021,-0.00191687,-0.636104
4801.2,-0.671098,-1.56022,-0.638306,-0.00198691,-0.636319
4801.8,-0.685603,-1.55975,-0.638414,-0.00190254,-0.636511
4802.4,-0.685112,-1.55927,-0.638598,-0.00190528,-0.636693
4803,-0.675097,-1.55879,-0.638842,-0.00196313,-0.636878
4803.6,-0.666099,-1.5583,-0.639128,-0.00201658,-0.637111
4804.2,-0.652102,-1.55782,-0.639416,-0.00210267,-0.637313
4804.8,-0.680113,-1.55735,-0.639447,-0.00193375,-0.637513
4805.4,-0.661592,-1.55686,-0.639773,-0.00204375,-0.637729
4806,-0.666099,-1.55638,-0.639949,-0.00201635,-0.637932
4806.6,-0.653594,-1.55588,-0.640267,-0.00209307,-0.638174
4807.2,-0.671098,-1.5554,-0.640391,-0.00198633,-0.638405
4807.8,-0.655593,-1.55491,-0.6407,-0.00208048,-0.63862
4808.4,-0.649595,-1.55442,-0.640963,-0.00211805,-0.638845
4809,-0.653102,-1.55393,-0.641171,-0.0020959,-0.639075
4809.6,-0.669099,-1.55345,-0.641281,-0.001998,-0.639283
4810.2,-0.660101,-1.55296,-0.641522,-0.0020524,-0.63947
4810.8,-0.690602,-1.55248,-0.64152,-0.00187349,-0.639646
4811.4,-0.701108,-1.552,-0.641627,-0.00181551,-0.639811
4812,-0.696617,-1.55151,-0.641834,-0.00184,-0.639994
4812.6,-0.656593,-1.55102,-0.642261,-0.00207379,-0.640187
4813.2,-0.678097,-1.55053,-0.64234,-0.00194463,-0.640396
4813.8,-0.685112,-1.55005,-0.64246,-0.00190422,-0.640556
4814.4,-0.699617,-1.54958,-0.642498,-0.00182336,-0.640675
4815,-0.659593,-1.54908,-0.642907,-0.00205504,-0.640852
4815.6,-0.674606,-1.54861,-0.642963,-0.0019648,-0.640998
4816.2,-0.72112,-1.54814,-0.642856,-0.00170965,-0.641147
4816.8,-0.655593,-1.54764,-0.643381,-0.00207957,-0.641302
4817.4,-0.707123,-1.54718,-0.64321,-0.00178263,-0.641427
4818,-0.687603,-1.5467,-0.643427,-0.00188971,-0.641537
4818.6,-0.693618,-1.54623,-0.643531,-0.00185598,-0.641675
4819.2,-0.683112,-1.54575,-0.643737,-0.00191514,-0.641822
4819.8,-0.690602,-1.54528,-0.643831,-0.00187268,-0.641958
4820.4,-0.632582,-1.54477,-0.644405,-0.00222721,-0.642178
4821,-0.637597,-1.54429,-0.644603,-0.00219402,-0.642409
4821.6,-0.666607,-1.54381,-0.644617,-0.00201176,-0.642605
4822.2,-0.690111,-1.54333,-0.644663,-0.00187521,-0.642787
4822.8,-0.647087,-1.54285,-0.645086,-0.00213249,-0.642953
4823.4,-0.658101,-1.54236,-0.645214,-0.00206338,-0.643151
4824,-0.631582,-1.54186,-0.6456,-0.00223348,-0.643367
4824.6,-0.637597,-1.54137,-0.64577,-0.00219363,-0.643577
4825.2,-0.650103,-1.54089,-0.645896,-0.00211311,-0.643782
4825.8,-0.641596,-1.5404,-0.646146,-0.00216745,-0.643979
4826.4,-0.613586,-1.53989,-0.646581,-0.00235656,-0.644224
4827,-0.631091,-1.5394,-0.64667,-0.00223643,-0.644434
4827.6,-0.638089,-1.5389,-0.646845,-0.00219008,-0.644655
4828.2,-0.631091,-1.53841,-0.647082,-0.0022363,-0.644845
4828.8,-0.643088,-1.53792,-0.647184,-0.00215749,-0.645027
4829.4,-0.630091,-1.53742,-0.647467,-0.00224285,-0.645224
4830,-0.637597,-1.53693,-0.647617,-0.00219304,-0.645424
4830.6,-0.637597,-1.53643,-0.647795,-0.00219298,-0.645602
4831.2,-0.640597,-1.53594,-0.647936,-0.00217335,-0.645762
4831.8,-0.636598,-1.53545,-0.648134,-0.00219941,-0.645935
4832.4,-0.653594,-1.53495,-0.648205,-0.00209043,-0.646115
4833,-0.611587,-1.53444,-0.648699,-0.0023699,-0.646329
4833.6,-0.664608,-1.53397,-0.648504,-0.00202262,-0.646482
4834.2,-0.668607,-1.53347,-0.648621,-0.00199852,-0.646622
4834.8,-0.63309,-1.53298,-0.648982,-0.00222225,-0.64676
4835.4,-0.651594,-1.53249,-0.649022,-0.00210264,-0.646919
4836,-0.658101,-1.532,-0.649134,-0.00206209,-0.647071
4836.6,-0.668607,-1.53151,-0.649183,-0.00199829,-0.647185
4837.2,-0.659593,-1.53102,-0.649352,-0.0020528,-0.6473
4837.8,-0.651594,-1.53053,-0.649558,-0.00210239,-0.647455
4838.4,-0.677605,-1.53005,-0.64951,-0.00194508,-0.647565
4839,-0.659101,-1.52957,-0.649733,-0.00205564,-0.647678
4839.6,-0.6641,-1.52908,-0.649816,-0.00202509,-0.647791
4840.2,-0.660592,-1.52859,-0.649985,-0.00204637,-0.647939
4840.8,-0.616585,-1.52809,-0.650462,-0.00233387,-0.648128
4841.4,-0.63509,-1.52759,-0.650549,-0.00220829,-0.648341
4842,-0.650103,-1.5271,-0.650634,-0.00211135,-0.648523
4842.6,-0.637089,-1.5266,-0.650898,-0.002195,-0.648703
4843.2,-0.63209,-1.5261,-0.651126,-0.00222797,-0.648898
4843.8,-0.625584,-1.5256,-0.651369,-0.00227163,-0.649098
4844.4,-0.598081,-1.52509,-0.65177,-0.00246605,-0.649304
4845,-0.60408,-1.52459,-0.651939,-0.00242219,-0.649517
4845.6,-0.622076,-1.52409,-0.652018,-0.00229535,-0.649723
4846.2,-0.622076,-1.52358,-0.652227,-0.00229528,-0.649931
4846.8,-0.618077,-1.52307,-0.652483,-0.00232279,-0.65016
4847.4,-0.639597,-1.52257,-0.652514,-0.00217809,-0.650336
4848,-0.627091,-1.52206,-0.652771,-0.00226094,-0.65051
4848.6,-0.642088,-1.52155,-0.652862,-0.0021618,-0.6507
4849.2,-0.636089,-1.52105,-0.653067,-0.00220083,-0.650866
4849.8,-0.642596,-1.52054,-0.653215,-0.00215839,-0.651057
4850.4,-0.63509,-1.52003,-0.653441,-0.00220728,-0.651234
4851,-0.657593,-1.51953,-0.653443,-0.00206367,-0.651379
4851.6,-0.657101,-1.51903,-0.653578,-0.00206664,-0.651511
4852.2,-0.615586,-1.51851,-0.653985,-0.0023395,-0.651645
4852.8,-0.613586,-1.518,-0.654171,-0.00235344,-0.651818
4853.4,-0.623076,-1.5175,-0.654262,-0.00228759,-0.651974
4854,-0.637597,-1.517,-0.654313,-0.0021904,-0.652123
4854.6,-0.643088,-1.51649,-0.654414,-0.00215469,-0.652259
4855.2,-0.666099,-1.516,-0.6544,-0.00201143,-0.652388
4855.8,-0.667607,-1.5155,-0.654501,-0.00200232,-0.652498
4856.4,-0.683604,-1.515,-0.654507,-0.00190878,-0.652598
4857,-0.645596,-1.51449,-0.654864,-0.00213835,-0.652726
4857.6,-0.640089,-1.51399,-0.655027,-0.00217376,-0.652854
4858.2,-0.622584,-1.51348,-0.655285,-0.0022904,-0.652995
4858.8,-0.647595,-1.513,-0.655227,-0.00212542,-0.653101
4859.4,-0.642596,-1.51249,-0.655397,-0.00215734,-0.65324
4860,-0.659101,-1.51199,-0.655429,-0.00205345,-0.653376
4860.6,-0.610587,-1.51147,-0.655897,-0.00237368,-0.653523
4861.2,-0.625092,-1.51097,-0.655959,-0.00227296,-0.653687
4861.8,-0.608079,-1.51045,-0.656255,-0.00239138,-0.653863
4862.4,-0.619585,-1.50995,-0.656343,-0.00231052,-0.654032
4863,-0.607079,-1.50943,-0.656614,-0.00239838,-0.654215
4863.6,-0.620077,-1.50892,-0.656695,-0.00230698,-0.654388
4864.2,-0.578069,-1.5084,-0.657174,-0.00261526,-0.654559
4864.8,-0.590067,-1.50789,-0.657275,-0.00252315,-0.654751
4865.4,-0.595574,-1.50737,-0.65742,-0.00248192,-0.654938
4866,-0.608571,-1.50685,-0.657512,-0.00238735,-0.655125
4866.6,-0.595574,-1.50632,-0.657818,-0.00248176,-0.655336
4867.2,-0.592066,-1.50579,-0.658067,-0.00250781,-0.655559
4867.8,-0.60608,-1.50528,-0.658133,-0.00240495,-0.655728
4868.4,-0.598573,-1.50475,-0.658369,-0.0024594,-0.65591
4869,-0.607571,-1.50423,-0.658474,-0.00239411,-0.65608
4869.6,-0.601081,-1.5037,-0.6587,-0.00244089,-0.656259
4870.2,-0.612078,-1.50318,-0.658785,-0.00236194,-0.656423
4870.8,-0.621093,-1.50267,-0.658856,-0.00229912,-0.656556
4871.4,-0.612078,-1.50215,-0.659042,-0.0023618,-0.65668
4872,-0.631091,-1.50163,-0.659033,-0.00223132,-0.656801
4872.6,-0.595082,-1.50108,-0.659463,-0.00248462,-0.656979
4873.2,-0.624584,-1.50057,-0.65943,-0.00227498,-0.657155
4873.8,-0.630582,-1.50006,-0.659499,-0.0022345,-0.657265
4874.4,-0.620077,-1.49953,-0.659694,-0.00230567,-0.657388
4875,-0.633582,-1.49901,-0.659745,-0.00221442,-0.657531
4875.6,-0.617077,-1.49848,-0.659992,-0.00232627,-0.657666
4876.2,-0.605571,-1.49795,-0.660222,-0.00240753,-0.657814
4876.8,-0.652594,-1.49745,-0.660011,-0.00209193,-0.657919
4877.4,-0.625584,-1.49692,-0.660309,-0.00226769,-0.658041
4878,-0.607079,-1.49639,-0.660563,-0.00239649,-0.658167
4878.6,-0.606571,-1.49586,-0.660735,-0.00240005,-0.658335
4879.2,-0.611078,-1.49534,-0.660841,-0.00236788,-0.658473
4879.8,-0.604572,-1.49481,-0.66103,-0.00241427,-0.658616
4880.4,-0.596082,-1.49427,-0.661252,-0.00247619,-0.658776
4881,-0.574562,-1.49373,-0.661607,-0.00264044,-0.658966
4881.6,-0.627583,-1.49321,-0.661386,-0.00225368,-0.659132
4882.2,-0.587067,-1.49267,-0.661836,-0.00254351,-0.659292
4882.8,-0.637089,-1.49215,-0.661617,-0.00219043,-0.659427
4883.4,-0.554566,-1.49158,-0.662431,-0.00280247,-0.659628
4884,-0.594574,-1.49105,-0.662324,-0.00248688,-0.659838
4884.6,-0.608079,-1.49052,-0.662394,-0.00238849,-0.660006
4885.2,-0.596082,-1.48998,-0.662625,-0.00247555,-0.66015
4885.8,-0.607079,-1.48943,-0.662714,-0.00239548,-0.660318
4886.4,-0.564564,-1.48887,-0.663222,-0.00271963,-0.660502
4887,-0.552058,-1.48831,-0.663571,-0.00282297,-0.660748
4887.6,-0.569071,-1.48776,-0.663641,-0.00268311,-0.660957
4888.2,-0.585576,-1.48721,-0.663708,-0.00255401,-0.661154
4888.8,-0.600573,-1.48667,-0.663761,-0.00244208,-0.661319
4889.4,-0.597573,-1.48611,-0.663961,-0.00246397,-0.661497
4890,-0.579069,-1.48555,-0.664278,-0.00260385,-0.661674
4890.6,-0.616077,-1.48501,-0.664147,-0.00233133,-0.661816
4891.2,-0.597082,-1.48445,-0.664445,-0.00246734,-0.661978
4891.8,-0.60408,-1.4839,-0.664547,-0.00241622,-0.662131
4892.4,-0.573562,-1.48333,-0.664945,-0.00264666,-0.662298
4893,-0.616585,-1.48278,-0.664777,-0.00232748,-0.662449
4893.6,-0.609587,-1.48223,-0.664966,-0.00237656,-0.662589
4894.2,-0.622584,-1.48168,-0.664994,-0.00228599,-0.662708
4894.8,-0.619077,-1.48112,-0.665139,-0.00230999,-0.662829
4895.4,-0.609587,-1.48056,-0.665337,-0.00237632,-0.662961
4896,-0.603572,-1.48001,-0.665517,-0.00241932,-0.663098
4896.6,-0.610079,-1.47945,-0.665592,-0.00237268,-0.663219
4897.2,-0.60208,-1.4789,-0.665764,-0.00242996,-0.663334
4897.8,-0.576561,-1.47834,-0.666075,-0.00262228,-0.663453
4898.4,-0.597082,-1.47779,-0.666034,-0.00246634,-0.663568
4899,-0.579577,-1.47723,-0.66629,-0.0025986,-0.663692
4899.6,-0.587575,-1.47668,-0.66635,-0.00253719,-0.663813
4900.2,-0.552058,-1.4761,-0.6668,-0.00282088,-0.663979
4900.8,-0.573562,-1.47553,-0.666819,-0.00264541,-0.664174
4901.4,-0.553058,-1.47497,-0.667141,-0.00281228,-0.664329
4902,-0.560565,-1.47439,-0.667258,-0.00274988,-0.664508
4902.6,-0.55355,-1.47382,-0.667513,-0.00280796,-0.664705
4903.2,-0.561565,-1.47325,-0.667615,-0.00274149,-0.664874
4903.8,-0.557565,-1.47266,-0.667855,-0.00277431,-0.665081
4904.4,-0.597082,-1.4721,-0.667731,-0.00246549,-0.665266
4905,-0.548059,-1.4715,-0.668301,-0.00285395,-0.665447
4905.6,-0.587575,-1.47093,-0.668161,-0.0025363,-0.665624
4906.2,-0.549059,-1.47034,-0.668636,-0.00284524,-0.665791
4906.8,-0.564564,-1.46975,-0.668706,-0.00271648,-0.66599
4907.4,-0.558565,-1.46916,-0.668959,-0.00276546,-0.666194
4908,-0.562056,-1.46857,-0.66912,-0.00273669,-0.666383
4908.6,-0.566055,-1.46798,-0.669263,-0.00270412,-0.666559
4909.2,-0.563056,-1.46739,-0.669449,-0.00272834,-0.66672
4909.8,-0.555566,-1.46679,-0.669686,-0.00278992,-0.666896
4910.4,-0.614586,-1.46623,-0.669354,-0.00233907,-0.667015
4911,-0.604572,-1.46564,-0.669554,-0.00241,-0.667144
4911.6,-0.617077,-1.46505,-0.669575,-0.00232156,-0.667254
4912.2,-0.572562,-1.46445,-0.670045,-0.00265153,-0.667393
4912.8,-0.610079,-1.46388,-0.669878,-0.00237043,-0.667508
4913.4,-0.616077,-1.46329,-0.669933,-0.00232826,-0.667604
4914,-0.602572,-1.46271,-0.670093,-0.00242401,-0.667669
4914.6,-0.587067,-1.46212,-0.670305,-0.0025388,-0.667767
4915.2,-0.629091,-1.46155,-0.670094,-0.00223924,-0.667854
4915.8,-0.584576,-1.46095,-0.670518,-0.00255757,-0.667961
4916.4,-0.607571,-1.46037,-0.670461,-0.00238775,-0.668073
4917,-0.590067,-1.45978,-0.670705,-0.0025158,-0.668189
4917.6,-0.577561,-1.4592,-0.67089,-0.00261142,-0.668278
4918.2,-0.583068,-1.45861,-0.670956,-0.00256874,-0.668387
4918.8,-0.579577,-1.45803,-0.671081,-0.00259557,-0.668486
4919.4,-0.583068,-1.45745,-0.671135,-0.00256856,-0.668567
4920,-0.558565,-1.45684,-0.671465,-0.00276339,-0.668701
4920.6,-0.577069,-1.45625,-0.671464,-0.00261479,-0.668849
4921.2,-0.561565,-1.45566,-0.671709,-0.00273857,-0.66897
4921.8,-0.539045,-1.45505,-0.672069,-0.00292883,-0.66914
4922.4,-0.57407,-1.45447,-0.671907,-0.00263802,-0.669269
4923,-0.594574,-1.45388,-0.671847,-0.00248128,-0.669366
4923.6,-0.522049,-1.45325,-0.672618,-0.00308084,-0.669537
4924.2,-0.519049,-1.45264,-0.672825,-0.00310841,-0.669717
4924.8,-0.554566,-1.45204,-0.672689,-0.00279575,-0.669893
4925.4,-0.580069,-1.45144,-0.672648,-0.00259072,-0.670057
4926,-0.54506,-1.45081,-0.673124,-0.00287599,-0.670248
4926.6,-0.555058,-1.4502,-0.673212,-0.00279134,-0.670421
4927.2,-0.535554,-1.44957,-0.673557,-0.00295851,-0.670598
4927.8,-0.546551,-1.44895,-0.673637,-0.00286289,-0.670774
4928.4,-0.552058,-1.44833,-0.673769,-0.00281612,-0.670953
4929,-0.536046,-1.44769,-0.674094,-0.00295384,-0.67114
4929.6,-0.528555,-1.44706,-0.674355,-0.00302048,-0.671334
4930.2,-0.559565,-1.44645,-0.674242,-0.00275342,-0.671489
4930.8,-0.563056,-1.44583,-0.674335,-0.00272477,-0.67161
4931.4,-0.565564,-1.4452,-0.674437,-0.00270435,-0.671732
4932,-0.545552,-1.44456,-0.674767,-0.00287068,-0.671897
4932.6,-0.504544,-1.44391,-0.675306,-0.00324411,-0.672062
4933.2,-0.550551,-1.44329,-0.675058,-0.00282796,-0.67223
4933.8,-0.555566,-1.44265,-0.675154,-0.00278584,-0.672368
4934.4,-0.555566,-1.44202,-0.6753,-0.00278573,-0.672514
4935,-0.562564,-1.44138,-0.675376,-0.00272803,-0.672648
4935.6,-0.549059,-1.44074,-0.675623,-0.00284013,-0.672783
4936.2,-0.591574,-1.44012,-0.675379,-0.00250151,-0.672878
4936.8,-0.534046,-1.43946,-0.675981,-0.00297003,-0.673011
4937.4,-0.55355,-1.43883,-0.675941,-0.002802,-0.673139
4938,-0.561565,-1.43819,-0.675997,-0.00273566,-0.673261
4938.6,-0.55255,-1.43755,-0.676184,-0.00281015,-0.673374
4939.2,-0.577561,-1.43691,-0.676084,-0.00260789,-0.673477
4939.8,-0.57407,-1.43629,-0.676169,-0.00263511,-0.673534
4940.4,-0.543552,-1.43564,-0.676507,-0.0028863,-0.67362
4941,-0.534554,-1.43499,-0.676707,-0.00296472,-0.673742
4941.6,-0.558057,-1.43435,-0.676643,-0.0027638,-0.673879
4942.2,-0.584576,-1.4337,-0.676559,-0.00255333,-0.674005
4942.8,-0.551059,-1.43305,-0.67695,-0.00282192,-0.674128
4943.4,-0.546551,-1.4324,-0.677097,-0.00286001,-0.674237
4944,-0.550059,-1.43175,-0.677193,-0.00283012,-0.674363
4944.6,-0.570071,-1.4311,-0.677164,-0.00266592,-0.674498
4945.2,-0.508543,-1.43041,-0.677882,-0.00320302,-0.674679
4945.8,-0.519541,-1.42974,-0.677975,-0.00309953,-0.674875
4946.4,-0.501037,-1.42906,-0.67835,-0.00327526,-0.675075
4947,-0.513542,-1.42838,-0.678425,-0.00315523,-0.67527
4947.6,-0.480533,-1.42769,-0.678935,-0.00348143,-0.675454
4948.2,-0.510051,-1.42702,-0.678818,-0.00318799,-0.67563
4948.8,-0.519541,-1.42635,-0.678877,-0.00309889,-0.675778
4949.4,-0.499545,-1.42565,-0.679229,-0.00328918,-0.67594
4950,-0.512542,-1.42497,-0.679281,-0.003164,-0.676117
4950.6,-0.52354,-1.42428,-0.679346,-0.00306176,-0.676285
4951.2,-0.541553,-1.4236,-0.679326,-0.00290144,-0.676424
4951.8,-0.54706,-1.42292,-0.679389,-0.00285404,-0.676535
4952.4,-0.529047,-1.42223,-0.679662,-0.0030115,-0.67665
4953,-0.518049,-1.42153,-0.67991,-0.0031118,-0.676798
4953.6,-0.540553,-1.42084,-0.679838,-0.00290962,-0.676928
4954.2,-0.54606,-1.42016,-0.679897,-0.00286208,-0.677035
4954.8,-0.552058,-1.41947,-0.679954,-0.00281118,-0.677143
4955.4,-0.556566,-1.41878,-0.68001,-0.0027735,-0.677236
4956,-0.548059,-1.41809,-0.680144,-0.0028447,-0.677299
4956.6,-0.562564,-1.41742,-0.680077,-0.00272406,-0.677352
4957.2,-0.566564,-1.41674,-0.680085,-0.00269162,-0.677394
4957.8,-0.560057,-1.41604,-0.680221,-0.0027443,-0.677476
4958.4,-0.538045,-1.41534,-0.680505,-0.00293049,-0.677575
4959,-0.556058,-1.41466,-0.68043,-0.00277701,-0.677653
4959.6,-0.573562,-1.41397,-0.680368,-0.00263553,-0.677733
4960.2,-0.566055,-1.41327,-0.680508,-0.00269514,-0.677812
4960.8,-0.555566,-1.41256,-0.680711,-0.00278074,-0.67793
4961.4,-0.532046,-1.41185,-0.681045,-0.00298278,-0.678063
4962,-0.524048,-1.41114,-0.681251,-0.00305468,-0.678196
4962.6,-0.529555,-1.41043,-0.681336,-0.00300478,-0.678331
4963.2,-0.530555,-1.40972,-0.681436,-0.0029957,-0.67844
4963.8,-0.548551,-1.40901,-0.681407,-0.00283895,-0.678568
4964.4,-0.52254,-1.40829,-0.681756,-0.00306792,-0.678688
4965,-0.544552,-1.40757,-0.681685,-0.00287279,-0.678812
4965.6,-0.513542,-1.40685,-0.682062,-0.0031511,-0.678911
4966.2,-0.533046,-1.40612,-0.682023,-0.00297286,-0.67905
4966.8,-0.509543,-1.40539,-0.682382,-0.00318862,-0.679193
4967.4,-0.520049,-1.40467,-0.6824,-0.00309012,-0.67931
4968,-0.497529,-1.40393,-0.682724,-0.00330464,-0.679419
4968.6,-0.52154,-1.4032,-0.682632,-0.00307613,-0.679556
4969.2,-0.516542,-1.40245,-0.682831,-0.0031222,-0.679709
4969.8,-0.549551,-1.40173,-0.682654,-0.00282924,-0.679824
4970.4,-0.531047,-1.40098,-0.682929,-0.00298971,-0.679939
4971,-0.569071,-1.40027,-0.682668,-0.00266887,-0.679999
4971.6,-0.532554,-1.39951,-0.683073,-0.00297603,-0.680097
4972.2,-0.529555,-1.39878,-0.683179,-0.00300264,-0.680177
4972.8,-0.549551,-1.39804,-0.683099,-0.0028286,-0.68027
4973.4,-0.530047,-1.39729,-0.683363,-0.00299797,-0.680365
4974,-0.580069,-1.39658,-0.682973,-0.00258209,-0.680391
4974.6,-0.528555,-1.39582,-0.683458,-0.00301107,-0.680447
4975.2,-0.548551,-1.39508,-0.683359,-0.00283654,-0.680522
4975.8,-0.54406,-1.39433,-0.683458,-0.00287468,-0.680583
4976.4,-0.560565,-1.39361,-0.683344,-0.00273639,-0.680608
4977,-0.552058,-1.39286,-0.683463,-0.00280663,-0.680656
4977.6,-0.556058,-1.39211,-0.683486,-0.0027732,-0.680713
4978.2,-0.529047,-1.39135,-0.683791,-0.00300584,-0.680785
4978.8,-0.518049,-1.39059,-0.683988,-0.00310594,-0.680882
4979.4,-0.549059,-1.38985,-0.683804,-0.00283134,-0.680972
4980,-0.513542,-1.38907,-0.684228,-0.00314768,-0.68108
4980.6,-0.49353,-1.38829,-0.684538,-0.00334109,-0.681197
4981.2,-0.502036,-1.38752,-0.684573,-0.00325726,-0.681316
4981.8,-0.482041,-1.38673,-0.684937,-0.00345717,-0.68148
4982.4,-0.493038,-1.38595,-0.684961,-0.00334551,-0.681616
4983,-0.509035,-1.38517,-0.68493,-0.00318952,-0.68174
4983.6,-0.478025,-1.38435,-0.68541,-0.00349829,-0.681911
4984.2,-0.504036,-1.38357,-0.685294,-0.00323711,-0.682057
4984.8,-0.54506,-1.38278,-0.685062,-0.0028641,-0.682198
4985.4,-0.51305,-1.38197,-0.685483,-0.00315094,-0.682332
4986,-0.51305,-1.38116,-0.685606,-0.00315078,-0.682455
4986.6,-0.533554,-1.38036,-0.685551,-0.0029637,-0.682587
4987.2,-0.484024,-1.37951,-0.6862,-0.00343528,-0.682764
4987.8,-0.506544,-1.3787,-0.686124,-0.00321204,-0.682912
4988.4,-0.487531,-1.37786,-0.686454,-0.00339921,-0.683055
4989,-0.509543,-1.37704,-0.686377,-0.00318311,-0.683194
4989.6,-0.52354,-1.37622,-0.686359,-0.0030528,-0.683306
4990.2,-0.534046,-1.37539,-0.686364,-0.00295846,-0.683406
4990.8,-0.531047,-1.37456,-0.686483,-0.0029849,-0.683498
4991.4,-0.520049,-1.37371,-0.686695,-0.00308429,-0.68361
4992,-0.482532,-1.37284,-0.687203,-0.00344919,-0.683754
4992.6,-0.49553,-1.37199,-0.687217,-0.00331792,-0.683899
4993.2,-0.502036,-1.37113,-0.687302,-0.003254,-0.684048
4993.8,-0.519049,-1.37029,-0.687233,-0.00309286,-0.68414
4994.4,-0.498529,-1.36942,-0.687521,-0.00328787,-0.684233
4995,-0.513542,-1.36856,-0.687476,-0.00314375,-0.684333
4995.6,-0.495038,-1.36768,-0.687765,-0.00332192,-0.684443
4996.2,-0.524048,-1.36682,-0.687601,-0.00304643,-0.684555
4996.8,-0.532554,-1.36596,-0.687598,-0.00296994,-0.684628
4997.4,-0.574562,-1.36511,-0.687287,-0.00261985,-0.684667
4998,-0.498529,-1.3642,-0.688034,-0.00328682,-0.684747
4998.6,-0.526048,-1.36333,-0.687857,-0.00302767,-0.68483
4999.2,-0.529047,-1.36244,-0.687923,-0.00300054,-0.684922
4999.8,-0.499545,-1.36155,-0.68826,-0.00327635,-0.684984
5000.4,-0.427003,-1.36061,-0.689188,-0.00406667,-0.685122
5001,-0.447524,-1.3597,-0.689088,-0.00382538,-0.685262
5001.6,-0.489531,-1.35881,-0.688766,-0.00337508,-0.685391
5002.2,-0.478533,-1.35788,-0.689004,-0.00348736,-0.685517
5002.8,-0.484532,-1.35696,-0.689069,-0.00342537,-0.685644
5003.4,-0.453014,-1.35603,-0.689498,-0.00376248,-0.685736
5004,-0.440017,-1.35506,-0.689828,-0.00391076,-0.685917
5004.6,-0.460521,-1.35413,-0.689744,-0.00367883,-0.686065
5005.2,-0.464028,-1.35317,-0.689874,-0.00364037,-0.686233
5005.8,-0.48604,-1.35222,-0.689788,-0.00340901,-0.686379
5006.4,-0.461029,-1.35124,-0.690213,-0.00367262,-0.686541
5007,-0.45703,-1.35027,-0.690383,-0.00371642,-0.686666
5007.6,-0.478025,-1.34929,-0.690309,-0.00349081,-0.686818
5008.2,-0.461029,-1.34829,-0.690631,-0.00367196,-0.686959
5008.8,-0.458521,-1.34729,-0.690827,-0.00369927,-0.687128
5009.4,-0.447524,-1.34628,-0.691119,-0.00382224,-0.687297
5010,-0.464028,-1.34528,-0.691097,-0.00363862,-0.687458
5010.6,-0.494038,-1.34429,-0.690875,-0.00332708,-0.687548
5011.2,-0.493038,-1.34328,-0.690974,-0.0033368,-0.687637
5011.8,-0.473026,-1.34225,-0.691288,-0.00354169,-0.687746
5012.4,-0.471535,-1.34122,-0.691418,-0.00355724,-0.687861
5013,-0.484532,-1.34019,-0.691381,-0.00342186,-0.687959
5013.6,-0.510051,-1.33917,-0.691219,-0.00317095,-0.688048
5014.2,-0.472535,-1.33812,-0.691663,-0.00354599,-0.688117
5014.8,-0.497038,-1.33708,-0.691495,-0.003296,-0.688199
5015.4,-0.498037,-1.33604,-0.691553,-0.00328598,-0.688267
5016,-0.492039,-1.33499,-0.691662,-0.00334507,-0.688317
5016.6,-0.487531,-1.33391,-0.691803,-0.0033901,-0.688413
5017.2,-0.52154,-1.33287,-0.691523,-0.00306295,-0.688461
5017.8,-0.490531,-1.33178,-0.6919,-0.00335948,-0.688541
5018.4,-0.465028,-1.33068,-0.692242,-0.00362456,-0.688617
5019,-0.470027,-1.3296,-0.692271,-0.00357073,-0.6887
5019.6,-0.487531,-1.32852,-0.692148,-0.00338898,-0.688759
5020.2,-0.490531,-1.32742,-0.69219,-0.00335858,-0.688832
5020.8,-0.468027,-1.32629,-0.692509,-0.00359134,-0.688918
5021.4,-0.464028,-1.32517,-0.692669,-0.00363415,-0.689034
5022,-0.447016,-1.32402,-0.692963,-0.00382282,-0.689141
5022.6,-0.470027,-1.32289,-0.69282,-0.00356926,-0.689251
5023.2,-0.480025,-1.32176,-0.692786,-0.00346423,-0.689322
5023.8,-0.478533,-1.32061,-0.692878,-0.00347943,-0.689399
5024.4,-0.484532,-1.31943,-0.692949,-0.00341751,-0.689531
5025,-0.435018,-1.31821,-0.693649,-0.00396048,-0.689689
5025.6,-0.43451,-1.31702,-0.693796,-0.00396619,-0.68983
5026.2,-0.440017,-1.31582,-0.69385,-0.00390139,-0.689949
5026.8,-0.441017,-1.3146,-0.693993,-0.00388949,-0.690103
5027.4,-0.453522,-1.31337,-0.693995,-0.00374699,-0.690248
5028,-0.46652,-1.31215,-0.693961,-0.00360439,-0.690357
5028.6,-0.478025,-1.31092,-0.69394,-0.00348263,-0.690457
5029.2,-0.468519,-1.30967,-0.694143,-0.00358244,-0.690561
5029.8,-0.46552,-1.3084,-0.694271,-0.00361432,-0.690657
5030.4,-0.469027,-1.30714,-0.694309,-0.00357646,-0.690732
5031,-0.484024,-1.30587,-0.694206,-0.00341985,-0.690786
5031.6,-0.46252,-1.30458,-0.694492,-0.00364592,-0.690846
5032.2,-0.479025,-1.30331,-0.694362,-0.00347065,-0.690891
5032.8,-0.478533,-1.302,-0.694415,-0.00347546,-0.690939
5033.4,-0.489039,-1.30069,-0.694385,-0.00336804,-0.691017
5034,-0.508543,-1.29938,-0.694222,-0.00317749,-0.691044
5034.6,-0.493038,-1.29805,-0.694408,-0.00332758,-0.69108
5035.2,-0.502545,-1.29671,-0.694339,-0.00323432,-0.691105
5035.8,-0.485532,-1.29536,-0.694533,-0.00340232,-0.691131
5036.4,-0.509035,-1.29402,-0.694311,-0.0031718,-0.691139
5037,-0.489531,-1.29265,-0.694508,-0.00336145,-0.691146
5037.6,-0.490039,-1.29126,-0.694533,-0.00335607,-0.691177
5038.2,-0.481025,-1.28986,-0.694657,-0.00344718,-0.69121
5038.8,-0.517541,-1.28847,-0.694319,-0.00309129,-0.691228
5039.4,-0.470027,-1.28705,-0.694804,-0.00356144,-0.691243
5040,-0.465028,-1.28561,-0.694877,-0.00361457,-0.691262
5040.6,-0.473534,-1.28417,-0.694833,-0.00352378,-0.691309
5041.2,-0.441509,-1.28268,-0.695267,-0.00387622,-0.691391
5041.8,-0.43451,-1.28119,-0.695448,-0.00395749,-0.69149
5042.4,-0.484024,-1.27971,-0.694971,-0.00341438,-0.691557
5043,-0.477534,-1.27819,-0.695111,-0.00348075,-0.69163
5043.6,-0.467028,-1.27665,-0.695304,-0.00359112,-0.691712
5044.2,-0.46652,-1.27511,-0.695367,-0.00359622,-0.691771
5044.8,-0.487531,-1.27356,-0.695186,-0.00337759,-0.691808
5045.4,-0.448523,-1.27196,-0.69567,-0.00379357,-0.691876
5046,-0.442508,-1.27035,-0.695829,-0.00386177,-0.691968
5046.6,-0.410007,-1.2687,-0.696332,-0.00425371,-0.692078
5047.2,-0.478533,-1.2671,-0.695606,-0.00346803,-0.692138
5047.8,-0.45503,-1.26544,-0.695899,-0.00371926,-0.69218
5048.4,-0.481025,-1.26379,-0.695656,-0.00344168,-0.692214
5049,-0.472535,-1.26209,-0.695792,-0.00352951,-0.692262
5049.6,-0.456522,-1.26036,-0.696028,-0.00370161,-0.692326
5050.2,-0.468519,-1.25863,-0.695957,-0.00357124,-0.692386
5050.8,-0.461029,-1.25688,-0.696074,-0.00365145,-0.692423
5051.4,-0.521049,-1.25515,-0.695457,-0.00305287,-0.692405
5052,-0.481025,-1.25335,-0.695837,-0.00343947,-0.692397
5052.6,-0.481533,-1.25155,-0.695811,-0.00343389,-0.692377
5053.2,-0.474026,-1.2497,-0.695908,-0.00351118,-0.692397
5053.8,-0.481533,-1.24785,-0.695839,-0.00343311,-0.692406
5054.4,-0.470027,-1.24597,-0.695956,-0.00355247,-0.692404
5055,-0.478533,-1.24407,-0.695886,-0.00346313,-0.692422
5055.6,-0.505544,-1.24217,-0.695583,-0.00319481,-0.692388
5056.2,-0.553058,-1.24026,-0.695091,-0.00277225,-0.692319
5056.8,-0.504544,-1.23827,-0.695498,-0.00320358,-0.692294
5057.4,-0.499037,-1.23628,-0.695511,-0.00325623,-0.692255
5058,-0.489531,-1.23425,-0.695569,-0.00334942,-0.69222
5058.6,-0.503036,-1.23221,-0.695409,-0.00321682,-0.692192
5059.2,-0.490531,-1.23012,-0.695501,-0.0033386,-0.692162
5059.8,-0.496529,-1.22801,-0.695424,-0.003279,-0.692145
5060.4,-0.484024,-1.22586,-0.695516,-0.00340311,-0.692113
5061,-0.461029,-1.22367,-0.69577,-0.00364401,-0.692126
5061.6,-0.483532,-1.22146,-0.695529,-0.00340717,-0.692122
5062.2,-0.436018,-1.21918,-0.696072,-0.00392479,-0.692147
5062.8,-0.454014,-1.21689,-0.695889,-0.00371942,-0.69217
5063.4,-0.449015,-1.21454,-0.695976,-0.00377468,-0.692201
5064,-0.454522,-1.21216,-0.69596,-0.00371271,-0.692248
5064.6,-0.437509,-1.20972,-0.696203,-0.00390512,-0.692298
5065.2,-0.442017,-1.20726,-0.696176,-0.00385247,-0.692323
5065.8,-0.46552,-1.20475,-0.695946,-0.00359139,-0.692355
5066.4,-0.43551,-1.20218,-0.696311,-0.00392662,-0.692385
5067,-0.454014,-1.19958,-0.696126,-0.00371546,-0.69241
5067.6,-0.456522,-1.19691,-0.696132,-0.0036872,-0.692444
5068.2,-0.467028,-1.19421,-0.696029,-0.00357297,-0.692456
5068.8,-0.43551,-1.19143,-0.696392,-0.00392403,-0.692468
5069.4,-0.487531,-1.18865,-0.695803,-0.00336001,-0.692443
5070,-0.467028,-1.18577,-0.695999,-0.00357112,-0.692428
5070.6,-0.484024,-1.18285,-0.695796,-0.00339411,-0.692402
5071.2,-0.459029,-1.17984,-0.696044,-0.00365591,-0.692388
5071.8,-0.468027,-1.17679,-0.695922,-0.00355853,-0.692363
5072.4,-0.505544,-1.1737,-0.695481,-0.00318138,-0.6923
5073,-0.426004,-1.17045,-0.696327,-0.00403148,-0.692295
5073.6,-0.474026,-1.16722,-0.695744,-0.00349341,-0.692251
5074.2,-0.460521,-1.16389,-0.695818,-0.00363613,-0.692181
5074.8,-0.491039,-1.16049,-0.695431,-0.00331929,-0.692112
5075.4,-0.507035,-1.15702,-0.695184,-0.00316401,-0.69202
5076,-0.490039,-1.15344,-0.69525,-0.00332776,-0.691922
5076.6,-0.457521,-1.14977,-0.695483,-0.00366558,-0.691817
5077.2,-0.521049,-1.14605,-0.69473,-0.00303244,-0.691698
5077.8,-0.467028,-1.14218,-0.69516,-0.00356154,-0.691598
5078.4,-0.523048,-1.13827,-0.694481,-0.00301296,-0.691468
5079,-0.470535,-1.13418,-0.694889,-0.00352277,-0.691366
5079.6,-0.503544,-1.13003,-0.694433,-0.0031918,-0.691241
5080.2,-0.45503,-1.12572,-0.69482,-0.00368741,-0.691133
5080.8,-0.452523,-1.12128,-0.694766,-0.00371404,-0.691051
5081.4,-0.450015,-1.11671,-0.69472,-0.00374083,-0.690979
5082,-0.449523,-1.11202,-0.694631,-0.00374523,-0.690886
5082.6,-0.473534,-1.10721,-0.694233,-0.00348561,-0.690747
5083.2,-0.449523,-1.10219,-0.694373,-0.00374296,-0.69063
5083.8,-0.454522,-1.097,-0.694231,-0.00368645,-0.690545
5084.4,-0.461521,-1.09166,-0.694045,-0.00360919,-0.690436
5085,-0.422513,-1.08609,-0.694386,-0.00405245,-0.690333
5085.6,-0.46352,-1.08036,-0.693804,-0.00358524,-0.690219
5086.2,-0.422513,-1.07438,-0.694156,-0.00404951,-0.690106
5086.8,-0.418005,-1.06818,-0.694094,-0.00410264,-0.689992
5087.4,-0.405008,-1.06174,-0.69414,-0.00426276,-0.689877
5088,-0.421005,-1.05505,-0.693803,-0.00406287,-0.68974
5088.6,-0.43651,-1.04808,-0.693463,-0.00387789,-0.689585
5089.2,-0.447016,-1.04084,-0.693142,-0.00375675,-0.689385
5089.8,-0.425512,-1.03324,-0.693191,-0.00400331,-0.689188
5090.4,-0.416006,-1.02532,-0.693066,-0.00411621,-0.68895
5091,-0.442017,-1.01705,-0.692492,-0.00380749,-0.688685
5091.6,-0.425004,-1.00833,-0.692435,-0.00400319,-0.688432
5092.2,-0.45503,-0.999227,-0.69179,-0.00365868,-0.688132
5092.8,-0.427003,-0.989569,-0.691844,-0.0039748,-0.68787
5093.4,-0.439017,-0.979453,-0.691384,-0.00383272,-0.687551
5094,-0.453522,-0.968783,-0.690839,-0.00366822,-0.687171
5094.6,-0.474534,-0.957477,-0.690212,-0.00344317,-0.686769
5095.2,-0.465028,-0.94549,-0.689852,-0.00353948,-0.686312
5095.8,-0.451523,-0.93272,-0.689532,-0.00368189,-0.685851
5096.4,-0.508035,-0.919164,-0.688418,-0.00310849,-0.68531
5097,-0.472535,-0.904634,-0.688164,-0.00345241,-0.684711
5097.6,-0.501037,-0.889066,-0.68724,-0.00316812,-0.684072
5098.2,-0.458521,-0.87227,-0.686988,-0.00359239,-0.683396
5098.8,-0.476534,-0.854135,-0.686074,-0.00340081,-0.682674
5099.4,-0.468519,-0.834447,-0.685358,-0.00347876,-0.681879
5100,-0.455522,-0.812913,-0.684673,-0.00361127,-0.681062
5100.6,-0.450015,-0.789317,-0.683823,-0.00366562,-0.680158
5101.2,-0.453014,-0.763256,-0.682775,-0.00362712,-0.679148
5101.8,-0.438018,-0.734287,-0.681789,-0.00378597,-0.678003
5102.4,-0.443016,-0.701791,-0.680432,-0.00372247,-0.676709
5103,-0.459521,-0.664997,-0.678748,-0.00353575,-0.675213
5103.6,-0.415006,-0.622702,-0.677577,-0.00402634,-0.67355
5104.2,-0.443016,-0.573561,-0.675279,-0.00369281,-0.671586
5104.8,-0.415006,-0.515226,-0.673269,-0.00399942,-0.669269
5105.4,-0.435018,-0.444435,-0.67018,-0.00375149,-0.666429
5106,-0.43451,-0.355682,-0.666581,-0.00373645,-0.662845
5106.6,-0.419005,-0.239177,-0.662065,-0.00388475,-0.65818
5107.2,-0.440509,-0.0758526,-0.655272,-0.00360717,-0.651664
5107.8,-0.439017,0.178245,-0.645234,-0.00356715,-0.641667
5108.4,-0.429003,0.638138,-0.627547,-0.0035733,-0.623974
5109,-0.454014,1.45421,-0.593928,-0.0031399,-0.590788
5109.6,-0.430511,1.56681,-0.578612,-0.00327896,-0.575333
5110.2,-0.45703,0.00541625,-0.635895,-0.00333095,-0.632564
5110.8,-0.476026,-0.897479,-0.688451,-0.00340842,-0.685043
5111.4,-0.458521,-0.917523,-0.69088,-0.00360234,-0.687278
5112,-0.472535,-0.904366,-0.690238,-0.00345232,-0.686786
5112.6,-0.463028,-0.88957,-0.68978,-0.00354825,-0.686231
5113.2,-0.435018,-0.873631,-0.689502,-0.0038532,-0.685649
5113.8,-0.457521,-0.856484,-0.68858,-0.00359954,-0.68498
5114.4,-0.454014,-0.837871,-0.687875,-0.00363314,-0.684242
5115,-0.482041,-0.81764,-0.686754,-0.00333782,-0.683416
5115.6,-0.45503,-0.795428,-0.686157,-0.0036126,-0.682545
5116.2,-0.452523,-0.771009,-0.685201,-0.00363416,-0.681566
5116.8,-0.466028,-0.743951,-0.68396,-0.00348494,-0.680475
5117.4,-0.441017,-0.713684,-0.683018,-0.00374745,-0.679271
5118,-0.472027,-0.679606,-0.681306,-0.00340948,-0.677896
5118.6,-0.438509,-0.640731,-0.680092,-0.00375839,-0.676334
5119.2,-0.471027,-0.595905,-0.677896,-0.00340184,-0.674494
5119.8,-0.45503,-0.543263,-0.675898,-0.00355621,-0.672341
5120.4,-0.460029,-0.480205,-0.673249,-0.00348988,-0.669759
5121,-0.408008,-0.402468,-0.670705,-0.00405493,-0.66665
5121.6,-0.413007,-0.303294,-0.66661,-0.00397045,-0.662639
5122.2,-0.4055,-0.169638,-0.661305,-0.00402661,-0.657279
5122.8,-0.401501,0.025498,-0.653551,-0.00402604,-0.649525
5123.4,-0.413498,0.348461,-0.640749,-0.00380882,-0.63694
5124,-0.399501,0.963697,-0.617039,-0.00382212,-0.613217
5124.6,-0.384996,1.70389,-0.582183,-0.0037633,-0.57842
5125.2,-0.410007,1.05679,-0.5974,-0.00358563,-0.593815
5125.8,-0.416006,-0.660732,-0.673923,-0.00397284,-0.66995
5126.4,-0.393994,-0.917661,-0.693777,-0.004364,-0.689413
5127,-0.396502,-0.910823,-0.693835,-0.00433122,-0.689503
5127.6,-0.413007,-0.897411,-0.693188,-0.00412022,-0.689068
5128.2,-0.415514,-0.882899,-0.692671,-0.00408589,-0.688585
5128.8,-0.413498,-0.867283,-0.692141,-0.00410649,-0.688035
5129.4,-0.408008,-0.850383,-0.691629,-0.00416976,-0.687459
5130,-0.408499,-0.832082,-0.690966,-0.00415893,-0.686807
5130.6,-0.441509,-0.812177,-0.689818,-0.00376497,-0.686053
5131.2,-0.46352,-0.790402,-0.688699,-0.00352122,-0.685178
5131.8,-0.444524,-0.76638,-0.687941,-0.00372067,-0.68422
5132.4,-0.440509,-0.739753,-0.686911,-0.00375919,-0.683152
5133,-0.433019,-0.70999,-0.685811,-0.00383686,-0.681974
5133.6,-0.43651,-0.676471,-0.68441,-0.00378924,-0.680621
5134.2,-0.409499,-0.638242,-0.683183,-0.00409675,-0.679086
5134.8,-0.404008,-0.594136,-0.681476,-0.00415279,-0.677323
5135.4,-0.419513,-0.542438,-0.679184,-0.00395272,-0.675231
5136,-0.448523,-0.480611,-0.676323,-0.00361162,-0.672711
5136.6,-0.431511,-0.404679,-0.673368,-0.00378137,-0.669587
5137.2,-0.436018,-0.307991,-0.669333,-0.00370856,-0.665624
5137.8,-0.413498,-0.178357,-0.664304,-0.00393393,-0.66037
5138.4,-0.416006,0.00930952,-0.656707,-0.00385967,-0.652847
5139,-0.426512,0.31564,-0.644462,-0.00367128,-0.64079
5139.6,-0.453014,0.893428,-0.62166,-0.00327365,-0.618386
5140.2,-0.437018,1.66765,-0.586388,-0.00323739,-0.583151
5140.8,-0.422005,1.18026,-0.595271,-0.0034354,-0.591836
5141.4,-0.392994,-0.564228,-0.670668,-0.00421651,-0.666451
5142,-0.387504,-0.913983,-0.696146,-0.00444733,-0.691698
5142.6,-0.419513,-0.910501,-0.69605,-0.0040444,-0.692006
5143.2,-0.416514,-0.897958,-0.695647,-0.00407753,-0.69157
5143.8,-0.406008,-0.884282,-0.695331,-0.00420347,-0.691127
5144.4,-0.401501,-0.869611,-0.694893,-0.00425634,-0.690637
5145,-0.366984,-0.853762,-0.694815,-0.0047119,-0.690103
5145.6,-0.388995,-0.836619,-0.693939,-0.00440862,-0.689531
5146.2,-0.378489,-0.817979,-0.693432,-0.00454329,-0.688888
5146.8,-0.364492,-0.797586,-0.692906,-0.00473034,-0.688176
5147.4,-0.387996,-0.775236,-0.691784,-0.00440488,-0.68738
5148,-0.383996,-0.750552,-0.690905,-0.00445074,-0.686454
5148.6,-0.369491,-0.723079,-0.690045,-0.00463896,-0.685406
5149.2,-0.372982,-0.692254,-0.68882,-0.00458224,-0.684237
5149.8,-0.371983,-0.657376,-0.687473,-0.00458588,-0.682887
5150.4,-0.379997,-0.617415,-0.685809,-0.00446672,-0.681342
5151,-0.397502,-0.571078,-0.683722,-0.00422783,-0.679494
5151.6,-0.384996,-0.516279,-0.681695,-0.00437309,-0.677322
5152.2,-0.438018,-0.450201,-0.678367,-0.00371929,-0.674647
5152.8,-0.350987,-0.367908,-0.676144,-0.0047938,-0.671351
5153.4,-0.4055,-0.261521,-0.671087,-0.00404946,-0.667037
5154,-0.371491,-0.115358,-0.665593,-0.00444014,-0.661152
5154.6,-0.389995,0.104185,-0.656528,-0.00414592,-0.652383
5155.2,-0.390503,0.482318,-0.641637,-0.00404501,-0.637592
5155.8,-0.424512,1.19405,-0.612864,-0.0034933,-0.609371
5156.4,-0.421513,1.69085,-0.584179,-0.00335912,-0.58082
5157,-0.452014,0.588816,-0.619796,-0.00325589,-0.61654
5157.6,-0.37449,-0.821503,-0.692093,-0.00457237,-0.687521
5158.2,-0.417006,-0.914562,-0.699564,-0.00407523,-0.695489
5158.8,-0.374998,-0.90509,-0.699895,-0.00461561,-0.695279
5159.4,-0.412498,-0.892832,-0.698978,-0.00412521,-0.694853
5160,-0.382997,-0.879585,-0.698903,-0.00449998,-0.694403
5160.6,-0.392994,-0.86538,-0.698276,-0.00436426,-0.693912
5161.2,-0.37449,-0.849984,-0.69803,-0.00460677,-0.693423
5161.8,-0.346988,-0.83335,-0.697871,-0.00499402,-0.692877
5162.4,-0.379489,-0.815307,-0.696776,-0.004529,-0.692247
5163,-0.383488,-0.795612,-0.696,-0.00446996,-0.69153
5163.6,-0.346988,-0.773904,-0.695744,-0.00497556,-0.690769
5164.2,-0.366492,-0.750035,-0.694579,-0.00468834,-0.68989
5164.8,-0.372491,-0.723483,-0.693485,-0.00459784,-0.688887
5165.4,-0.366984,-0.693754,-0.69241,-0.00466508,-0.687745
5166,-0.373999,-0.660155,-0.690998,-0.00455921,-0.686439
5166.6,-0.360985,-0.621721,-0.689681,-0.0047277,-0.684953
5167.2,-0.353478,-0.577252,-0.688045,-0.00482096,-0.683224
5167.8,-0.366492,-0.52501,-0.685751,-0.00462293,-0.681128
5168.4,-0.356986,-0.462204,-0.683343,-0.00473681,-0.678606
5169,-0.37749,-0.384751,-0.679893,-0.00443519,-0.675458
5169.6,-0.387996,-0.285604,-0.675666,-0.00427227,-0.671394
5170.2,-0.375998,-0.151578,-0.670347,-0.00439076,-0.665956
5170.8,-0.37549,0.0445366,-0.662391,-0.00434446,-0.658047
5171.4,-0.365492,0.369405,-0.649555,-0.00438735,-0.645168
5172,-0.371491,0.982826,-0.625222,-0.00414813,-0.621074
5172.6,-0.330975,1.68624,-0.591498,-0.00442198,-0.587076
5173.2,-0.388995,1.01466,-0.607827,-0.00382815,-0.603999
5173.8,-0.381997,-0.667736,-0.684483,-0.00440067,-0.680082
5174.4,-0.391995,-0.911753,-0.703128,-0.00438838,-0.69874
5175,-0.396994,-0.906678,-0.703178,-0.00432367,-0.698854
5175.6,-0.413007,-0.895392,-0.702571,-0.0041196,-0.698451
5176.2,-0.399501,-0.883176,-0.702298,-0.00428529,-0.698013
5176.8,-0.396502,-0.870076,-0.701854,-0.00432018,-0.697533
5177.4,-0.389995,-0.855968,-0.701413,-0.00440076,-0.697013
5178,-0.391503,-0.840732,-0.70083,-0.0043769,-0.696453
5178.6,-0.4075,-0.824235,-0.700004,-0.00416916,-0.695835
5179.2,-0.376998,-0.806264,-0.699714,-0.00456007,-0.695154
5179.8,-0.380997,-0.786601,-0.698935,-0.00450063,-0.694434
5180.4,-0.340481,-0.764994,-0.698693,-0.00506982,-0.693623
5181,-0.364984,-0.741132,-0.697438,-0.00470674,-0.692731
5181.6,-0.370491,-0.714575,-0.696339,-0.00462264,-0.691716
5182.2,-0.363984,-0.684785,-0.695277,-0.00470418,-0.690573
5182.8,-0.345988,-0.651061,-0.694215,-0.00495219,-0.689263
5183.4,-0.322977,-0.612419,-0.693064,-0.00528972,-0.687775
5184,-0.360985,-0.567696,-0.69073,-0.00471171,-0.686018
5184.6,-0.34548,-0.514961,-0.688829,-0.00491767,-0.683912
5185.2,-0.342481,-0.451431,-0.686309,-0.00494204,-0.681367
5185.8,-0.329467,-0.372781,-0.683322,-0.00511166,-0.678211
5186.4,-0.334482,-0.271657,-0.679143,-0.00500444,-0.674138
5187,-0.331483,-0.134407,-0.673585,-0.00500636,-0.668579
5187.6,-0.322977,0.0682744,-0.665532,-0.00507058,-0.660461
5188.2,-0.338973,0.40755,-0.651775,-0.00473584,-0.647039
5188.8,-0.331975,1.04656,-0.626386,-0.00464518,-0.621741
5189.4,-0.320469,1.6893,-0.593738,-0.00455366,-0.589184
5190,-0.323977,0.888972,-0.61667,-0.00467985,-0.61199
5190.6,-0.366984,-0.723961,-0.692497,-0.00462824,-0.687869
5191.2,-0.380489,-0.910316,-0.707211,-0.00454111,-0.70267
5191.8,-0.356478,-0.90442,-0.707566,-0.00487657,-0.70269
5192.4,-0.325468,-0.893658,-0.707699,-0.00534361,-0.702355
5193,-0.349479,-0.882112,-0.706967,-0.00497217,-0.701994
5193.6,-0.377998,-0.869783,-0.706105,-0.00456452,-0.70154
5194.2,-0.368983,-0.856448,-0.705749,-0.00468463,-0.701065
5194.8,-0.342972,-0.842096,-0.705587,-0.00505663,-0.70053
5195.4,-0.351987,-0.826534,-0.704896,-0.00491821,-0.699978
5196,-0.358985,-0.809657,-0.704161,-0.0048119,-0.699349
5196.6,-0.369491,-0.791267,-0.703293,-0.0046586,-0.698634
5197.2,-0.380489,-0.7711,-0.702342,-0.00450304,-0.697839
5197.8,-0.382997,-0.748871,-0.701425,-0.00446339,-0.696962
5198.4,-0.365984,-0.724167,-0.7007,-0.00468776,-0.696012
5199,-0.37649,-0.69665,-0.69945,-0.00453579,-0.694914
5199.6,-0.351479,-0.665606,-0.698561,-0.00487642,-0.693684
5200.2,-0.307472,-0.630223,-0.697867,-0.00554498,-0.692322
5200.8,-0.324976,-0.58956,-0.696004,-0.00525083,-0.690753
5201.4,-0.321469,-0.542116,-0.694175,-0.0052901,-0.688885
5202,-0.311963,-0.485676,-0.692069,-0.00542235,-0.686646
5202.6,-0.331483,-0.41707,-0.688974,-0.00509513,-0.683879
5203.2,-0.323977,-0.330982,-0.68554,-0.00518207,-0.680358
5203.8,-0.310963,-0.217978,-0.681124,-0.00534842,-0.675776
5204.4,-0.314962,-0.0601724,-0.674593,-0.00523384,-0.669359
5205,-0.323468,0.183055,-0.664587,-0.00502745,-0.65956
5205.6,-0.314962,0.61432,-0.647505,-0.00502143,-0.642484
5206.2,-0.316962,1.37492,-0.615655,-0.0047453,-0.610909
5206.8,-0.300965,1.57321,-0.597449,-0.00482568,-0.592624
5207.4,-0.327468,0.152495,-0.64963,-0.00485185,-0.644778
5208,-0.322977,-0.870784,-0.708554,-0.00536131,-0.703193
5208.6,-0.292967,-0.907714,-0.712729,-0.00588951,-0.706839
5209.2,-0.296458,-0.89886,-0.712516,-0.00582594,-0.70669
5209.8,-0.317961,-0.888499,-0.711856,-0.00546225,-0.706394
5210.4,-0.335974,-0.877386,-0.711221,-0.00517417,-0.706047
5211,-0.328467,-0.865429,-0.710954,-0.00528688,-0.705667
5211.6,-0.328467,-0.852583,-0.710524,-0.00528266,-0.705241
5212.2,-0.333483,-0.838735,-0.709969,-0.00520006,-0.704769
5212.8,-0.330975,-0.823716,-0.709502,-0.00523403,-0.704268
5213.4,-0.338482,-0.807468,-0.708797,-0.00511345,-0.703683
5214,-0.321469,-0.789706,-0.708404,-0.00537249,-0.703031
5214.6,-0.302965,-0.770208,-0.708,-0.00566893,-0.702331
5215.2,-0.294458,-0.748752,-0.707367,-0.00580604,-0.70156
5215.8,-0.330975,-0.72506,-0.705856,-0.00520192,-0.700654
5216.4,-0.377998,-0.698667,-0.704113,-0.00451601,-0.699597
5217,-0.307472,-0.668867,-0.703998,-0.00555833,-0.69844
5217.6,-0.314962,-0.635107,-0.702546,-0.00542466,-0.697122
5218.2,-0.336974,-0.596468,-0.700623,-0.00506916,-0.695554
5218.8,-0.325976,-0.551512,-0.698933,-0.00522277,-0.69371
5219.4,-0.31747,-0.498339,-0.696864,-0.00533858,-0.691525
5220,-0.333483,-0.434153,-0.693946,-0.00507029,-0.688875
5220.6,-0.253451,-0.354268,-0.691998,-0.00639691,-0.685601
5221.2,-0.265448,-0.251002,-0.687532,-0.00613388,-0.681398
5221.8,-0.296458,-0.109918,-0.681183,-0.0055462,-0.675637
5222.4,-0.278462,0.100206,-0.672892,-0.00577485,-0.667117
5223,-0.314962,0.455703,-0.65794,-0.00507041,-0.652869
5223.6,-0.280461,1.11793,-0.631545,-0.00538569,-0.62616
5224.2,-0.28646,1.67255,-0.600982,-0.00503397,-0.595948
5224.8,-0.262449,0.736681,-0.631046,-0.00567048,-0.625375
5225.4,-0.300457,-0.768426,-0.705471,-0.00566733,-0.699804
5226,-0.246436,-0.906001,-0.718082,-0.00675878,-0.711324
5226.6,-0.300965,-0.900199,-0.717168,-0.00574896,-0.711419
5227.2,-0.266956,-0.890666,-0.717557,-0.00635526,-0.711202
5227.8,-0.279462,-0.880404,-0.717089,-0.00612006,-0.710969
5228.4,-0.280461,-0.869458,-0.716772,-0.00609779,-0.710674
5229,-0.269955,-0.857673,-0.716641,-0.00628609,-0.710355
5229.6,-0.264957,-0.844942,-0.716392,-0.00637485,-0.710017
5230.2,-0.285952,-0.83129,-0.715599,-0.00598507,-0.709614
5230.8,-0.276462,-0.816476,-0.715283,-0.00615019,-0.709132
5231.4,-0.307472,-0.800404,-0.714189,-0.0056041,-0.708585
5232,-0.291967,-0.782829,-0.71383,-0.0058615,-0.707969
5232.6,-0.268448,-0.763517,-0.713569,-0.00627729,-0.707292
5233.2,-0.284952,-0.742272,-0.712507,-0.0059696,-0.706537
5233.8,-0.283952,-0.718782,-0.711622,-0.00597855,-0.705644
5234.4,-0.290967,-0.69251,-0.71049,-0.00584585,-0.704644
5235,-0.275446,-0.662935,-0.709631,-0.0061099,-0.703521
5235.6,-0.277462,-0.629411,-0.708269,-0.00606078,-0.702209
5236.2,-0.305472,-0.590959,-0.706237,-0.00556417,-0.700673
5236.8,-0.265956,-0.546165,-0.705115,-0.00623849,-0.698877
5237.4,-0.278462,-0.493243,-0.702709,-0.0059916,-0.696718
5238,-0.262957,-0.429119,-0.700385,-0.00624828,-0.694136
5238.6,-0.293459,-0.349582,-0.696547,-0.00567973,-0.690867
5239.2,-0.268448,-0.246676,-0.692714,-0.00607784,-0.686636
5239.8,-0.28646,-0.106161,-0.686528,-0.00571169,-0.680817
5240.4,-0.195922,0.103324,-0.679661,-0.00737157,-0.672289
5241,-0.236946,0.457405,-0.664461,-0.00638889,-0.658072
5241.6,-0.210427,1.11419,-0.638028,-0.00662799,-0.6314
5242.2,-0.242945,1.66519,-0.60694,-0.0057303,-0.601209
5242.8,-0.222933,0.740773,-0.636827,-0.00637359,-0.630453
5243.4,-0.19943,-0.762696,-0.712898,-0.00764051,-0.705257
5244,-0.236946,-0.903747,-0.724068,-0.00695029,-0.717117
5244.6,-0.218934,-0.898525,-0.724613,-0.00732983,-0.717283
5245.2,-0.19943,-0.889508,-0.724936,-0.00776064,-0.717175
5245.8,-0.204429,-0.879916,-0.724649,-0.00764226,-0.717007
5246.4,-0.179926,-0.869485,-0.72506,-0.00821072,-0.716849
5247,-0.224441,-0.858444,-0.723829,-0.00719342,-0.716636
5247.6,-0.201429,-0.846518,-0.724065,-0.00769429,-0.71637
5248.2,-0.188924,-0.833659,-0.724027,-0.00797757,-0.71605
5248.8,-0.19943,-0.819695,-0.723432,-0.00772696,-0.715705
5249.4,-0.201921,-0.804594,-0.722964,-0.00766306,-0.715301
5250,-0.179926,-0.788076,-0.72301,-0.00816916,-0.714841
5250.6,-0.19743,-0.770036,-0.722066,-0.00774872,-0.714317
5251.2,-0.214935,-0.750266,-0.721041,-0.00734884,-0.713692
5251.8,-0.204937,-0.728348,-0.72053,-0.00755899,-0.712971
5252.4,-0.193415,-0.703988,-0.719943,-0.00780895,-0.712134
5253,-0.191415,-0.676618,-0.719055,-0.00784179,-0.711214
5253.6,-0.233947,-0.64589,-0.716994,-0.00690169,-0.710093
5254.2,-0.184925,-0.610657,-0.71677,-0.00796071,-0.708809
5254.8,-0.207428,-0.570088,-0.714712,-0.00742964,-0.707282
5255.4,-0.206936,-0.522543,-0.712875,-0.00741835,-0.705457
5256,-0.209428,-0.465957,-0.710546,-0.0073379,-0.703208
5256.6,-0.186416,-0.396701,-0.70826,-0.00782037,-0.70044
5257.2,-0.22544,-0.309594,-0.70381,-0.0069304,-0.69688
5257.8,-0.181417,-0.194669,-0.700004,-0.00783733,-0.692166
5258.4,-0.17691,-0.0329754,-0.693393,-0.00786306,-0.68553
5259,-0.142409,0.218418,-0.683861,-0.00857172,-0.675289
5259.6,-0.19843,0.666205,-0.664271,-0.00706788,-0.657203
5260.2,-0.157914,1.42017,-0.632224,-0.00756845,-0.624655
5260.8,-0.162913,1.50392,-0.618001,-0.00728814,-0.610713
5261.4,-0.123889,0.0152956,-0.677546,-0.00894747,-0.668599
5262,-0.164913,-0.87278,-0.731332,-0.00856664,-0.722765
5262.6,-0.117398,-0.901016,-0.735776,-0.0098918,-0.725884
5263.2,-0.134903,-0.893506,-0.735316,-0.00939082,-0.725925
5263.8,-0.0883881,-0.884504,-0.736677,-0.0107622,-0.725915
5264.4,-0.16742,-0.875099,-0.734375,-0.00852237,-0.725852
5265,-0.110891,-0.864854,-0.73582,-0.0100608,-0.725759
5265.6,-0.104893,-0.85383,-0.735904,-0.0102329,-0.725671
5266.2,-0.0653767,-0.84195,-0.737017,-0.0114841,-0.725533
5266.8,-0.103385,-0.829135,-0.735651,-0.0102625,-0.725389
5267.4,-0.0833892,-0.815206,-0.736073,-0.0108744,-0.725198
5268,-0.112891,-0.800202,-0.734894,-0.00996154,-0.724933
5268.6,-0.0748828,-0.783687,-0.735739,-0.0111276,-0.724612
5269.2,-0.0728833,-0.765643,-0.73539,-0.0111805,-0.724209
5269.8,-0.0708837,-0.745778,-0.734973,-0.0112324,-0.723741
5270.4,-0.0648686,-0.723874,-0.73457,-0.0114168,-0.723153
5271,-0.068376,-0.699388,-0.733737,-0.0112826,-0.722455
5271.6,-0.0623773,-0.671972,-0.733094,-0.0114633,-0.721631
5272.2,-0.048364,-0.640939,-0.732569,-0.011921,-0.720648
5272.8,-0.0528712,-0.60546,-0.731224,-0.0117384,-0.719486
5273.4,-0.0643769,-0.564596,-0.729374,-0.0113199,-0.718054
5274,-0.0528712,-0.516558,-0.727987,-0.0116733,-0.716314
5274.6,-0.0548708,-0.459207,-0.725727,-0.0115635,-0.714164
5275.2,-0.0388578,-0.388988,-0.723514,-0.012066,-0.711448
5275.8,-0.0503635,-0.300218,-0.719525,-0.0116015,-0.707923
5276.4,-0.0578701,-0.182812,-0.714431,-0.0112663,-0.703165
5277,-0.0498718,-0.016742,-0.707761,-0.0114154,-0.696346
5277.6,-0.0443648,0.243436,-0.697057,-0.0114167,-0.685641
5278.2,-0.00984771,0.711056,-0.678829,-0.0122714,-0.666558
5278.8,-0.0178624,1.4682,-0.644289,-0.0113751,-0.632914
5279.4,-0.0308596,1.44543,-0.633982,-0.0107762,-0.623206
5280,-0.0128635,-0.114849,-0.699282,-0.0125096,-0.686772
5280.6,0.021162,-0.879216,-0.75111,-0.0148026,-0.736307
5281.2,0.0426655,-0.899066,-0.754705,-0.0158036,-0.738902
5281.8,0.00114991,-0.89142,-0.753076,-0.013996,-0.73908
5282.4,0.040666,-0.882379,-0.754902,-0.0156961,-0.739206
5283,0.0541712,-0.872759,-0.755627,-0.0163151,-0.739312
5283.6,0.0806737,-0.862297,-0.757026,-0.0176084,-0.739417
5284.2,0.0796739,-0.851087,-0.757044,-0.0175451,-0.739499
5284.8,0.074675,-0.838945,-0.756838,-0.0172795,-0.739559
5285.4,0.12119,-0.825613,-0.759364,-0.0197529,-0.739611
5286,0.144709,-0.811244,-0.760733,-0.0211197,-0.739613
5286.6,0.156215,-0.795282,-0.761409,-0.0218085,-0.7396
5287.2,0.391295,-0.776119,-0.78193,-0.0422854,-0.739645
5287.8,0.739925,-0.746834,-0.844301,-0.10447,-0.739831
5288.4,0.950011,-0.709898,-0.906436,-0.1664,-0.740036
5289,0.961008,-0.671226,-0.909901,-0.169729,-0.740172
5289.6,0.869471,-0.633404,-0.879906,-0.139662,-0.740244
5290.2,0.732926,-0.594077,-0.841805,-0.101743,-0.740062
5290.8,0.608379,-0.550063,-0.813874,-0.0744137,-0.73946
5291.4,0.526348,-0.497518,-0.798183,-0.059883,-0.7383
5292,0.459821,-0.433547,-0.786404,-0.0499092,-0.736494
5292.6,0.394803,-0.355194,-0.775488,-0.0415859,-0.733902
5293.2,0.344273,-0.254036,-0.766108,-0.035926,-0.730182
5293.8,0.256242,-0.117741,-0.752573,-0.0278148,-0.724758
5294.4,0.216726,0.0840677,-0.741002,-0.0245518,-0.71645
5295,0.213727,0.421031,-0.726252,-0.0238444,-0.702408
5295.6,0.185717,1.04665,-0.696959,-0.0211587,-0.6758
5296.2,0.182226,1.66086,-0.662088,-0.0198906,-0.642198
5296.8,0.193223,0.878387,-0.688212,-0.0212994,-0.666913
5297.4,0.220725,-0.706772,-0.774197,-0.0258314,-0.748366
5298,0.217234,-0.899345,-0.79144,-0.0261334,-0.765307
5298.6,0.202221,-0.895111,-0.790951,-0.0250373,-0.765914
5299.2,0.189224,-0.885678,-0.79019,-0.0241097,-0.766081
5299.8,0.222233,-0.875318,-0.792688,-0.0264757,-0.766213
5300.4,0.249736,-0.864045,-0.794956,-0.0286084,-0.766347
5301,0.254751,-0.85196,-0.795436,-0.0289962,-0.766439
5301.6,0.254751,-0.838898,-0.79548,-0.0289726,-0.766507
5302.2,0.247244,-0.824901,-0.794843,-0.0283376,-0.766505
5302.8,0.26075,-0.809533,-0.795863,-0.0294152,-0.766448
5303.4,0.284253,-0.792584,-0.797728,-0.0314015,-0.766327
5304,0.31677,-0.773942,-0.800524,-0.0343671,-0.766157
5304.6,0.347272,-0.752997,-0.803292,-0.0373747,-0.765917
5305.2,0.338274,-0.730138,-0.801987,-0.0363968,-0.76559
5305.8,0.357778,-0.704547,-0.803513,-0.0383666,-0.765146
5306.4,0.37879,-0.675504,-0.805153,-0.0405934,-0.76456
5307,0.379298,-0.642617,-0.804365,-0.0405668,-0.763799
5307.6,0.390803,-0.605137,-0.804597,-0.0417783,-0.762819
5308.2,0.388296,-0.561597,-0.802923,-0.0413775,-0.761546
5308.8,0.409308,-0.510024,-0.80361,-0.0436992,-0.759911
5309.4,0.413307,-0.447859,-0.801788,-0.0440096,-0.757778
5310,0.402293,-0.371358,-0.797462,-0.0424951,-0.754967
5310.6,0.48834,-0.27202,-0.80453,-0.053358,-0.751172
5311.2,0.787947,-0.126226,-0.858245,-0.112585,-0.74566
5311.8,1.06254,0.12048,-0.932404,-0.19627,-0.736133
5312.4,1.14458,0.571157,-0.937706,-0.219808,-0.717898
5313,1.13058,1.40662,-0.884451,-0.203332,-0.681119
5313.6,0.98302,1.63109,-0.809581,-0.150238,-0.659343
5314.2,0.875486,0.107771,-0.854953,-0.131587,-0.723366
5314.8,0.773442,-0.906967,-0.904761,-0.113977,-0.790784
5315.4,0.6634,-0.937797,-0.882901,-0.0876354,-0.795266
5316,0.561865,-0.930981,-0.863512,-0.0675538,-0.795958
5316.6,0.498338,-0.922805,-0.853505,-0.0570759,-0.796429
5317.2,0.445824,-0.914248,-0.84629,-0.0495147,-0.796775
5317.8,0.414307,-0.904817,-0.842431,-0.0454071,-0.797024
5318.4,0.400801,-0.894851,-0.840925,-0.0437276,-0.797197
5319,0.332767,-0.88469,-0.833459,-0.0361884,-0.797271
5319.6,0.31577,-0.873735,-0.831744,-0.0344846,-0.797259
5320.2,0.323769,-0.861585,-0.83241,-0.0352391,-0.797171
5320.8,0.338782,-0.848338,-0.833766,-0.0367183,-0.797048
5321.4,0.342273,-0.834195,-0.833931,-0.037045,-0.796886
5322,0.351779,-0.818635,-0.834651,-0.0380017,-0.796649
5322.6,0.364793,-0.801751,-0.835712,-0.0393592,-0.796353
5323.2,0.383789,-0.783337,-0.837409,-0.0414365,-0.795973
5323.8,0.382297,-0.76285,-0.836723,-0.0412131,-0.79551
5324.4,0.412799,-0.740068,-0.839724,-0.0447588,-0.794966
5325,0.370791,-0.715165,-0.834087,-0.0398031,-0.794284
5325.6,0.433319,-0.686524,-0.840664,-0.0471841,-0.79348
5326.2,0.402801,-0.654372,-0.835792,-0.0433138,-0.792478
5326.8,0.43581,-0.617182,-0.838585,-0.0472994,-0.791285
5327.4,0.426812,-0.575038,-0.835838,-0.046031,-0.789807
5328,0.46782,-0.524694,-0.839258,-0.0512931,-0.787965
5328.6,0.510843,-0.463856,-0.842997,-0.0573485,-0.785648
5329.2,0.508844,-0.389352,-0.839458,-0.0567786,-0.782679
5329.8,0.508844,-0.294129,-0.835178,-0.0564419,-0.778736
5330.4,0.539853,-0.166135,-0.834078,-0.0607923,-0.773286
5331,0.563356,0.0187143,-0.829145,-0.0639261,-0.765219
5331.6,0.601873,0.318577,-0.82135,-0.0693535,-0.751997
5332.2,0.567355,0.878476,-0.788317,-0.0612561,-0.72706
5332.8,0.829954,1.64255,-0.797426,-0.109995,-0.687431
5333.4,1.15459,1.24202,-0.90385,-0.208751,-0.695099
5334,1.29713,-0.450049,-1.06679,-0.287027,-0.779758
5334.6,1.27363,-0.873569,-1.10636,-0.29058,-0.815777
5335.2,1.16108,-0.866995,-1.06416,-0.246579,-0.817579
5335.8,1.03653,-0.850857,-1.01688,-0.198702,-0.818176
5336.4,0.889974,-0.834792,-0.966414,-0.147857,-0.818557
5337,0.790947,-0.818275,-0.937126,-0.118349,-0.818777
5337.6,0.714914,-0.799679,-0.917416,-0.0986631,-0.818753
5338.2,0.673398,-0.778874,-0.90751,-0.0889676,-0.818542
5338.8,0.609379,-0.757259,-0.893753,-0.0755782,-0.818175
5339.4,0.572371,-0.733117,-0.886183,-0.0685816,-0.817602
5340,0.52384,-0.706599,-0.877107,-0.0602694,-0.816838
5340.6,0.547851,-0.675668,-0.879949,-0.0640906,-0.815858
5341.2,0.532347,-0.641243,-0.876055,-0.0613918,-0.814663
5341.8,0.54736,-0.601619,-0.876909,-0.0637134,-0.813196
5342.4,0.54436,-0.555422,-0.874406,-0.0630302,-0.811376
5343,0.484324,-0.501644,-0.862666,-0.0535463,-0.80912
5343.6,0.532347,-0.435897,-0.866927,-0.06061,-0.806317
5344.2,0.533346,-0.353817,-0.863146,-0.0604595,-0.802687
5344.8,0.540853,-0.247674,-0.859156,-0.0612628,-0.797893
5345.4,0.533855,-0.10073,-0.850746,-0.0595949,-0.791151
5346,0.57737,0.121633,-0.846824,-0.0658852,-0.780939
5346.6,0.60538,0.506051,-0.832521,-0.0691822,-0.763339
5347.2,0.617377,1.21644,-0.797953,-0.0681559,-0.729797
5347.8,0.620885,1.66306,-0.764043,-0.065749,-0.698294
5348.4,0.616378,0.529813,-0.812919,-0.069173,-0.743746
5349,0.646388,-0.817492,-0.909662,-0.0829126,-0.826749
5349.6,0.702408,-0.900659,-0.932341,-0.0962918,-0.836049
5350.2,0.708407,-0.889769,-0.933952,-0.0976602,-0.836292
5350.8,0.703408,-0.875523,-0.932666,-0.0963869,-0.836279
5351.4,0.728419,-0.859685,-0.938536,-0.102329,-0.836207
5352,0.875486,-0.838958,-0.979388,-0.143346,-0.836042
5352.6,1.27312,-0.799056,-1.12465,-0.289302,-0.835351
5353.2,1.38667,-0.754884,-1.1655,-0.331031,-0.834464
5353.8,1.42068,-0.711261,-1.17596,-0.342204,-0.833756
5354.4,1.33014,-0.666953,-1.14135,-0.308478,-0.83287
5355,1.2021,-0.621811,-1.09052,-0.258698,-0.831819
5355.6,1.06205,-0.57543,-1.03521,-0.204674,-0.830537
5356.2,0.936997,-0.522259,-0.988839,-0.160111,-0.828729
5356.8,0.855474,-0.458295,-0.960219,-0.133952,-0.826267
5357.4,0.801452,-0.379476,-0.940943,-0.117985,-0.822958
5358,0.769935,-0.277311,-0.927356,-0.108942,-0.818414
5358.6,0.736925,-0.138896,-0.911884,-0.099857,-0.812027
5359.2,0.712914,0.065329,-0.895478,-0.0930422,-0.802436
5359.8,0.676397,0.403766,-0.869773,-0.0833021,-0.786471
5360.4,0.747431,1.04347,-0.851242,-0.0951488,-0.756094
5361,0.707407,1.69054,-0.798371,-0.0818105,-0.716561
5361.6,0.709423,0.893814,-0.829798,-0.0853567,-0.744441
5362.2,0.72342,-0.715905,-0.936129,-0.0992135,-0.836916
5362.8,0.708407,-0.902967,-0.953183,-0.0977139,-0.85547
5363.4,0.759429,-0.893423,-0.966224,-0.110439,-0.855785
5364,0.773442,-0.878323,-0.969636,-0.114041,-0.855595
5364.6,0.796454,-0.861874,-0.975567,-0.120199,-0.855369
5365.2,0.81345,-0.84361,-0.979893,-0.124843,-0.85505
5365.8,0.846967,-0.82284,-0.98912,-0.134475,-0.854645
5366.4,0.880485,-0.79971,-0.998707,-0.144551,-0.854155
5367,0.920492,-0.773556,-1.0107,-0.157167,-0.853529
5367.6,0.925999,-0.745232,-1.01149,-0.158706,-0.852785
5368.2,0.964516,-0.711617,-1.02317,-0.171366,-0.851806
5368.8,1.21261,-0.662438,-1.11379,-0.263486,-0.850307
5369.4,1.48221,-0.591787,-1.20825,-0.360381,-0.847865
5370,1.58874,-0.51027,-1.23556,-0.390612,-0.844948
5370.6,1.51071,-0.418184,-1.20688,-0.36545,-0.841426
5371.2,1.34966,-0.309125,-1.14565,-0.308761,-0.836892
5371.8,1.23862,-0.168283,-1.09591,-0.265222,-0.830684
5372.4,1.02953,0.024676,-1.00731,-0.185713,-0.821596
5373,0.963008,0.338849,-0.966766,-0.160075,-0.806691
5373.6,0.876485,0.925594,-0.90716,-0.128754,-0.778406
5374.2,0.859473,1.66038,-0.85303,-0.117184,-0.735846
5374.8,0.807959,1.11823,-0.856841,-0.106368,-0.750473
5375.4,0.771934,-0.585053,-0.954094,-0.109979,-0.844115
5376,0.794946,-0.898999,-0.993401,-0.12,-0.873401
5376.6,0.777441,-0.893111,-0.989153,-0.115217,-0.873936
5377.2,0.75143,-0.879285,-0.981896,-0.108262,-0.873633
5377.8,0.761428,-0.863686,-0.983994,-0.110756,-0.873237
5378.4,0.790947,-0.845604,-0.991279,-0.118554,-0.872724
5379,0.806959,-0.826458,-0.99502,-0.122871,-0.872149
5379.6,0.838461,-0.805069,-1.00328,-0.1318,-0.871478
5380.2,0.829954,-0.782158,-0.999811,-0.129116,-0.870695
5380.8,0.843968,-0.755494,-1.00277,-0.133019,-0.869749
5381.4,0.84446,-0.726434,-1.0016,-0.132924,-0.868672
5382,0.876977,-0.691847,-1.00983,-0.14249,-0.867342
5382.6,0.907987,-0.652995,-1.01774,-0.151933,-0.865811
5383.2,0.943504,-0.60687,-1.02706,-0.163139,-0.863919
5383.8,1.00803,-0.54903,-1.04626,-0.184779,-0.861477
5384.4,1.06254,-0.47899,-1.0621,-0.203646,-0.858452
5385,1.15108,-0.388621,-1.09003,-0.23558,-0.854453
5385.6,1.4797,-0.247902,-1.20025,-0.352011,-0.848237
5386.2,1.7108,-0.0311014,-1.2473,-0.409078,-0.838227
5386.8,1.7198,0.324949,-1.22364,-0.402182,-0.821454
5387.4,1.61775,1.01565,-1.15107,-0.362798,-0.788276
5388,1.41368,1.78226,-1.02754,-0.286727,-0.740809
5388.6,1.25162,0.943405,-1.01601,-0.245108,-0.770905
5389.2,1.09755,-0.766592,-1.09207,-0.218359,-0.873711
5389.8,0.988019,-0.942725,-1.07469,-0.182097,-0.892589
5390.4,0.900988,-0.935553,-1.04523,-0.152338,-0.892895
5391,0.857965,-0.924286,-1.03139,-0.138666,-0.892725
5391.6,0.821956,-0.912043,-1.02023,-0.127825,-0.892402
5392.2,0.820956,-0.897818,-1.01937,-0.127422,-0.891948
5392.8,0.830954,-0.882757,-1.02169,-0.130218,-0.891472
5393.4,0.831954,-0.866456,-1.02129,-0.13038,-0.890911
5394,0.80596,-0.849771,-1.01305,-0.122765,-0.890288
5394.6,0.836969,-0.830606,-1.02113,-0.131568,-0.889564
5395.2,0.857473,-0.809194,-1.02626,-0.137533,-0.888723
5395.8,0.794454,-0.78744,-1.00686,-0.119086,-0.887771
5396.4,0.837969,-0.761702,-1.018,-0.131297,-0.886707
5397,0.859473,-0.732455,-1.02292,-0.137479,-0.885437
5397.6,0.867979,-0.700415,-1.02382,-0.139795,-0.884029
5398.2,0.892482,-0.662748,-1.02941,-0.14708,-0.88233
5398.8,0.928999,-0.619494,-1.03882,-0.158454,-0.880368
5399.4,0.893482,-0.569545,-1.0245,-0.146537,-0.877968
5400,0.964516,-0.508258,-1.04431,-0.169206,-0.8751
5400.6,1.01654,-0.42918,-1.05769,-0.18641,-0.871283
5401.2,1.07905,-0.329038,-1.07424,-0.207798,-0.866445
5401.8,1.13107,-0.192836,-1.085,-0.225251,-0.859747
5402.4,1.23611,0.0127146,-1.11105,-0.26141,-0.849645
5403,1.51572,0.392609,-1.18061,-0.34931,-0.831299
5403.6,1.77082,1.17909,-1.18367,-0.391072,-0.792595
5404.2,1.77131,1.81843,-1.11587,-0.368401,-0.747468
5404.8,1.61526,0.647982,-1.15666,-0.359597,-0.797066
5405.4,1.40317,-0.863166,-1.23427,-0.337255,-0.897018
5406,1.1996,-0.950348,-1.1707,-0.26302,-0.907685
5406.6,1.05004,-0.942012,-1.11271,-0.204871,-0.907841
5407.2,0.966007,-0.930851,-1.08186,-0.174229,-0.907636
5407.8,0.912986,-0.919877,-1.06348,-0.156121,-0.907356
5408.4,0.87247,-0.906879,-1.04985,-0.143,-0.906855
5409,0.880976,-0.891746,-1.0518,-0.145536,-0.906266
5409.6,0.870978,-0.87668,-1.04792,-0.142271,-0.905644
5410.2,0.816957,-0.861117,-1.0309,-0.12598,-0.90492
5410.8,0.836461,-0.842959,-1.03562,-0.131516,-0.904106
5411.4,0.839461,-0.823226,-1.03544,-0.132241,-0.903195
5412,0.799453,-0.802151,-1.02274,-0.120578,-0.90216
5412.6,0.867979,-0.777033,-1.04148,-0.140463,-0.901018
5413.2,0.860472,-0.750351,-1.03766,-0.137933,-0.899727
5413.8,0.871978,-0.721373,-1.03955,-0.141208,-0.898344
5414.4,0.898481,-0.686436,-1.04583,-0.149201,-0.896631
5415,0.910986,-0.647752,-1.04758,-0.152849,-0.894726
5415.6,0.889974,-0.603672,-1.03824,-0.145748,-0.892491
5416.2,0.927491,-0.550516,-1.04711,-0.157275,-0.889833
5416.8,0.942996,-0.4862,-1.04829,-0.161744,-0.886546
5417.4,0.969006,-0.405676,-1.05207,-0.169641,-0.882429
5418,0.993526,-0.30356,-1.05412,-0.176935,-0.877181
5418.6,1.00503,-0.16457,-1.04936,-0.179371,-0.869984
5419.2,0.993018,0.0397957,-1.03244,-0.17304,-0.859404
5419.8,1.02403,0.383886,-1.02173,-0.179835,-0.841899
5420.4,1.08105,1.04885,-0.999563,-0.191469,-0.808094
5421,1.14058,1.73219,-0.963377,-0.200022,-0.763355
5421.6,1.39067,0.927365,-1.08513,-0.291573,-0.793553
5422.2,1.64576,-0.687249,-1.29868,-0.406009,-0.892675
5422.8,1.71829,-0.870039,-1.34541,-0.432392,-0.91302
5423.4,1.63326,-0.845398,-1.32382,-0.41101,-0.912806
5424,1.44318,-0.818478,-1.26433,-0.352289,-0.912046
5424.6,1.27914,-0.793852,-1.20276,-0.291463,-0.911294
5425.2,1.11007,-0.770367,-1.13578,-0.225376,-0.910404
5425.8,1.03953,-0.744244,-1.10781,-0.198493,-0.909315
5426.4,0.963008,-0.714894,-1.07875,-0.17087,-0.907883
5427,0.905987,-0.683776,-1.05788,-0.151577,-0.906305
5427.6,0.850966,-0.6483,-1.0386,-0.134205,-0.904398
5428.2,0.859964,-0.606193,-1.03868,-0.136548,-0.902134
5428.8,0.832462,-0.558098,-1.02752,-0.128043,-0.899477
5429.4,0.823464,-0.500606,-1.02131,-0.125015,-0.896294
5430,0.815957,-0.430527,-1.01479,-0.122361,-0.892427
5430.6,0.821465,-0.344817,-1.01097,-0.123248,-0.887719
5431.2,0.797945,-0.230749,-0.997395,-0.115955,-0.88144
5431.8,0.764936,-0.0755758,-0.979297,-0.106324,-0.872973
5432.4,0.773442,0.164874,-0.967039,-0.10688,-0.860158
5433,0.796945,0.591124,-0.948014,-0.109985,-0.838029
5433.6,0.738433,1.34668,-0.888299,-0.0911501,-0.797149
5434.2,0.776441,1.59151,-0.867389,-0.096467,-0.770923
5434.8,0.770443,0.226289,-0.938119,-0.103034,-0.835085
5435.4,0.780949,-0.854736,-1.02918,-0.115537,-0.913643
5436,0.738925,-0.897596,-1.02397,-0.105187,-0.918779
5436.6,0.748431,-0.886501,-1.02572,-0.107542,-0.918175
5437.2,0.700409,-0.873602,-1.01301,-0.095666,-0.917347
5437.8,0.721912,-0.859595,-1.01724,-0.10073,-0.91651
5438.4,0.734926,-0.844084,-1.01942,-0.103844,-0.915573
5439,0.731926,-0.827556,-1.01756,-0.10299,-0.91457
5439.6,0.713422,-0.810352,-1.01189,-0.0983716,-0.913515
5440.2,0.717913,-0.790734,-1.01165,-0.0993292,-0.912319
5440.8,0.715422,-0.76908,-1.00963,-0.0985953,-0.911032
5441.4,0.728927,-0.745477,-1.01139,-0.101726,-0.909662
5442,0.686412,-0.720289,-0.999682,-0.0915474,-0.908135
5442.6,0.715422,-0.690922,-1.00454,-0.0981171,-0.906426
5443.2,0.713422,-0.658543,-1.00197,-0.0974442,-0.904528
5443.8,0.712422,-0.620847,-0.999311,-0.0969773,-0.902334
5444.4,0.689903,-0.578221,-0.991374,-0.0915236,-0.899851
5445,0.704408,-0.528965,-0.991575,-0.0945551,-0.89702
5445.6,0.69541,-0.469894,-0.98576,-0.0921494,-0.89361
5446.2,0.710423,-0.397274,-0.984654,-0.0951687,-0.889485
5446.8,0.674906,-0.306161,-0.971023,-0.086702,-0.884321
5447.4,0.668399,-0.186552,-0.962322,-0.0846763,-0.877646
5448,0.639897,-0.0172546,-0.946339,-0.0780022,-0.868336
5448.6,0.639389,0.247099,-0.930817,-0.076645,-0.854172
5449.2,0.628391,0.720187,-0.901824,-0.0723936,-0.829431
5449.8,0.588367,1.47804,-0.848622,-0.0619735,-0.786648
5450.4,0.597873,1.42864,-0.837941,-0.0626139,-0.775327
5451,0.564356,-0.140418,-0.917888,-0.0632836,-0.854604
5451.6,0.567864,-0.874895,-0.981664,-0.0682773,-0.913387
5452.2,0.521349,-0.89265,-0.97604,-0.0605672,-0.915473
5452.8,0.537854,-0.883528,-0.97795,-0.0632377,-0.914713
5453.4,0.505336,-0.873828,-0.971833,-0.057975,-0.913859
5454,0.49483,-0.863641,-0.96928,-0.0563344,-0.912946
5454.6,0.495338,-0.852266,-0.968341,-0.056371,-0.91197
5455.2,0.473327,-0.840519,-0.964044,-0.0530953,-0.910949
5455.8,0.444316,-0.828244,-0.958922,-0.0490476,-0.909874
5456.4,0.398294,-0.815131,-0.951922,-0.04321,-0.908712
5457,0.402801,-0.800682,-0.951197,-0.0437098,-0.907487
5457.6,0.395802,-0.785379,-0.94902,-0.0428357,-0.906185
5458.2,0.382297,-0.768587,-0.946016,-0.0412263,-0.90479
5458.8,0.341781,-0.750558,-0.940092,-0.0368,-0.903292
5459.4,0.326768,-0.730404,-0.936934,-0.0352447,-0.90169
5460,0.343781,-0.708675,-0.936882,-0.0369095,-0.899973
5460.6,0.324277,-0.68438,-0.932982,-0.0348999,-0.898082
5461.2,0.321277,-0.65708,-0.930581,-0.0345491,-0.896032
5461.8,0.297758,-0.626522,-0.926073,-0.0322807,-0.893792
5462.4,0.305265,-0.591616,-0.924207,-0.0328972,-0.89131
5463,0.276254,-0.55175,-0.918764,-0.030241,-0.888523
5463.6,0.270256,-0.505,-0.914994,-0.029646,-0.885349
5464.2,0.251243,-0.449601,-0.90968,-0.0279952,-0.881684
5464.8,0.214235,-0.382389,-0.902446,-0.0250928,-0.877354
5465.4,0.201221,-0.297755,-0.896139,-0.02405,-0.872089
5466,0.18021,-0.186893,-0.887932,-0.0224904,-0.865441
5466.6,0.172211,-0.0326354,-0.878314,-0.0217707,-0.856543
5467.2,0.17621,0.202895,-0.865237,-0.0217036,-0.843533
5467.8,0.163213,0.609992,-0.842338,-0.0203902,-0.821948
5468.4,0.124697,1.30438,-0.801585,-0.0174253,-0.784159
5469,0.0936873,1.53516,-0.775242,-0.0154497,-0.759793
5469.6,0.0696761,0.262062,-0.832825,-0.0155155,-0.817309
5470.2,0.0676765,-0.826384,-0.909398,-0.0168606,-0.892538
5470.8,0.0151633,-0.883582,-0.912444,-0.0145714,-0.897873
5471.4,0.0281605,-0.879231,-0.911981,-0.0151313,-0.89685
5472,-0.00535688,-0.873248,-0.909372,-0.0137165,-0.895655
5472.6,-0.0373664,-0.867019,-0.906898,-0.0124857,-0.894412
5473.2,-0.0443648,-0.860316,-0.905376,-0.0122272,-0.893149
5473.8,-0.073375,-0.853462,-0.903033,-0.0112252,-0.891808
5474.4,-0.0573784,-0.846022,-0.902198,-0.0117591,-0.890439
5475,-0.0663765,-0.838143,-0.900491,-0.0114472,-0.889044
5475.6,-0.107384,-0.829906,-0.897737,-0.0101426,-0.887595
5476.2,-0.132903,-0.821118,-0.895495,-0.00940335,-0.886091
5476.8,-0.190923,-0.811807,-0.892438,-0.00791929,-0.884519
5477.4,-0.165912,-0.801741,-0.891418,-0.00852095,-0.882897
5478,-0.181417,-0.79095,-0.889363,-0.00813422,-0.881228
5478.6,-0.220933,-0.779388,-0.886736,-0.00723227,-0.879503
5479.2,-0.217934,-0.76687,-0.885002,-0.00729102,-0.877711
5479.8,-0.253943,-0.753352,-0.882398,-0.0065483,-0.87585
5480.4,-0.239946,-0.738561,-0.880754,-0.00681913,-0.873935
5481,-0.241945,-0.722455,-0.878707,-0.00677205,-0.871935
5481.6,-0.276462,-0.704809,-0.875956,-0.00610697,-0.869849
5482.2,-0.287968,-0.685337,-0.873549,-0.00589493,-0.867654
5482.8,-0.313471,-0.663799,-0.870782,-0.00545796,-0.865324
5483.4,-0.31747,-0.639704,-0.868241,-0.00538541,-0.862855
5484,-0.290459,-0.612521,-0.866086,-0.0058249,-0.860261
5484.6,-0.329467,-0.581763,-0.862642,-0.00517809,-0.857464
5485.2,-0.339481,-0.546565,-0.859409,-0.00501526,-0.854394
5485.8,-0.372982,-0.505629,-0.855568,-0.0045283,-0.85104
5486.4,-0.337482,-0.457315,-0.852343,-0.00501697,-0.847326
5487,-0.339973,-0.399328,-0.848059,-0.0049619,-0.843097
5487.6,-0.378489,-0.327911,-0.842572,-0.00440538,-0.838167
5488.2,-0.393503,-0.236952,-0.836415,-0.00418906,-0.832226
5488.8,-0.43251,-0.11552,-0.828446,-0.00370167,-0.824744
5489.4,-0.442017,0.0580476,-0.818239,-0.00355971,-0.814679
5490,-0.454014,0.332466,-0.803147,-0.00337692,-0.79977
5490.6,-0.449015,0.81649,-0.778081,-0.0033254,-0.774756
5491.2,-0.499545,1.48111,-0.739682,-0.00272509,-0.736957
5491.8,-0.518541,1.25337,-0.738076,-0.00257395,-0.735502
5492.4,-0.525556,-0.293491,-0.813815,-0.00278383,-0.811032
5493,-0.499545,-0.854842,-0.856845,-0.00317144,-0.853673
5493.6,-0.569071,-0.872452,-0.856754,-0.00258296,-0.854171
5494.2,-0.513542,-0.870424,-0.85577,-0.00304813,-0.852722
5494.8,-0.571071,-0.867912,-0.853773,-0.00256692,-0.851206
5495.4,-0.569563,-0.865303,-0.852263,-0.00257808,-0.849685
5496,-0.591066,-0.862623,-0.850563,-0.00241736,-0.848146
5496.6,-0.622076,-0.859878,-0.848786,-0.00220314,-0.846583
5497.2,-0.623076,-0.85703,-0.847215,-0.00219618,-0.845019
5497.8,-0.617077,-0.854096,-0.845679,-0.00223548,-0.843443
5498.4,-0.631582,-0.851064,-0.844008,-0.00214027,-0.841868
5499,-0.654102,-0.847926,-0.84228,-0.00200059,-0.840279
5499.6,-0.670607,-0.844668,-0.840592,-0.00190391,-0.838688
5500.2,-0.629583,-0.841281,-0.839234,-0.00215177,-0.837082
5500.8,-0.657101,-0.837748,-0.837488,-0.00198147,-0.835507
5501.4,-0.651594,-0.83407,-0.835937,-0.00201389,-0.833923
5502,-0.662592,-0.83023,-0.834289,-0.0019483,-0.83234
5502.6,-0.697109,-0.826246,-0.832467,-0.00175685,-0.830711
5503.2,-0.708123,-0.822059,-0.83077,-0.00169949,-0.829071
5503.8,-0.689602,-0.817653,-0.829238,-0.00179576,-0.827442
5504.4,-0.707123,-0.813034,-0.827514,-0.00170361,-0.82581
5505,-0.713614,-0.808178,-0.825826,-0.00167036,-0.824155
5505.6,-0.713614,-0.803039,-0.824184,-0.00166982,-0.822514
5506.2,-0.670099,-0.7976,-0.822768,-0.00190118,-0.820866
5506.8,-0.730626,-0.791875,-0.820777,-0.00158588,-0.819191
5507.4,-0.732626,-0.785791,-0.819059,-0.00157582,-0.817483
5508,-0.752638,-0.779335,-0.817236,-0.00148366,-0.815752
5508.6,-0.788155,-0.772462,-0.81532,-0.00133351,-0.813986
5509.2,-0.758129,-0.765098,-0.813687,-0.00145819,-0.812229
5509.8,-0.777649,-0.757239,-0.811811,-0.00137479,-0.810436
5510.4,-0.795645,-0.748821,-0.809886,-0.00130203,-0.808584
5511,-0.800644,-0.739763,-0.807979,-0.00128196,-0.806697
5511.6,-0.800644,-0.729999,-0.806048,-0.00128118,-0.804767
5512.2,-0.819165,-0.719437,-0.804013,-0.00121129,-0.802802
5512.8,-0.852666,-0.707988,-0.801871,-0.00109493,-0.800776
5513.4,-0.859681,-0.695511,-0.799784,-0.00107134,-0.798713
5514,-0.865679,-0.681893,-0.797616,-0.00105137,-0.796564
5514.6,-0.858664,-0.666936,-0.795439,-0.00107268,-0.794366
5515.2,-0.881676,-0.650459,-0.793088,-0.00100023,-0.792088
5515.8,-0.906195,-0.632205,-0.790645,-0.000928354,-0.789717
5516.4,-0.900196,-0.61186,-0.788194,-0.000943974,-0.78725
5517,-0.887183,-0.58904,-0.785652,-0.000980078,-0.784672
5517.6,-0.89069,-0.563245,-0.782943,-0.000968268,-0.781975
5518.2,-0.897689,-0.53385,-0.780055,-0.000946437,-0.779108
5518.8,-0.89918,-0.499997,-0.776979,-0.000940216,-0.776039
5519.4,-0.904687,-0.460541,-0.773623,-0.000922547,-0.772701
5520,-0.906195,-0.413844,-0.769942,-0.000915698,-0.769026
5520.6,-0.907687,-0.357516,-0.765834,-0.000908394,-0.764926
5521.2,-0.916193,-0.287902,-0.7611,-0.000881682,-0.760218
5521.8,-0.922192,-0.199003,-0.755501,-0.000861166,-0.75464
5522.4,-0.935697,-0.080238,-0.74852,-0.000820902,-0.747699
5523,-0.932698,0.0891296,-0.739332,-0.000819603,-0.738512
5523.6,-0.936697,0.354043,-0.725926,-0.00079662,-0.72513
5524.2,-0.9227,0.808266,-0.704231,-0.000807295,-0.703424
5524.8,-0.941696,1.41302,-0.672619,-0.000729777,-0.67189
5525.4,-0.942712,1.23059,-0.670056,-0.000726099,-0.66933
5526,-0.930206,-0.212356,-0.732899,-0.000825942,-0.732073
5526.6,-0.958708,-0.824448,-0.773369,-0.000801729,-0.772567
5527.2,-0.939204,-0.852311,-0.77444,-0.000852588,-0.773587
5527.8,-0.925699,-0.855086,-0.773283,-0.000887966,-0.772395
5528.4,-0.957709,-0.857413,-0.771931,-0.000806905,-0.771124
5529,-0.95171,-0.859936,-0.770693,-0.000821664,-0.769871
5529.6,-0.947203,-0.862683,-0.769477,-0.000832974,-0.768645
5530.2,-0.984719,-0.865671,-0.768193,-0.00074457,-0.767448
5530.8,-0.992226,-0.868923,-0.766945,-0.000728161,-0.766217
5531.4,-1.02173,-0.872441,-0.76565,-0.000666708,-0.764983
5532,-0.993717,-0.876224,-0.76451,-0.000725244,-0.763785
5532.6,-0.997225,-0.880291,-0.763336,-0.000717845,-0.762618
5533.2,-1.02224,-0.884656,-0.762136,-0.000666201,-0.761469
5533.8,-1.04374,-0.889335,-0.760933,-0.000624812,-0.760308
5534.4,-0.998732,-0.894314,-0.75991,-0.000715233,-0.759195
5535,-1.03123,-0.899629,-0.758739,-0.000649084,-0.75809
5535.6,-1.04625,-0.90528,-0.757615,-0.000620751,-0.756995
5536.2,-1.02523,-0.911278,-0.756552,-0.000661336,-0.755891
5536.8,-1.05824,-0.917632,-0.755398,-0.000599291,-0.754799
5537.4,-1.07275,-0.924346,-0.754296,-0.00057404,-0.753722
5538,-1.03074,-0.93142,-0.753326,-0.000651329,-0.752675
5538.6,-1.07175,-0.938866,-0.752234,-0.000576283,-0.751657
5539.2,-1.05274,-0.946675,-0.751302,-0.000610365,-0.750691
5539.8,-1.06224,-0.954863,-0.750331,-0.000593526,-0.749737
5540.4,-1.06926,-0.96343,-0.749369,-0.00058149,-0.748787
5541,-1.04374,-0.972365,-0.748498,-0.000628049,-0.74787
5541.6,-1.03674,-0.981667,-0.747647,-0.00064173,-0.747005
5542.2,-1.05274,-0.991342,-0.746757,-0.000612063,-0.746145
5542.8,-1.06424,-1.00138,-0.745889,-0.000591689,-0.745297
5543.4,-1.07426,-1.01177,-0.745045,-0.000574567,-0.74447
5544,-1.04625,-1.0225,-0.7443,-0.000625293,-0.743675
5544.6,-1.07175,-1.03357,-0.743463,-0.000579686,-0.742883
5545.2,-1.06424,-1.04496,-0.742699,-0.000593293,-0.742106
5545.8,-1.05375,-1.05665,-0.741977,-0.000612682,-0.741365
5546.4,-1.01973,-1.06863,-0.741346,-0.000678946,-0.740667
5547,-1.02274,-1.08087,-0.740683,-0.00067335,-0.74001
5547.6,-0.991718,-1.09337,-0.740108,-0.000739515,-0.739369
5548.2,-1.00173,-1.10611,-0.739455,-0.000718224,-0.738737
5548.8,-1.04974,-1.11907,-0.738725,-0.000622502,-0.738103
5549.4,-1.05025,-1.13221,-0.738093,-0.00062206,-0.737471
5550,-1.07326,-1.14552,-0.737435,-0.000581089,-0.736854
5550.6,-1.05675,-1.15898,-0.736838,-0.00061106,-0.736227
5551.2,-1.08276,-1.17256,-0.736182,-0.000565713,-0.735616
5551.8,-1.06875,-1.18625,-0.735581,-0.000590475,-0.73499
5552.4,-1.09176,-1.2,-0.734936,-0.000551596,-0.734385
5553,-1.07226,-1.21381,-0.734362,-0.000585296,-0.733777
5553.6,-1.10227,-1.22764,-0.733703,-0.000535411,-0.733167
5554.2,-1.11077,-1.24148,-0.733082,-0.000522379,-0.732559
5554.8,-1.11077,-1.2553,-0.732471,-0.000522823,-0.731948
5555.4,-1.08625,-1.26907,-0.731925,-0.000563166,-0.731362
5556,-1.12226,-1.28278,-0.731251,-0.000505981,-0.730745
5556.6,-1.12377,-1.29641,-0.730636,-0.000504122,-0.730131
5557.2,-1.13828,-1.30993,-0.729986,-0.000483076,-0.729503
5557.8,-1.11426,-1.32333,-0.729414,-0.000519549,-0.728894
5558.4,-1.09576,-1.33658,-0.728845,-0.000549623,-0.728296
5559,-1.07575,-1.34967,-0.728293,-0.000584063,-0.727709
5559.6,-1.13028,-1.36259,-0.727593,-0.000496397,-0.727096
5560.2,-1.10827,-1.37533,-0.727012,-0.000530664,-0.726481
5560.8,-1.10327,-1.38785,-0.72642,-0.000539087,-0.725881
5561.4,-1.08126,-1.40017,-0.725867,-0.000576282,-0.72529
5562,-1.08776,-1.41226,-0.725246,-0.000565572,-0.724681
5562.6,-1.09727,-1.42412,-0.724626,-0.000550085,-0.724076
5563.2,-1.11027,-1.43573,-0.723976,-0.000529445,-0.723447
5563.8,-1.08976,-1.44709,-0.723413,-0.00056339,-0.722849
5564.4,-1.08476,-1.4582,-0.722809,-0.000572282,-0.722237
5565,-1.11227,-1.46905,-0.72214,-0.000527353,-0.721613
5565.6,-1.12777,-1.47964,-0.72149,-0.000503732,-0.720987
5566.2,-1.08026,-1.48995,-0.72094,-0.000581188,-0.720359
5566.8,-1.09676,-1.5,-0.720291,-0.000553479,-0.719737
5567.4,-1.07876,-1.50978,-0.719666,-0.000584497,-0.719082
5568,-1.10427,-1.51929,-0.718963,-0.000541802,-0.718422
5568.6,-1.12877,-1.52853,-0.718235,-0.000503722,-0.717731
5569.2,-1.08676,-1.5375,-0.717627,-0.000571617,-0.717055
5569.8,-1.06775,-1.54621,-0.716972,-0.000605451,-0.716367
5570.4,-1.11127,-1.55465,-0.716199,-0.000531698,-0.715668
5571,-1.10677,-1.56283,-0.715483,-0.00053917,-0.714944
5571.6,-1.13277,-1.57076,-0.714691,-0.000498999,-0.714192
5572.2,-1.10476,-1.57842,-0.714005,-0.000542951,-0.713462
5572.8,-1.10577,-1.58584,-0.713274,-0.000541544,-0.712732
5573.4,-1.13379,-1.59302,-0.71247,-0.000498153,-0.711971
5574,-1.13578,-1.59995,-0.711671,-0.000495385,-0.711175
5574.6,-1.1803,-1.60665,-0.710778,-0.000433681,-0.710345
5575.2,-1.23181,-1.61313,-0.709809,-0.00037177,-0.709438
5575.8,-1.26082,-1.61939,-0.708822,-0.000340931,-0.708481
5576.4,-1.29934,-1.62544,-0.707777,-0.000303859,-0.707473
5577,-1.31735,-1.63127,-0.706722,-0.000287985,-0.706434
5577.6,-1.34285,-1.6369,-0.705635,-0.000266875,-0.705368
5578.2,-1.34585,-1.64233,-0.704543,-0.000264572,-0.704278
5578.8,-1.38186,-1.64757,-0.703408,-0.000237568,-0.703171
5579.4,-1.33435,-1.65262,-0.702357,-0.00027403,-0.702083
5580,-1.32735,-1.65749,-0.701278,-0.000279923,-0.700999
5580.6,-1.33935,-1.66218,-0.700183,-0.000270109,-0.699913
5581.2,-1.33386,-1.66669,-0.699115,-0.000274667,-0.698841
5581.8,-1.31384,-1.67104,-0.698064,-0.00029173,-0.697772
5582.4,-1.30334,-1.67522,-0.697003,-0.000301142,-0.696702
5583,-1.30885,-1.67925,-0.695942,-0.000296282,-0.695645
5583.6,-1.27733,-1.68312,-0.694925,-0.000325723,-0.6946
5584.2,-1.25933,-1.68685,-0.693943,-0.000343857,-0.693599
5584.8,-1.25982,-1.69043,-0.692928,-0.000343425,-0.692584
5585.4,-1.28683,-1.69387,-0.691905,-0.000316775,-0.691589
5586,-1.28834,-1.69718,-0.690889,-0.000315409,-0.690574
5586.6,-1.26982,-1.70036,-0.689913,-0.000333483,-0.68958
5587.2,-1.26582,-1.70342,-0.68894,-0.000337568,-0.688602
5587.8,-1.25432,-1.70636,-0.687977,-0.000349478,-0.687628
5588.4,-1.23281,-1.70918,-0.687041,-0.000372813,-0.686668
5589,-1.25183,-1.71189,-0.686075,-0.000352215,-0.685723
5589.6,-1.27384,-1.71449,-0.685104,-0.000329773,-0.684774
5590.2,-1.27633,-1.71699,-0.684129,-0.000327368,-0.683802
5590.8,-1.27333,-1.71939,-0.683145,-0.000330373,-0.682814
5591.4,-1.28983,-1.7217,-0.682144,-0.000314466,-0.68183
5592,-1.25332,-1.72392,-0.681219,-0.000350898,-0.680869
5592.6,-1.26933,-1.72604,-0.680274,-0.000334492,-0.67994
5593.2,-1.24932,-1.72809,-0.679361,-0.000355219,-0.679006
5593.8,-1.29634,-1.73005,-0.678345,-0.000308546,-0.678037
5594.4,-1.26033,-1.73194,-0.677417,-0.000343761,-0.677074
5595,-1.25532,-1.73375,-0.676479,-0.000349007,-0.67613
5595.6,-1.26833,-1.73549,-0.675532,-0.000335687,-0.675196
5596.2,-1.33086,-1.73716,-0.674496,-0.000278328,-0.674218
5596.8,-1.30083,-1.73877,-0.673531,-0.000304579,-0.673227
5597.4,-1.33186,-1.74032,-0.672488,-0.000277548,-0.67221
5598,-1.36937,-1.74181,-0.671402,-0.000248039,-0.671154
5598.6,-1.42989,-1.74325,-0.670245,-0.000206895,-0.670038
5599.2,-1.42589,-1.74464,-0.669096,-0.000209409,-0.668886
5599.8,-1.47891,-1.74598,-0.667889,-0.000178638,-0.66771
5600.4,-1.44239,-1.74727,-0.666747,-0.000199328,-0.666548
5601,-1.46089,-1.74852,-0.66558,-0.000188582,-0.665391
5601.6,-1.41689,-1.74972,-0.664469,-0.000215202,-0.664254
5602.2,-1.42438,-1.75088,-0.663334,-0.000210437,-0.663124
5602.8,-1.41738,-1.752,-0.662212,-0.000214915,-0.661998
5603.4,-1.41138,-1.75308,-0.66109,-0.00021883,-0.660871
5604,-1.42389,-1.75412,-0.659979,-0.000210789,-0.659768
5604.6,-1.41838,-1.75513,-0.658884,-0.000214312,-0.65867
5605.2,-1.43439,-1.7561,-0.65779,-0.000204275,-0.657585
5605.8,-1.41838,-1.75703,-0.656734,-0.000214336,-0.65652
5606.4,-1.41538,-1.75794,-0.655687,-0.000216284,-0.655471
5607,-1.36487,-1.75881,-0.654672,-0.000251671,-0.65442
5607.6,-1.40487,-1.75965,-0.653608,-0.00022323,-0.653384
5608.2,-1.38788,-1.76046,-0.652579,-0.000234914,-0.652344
5608.8,-1.40088,-1.76125,-0.651554,-0.000225945,-0.651328
5609.4,-1.37786,-1.762,-0.650569,-0.000242098,-0.650327
5610,-1.36587,-1.76273,-0.6496,-0.000250977,-0.649349
5610.6,-1.38388,-1.76344,-0.648577,-0.00023779,-0.64834
5611.2,-1.40287,-1.76412,-0.647576,-0.000224633,-0.647351
5611.8,-1.36836,-1.76478,-0.646598,-0.00024914,-0.646349
5612.4,-1.38937,-1.76542,-0.645609,-0.000233935,-0.645375
5613,-1.36687,-1.76603,-0.644678,-0.000250275,-0.644428
5613.6,-1.38337,-1.76663,-0.643708,-0.000238199,-0.64347
5614.2,-1.35636,-1.7672,-0.642779,-0.000258303,-0.642521
5614.8,-1.36736,-1.76776,-0.641834,-0.000249932,-0.641584
5615.4,-1.33835,-1.7683,-0.640926,-0.000272656,-0.640654
5616,-1.37786,-1.76882,-0.639985,-0.000242197,-0.639742
5616.6,-1.40538,-1.76932,-0.639017,-0.000223019,-0.638794
5617.2,-1.38337,-1.76981,-0.638104,-0.000238244,-0.637866
5617.8,-1.34336,-1.77028,-0.637248,-0.000268619,-0.63698
5618.4,-1.35887,-1.77074,-0.636344,-0.000256423,-0.636087
5619,-1.33535,-1.77118,-0.635493,-0.000275167,-0.635218
5619.6,-1.36387,-1.77161,-0.634603,-0.000252621,-0.63435
5620.2,-1.31534,-1.77202,-0.633799,-0.000292199,-0.633506
5620.8,-1.35136,-1.77241,-0.632931,-0.000262286,-0.632669
5621.4,-1.30134,-1.77279,-0.632194,-0.000304737,-0.63189
5622,-1.31085,-1.77316,-0.631402,-0.00029618,-0.631106
5622.6,-1.33286,-1.77352,-0.630595,-0.000277269,-0.630318
5623.2,-1.39637,-1.77387,-0.629668,-0.000229193,-0.629438
5623.8,-1.40687,-1.77421,-0.628768,-0.000222089,-0.628546
5624.4,-1.42989,-1.77455,-0.627809,-0.000207285,-0.627602
5625,-1.44839,-1.77488,-0.62682,-0.000196099,-0.626624
5625.6,-1.4734,-1.77521,-0.625825,-0.000181932,-0.625643
5626.2,-1.4594,-1.77552,-0.624857,-0.000189735,-0.624667
5626.8,-1.4579,-1.77583,-0.623886,-0.000190598,-0.623695
5627.4,-1.48191,-1.77614,-0.622887,-0.000177359,-0.62271
5628,-1.51542,-1.77644,-0.621857,-0.0001604,-0.621697
5628.6,-1.51092,-1.77674,-0.62084,-0.000162586,-0.620677
5629.2,-1.51192,-1.77703,-0.61985,-0.000162102,-0.619688
5629.8,-1.49992,-1.77732,-0.618865,-0.000168044,-0.618697
5630.4,-1.52042,-1.7776,-0.617889,-0.000158024,-0.617731
5631,-1.4774,-1.77787,-0.616938,-0.000179791,-0.616758
5631.6,-1.50741,-1.77814,-0.615942,-0.000164319,-0.615777
5632.2,-1.4959,-1.77841,-0.614976,-0.000170091,-0.614806
5632.8,-1.48441,-1.77867,-0.614029,-0.000176057,-0.613853
5633.4,-1.49341,-1.77893,-0.613104,-0.000171372,-0.612932
5634,-1.48191,-1.77918,-0.612145,-0.000177391,-0.611968
5634.6,-1.48441,-1.77943,-0.611221,-0.000176065,-0.611045
5635.2,-1.4449,-1.77967,-0.610367,-0.00019822,-0.610168
5635.8,-1.4654,-1.7799,-0.609469,-0.000186401,-0.609283
5636.4,-1.48991,-1.78014,-0.608551,-0.000173197,-0.608378
5637,-1.49141,-1.78037,-0.607655,-0.000172418,-0.607483
5637.6,-1.4554,-1.78059,-0.6068,-0.000192082,-0.606608
5638.2,-1.43888,-1.78081,-0.605962,-0.000201841,-0.60576
5638.8,-1.40838,-1.78102,-0.60517,-0.000221177,-0.604949
5639.4,-1.43339,-1.78122,-0.604356,-0.000205197,-0.60415
5640,-1.41938,-1.78142,-0.603563,-0.000214007,-0.603349
5640.6,-1.41289,-1.78162,-0.602776,-0.000218216,-0.602558
5641.2,-1.38637,-1.78181,-0.602036,-0.000236281,-0.6018
5641.8,-1.39637,-1.78199,-0.601288,-0.000229304,-0.601059
5642.4,-1.37136,-1.78217,-0.600567,-0.000247166,-0.600319
5643,-1.38537,-1.78234,-0.599829,-0.000236998,-0.599592
5643.6,-1.38137,-1.78251,-0.599115,-0.000239859,-0.598876
5644.2,-1.38037,-1.78267,-0.598418,-0.000240582,-0.598177
5644.8,-1.37837,-1.78283,-0.597705,-0.000242031,-0.597463
5645.4,-1.35485,-1.78298,-0.597055,-0.000259719,-0.596795
5646,-1.34936,-1.78313,-0.596395,-0.000264033,-0.596131
5646.6,-1.33586,-1.78327,-0.595766,-0.000274947,-0.595492
5647.2,-1.33186,-1.7834,-0.595136,-0.000278266,-0.594858
5647.8,-1.34385,-1.78353,-0.594502,-0.000268436,-0.594233
5648.4,-1.34186,-1.78366,-0.593884,-0.000270052,-0.593614
5649,-1.35136,-1.78378,-0.593238,-0.000262465,-0.592976
5649.6,-1.32886,-1.78389,-0.592671,-0.000280788,-0.59239
5650.2,-1.35936,-1.78401,-0.592013,-0.000256248,-0.591757
5650.8,-1.39437,-1.78412,-0.591324,-0.000230713,-0.591093
5651.4,-1.40838,-1.78423,-0.590616,-0.00022122,-0.590395
5652,-1.42638,-1.78434,-0.589876,-0.000209599,-0.589666
5652.6,-1.51842,-1.78445,-0.589043,-0.00015904,-0.588884
5653.2,-1.50392,-1.78456,-0.588249,-0.000166113,-0.588083
5653.8,-1.55594,-1.78468,-0.58736,-0.000142117,-0.587218
5654.4,-1.54443,-1.7848,-0.586491,-0.000147108,-0.586344
5655,-1.52042,-1.78492,-0.585649,-0.000158094,-0.585491
5655.6,-1.55243,-1.78503,-0.584775,-0.000143623,-0.584632
5656.2,-1.56094,-1.78515,-0.583902,-0.000140006,-0.583762
5656.8,-1.57244,-1.78527,-0.583026,-0.000135258,-0.582891
5657.4,-1.54943,-1.78539,-0.582172,-0.000144924,-0.582027
5658,-1.54093,-1.78551,-0.581328,-0.00014867,-0.581179
5658.6,-1.51842,-1.78563,-0.580525,-0.000159051,-0.580366
5659.2,-1.51342,-1.78575,-0.579725,-0.000161455,-0.579563
5659.8,-1.52293,-1.78586,-0.57893,-0.000156918,-0.578773
5660.4,-1.49441,-1.78598,-0.578175,-0.000170931,-0.578004
5661,-1.4704,-1.78608,-0.577462,-0.000183695,-0.577279
5661.6,-1.48091,-1.78619,-0.576747,-0.000177999,-0.576569
5662.2,-1.48791,-1.7863,-0.576046,-0.000174303,-0.575872
5662.8,-1.47391,-1.7864,-0.575373,-0.000181776,-0.575191
5663.4,-1.43188,-1.7865,-0.574727,-0.000206192,-0.574521
5664,-1.42489,-1.78659,-0.574122,-0.000210567,-0.573911
5664.6,-1.44539,-1.78668,-0.573474,-0.00019801,-0.573276
5665.2,-1.43839,-1.78677,-0.572857,-0.000202211,-0.572655
5665.8,-1.37986,-1.78685,-0.572308,-0.000241009,-0.572067
5666.4,-1.39937,-1.78693,-0.571737,-0.000227318,-0.57151
5667,-1.37237,-1.787,-0.571172,-0.000246485,-0.570926
5667.6,-1.41138,-1.78707,-0.570574,-0.000219276,-0.570355
5668.2,-1.34186,-1.78714,-0.570101,-0.000270108,-0.56983
5668.8,-1.39237,-1.7872,-0.569536,-0.000232143,-0.569304
5669.4,-1.37786,-1.78726,-0.56901,-0.000242464,-0.568768
5670,-1.38988,-1.78732,-0.568457,-0.000233885,-0.568223
5670.6,-1.41138,-1.78738,-0.567895,-0.00021928,-0.567676
5671.2,-1.39288,-1.78743,-0.567361,-0.000231793,-0.567129
5671.8,-1.37286,-1.78748,-0.566846,-0.000246129,-0.5666
5672.4,-1.37737,-1.78752,-0.566332,-0.000242826,-0.56609
5673,-1.36687,-1.78756,-0.565834,-0.000250598,-0.565583
5673.6,-1.41138,-1.7876,-0.565291,-0.000219283,-0.565072
5674.2,-1.37087,-1.78764,-0.564812,-0.000247612,-0.564564
5674.8,-1.36336,-1.78767,-0.564338,-0.000253249,-0.564085
5675.4,-1.37386,-1.7877,-0.563858,-0.000245396,-0.563613
5676,-1.34285,-1.78772,-0.563408,-0.000269309,-0.563139
5676.6,-1.37537,-1.78775,-0.562899,-0.000244289,-0.562655
5677.2,-1.40587,-1.78777,-0.562375,-0.000222937,-0.562152
5677.8,-1.40438,-1.78779,-0.561857,-0.000223937,-0.561633
5678.4,-1.37036,-1.78781,-0.561407,-0.000247992,-0.561159
5679,-1.37186,-1.78782,-0.560945,-0.000246873,-0.560698
5679.6,-1.38637,-1.78784,-0.560456,-0.000236366,-0.560219
5680.2,-1.32986,-1.78785,-0.560062,-0.000280014,-0.559782
5680.8,-1.33786,-1.78785,-0.559668,-0.000273378,-0.559395
5681.4,-1.32135,-1.78785,-0.559285,-0.000287248,-0.558998
5682,-1.33935,-1.78785,-0.558857,-0.000272159,-0.558585
5682.6,-1.32535,-1.78784,-0.558479,-0.000283824,-0.558195
5683.2,-1.37686,-1.78784,-0.557981,-0.000243201,-0.557738
5683.8,-1.35887,-1.78783,-0.557553,-0.000256685,-0.557296
5684.4,-1.42438,-1.78783,-0.557027,-0.000210904,-0.556816
5685,-1.46991,-1.78783,-0.556444,-0.000183985,-0.55626
5685.6,-1.4584,-1.78782,-0.55589,-0.000190445,-0.5557
5686.2,-1.51392,-1.78783,-0.555236,-0.000161237,-0.555075
5686.8,-1.50392,-1.78783,-0.554605,-0.000166145,-0.554438
5687.4,-1.55994,-1.78784,-0.553922,-0.000140449,-0.553782
5688,-1.53993,-1.78785,-0.553282,-0.000149137,-0.553133
5688.6,-1.52793,-1.78786,-0.552648,-0.000154602,-0.552493
5689.2,-1.54243,-1.78787,-0.552,-0.00014802,-0.551852
5689.8,-1.56143,-1.78789,-0.551324,-0.000139823,-0.551184
5690.4,-1.56194,-1.7879,-0.550664,-0.00013961,-0.550524
5691,-1.56745,-1.78792,-0.549992,-0.000137323,-0.549854
5691.6,-1.54193,-1.78794,-0.549338,-0.000148246,-0.54919
5692.2,-1.54643,-1.78796,-0.548699,-0.000146256,-0.548552
5692.8,-1.49441,-1.78798,-0.548129,-0.000170952,-0.547958
5693.4,-1.53593,-1.788,-0.547506,-0.000150938,-0.547355
5694,-1.51692,-1.78801,-0.546911,-0.000159795,-0.546751
5694.6,-1.4919,-1.78803,-0.546337,-0.000172243,-0.546165
5695.2,-1.47291,-1.78805,-0.545777,-0.00018234,-0.545595
5695.8,-1.49541,-1.78806,-0.545198,-0.000170441,-0.545027
5696.4,-1.49841,-1.78808,-0.544627,-0.000168915,-0.544458
5697,-1.45039,-1.78809,-0.544147,-0.000195081,-0.543952
5697.6,-1.4469,-1.7881,-0.543634,-0.000197134,-0.543437
5698.2,-1.4509,-1.78811,-0.543143,-0.000194784,-0.542948
5698.8,-1.4459,-1.78812,-0.542656,-0.000197726,-0.542458
5699.4,-1.47191,-1.78812,-0.542166,-0.000182889,-0.541983
5700,-1.43588,-1.78813,-0.541728,-0.000203754,-0.541524
5700.6,-1.41389,-1.78812,-0.541305,-0.000217647,-0.541087
5701.2,-1.38888,-1.78812,-0.540942,-0.000234599,-0.540708
5701.8,-1.40538,-1.78811,-0.540537,-0.00022327,-0.540314
5702.4,-1.38988,-1.7881,-0.540163,-0.000233896,-0.539929
5703,-1.40738,-1.78808,-0.539766,-0.000221935,-0.539544
5703.6,-1.35685,-1.78806,-0.539467,-0.000258245,-0.539209
5704.2,-1.38286,-1.78804,-0.539114,-0.000238868,-0.538875
5704.8,-1.38186,-1.78801,-0.538794,-0.000239585,-0.538555
5705.4,-1.36636,-1.78798,-0.53851,-0.000250987,-0.538259
5706,-1.33386,-1.78794,-0.538249,-0.000276678,-0.537972
5706.6,-1.33035,-1.7879,-0.53798,-0.000279603,-0.537701
5707.2,-1.31935,-1.78786,-0.537728,-0.000288976,-0.537439
5707.8,-1.32084,-1.78781,-0.537465,-0.000287685,-0.537177
5708.4,-1.33386,-1.78776,-0.537197,-0.000276675,-0.53692
5709,-1.33786,-1.78771,-0.536917,-0.000273376,-0.536644
5709.6,-1.31034,-1.78765,-0.536694,-0.000296889,-0.536398
5710.2,-1.32684,-1.78759,-0.536404,-0.000282553,-0.536122
5710.8,-1.35585,-1.78753,-0.536118,-0.000259012,-0.535859
5711.4,-1.35936,-1.78747,-0.535815,-0.000256302,-0.535558
5712,-1.37886,-1.7874,-0.535485,-0.000241741,-0.535243
5712.6,-1.37537,-1.78734,-0.535173,-0.000244284,-0.534929
5713.2,-1.33335,-1.78727,-0.534974,-0.000277089,-0.534697
5713.8,-1.35485,-1.7872,-0.534678,-0.000259785,-0.534418
5714.4,-1.33935,-1.78712,-0.534421,-0.000272147,-0.534149
5715,-1.34985,-1.78705,-0.534142,-0.000263706,-0.533878
5715.6,-1.36036,-1.78697,-0.533851,-0.000255527,-0.533595
5716.2,-1.36687,-1.78689,-0.533544,-0.000250588,-0.533294
5716.8,-1.37886,-1.78682,-0.533243,-0.000241732,-0.533002
5717.4,-1.30834,-1.78674,-0.533022,-0.000298658,-0.532724
5718,-1.32835,-1.78665,-0.532762,-0.000281263,-0.532481
5718.6,-1.32284,-1.78657,-0.53252,-0.000285945,-0.532234
5719.2,-1.33586,-1.78648,-0.532266,-0.000275,-0.531991
5719.8,-1.34736,-1.78639,-0.532,-0.000265673,-0.531735
5720.4,-1.37186,-1.7863,-0.531727,-0.000246851,-0.53148
5721,-1.37087,-1.78621,-0.53144,-0.000247591,-0.531192
5721.6,-1.40088,-1.78613,-0.531094,-0.000226282,-0.530867
5722.2,-1.43039,-1.78604,-0.530698,-0.000207112,-0.530491
5722.8,-1.48891,-1.78596,-0.53024,-0.000173778,-0.530066
5723.4,-1.50692,-1.78589,-0.529763,-0.000164638,-0.529599
5724,-1.50592,-1.78582,-0.529286,-0.000165132,-0.529121
5724.6,-1.52142,-1.78575,-0.528777,-0.000157628,-0.528619
5725.2,-1.50592,-1.78568,-0.528294,-0.000165131,-0.528129
5725.8,-1.52042,-1.78561,-0.527808,-0.000158101,-0.52765
5726.4,-1.4774,-1.78555,-0.527385,-0.000179874,-0.527205
5727,-1.48991,-1.78548,-0.526939,-0.000173252,-0.526766
5727.6,-1.4724,-1.78542,-0.526512,-0.00018259,-0.52633
5728.2,-1.53693,-1.78536,-0.526007,-0.000150463,-0.525857
5728.8,-1.48941,-1.7853,-0.525572,-0.000173506,-0.525398
5729.4,-1.48941,-1.78524,-0.525129,-0.000173506,-0.524956
5730,-1.47791,-1.78518,-0.52471,-0.000179596,-0.524531
5730.6,-1.4929,-1.78512,-0.524272,-0.000171697,-0.5241
5731.2,-1.49692,-1.78506,-0.523823,-0.000169641,-0.523653
5731.8,-1.4754,-1.785,-0.52342,-0.00018095,-0.523239
5732.4,-1.44839,-1.78494,-0.523033,-0.000196217,-0.522837
5733,-1.48291,-1.78488,-0.522635,-0.000176921,-0.522458
5733.6,-1.4664,-1.78482,-0.522242,-0.000185898,-0.522056
5734.2,-1.44739,-1.78476,-0.521906,-0.000196804,-0.521709
5734.8,-1.4684,-1.7847,-0.521537,-0.000184785,-0.521352
5735.4,-1.4634,-1.78464,-0.521181,-0.000187575,-0.520993
5736,-1.43488,-1.78457,-0.520866,-0.000204323,-0.520662
5736.6,-1.44088,-1.78451,-0.520516,-0.000200679,-0.520315
5737.2,-1.42589,-1.78444,-0.520209,-0.00020991,-0.519999
5737.8,-1.43388,-1.78437,-0.519891,-0.000204934,-0.519686
5738.4,-1.40838,-1.7843,-0.519622,-0.000221221,-0.519401
5739,-1.42489,-1.78422,-0.519341,-0.000210537,-0.519131
5739.6,-1.43239,-1.78415,-0.519055,-0.00020585,-0.518849
5740.2,-1.37437,-1.78407,-0.518835,-0.000244969,-0.51859
5740.8,-1.39738,-1.78399,-0.518556,-0.000228634,-0.518327
5741.4,-1.40338,-1.7839,-0.518329,-0.000224557,-0.518105
5742,-1.36636,-1.78382,-0.518136,-0.000250924,-0.517885
5742.6,-1.37737,-1.78373,-0.517903,-0.000242771,-0.51766
5743.2,-1.36036,-1.78364,-0.517722,-0.000255476,-0.517467
5743.8,-1.32986,-1.78354,-0.517581,-0.000279942,-0.517301
5744.4,-1.35236,-1.78344,-0.517398,-0.000261674,-0.517136
5745,-1.33786,-1.78334,-0.517255,-0.000273305,-0.516981
5745.6,-1.34985,-1.78323,-0.517107,-0.000263646,-0.516843
5746.2,-1.31034,-1.78312,-0.517029,-0.000296809,-0.516732
5746.8,-1.30485,-1.783,-0.516949,-0.000301734,-0.516648
5747.4,-1.30285,-1.78288,-0.51686,-0.000303546,-0.516556
5748,-1.28883,-1.78276,-0.516771,-0.00031657,-0.516454
5748.6,-1.33186,-1.78264,-0.516612,-0.000278254,-0.516334
5749.2,-1.30634,-1.78251,-0.516529,-0.000300379,-0.516229
5749.8,-1.34536,-1.78239,-0.516378,-0.000267207,-0.51611
5750.4,-1.29783,-1.78226,-0.516298,-0.000308134,-0.51599
5751,-1.28283,-1.78212,-0.51619,-0.000322303,-0.515867
5751.6,-1.31835,-1.78199,-0.516045,-0.000289742,-0.515755
5752.2,-1.32035,-1.78186,-0.51592,-0.000288008,-0.515632
5752.8,-1.30083,-1.78172,-0.515847,-0.000305365,-0.515541
5753.4,-1.33086,-1.78157,-0.51572,-0.000279072,-0.51544
5754,-1.30734,-1.78143,-0.515619,-0.000299461,-0.51532
5754.6,-1.33186,-1.78129,-0.515475,-0.000278232,-0.515197
5755.2,-1.31984,-1.78115,-0.515368,-0.000288435,-0.515079
5755.8,-1.32335,-1.781,-0.515267,-0.000285415,-0.514982
5756.4,-1.30485,-1.78085,-0.515175,-0.000301695,-0.514873
5757,-1.32284,-1.7807,-0.515047,-0.000285845,-0.514761
5757.6,-1.31484,-1.78055,-0.514947,-0.00029278,-0.514654
5758.2,-1.30334,-1.78039,-0.514872,-0.000303054,-0.514569
5758.8,-1.31185,-1.78024,-0.514782,-0.00029542,-0.514486
5759.4,-1.29683,-1.78008,-0.514713,-0.000309019,-0.514404
5760,-1.28633,-1.77992,-0.51466,-0.000318905,-0.514341
5760.6,-1.26833,-1.77976,-0.514655,-0.000336581,-0.514318
5761.2,-1.26482,-1.77959,-0.514646,-0.000340136,-0.514306
5761.8,-1.25532,-1.77942,-0.51464,-0.000349966,-0.51429
5762.4,-1.26233,-1.77925,-0.514622,-0.000342679,-0.514279
5763,-1.28383,-1.77907,-0.514577,-0.00032128,-0.514256
5763.6,-1.30334,-1.7789,-0.514504,-0.000303027,-0.514201
5764.2,-1.35036,-1.77873,-0.514338,-0.000263174,-0.514075
5764.8,-1.38237,-1.77857,-0.514139,-0.000239086,-0.5139
5765.4,-1.43588,-1.77841,-0.51384,-0.000203637,-0.513637
5766,-1.44639,-1.77825,-0.513505,-0.000197319,-0.513307
5766.6,-1.49441,-1.7781,-0.513155,-0.000170851,-0.512984
5767.2,-1.4714,-1.77796,-0.512821,-0.000183057,-0.512638
5767.8,-1.50141,-1.77782,-0.512434,-0.0001673,-0.512266
5768.4,-1.51592,-1.77768,-0.512062,-0.000160177,-0.511902
5769,-1.49892,-1.77754,-0.511704,-0.000168552,-0.511536
5769.6,-1.50092,-1.77741,-0.511334,-0.000167543,-0.511166
5770.2,-1.49892,-1.77728,-0.510964,-0.000168549,-0.510795
5770.8,-1.52493,-1.77716,-0.510559,-0.000155899,-0.510403
5771.4,-1.52242,-1.77704,-0.510164,-0.000157075,-0.510007
5772,-1.4744,-1.77691,-0.509828,-0.000181406,-0.509646
5772.6,-1.50092,-1.7768,-0.50947,-0.000167536,-0.509303
5773.2,-1.46691,-1.77668,-0.50918,-0.000185525,-0.508995
5773.8,-1.4949,-1.77656,-0.508832,-0.000170584,-0.508661
5774.4,-1.4574,-1.77644,-0.508551,-0.000190887,-0.50836
5775,-1.4929,-1.77633,-0.508231,-0.000171607,-0.508059
5775.6,-1.4959,-1.77621,-0.507928,-0.00017007,-0.507758
5776.2,-1.46791,-1.7761,-0.507639,-0.000184963,-0.507454
5776.8,-1.4459,-1.77598,-0.507371,-0.000197583,-0.507173
5777.4,-1.46791,-1.77587,-0.507106,-0.00018496,-0.506921
5778,-1.42038,-1.77575,-0.506876,-0.000213295,-0.506663
5778.6,-1.43088,-1.77564,-0.506644,-0.000206678,-0.506437
5779.2,-1.41538,-1.77552,-0.506433,-0.000216514,-0.506216
5779.8,-1.42839,-1.7754,-0.506198,-0.000208225,-0.50599
5780.4,-1.37286,-1.77527,-0.506068,-0.000245951,-0.505822
5781,-1.37186,-1.77515,-0.505935,-0.000246687,-0.505688
5781.6,-1.36187,-1.77502,-0.505824,-0.000254193,-0.50557
5782.2,-1.37087,-1.77489,-0.505679,-0.000247424,-0.505432
5782.8,-1.37136,-1.77476,-0.505552,-0.000247058,-0.505305
5783.4,-1.37786,-1.77462,-0.505422,-0.000242282,-0.50518
5784,-1.36387,-1.77449,-0.505342,-0.000252666,-0.50509
5784.6,-1.32484,-1.77434,-0.505306,-0.000284029,-0.505022
5785.2,-1.32084,-1.7742,-0.505262,-0.000287452,-0.504975
5785.8,-1.31384,-1.77405,-0.505212,-0.000293546,-0.504919
5786.4,-1.28233,-1.7739,-0.505211,-0.000322636,-0.504888
5787,-1.30234,-1.77374,-0.505173,-0.000303844,-0.504869
5787.6,-1.29783,-1.77358,-0.505137,-0.000307975,-0.504829
5788.2,-1.30885,-1.77343,-0.505097,-0.000297968,-0.504799
5788.8,-1.28983,-1.77326,-0.505102,-0.000315444,-0.504787
5789.4,-1.31835,-1.7731,-0.50503,-0.000289589,-0.504741
5790,-1.30485,-1.77293,-0.505013,-0.000301553,-0.504712
5790.6,-1.34186,-1.77277,-0.504919,-0.000269877,-0.504649
5791.2,-1.31434,-1.7726,-0.50488,-0.000293088,-0.504587
5791.8,-1.35285,-1.77243,-0.504777,-0.000261118,-0.504516
5792.4,-1.32935,-1.77226,-0.504712,-0.000280181,-0.504432
5793,-1.30934,-1.77208,-0.50471,-0.000297505,-0.504412
5793.6,-1.32735,-1.77191,-0.504622,-0.00028186,-0.50434
5794.2,-1.31684,-1.77174,-0.50456,-0.000290877,-0.504269
5794.8,-1.35736,-1.77156,-0.504444,-0.000257599,-0.504186
5795.4,-1.32535,-1.77139,-0.504398,-0.000283546,-0.504114
5796,-1.32584,-1.77121,-0.504347,-0.000283126,-0.504064
5796.6,-1.32684,-1.77103,-0.504295,-0.000282275,-0.504013
5797.2,-1.30034,-1.77085,-0.504276,-0.000305618,-0.50397
5797.8,-1.31735,-1.77067,-0.504219,-0.000290416,-0.503928
5798.4,-1.30385,-1.77049,-0.504191,-0.000302414,-0.503888
5799,-1.30385,-1.7703,-0.504158,-0.000302411,-0.503856
5799.6,-1.34436,-1.77012,-0.504079,-0.000267814,-0.503811
5800.2,-1.27884,-1.76993,-0.504115,-0.000325954,-0.503789
5800.8,-1.24932,-1.76974,-0.504151,-0.000356112,-0.503795
5801.4,-1.24432,-1.76954,-0.50423,-0.000361485,-0.503868
5802,-1.26733,-1.76934,-0.504253,-0.000337382,-0.503916
5802.6,-1.27033,-1.76914,-0.504303,-0.000334358,-0.503968
5803.2,-1.30285,-1.76894,-0.5043,-0.000303294,-0.503997
5803.8,-1.23381,-1.76873,-0.504448,-0.000373033,-0.504075
5804.4,-1.26633,-1.76852,-0.504495,-0.000338379,-0.504157
5805,-1.24783,-1.76831,-0.504574,-0.000357677,-0.504216
5805.6,-1.25432,-1.7681,-0.504649,-0.00035078,-0.504299
5806.2,-1.24481,-1.76789,-0.504743,-0.000360917,-0.504382
5806.8,-1.23681,-1.76767,-0.504824,-0.000369671,-0.504455
5807.4,-1.25232,-1.76745,-0.504882,-0.000352876,-0.50453
5808,-1.29434,-1.76723,-0.504876,-0.000311098,-0.504565
5808.6,-1.26233,-1.76701,-0.504972,-0.000342429,-0.50463
5809.2,-1.26533,-1.76679,-0.505013,-0.000339359,-0.504674
5809.8,-1.25083,-1.76657,-0.505083,-0.000354438,-0.504729
5810.4,-1.27384,-1.76635,-0.505094,-0.000330805,-0.504763
5811,-1.30134,-1.76612,-0.505084,-0.000304618,-0.504779
5811.6,-1.27333,-1.7659,-0.505138,-0.000331301,-0.504807
5812.2,-1.28483,-1.76568,-0.505161,-0.000320063,-0.504841
5812.8,-1.28433,-1.76545,-0.505206,-0.000320546,-0.504885
5813.4,-1.32684,-1.76523,-0.505174,-0.000282177,-0.504892
5814,-1.33535,-1.76501,-0.505104,-0.000275068,-0.504829
5814.6,-1.41689,-1.76479,-0.504915,-0.000215399,-0.504699
5815.2,-1.42989,-1.76459,-0.50469,-0.000207163,-0.504483
5815.8,-1.49441,-1.76439,-0.504358,-0.000170712,-0.504188
5816.4,-1.51991,-1.7642,-0.503993,-0.00015814,-0.503835
5817,-1.52442,-1.76402,-0.503631,-0.000156015,-0.503475
5817.6,-1.55294,-1.76384,-0.503205,-0.000143224,-0.503062
5818.2,-1.52542,-1.76367,-0.502863,-0.000155544,-0.502708
5818.8,-1.52442,-1.7635,-0.502497,-0.00015601,-0.502341
5819.4,-1.53242,-1.76334,-0.502135,-0.000152311,-0.501983
5820,-1.53493,-1.76318,-0.501762,-0.000151168,-0.501611
5820.6,-1.51142,-1.76302,-0.501442,-0.000162207,-0.50128
5821.2,-1.48291,-1.76287,-0.501135,-0.000176689,-0.500959
5821.8,-1.48691,-1.76272,-0.500832,-0.000174581,-0.500657
5822.4,-1.4579,-1.76257,-0.500595,-0.000190448,-0.500404
5823,-1.46589,-1.76242,-0.500319,-0.000185933,-0.500133
5823.6,-1.43688,-1.76227,-0.50009,-0.000202832,-0.499887
5824.2,-1.43139,-1.76212,-0.499869,-0.000206197,-0.499663
5824.8,-1.42839,-1.76197,-0.499663,-0.000208059,-0.499455
5825.4,-1.40387,-1.76182,-0.499489,-0.000223931,-0.499265
5826,-1.39688,-1.76167,-0.499315,-0.000228679,-0.499086
5826.6,-1.37786,-1.76152,-0.499219,-0.000242093,-0.498977
5827.2,-1.39537,-1.76136,-0.499104,-0.000229711,-0.498875
5827.8,-1.38037,-1.76121,-0.498999,-0.000240275,-0.498759
5828.4,-1.38086,-1.76105,-0.498876,-0.000239919,-0.498637
5829,-1.41038,-1.7609,-0.498722,-0.000219592,-0.498503
5829.6,-1.38688,-1.76074,-0.498626,-0.000235625,-0.49839
5830.2,-1.37186,-1.76058,-0.498531,-0.000246473,-0.498284
5830.8,-1.36636,-1.76042,-0.498433,-0.000250575,-0.498183
5831.4,-1.38788,-1.76026,-0.498321,-0.000234913,-0.498086
5832,-1.39337,-1.7601,-0.498189,-0.000231075,-0.497958
5832.6,-1.37737,-1.75993,-0.498101,-0.000242427,-0.497858
5833.2,-1.35136,-1.75977,-0.498045,-0.00026209,-0.497783
5833.8,-1.38788,-1.75961,-0.497908,-0.000234904,-0.497673
5834.4,-1.32184,-1.75944,-0.497891,-0.00028634,-0.497605
5835,-1.36287,-1.75927,-0.4978,-0.000253194,-0.497546
5835.6,-1.39237,-1.7591,-0.497696,-0.000231755,-0.497465
5836.2,-1.34135,-1.75893,-0.497674,-0.000270066,-0.497404
5836.8,-1.33835,-1.75875,-0.497623,-0.000272503,-0.497351
5837.4,-1.34585,-1.75858,-0.497562,-0.000266435,-0.497296
5838,-1.33135,-1.7584,-0.497554,-0.000278276,-0.497276
5838.6,-1.31034,-1.75822,-0.497545,-0.000296369,-0.497249
5839.2,-1.30934,-1.75804,-0.497547,-0.000297256,-0.49725
5839.8,-1.32435,-1.75786,-0.497495,-0.000284168,-0.497211
5840.4,-1.26882,-1.75767,-0.497552,-0.000335643,-0.497216
5841,-1.25732,-1.75748,-0.497615,-0.00034742,-0.497268
5841.6,-1.27784,-1.75728,-0.49767,-0.000326686,-0.497343
5842.2,-1.28583,-1.75708,-0.497723,-0.000318941,-0.497404
5842.8,-1.26082,-1.75688,-0.497823,-0.000343773,-0.497479
5843.4,-1.24032,-1.75668,-0.497936,-0.000365564,-0.49757
5844,-1.24081,-1.75647,-0.498058,-0.000365021,-0.497693
5844.6,-1.23981,-1.75625,-0.498181,-0.000366112,-0.497814
5845.2,-1.22931,-1.75604,-0.498299,-0.000377822,-0.497921
5845.8,-1.23332,-1.75582,-0.498401,-0.000373296,-0.498028
5846.4,-1.23181,-1.7556,-0.498539,-0.000374983,-0.498164
5847,-1.23581,-1.75537,-0.498661,-0.000370509,-0.49829
5847.6,-1.25432,-1.75515,-0.498774,-0.000350509,-0.498423
5848.2,-1.2168,-1.75491,-0.498963,-0.000392229,-0.498571
5848.8,-1.24632,-1.75468,-0.499082,-0.000359006,-0.498723
5849.4,-1.23181,-1.75444,-0.499221,-0.000374957,-0.498846
5850,-1.22631,-1.75421,-0.499361,-0.000381193,-0.49898
5850.6,-1.22381,-1.75397,-0.499454,-0.000384045,-0.49907
5851.2,-1.23832,-1.75373,-0.499566,-0.000367698,-0.499199
5851.8,-1.23732,-1.75348,-0.499695,-0.000368796,-0.499326
5852.4,-1.21882,-1.75324,-0.499858,-0.000389827,-0.499468
5853,-1.25532,-1.75299,-0.499951,-0.000349415,-0.499601
5853.6,-1.25432,-1.75274,-0.500053,-0.000350459,-0.499702
5854.2,-1.25083,-1.75249,-0.500156,-0.000354141,-0.499802
5854.8,-1.21131,-1.75224,-0.50033,-0.000398675,-0.499932
5855.4,-1.24032,-1.75199,-0.500432,-0.000365462,-0.500066
5856,-1.27433,-1.75173,-0.500514,-0.00033003,-0.500184
5856.6,-1.2158,-1.75147,-0.500725,-0.000393326,-0.500332
5857.2,-1.25332,-1.75122,-0.500828,-0.000351479,-0.500477
5857.8,-1.20731,-1.75096,-0.501016,-0.000403453,-0.500613
5858.4,-1.2128,-1.75069,-0.501151,-0.00039686,-0.500754
5859,-1.1903,-1.75043,-0.501351,-0.000424549,-0.500926
5859.6,-1.21931,-1.75016,-0.501464,-0.000389182,-0.501075
5860.2,-1.18879,-1.74989,-0.5017,-0.000426459,-0.501274
5860.8,-1.15678,-1.74962,-0.501962,-0.000469398,-0.501493
5861.4,-1.17428,-1.74934,-0.502156,-0.000445396,-0.50171
5862,-1.17879,-1.74906,-0.502361,-0.000439412,-0.501922
5862.6,-1.16078,-1.74878,-0.502621,-0.000463781,-0.502157
5863.2,-1.17479,-1.7485,-0.502811,-0.000444696,-0.502366
5863.8,-1.13128,-1.74821,-0.503142,-0.000506643,-0.502635
5864.4,-1.09876,-1.74791,-0.503487,-0.000558497,-0.502928
5865,-1.14427,-1.74762,-0.503699,-0.000487269,-0.503212
5865.6,-1.14028,-1.74732,-0.503981,-0.000493136,-0.503488
5866.2,-1.11677,-1.74702,-0.504288,-0.000529118,-0.503759
5866.8,-1.12428,-1.74671,-0.50456,-0.000517337,-0.504042
5867.4,-1.09076,-1.74641,-0.504925,-0.000571994,-0.504353
5868,-1.10376,-1.7461,-0.505206,-0.000550132,-0.504656
5868.6,-1.11977,-1.74578,-0.505473,-0.000524344,-0.504949
5869.2,-1.10176,-1.74547,-0.505804,-0.000553418,-0.50525
5869.8,-1.11577,-1.74515,-0.506067,-0.000530646,-0.505536
5870.4,-1.14228,-1.74483,-0.506295,-0.000490116,-0.505805
5871,-1.12177,-1.74451,-0.5066,-0.000521171,-0.506079
5871.6,-1.15229,-1.7442,-0.506788,-0.000475605,-0.506313
5872.2,-1.09527,-1.74387,-0.507149,-0.000564235,-0.506585
5872.8,-1.11777,-1.74355,-0.507388,-0.000527425,-0.506861
5873.4,-1.16879,-1.74323,-0.507566,-0.000452622,-0.507113
5874,-1.14929,-1.74291,-0.507791,-0.000479863,-0.507311
5874.6,-1.14278,-1.74258,-0.508023,-0.000489305,-0.507534
5875.2,-1.13379,-1.74226,-0.508297,-0.000502671,-0.507795
5875.8,-1.13728,-1.74193,-0.508544,-0.000497429,-0.508046
5876.4,-1.15929,-1.74161,-0.508732,-0.00046566,-0.508267
5877,-1.16229,-1.74128,-0.50892,-0.000461483,-0.508458
5877.6,-1.13928,-1.74095,-0.509204,-0.000494428,-0.50871
5878.2,-1.13978,-1.74063,-0.509423,-0.000493666,-0.508929
5878.8,-1.14228,-1.7403,-0.509661,-0.000489984,-0.509171
5879.4,-1.12226,-1.73997,-0.509949,-0.000520263,-0.509429
5880,-1.12026,-1.73964,-0.510204,-0.00052338,-0.50968
5880.6,-1.06424,-1.73929,-0.510623,-0.000619043,-0.510004
5881.2,-1.10577,-1.73896,-0.510872,-0.000546585,-0.510325
5881.8,-1.08276,-1.73862,-0.51121,-0.000585598,-0.510624
5882.4,-1.09176,-1.73828,-0.51151,-0.000570006,-0.51094
5883,-1.09576,-1.73793,-0.511814,-0.000563204,-0.51125
5883.6,-1.09325,-1.73759,-0.51211,-0.000567441,-0.511543
5884.2,-1.05074,-1.73724,-0.51255,-0.00064453,-0.511906
5884.8,-1.06524,-1.73689,-0.512868,-0.000617103,-0.512251
5885.4,-1.05724,-1.73653,-0.51323,-0.000632059,-0.512598
5886,-1.04174,-1.73617,-0.513635,-0.000662103,-0.512973
5886.6,-1.06175,-1.73581,-0.51399,-0.000623552,-0.513366
5887.2,-1.06375,-1.73545,-0.51433,-0.000619814,-0.51371
5887.8,-1.01524,-1.73509,-0.514815,-0.000716777,-0.514099
5888.4,-1.04774,-1.73472,-0.515109,-0.000650252,-0.514459
5889,-1.03123,-1.73435,-0.515547,-0.000683202,-0.514864
5889.6,-1.04825,-1.73398,-0.515907,-0.000649234,-0.515257
5890.2,-1.00924,-1.7336,-0.516386,-0.000729711,-0.515656
5890.8,-1.08176,-1.73324,-0.516575,-0.000587167,-0.515988
5891.4,-1.05425,-1.73286,-0.516961,-0.000637625,-0.516323
5892,-1.02823,-1.73249,-0.517353,-0.000689293,-0.516663
5892.6,-1.05175,-1.73211,-0.517646,-0.000642374,-0.517004
5893.2,-1.03174,-1.73173,-0.518067,-0.000682056,-0.517385
5893.8,-1.05775,-1.73136,-0.518338,-0.000630902,-0.517707
5894.4,-1.06575,-1.73098,-0.518613,-0.000615947,-0.517997
5895,-1.05624,-1.73061,-0.518934,-0.000633731,-0.5183
5895.6,-1.07726,-1.73023,-0.519174,-0.000595045,-0.518579
5896.2,-1.08525,-1.72986,-0.519432,-0.000580938,-0.518851
5896.8,-1.06826,-1.72949,-0.519729,-0.000611281,-0.519118
5897.4,-1.06926,-1.72911,-0.520032,-0.000609438,-0.519422
5898,-1.02774,-1.72873,-0.520405,-0.000690155,-0.519714
5898.6,-1.07326,-1.72836,-0.520627,-0.000602151,-0.520025
5899.2,-1.09076,-1.72799,-0.520864,-0.000571365,-0.520293
5899.8,-1.04274,-1.72761,-0.521228,-0.000659785,-0.520569
5900.4,-1.04774,-1.72724,-0.521524,-0.000649961,-0.520874
5901,-1.03223,-1.72686,-0.521894,-0.000680854,-0.521213
5901.6,-1.02823,-1.72648,-0.52226,-0.000689046,-0.521571
5902.2,-1.03725,-1.72609,-0.522585,-0.000670668,-0.521914
5902.8,-1.00522,-1.72571,-0.523021,-0.000738194,-0.522283
5903.4,-1.00773,-1.72532,-0.523373,-0.000732652,-0.52264
5904,-0.989718,-1.72493,-0.523803,-0.000773257,-0.52303
5904.6,-1.01424,-1.72455,-0.524106,-0.000718474,-0.523387
5905.2,-1.00173,-1.72415,-0.52452,-0.000745886,-0.523775
5905.8,-1.06224,-1.72377,-0.524771,-0.000622186,-0.524149
5906.4,-1.00273,-1.72337,-0.525278,-0.00074362,-0.524535
5907,-1.00022,-1.72297,-0.525675,-0.00074921,-0.524926
5907.6,-0.995225,-1.72258,-0.52606,-0.000760497,-0.525299
5908.2,-1.00773,-1.72218,-0.526414,-0.000732514,-0.525682
5908.8,-1.00722,-1.72178,-0.526797,-0.000733613,-0.526064
5909.4,-0.985227,-1.72138,-0.527251,-0.000783564,-0.526467
5910,-0.989718,-1.72097,-0.527647,-0.000773074,-0.526874
5910.6,-1.02173,-1.72058,-0.52794,-0.000702363,-0.527237
5911.2,-1.00273,-1.72017,-0.528311,-0.000743478,-0.527568
5911.8,-1.02073,-1.71978,-0.528605,-0.000704437,-0.527901
5912.4,-1.02324,-1.71938,-0.528931,-0.000699147,-0.528232
5913,-0.990226,-1.71897,-0.529372,-0.000771806,-0.5286
5913.6,-1.00273,-1.71857,-0.529703,-0.000743407,-0.52896
5914.2,-0.985719,-1.71816,-0.530076,-0.00078226,-0.529294
5914.8,-0.986719,-1.71776,-0.530427,-0.000779902,-0.529647
5915.4,-1.01524,-1.71736,-0.53072,-0.000716017,-0.530004
5916,-1.00973,-1.71695,-0.531061,-0.000727912,-0.530333
5916.6,-1.03374,-1.71655,-0.531318,-0.000677367,-0.53064
5917.2,-1.02674,-1.71615,-0.531662,-0.000691705,-0.53097
5917.8,-0.98172,-1.71574,-0.532094,-0.000791573,-0.531302
5918.4,-0.992226,-1.71534,-0.532448,-0.000767029,-0.531681
5919,-0.999732,-1.71493,-0.53278,-0.000749954,-0.53203
5919.6,-0.975213,-1.71453,-0.533177,-0.000807096,-0.53237
5920.2,-0.97872,-1.71412,-0.533518,-0.00079864,-0.532719
5920.8,-0.973721,-1.71371,-0.533914,-0.00081067,-0.533104
5921.4,-0.961216,-1.7133,-0.534341,-0.000841593,-0.5335
5922,-0.959216,-1.71288,-0.534741,-0.000846628,-0.533894
5922.6,-0.979212,-1.71247,-0.535063,-0.000797386,-0.534266
5923.2,-0.960708,-1.71206,-0.535482,-0.000842812,-0.534639
5923.8,-0.931698,-1.71164,-0.535978,-0.000919298,-0.535058
5924.4,-0.966707,-1.71122,-0.536307,-0.000827762,-0.53548
5925,-0.934697,-1.7108,-0.536801,-0.000911031,-0.53589
5925.6,-0.936205,-1.71037,-0.537217,-0.000906904,-0.53631
5926.2,-0.917193,-1.70994,-0.537733,-0.000960017,-0.536773
5926.8,-0.911686,-1.70951,-0.538233,-0.000975955,-0.537257
5927.4,-0.903687,-1.70908,-0.538732,-0.000999588,-0.537732
5928,-0.922192,-1.70865,-0.539115,-0.000945678,-0.538169
5928.6,-0.926191,-1.70821,-0.539552,-0.000934395,-0.538618
5929.2,-0.960708,-1.70778,-0.539909,-0.000842597,-0.539066
5929.8,-0.914701,-1.70734,-0.540474,-0.000967055,-0.539507
5930.4,-0.975721,-1.70691,-0.540708,-0.000805501,-0.539903
5931,-0.942712,-1.70647,-0.541217,-0.000889192,-0.540328
5931.6,-0.933206,-1.70603,-0.541632,-0.00091485,-0.540717
5932.2,-0.926191,-1.7056,-0.542037,-0.000934249,-0.541103
5932.8,-0.988718,-1.70517,-0.542212,-0.00077466,-0.541438
5933.4,-0.959216,-1.70473,-0.542661,-0.000846215,-0.541815
5934,-0.964215,-1.7043,-0.543001,-0.000833617,-0.542168
5934.6,-0.94871,-1.70386,-0.543389,-0.000873223,-0.542515
5935.2,-0.895689,-1.70342,-0.543927,-0.00102347,-0.542903
5935.8,-0.949202,-1.70299,-0.544147,-0.000871892,-0.543275
5936.4,-0.921192,-1.70256,-0.54458,-0.000948168,-0.543632
5937,-0.936205,-1.70213,-0.544892,-0.000906456,-0.543985
5937.6,-0.960216,-1.7017,-0.545149,-0.000843532,-0.544305
5938.2,-0.939696,-1.70126,-0.545552,-0.000896981,-0.544655
5938.8,-0.943712,-1.70083,-0.545899,-0.000886235,-0.545013
5939.4,-0.9207,-1.70039,-0.546365,-0.000949442,-0.545416
5940,-0.960708,-1.69996,-0.546639,-0.000842202,-0.545797
5940.6,-0.911194,-1.69951,-0.547183,-0.000976809,-0.546207
5941.2,-0.931698,-1.69908,-0.547519,-0.000918608,-0.546601
5941.8,-0.904687,-1.69863,-0.548017,-0.000995976,-0.547021
5942.4,-0.889182,-1.69819,-0.548461,-0.00104328,-0.547417
5943,-0.908195,-1.69775,-0.548805,-0.000985518,-0.547819
5943.6,-0.873186,-1.6973,-0.549366,-0.00109441,-0.548271
5944.2,-0.86268,-1.69685,-0.549837,-0.00112935,-0.548708
5944.8,-0.881184,-1.6964,-0.550234,-0.00106845,-0.549166
5945.4,-0.86168,-1.69595,-0.550791,-0.00113267,-0.549659
5946,-0.852666,-1.69549,-0.551301,-0.00116362,-0.550137
5946.6,-0.86268,-1.69503,-0.551745,-0.00112923,-0.550616
5947.2,-0.855665,-1.69457,-0.552225,-0.00115316,-0.551072
5947.8,-0.891182,-1.69411,-0.552582,-0.0010368,-0.551546
5948.4,-0.887183,-1.69366,-0.553022,-0.00104926,-0.551973
5949,-0.890182,-1.6932,-0.553439,-0.00103985,-0.552399
5949.6,-0.892182,-1.69274,-0.553851,-0.00103362,-0.552817
5950.2,-0.881184,-1.69227,-0.554315,-0.00106819,-0.553246
5950.8,-0.908686,-1.69182,-0.554627,-0.000983718,-0.553644
5951.4,-0.845175,-1.69135,-0.555246,-0.00118972,-0.554057
5952,-0.884692,-1.6909,-0.55551,-0.00105694,-0.554453
5952.6,-0.881676,-1.69043,-0.555941,-0.0010665,-0.554875
5953.2,-0.881184,-1.68997,-0.556379,-0.00106804,-0.55531
5953.8,-0.906687,-1.68952,-0.556624,-0.00098949,-0.555635
5954.4,-0.887691,-1.68906,-0.557014,-0.00104738,-0.555967
5955,-0.874677,-1.6886,-0.557426,-0.00108896,-0.556337
5955.6,-0.89369,-1.68815,-0.557736,-0.00102868,-0.556708
5956.2,-0.888183,-1.68769,-0.558113,-0.00104575,-0.557067
5956.8,-0.909686,-1.68724,-0.558374,-0.000980508,-0.557394
5957.4,-0.903687,-1.68678,-0.558737,-0.000998254,-0.557739
5958,-0.885691,-1.68633,-0.559156,-0.00105349,-0.558102
5958.6,-0.869678,-1.68587,-0.55958,-0.0011052,-0.558475
5959.2,-0.87217,-1.68541,-0.55997,-0.00109696,-0.558873
5959.8,-0.874186,-1.68495,-0.560351,-0.00109033,-0.559261
5960.4,-0.849666,-1.68449,-0.560865,-0.00117335,-0.559692
5961,-0.842668,-1.68402,-0.561364,-0.00119815,-0.560166
5961.6,-0.837161,-1.68356,-0.561813,-0.00121803,-0.560595
5962.2,-0.834161,-1.68309,-0.562276,-0.00122898,-0.561047
5962.8,-0.852666,-1.68262,-0.562652,-0.00116273,-0.561489
5963.4,-0.845175,-1.68215,-0.563079,-0.00118906,-0.56189
5964,-0.852666,-1.68168,-0.563505,-0.00116266,-0.562342
5964.6,-0.824164,-1.68121,-0.564065,-0.00126618,-0.562799
5965.2,-0.807659,-1.68073,-0.564595,-0.00133025,-0.563265
5965.8,-0.805151,-1.68025,-0.565071,-0.00134024,-0.563731
5966.4,-0.804152,-1.67977,-0.565551,-0.00134421,-0.564207
5967,-0.828671,-1.67929,-0.565913,-0.00124907,-0.564664
5967.6,-0.837161,-1.67882,-0.566297,-0.00121769,-0.56508
5968.2,-0.86368,-1.67834,-0.566629,-0.00112472,-0.565504
5968.8,-0.832162,-1.67786,-0.567182,-0.00123598,-0.565946
5969.4,-0.812658,-1.67737,-0.567714,-0.00131024,-0.566404
5970,-0.842668,-1.6769,-0.568028,-0.00119764,-0.56683
5970.6,-0.83367,-1.67642,-0.568437,-0.0012303,-0.567206
5971.2,-0.858173,-1.67595,-0.568713,-0.00114326,-0.56757
5971.8,-0.840668,-1.67547,-0.569143,-0.00120473,-0.567938
5972.4,-0.848175,-1.67499,-0.569482,-0.00117793,-0.568304
5973,-0.834161,-1.67451,-0.569945,-0.00122835,-0.568717
5973.6,-0.854665,-1.67404,-0.570242,-0.00115519,-0.569087
5974.2,-0.854174,-1.67357,-0.570603,-0.00115686,-0.569447
5974.8,-0.841668,-1.67309,-0.57102,-0.00120096,-0.569819
5975.4,-0.87117,-1.67262,-0.57125,-0.00109941,-0.570151
5976,-0.885691,-1.67216,-0.571513,-0.0010526,-0.570461
5976.6,-0.880184,-1.67169,-0.57184,-0.00107007,-0.57077
5977.2,-0.86817,-1.67122,-0.572201,-0.00110923,-0.571092
5977.8,-0.911686,-1.67076,-0.572365,-0.000973692,-0.571391
5978.4,-0.874186,-1.67029,-0.572803,-0.00108937,-0.571714
5979,-0.86817,-1.66983,-0.573129,-0.00110914,-0.57202
5979.6,-0.853174,-1.66936,-0.573497,-0.00116004,-0.572337
5980.2,-0.852174,-1.6689,-0.573823,-0.00116348,-0.57266
5980.8,-0.832162,-1.66843,-0.574254,-0.00123528,-0.573019
5981.4,-0.839668,-1.66797,-0.574608,-0.0012078,-0.573401
5982,-0.879676,-1.66751,-0.574808,-0.00107143,-0.573737
5982.6,-0.863172,-1.66704,-0.575206,-0.00112567,-0.574081
5983.2,-0.879184,-1.66658,-0.575471,-0.00107295,-0.574398
5983.8,-0.855665,-1.66612,-0.575879,-0.00115119,-0.574728
5984.4,-0.840668,-1.66566,-0.576252,-0.00120402,-0.575048
5985,-0.842668,-1.66519,-0.576578,-0.0011968,-0.575382
5985.6,-0.841668,-1.66473,-0.576943,-0.00120035,-0.575743
5986.2,-0.801152,-1.66425,-0.577494,-0.00135507,-0.576139
5986.8,-0.814657,-1.66379,-0.577835,-0.00130136,-0.576534
5987.4,-0.802644,-1.66331,-0.578293,-0.00134896,-0.576944
5988,-0.767635,-1.66284,-0.578839,-0.0014979,-0.577341
5988.6,-0.801644,-1.66237,-0.579096,-0.00135293,-0.577743
5989.2,-0.800644,-1.6619,-0.579478,-0.00135694,-0.578121
5989.8,-0.806151,-1.66142,-0.579851,-0.00133472,-0.578516
5990.4,-0.81115,-1.66095,-0.580214,-0.00131487,-0.578899
5991,-0.827163,-1.66048,-0.580504,-0.0012533,-0.579251
5991.6,-0.837161,-1.66002,-0.580771,-0.00121632,-0.579555
5992.2,-0.811658,-1.65955,-0.581206,-0.00131276,-0.579894
5992.8,-0.826655,-1.65908,-0.581504,-0.0012551,-0.580249
5993.4,-0.815149,-1.6586,-0.581927,-0.00129904,-0.580628
5994,-0.844176,-1.65814,-0.582149,-0.00119091,-0.580958
5994.6,-0.808659,-1.65766,-0.582613,-0.00132445,-0.581288
5995.2,-0.846175,-1.6572,-0.582796,-0.00118373,-0.581612
5995.8,-0.836669,-1.65674,-0.583137,-0.00121787,-0.581919
5996.4,-0.814149,-1.65627,-0.583517,-0.00130275,-0.582214
5997,-0.828163,-1.65581,-0.583752,-0.00124921,-0.582503
5997.6,-0.824164,-1.65535,-0.584072,-0.00126421,-0.582808
5998.2,-0.830162,-1.65488,-0.58436,-0.00124168,-0.583118
5998.8,-0.838161,-1.65443,-0.584595,-0.00121227,-0.583382
5999.4,-0.86368,-1.65397,-0.584772,-0.00112308,-0.583649
6000,-0.843176,-1.65351,-0.585094,-0.00119415,-0.583899
6000.6,-0.84216,-1.65305,-0.585416,-0.00119775,-0.584219
6001.2,-0.819165,-1.65259,-0.585836,-0.00128306,-0.584553
6001.8,-0.806151,-1.65212,-0.586221,-0.00133398,-0.584887
6002.4,-0.792154,-1.65165,-0.586646,-0.001391,-0.585255
6003,-0.813658,-1.6512,-0.586875,-0.00130427,-0.58557
6003.6,-0.792154,-1.65073,-0.587297,-0.00139093,-0.585906
6004.2,-0.78214,-1.65026,-0.587693,-0.0014332,-0.586259
6004.8,-0.796645,-1.6498,-0.587947,-0.00137228,-0.586574
6005.4,-0.777141,-1.64933,-0.588382,-0.00145471,-0.586927
6006,-0.765635,-1.64886,-0.588821,-0.00150562,-0.587315
6006.6,-0.756637,-1.64838,-0.589263,-0.00154666,-0.587716
6007.2,-0.772142,-1.64792,-0.589561,-0.00147651,-0.588084
6007.8,-0.824655,-1.64746,-0.589658,-0.00126176,-0.588397
6008.4,-0.801644,-1.64699,-0.590069,-0.00135168,-0.588718
6009,-0.771142,-1.64651,-0.59053,-0.00148081,-0.589049
6009.6,-0.765144,-1.64604,-0.590916,-0.00150758,-0.589408
6010.2,-0.801644,-1.64557,-0.591114,-0.00135156,-0.589762
6010.8,-0.791646,-1.6451,-0.591468,-0.00139257,-0.590076
6011.4,-0.799644,-1.64464,-0.59174,-0.0013596,-0.59038
6012,-0.81015,-1.64417,-0.591993,-0.00131748,-0.590676
6012.6,-0.829671,-1.64371,-0.592217,-0.00124268,-0.590975
6013.2,-0.791154,-1.64324,-0.592672,-0.00139447,-0.591277
6013.8,-0.831162,-1.64278,-0.592783,-0.00123707,-0.591546
6014.4,-0.786139,-1.64231,-0.593251,-0.00141547,-0.591835
6015,-0.811658,-1.64185,-0.593442,-0.00131136,-0.592131
6015.6,-0.80915,-1.64139,-0.59372,-0.00132121,-0.592398
6016.2,-0.821164,-1.64093,-0.593951,-0.00127451,-0.592676
6016.8,-0.796153,-1.64046,-0.594332,-0.00137353,-0.592959
6017.4,-0.820656,-1.64001,-0.594484,-0.00127638,-0.593207
6018,-0.830162,-1.63956,-0.594676,-0.00124054,-0.593435
6018.6,-0.801152,-1.6391,-0.595066,-0.00135303,-0.593713
6019.2,-0.805151,-1.63864,-0.595329,-0.00133689,-0.593992
6019.8,-0.827655,-1.63818,-0.595508,-0.00124978,-0.594258
6020.4,-0.793646,-1.63772,-0.595935,-0.00138365,-0.594551
6021,-0.802644,-1.63726,-0.596182,-0.00134685,-0.594835
6021.6,-0.784648,-1.6368,-0.596569,-0.00142133,-0.595148
6022.2,-0.822656,-1.63634,-0.596713,-0.00126848,-0.595445
6022.8,-0.791646,-1.63588,-0.597158,-0.0013918,-0.595766
6023.4,-0.792154,-1.63542,-0.597429,-0.00138965,-0.596039
6024,-0.765635,-1.63495,-0.597889,-0.00150436,-0.596384
6024.6,-0.765144,-1.63449,-0.598198,-0.00150653,-0.596691
6025.2,-0.777141,-1.63403,-0.598456,-0.00145338,-0.597003
6025.8,-0.75413,-1.63356,-0.59889,-0.00155691,-0.597333
6026.4,-0.734626,-1.63308,-0.599339,-0.0016504,-0.597689
6027,-0.742624,-1.63261,-0.599672,-0.00161134,-0.598061
6027.6,-0.740133,-1.63214,-0.600051,-0.00162335,-0.598428
6028.2,-0.75413,-1.63167,-0.60033,-0.00155674,-0.598774
6028.8,-0.756637,-1.63119,-0.600659,-0.00154506,-0.599114
6029.4,-0.778141,-1.63072,-0.600888,-0.00144875,-0.599439
6030,-0.799153,-1.63026,-0.601075,-0.00136042,-0.599715
6030.6,-0.779649,-1.62979,-0.601447,-0.00144214,-0.600005
6031.2,-0.792154,-1.62932,-0.601673,-0.00138914,-0.600284
6031.8,-0.806151,-1.62886,-0.601875,-0.00133212,-0.600543
6032.4,-0.767143,-1.62839,-0.602295,-0.001497,-0.600798
6033,-0.746131,-1.62792,-0.602684,-0.00159407,-0.60109
6033.6,-0.806151,-1.62746,-0.602685,-0.001332,-0.601353
6034.2,-0.798153,-1.627,-0.602962,-0.00136423,-0.601598
6034.8,-0.777649,-1.62653,-0.603301,-0.00145051,-0.601851
6035.4,-0.767143,-1.62607,-0.603612,-0.00149679,-0.602115
6036,-0.780648,-1.62561,-0.60379,-0.00143747,-0.602353
6036.6,-0.791646,-1.62515,-0.603973,-0.0013909,-0.602582
6037.2,-0.792646,-1.6247,-0.604152,-0.00138671,-0.602766
6037.8,-0.796645,-1.62425,-0.604354,-0.00137018,-0.602983
6038.4,-0.796153,-1.62379,-0.604575,-0.00137216,-0.603203
6039,-0.768635,-1.62333,-0.604945,-0.00148988,-0.603455
6039.6,-0.798645,-1.62288,-0.605057,-0.00136189,-0.603695
6040.2,-0.764635,-1.62242,-0.605445,-0.00150773,-0.603938
6040.8,-0.777649,-1.62197,-0.605658,-0.00145011,-0.604208
6041.4,-0.772634,-1.62151,-0.605947,-0.001472,-0.604475
6042,-0.755129,-1.62105,-0.606291,-0.0015511,-0.60474
6042.6,-0.760145,-1.62059,-0.60654,-0.00152796,-0.605012
6043.2,-0.728119,-1.62013,-0.606986,-0.00168152,-0.605304
6043.8,-0.740133,-1.61966,-0.607271,-0.00162213,-0.605649
6044.4,-0.780648,-1.6192,-0.607397,-0.00143692,-0.60596
6045,-0.787139,-1.61874,-0.607631,-0.00140924,-0.606221
6045.6,-0.734134,-1.61827,-0.608163,-0.00165136,-0.606511
6046.2,-0.772142,-1.61781,-0.608278,-0.00147384,-0.606804
6046.8,-0.734134,-1.61734,-0.60876,-0.00165127,-0.607108
6047.4,-0.760145,-1.61688,-0.60893,-0.00152761,-0.607402
6048,-0.757129,-1.61641,-0.609225,-0.00154142,-0.607684
6048.6,-0.734626,-1.61594,-0.609602,-0.0016487,-0.607953
6049.2,-0.756637,-1.61548,-0.609772,-0.0015436,-0.608229
6049.8,-0.776141,-1.61502,-0.609958,-0.00145606,-0.608502
6050.4,-0.749131,-1.61455,-0.610366,-0.00157856,-0.608788
6051,-0.825163,-1.6141,-0.610276,-0.00125731,-0.609018
6051.6,-0.753638,-1.61362,-0.610831,-0.00155734,-0.609274
6052.2,-0.755637,-1.61316,-0.611105,-0.00154801,-0.609557
6052.8,-0.767143,-1.61269,-0.611316,-0.00149559,-0.60982
6053.4,-0.78014,-1.61223,-0.611497,-0.0014385,-0.610058
6054,-0.759128,-1.61178,-0.611787,-0.0015318,-0.610255
6054.6,-0.771142,-1.61132,-0.611944,-0.00147768,-0.610466
6055.2,-0.762144,-1.61086,-0.612216,-0.00151795,-0.610698
6055.8,-0.722628,-1.61039,-0.612631,-0.00170836,-0.610923
6056.4,-0.761636,-1.60994,-0.612658,-0.00152018,-0.611138
6057,-0.749639,-1.60948,-0.612932,-0.00157569,-0.611356
6057.6,-0.745131,-1.60902,-0.613196,-0.00159703,-0.611599
6058.2,-0.745131,-1.60857,-0.613416,-0.00159699,-0.611819
6058.8,-0.763144,-1.60812,-0.613554,-0.00151317,-0.612041
6059.4,-0.741132,-1.60766,-0.613875,-0.00161612,-0.612259
6060,-0.752638,-1.60721,-0.614035,-0.0015614,-0.612474
6060.6,-0.723628,-1.60674,-0.614453,-0.00170289,-0.61275
6061.2,-0.746131,-1.60628,-0.614614,-0.001592,-0.613022
6061.8,-0.732626,-1.60581,-0.61495,-0.00165758,-0.613293
6062.4,-0.754638,-1.60536,-0.615111,-0.00155191,-0.613559
6063,-0.735625,-1.6049,-0.615448,-0.00164268,-0.613805
6063.6,-0.726627,-1.60443,-0.615754,-0.00168745,-0.614066
6064.2,-0.72212,-1.60396,-0.616079,-0.0017103,-0.614369
6064.8,-0.727627,-1.60349,-0.61634,-0.00168231,-0.614657
6065.4,-0.69511,-1.60302,-0.616818,-0.00185406,-0.614964
6066,-0.735625,-1.60255,-0.616899,-0.00164245,-0.615257
6066.6,-0.721628,-1.60208,-0.617248,-0.00171262,-0.615536
6067.2,-0.747623,-1.60162,-0.617374,-0.00158447,-0.61579
6067.8,-0.728627,-1.60115,-0.61774,-0.00167705,-0.616063
6068.4,-0.685112,-1.60067,-0.618258,-0.00191005,-0.616348
6069,-0.69511,-1.60019,-0.618487,-0.00185375,-0.616633
6069.6,-0.751638,-1.59974,-0.618446,-0.00156537,-0.616881
6070.2,-0.759128,-1.59927,-0.618636,-0.00153064,-0.617106
6070.8,-0.78314,-1.59882,-0.618704,-0.0014245,-0.61728
6071.4,-0.779141,-1.59836,-0.618879,-0.00144161,-0.617437
6072,-0.767635,-1.5979,-0.619075,-0.00149206,-0.617583
6072.6,-0.763636,-1.59744,-0.619284,-0.00150997,-0.617774
6073.2,-0.72112,-1.59697,-0.619738,-0.0017147,-0.618023
6073.8,-0.747623,-1.59652,-0.619793,-0.00158398,-0.618209
6074.4,-0.750638,-1.59606,-0.619983,-0.00156971,-0.618413
6075,-0.747131,-1.5956,-0.620198,-0.00158622,-0.618612
6075.6,-0.756129,-1.59515,-0.620325,-0.00154405,-0.61878
6076.2,-0.757637,-1.5947,-0.620501,-0.00153706,-0.618964
6076.8,-0.741132,-1.59425,-0.620738,-0.00161481,-0.619124
6077.4,-0.785647,-1.5938,-0.620708,-0.00141342,-0.619295
6078,-0.769634,-1.59335,-0.620955,-0.00148275,-0.619472
6078.6,-0.742132,-1.59289,-0.62129,-0.00160986,-0.61968
6079.2,-0.783648,-1.59245,-0.621262,-0.00142179,-0.61984
6079.8,-0.782648,-1.592,-0.62144,-0.00142601,-0.620014
6080.4,-0.795153,-1.59155,-0.621575,-0.0013736,-0.620201
6081,-0.724628,-1.59108,-0.622152,-0.0016962,-0.620456
6081.6,-0.75113,-1.59063,-0.622269,-0.00156689,-0.620702
6082.2,-0.729627,-1.59017,-0.622597,-0.00167094,-0.620926
6082.8,-0.728119,-1.58971,-0.622849,-0.00167845,-0.621171
6083.4,-0.75413,-1.58926,-0.622928,-0.00155277,-0.621376
6084,-0.72012,-1.5888,-0.62331,-0.00171898,-0.621591
6084.6,-0.749639,-1.58835,-0.623368,-0.00157368,-0.621795
6085.2,-0.712122,-1.58789,-0.623805,-0.0017605,-0.622045
6085.8,-0.711122,-1.58743,-0.624043,-0.00176572,-0.622278
6086.4,-0.681604,-1.58696,-0.624483,-0.00192859,-0.622554
6087,-0.696617,-1.58649,-0.624679,-0.00184388,-0.622835
6087.6,-0.679113,-1.58603,-0.625029,-0.00194289,-0.623086
6088.2,-0.706107,-1.58557,-0.625099,-0.0017922,-0.623307
6088.8,-0.703616,-1.5851,-0.625372,-0.00180555,-0.623566
6089.4,-0.674098,-1.58463,-0.625797,-0.00197208,-0.623825
6090,-0.715613,-1.58417,-0.62579,-0.00174183,-0.624048
6090.6,-0.713122,-1.58372,-0.625982,-0.0017548,-0.624228
6091.2,-0.728119,-1.58326,-0.626106,-0.00167779,-0.624428
6091.8,-0.724628,-1.5828,-0.626299,-0.00169536,-0.624604
6092.4,-0.715122,-1.58233,-0.62655,-0.00174419,-0.624806
6093,-0.716121,-1.58188,-0.626737,-0.00173894,-0.624998
6093.6,-0.725119,-1.58142,-0.626898,-0.00169272,-0.625205
6094.2,-0.746623,-1.58096,-0.626959,-0.00158723,-0.625371
6094.8,-0.706107,-1.5805,-0.62735,-0.00179165,-0.625558
6095.4,-0.736133,-1.58005,-0.627384,-0.00163773,-0.625746
6096,-0.75113,-1.5796,-0.627447,-0.00156585,-0.625881
6096.6,-0.737133,-1.57914,-0.627669,-0.00163276,-0.626036
6097.2,-0.759128,-1.5787,-0.627711,-0.00152874,-0.626182
6097.8,-0.723628,-1.57824,-0.628061,-0.00169996,-0.626361
6098.4,-0.757637,-1.57779,-0.628066,-0.0015355,-0.62653
6099,-0.718121,-1.57733,-0.628448,-0.0017281,-0.62672
6099.6,-0.753638,-1.57689,-0.62843,-0.00155389,-0.626876
6100.2,-0.736133,-1.57643,-0.628687,-0.00163738,-0.627049
6100.8,-0.732118,-1.57598,-0.628898,-0.00165712,-0.627241
6101.4,-0.722628,-1.57552,-0.629142,-0.00170477,-0.627437
6102,-0.719629,-1.57506,-0.62939,-0.00172009,-0.62767
6102.6,-0.69411,-1.57459,-0.629774,-0.00185643,-0.627918
6103.2,-0.756637,-1.57415,-0.629641,-0.00153976,-0.628101
6103.8,-0.727119,-1.57369,-0.629985,-0.00168184,-0.628303
6104.4,-0.729119,-1.57323,-0.630162,-0.00167177,-0.628491
6105,-0.683112,-1.57275,-0.630664,-0.00191827,-0.628745
6105.6,-0.700617,-1.5723,-0.630786,-0.00182041,-0.628966
6106.2,-0.680113,-1.57183,-0.63114,-0.00193544,-0.629204
6106.8,-0.673098,-1.57136,-0.631434,-0.00197639,-0.629458
6107.4,-0.685112,-1.57089,-0.631608,-0.00190662,-0.629701
6108,-0.69311,-1.57043,-0.631762,-0.00186152,-0.6299
6108.6,-0.684604,-1.56996,-0.632041,-0.00190941,-0.630131
6109.2,-0.666607,-1.56949,-0.632353,-0.00201488,-0.630338
6109.8,-0.69511,-1.56903,-0.632412,-0.00185027,-0.630561
6110.4,-0.733626,-1.56857,-0.632401,-0.00164892,-0.630752
6111,-0.654594,-1.56809,-0.633011,-0.00208837,-0.630922
6111.6,-0.69111,-1.56762,-0.633052,-0.00187236,-0.63118
6112.2,-0.697109,-1.56716,-0.633227,-0.00183903,-0.631388
6112.8,-0.717121,-1.5667,-0.633293,-0.00173216,-0.631561
6113.4,-0.704616,-1.56623,-0.633541,-0.00179811,-0.631743
6114,-0.709123,-1.56577,-0.633668,-0.00177399,-0.631894
6114.6,-0.708123,-1.5653,-0.633873,-0.00177925,-0.632094
6115.2,-0.681113,-1.56483,-0.63423,-0.00192885,-0.632301
6115.8,-0.713614,-1.56437,-0.634231,-0.00175018,-0.632481
6116.4,-0.733118,-1.56392,-0.634265,-0.00165097,-0.632614
6117,-0.72112,-1.56345,-0.634468,-0.00171123,-0.632757
6117.6,-0.688603,-1.56298,-0.634805,-0.00188593,-0.632919
6118.2,-0.683112,-1.56252,-0.635012,-0.00191708,-0.633095
6118.8,-0.702108,-1.56205,-0.635119,-0.00181119,-0.633308
6119.4,-0.738625,-1.5616,-0.635082,-0.00162377,-0.633458
6120,-0.706107,-1.56114,-0.6354,-0.00178956,-0.63361
6120.6,-0.715122,-1.56067,-0.635531,-0.00174192,-0.633789
6121.2,-0.693618,-1.5602,-0.635868,-0.00185754,-0.634011
6121.8,-0.680113,-1.55973,-0.636153,-0.00193402,-0.634219
6122.4,-0.658593,-1.55926,-0.636451,-0.00206246,-0.634388
6123,-0.715613,-1.5588,-0.636342,-0.00173916,-0.634603
6123.6,-0.674606,-1.55832,-0.636772,-0.00196596,-0.634806
6124.2,-0.692602,-1.55785,-0.636897,-0.00186293,-0.635034
6124.8,-0.69411,-1.55739,-0.637057,-0.0018545,-0.635202
6125.4,-0.690111,-1.55692,-0.637251,-0.00187675,-0.635374
6126,-0.647087,-1.55643,-0.637721,-0.00213424,-0.635586
6126.6,-0.642088,-1.55596,-0.637998,-0.0021663,-0.635832
6127.2,-0.639089,-1.55547,-0.638266,-0.00218574,-0.63608
6127.8,-0.666607,-1.55501,-0.638299,-0.00201312,-0.636286
6128.4,-0.649595,-1.55452,-0.638624,-0.00211807,-0.636506
6129,-0.657101,-1.55405,-0.638768,-0.00207102,-0.636697
6129.6,-0.670607,-1.55358,-0.638889,-0.00198903,-0.6369
6130.2,-0.687603,-1.55311,-0.638957,-0.00189044,-0.637067
6130.8,-0.689111,-1.55263,-0.639103,-0.00188188,-0.637221
6131.4,-0.678097,-1.55216,-0.639334,-0.00194483,-0.637389
6132,-0.688111,-1.55169,-0.639429,-0.00188741,-0.637541
6132.6,-0.689602,-1.55122,-0.639579,-0.00187896,-0.6377
6133.2,-0.689111,-1.55075,-0.639744,-0.00188167,-0.637862
6133.8,-0.717121,-1.55029,-0.639723,-0.00173045,-0.637992
6134.4,-0.714613,-1.54982,-0.639882,-0.00174342,-0.638139
6135,-0.657593,-1.54934,-0.64036,-0.00206739,-0.638292
6135.6,-0.697617,-1.54888,-0.640271,-0.00183421,-0.638437
6136.2,-0.701616,-1.54842,-0.640357,-0.00181236,-0.638544
6136.8,-0.72312,-1.54796,-0.640358,-0.00169944,-0.638658
6137.4,-0.720629,-1.5475,-0.640448,-0.0017121,-0.638736
6138,-0.697109,-1.54703,-0.640701,-0.0018368,-0.638864
6138.6,-0.69511,-1.54657,-0.640865,-0.00184776,-0.639017
6139.2,-0.69111,-1.54611,-0.64104,-0.00186993,-0.63917
6139.8,-0.680604,-1.54564,-0.641242,-0.00192954,-0.639312
6140.4,-0.688111,-1.54517,-0.641364,-0.00188667,-0.639477
6141,-0.645596,-1.5447,-0.641811,-0.00214226,-0.639668
6141.6,-0.695618,-1.54424,-0.641687,-0.00184469,-0.639843
6142.2,-0.697109,-1.54377,-0.64186,-0.00183643,-0.640024
6142.8,-0.69511,-1.5433,-0.642052,-0.00184739,-0.640205
6143.4,-0.641596,-1.54281,-0.642548,-0.00216776,-0.64038
6144,-0.647087,-1.54234,-0.64273,-0.00213243,-0.640598
6144.6,-0.679605,-1.54187,-0.642746,-0.00193487,-0.640811
6145.2,-0.635598,-1.54138,-0.643234,-0.00220678,-0.641027
6145.8,-0.635598,-1.54089,-0.643465,-0.00220671,-0.641258
6146.4,-0.607079,-1.5404,-0.643887,-0.00240288,-0.641484
6147,-0.647087,-1.53992,-0.643871,-0.00213211,-0.641739
6147.6,-0.631091,-1.53943,-0.644193,-0.00223643,-0.641957
6148.2,-0.646595,-1.53895,-0.644308,-0.00213512,-0.642173
6148.8,-0.615586,-1.53845,-0.644739,-0.00234232,-0.642396
6149.4,-0.658101,-1.53796,-0.644696,-0.00206283,-0.642633
6150,-0.63209,-1.53746,-0.645085,-0.0022295,-0.642855
6150.6,-0.663592,-1.53698,-0.645062,-0.00202914,-0.643033
6151.2,-0.69111,-1.53651,-0.645048,-0.00186885,-0.643179
6151.8,-0.670607,-1.53602,-0.645328,-0.00198692,-0.643341
6152.4,-0.647087,-1.53552,-0.645654,-0.00213155,-0.643523
6153,-0.655102,-1.53503,-0.645798,-0.00208104,-0.643716
6153.6,-0.737625,-1.53457,-0.645472,-0.00162597,-0.643846
6154.2,-0.687111,-1.53407,-0.645855,-0.00189105,-0.643964
6154.8,-0.689602,-1.5336,-0.645953,-0.00187696,-0.644076
6155.4,-0.664608,-1.53311,-0.646241,-0.00202251,-0.644219
6156,-0.698617,-1.53263,-0.646165,-0.00182694,-0.644338
6156.6,-0.710123,-1.53216,-0.646198,-0.00176511,-0.644432
6157.2,-0.694618,-1.53169,-0.646351,-0.00184881,-0.644502
6157.8,-0.705124,-1.53122,-0.646392,-0.00179159,-0.6446
6158.4,-0.667607,-1.53074,-0.646709,-0.00200417,-0.644705
6159,-0.678097,-1.53026,-0.646779,-0.00194225,-0.644837
6159.6,-0.691602,-1.52979,-0.646818,-0.00186534,-0.644953
6160.2,-0.650103,-1.52931,-0.647189,-0.00211163,-0.645078
6160.8,-0.663592,-1.52883,-0.647261,-0.00202814,-0.645233
6161.4,-0.658101,-1.52834,-0.647476,-0.00206163,-0.645414
6162,-0.653594,-1.52786,-0.647677,-0.00208953,-0.645588
6162.6,-0.645088,-1.52738,-0.647883,-0.00214327,-0.64574
6163.2,-0.653102,-1.5269,-0.64798,-0.00209248,-0.645888
6163.8,-0.643088,-1.52641,-0.648243,-0.00215598,-0.646087
6164.4,-0.653102,-1.52592,-0.648365,-0.00209236,-0.646273
6165,-0.641596,-1.52544,-0.648617,-0.00216549,-0.646452
6165.6,-0.622076,-1.52494,-0.648955,-0.00229547,-0.646659
6166.2,-0.657101,-1.52446,-0.648911,-0.00206732,-0.646844
6166.8,-0.63309,-1.52395,-0.649266,-0.00222103,-0.647045
6167.4,-0.653594,-1.52347,-0.649298,-0.00208898,-0.647209
6168,-0.612586,-1.52297,-0.64974,-0.00236119,-0.647379
6168.6,-0.647595,-1.52248,-0.649688,-0.00212664,-0.647561
6169.2,-0.632582,-1.52198,-0.649983,-0.00222414,-0.647759
6169.8,-0.663592,-1.5215,-0.649949,-0.00202724,-0.647922
6170.4,-0.673606,-1.52101,-0.650013,-0.0019674,-0.648046
6171,-0.713122,-1.52054,-0.649874,-0.00174812,-0.648126
6171.6,-0.685112,-1.52006,-0.650097,-0.00190077,-0.648196
6172.2,-0.710614,-1.51958,-0.650052,-0.00176117,-0.64829
6172.8,-0.648087,-1.51908,-0.650524,-0.00212308,-0.648401
6173.4,-0.706107,-1.51861,-0.650293,-0.00178496,-0.648508
6174,-0.675097,-1.51813,-0.650555,-0.00195831,-0.648596
6174.6,-0.680113,-1.51765,-0.650604,-0.00192911,-0.648675
6175.2,-0.703616,-1.51718,-0.65057,-0.00179815,-0.648771
6175.8,-0.669607,-1.5167,-0.650817,-0.00199054,-0.648827
6176.4,-0.707615,-1.51624,-0.650637,-0.00177668,-0.64886
6177,-0.670099,-1.51577,-0.650912,-0.0019875,-0.648924
6177.6,-0.677097,-1.5153,-0.650953,-0.0019463,-0.649007
6178.2,-0.682604,-1.51482,-0.651011,-0.00191447,-0.649096
6178.8,-0.674098,-1.51436,-0.651141,-0.00196372,-0.649177
6179.4,-0.684604,-1.51389,-0.651154,-0.00190295,-0.649251
6180,-0.673606,-1.51342,-0.651298,-0.0019665,-0.649332
6180.6,-0.672606,-1.51295,-0.651396,-0.00197232,-0.649424
6181.2,-0.652102,-1.51247,-0.651649,-0.00209691,-0.649553
6181.8,-0.649103,-1.512,-0.651801,-0.00211573,-0.649686
6182.4,-0.657593,-1.51152,-0.651884,-0.00206267,-0.649821
6183,-0.678097,-1.51106,-0.65186,-0.00194,-0.64992
6183.6,-0.643596,-1.51058,-0.652189,-0.00215065,-0.650038
6184.2,-0.628583,-1.5101,-0.65243,-0.00224926,-0.650181
6184.8,-0.657593,-1.50963,-0.652388,-0.00206243,-0.650326
6185.4,-0.667099,-1.50914,-0.652499,-0.0020046,-0.650494
6186,-0.630091,-1.50865,-0.652922,-0.00223895,-0.650683
6186.6,-0.625584,-1.50816,-0.653101,-0.00226923,-0.650832
6187.2,-0.670607,-1.50769,-0.652967,-0.00198352,-0.650983
6187.8,-0.654102,-1.50721,-0.653191,-0.00208375,-0.651107
6188.4,-0.655593,-1.50672,-0.653317,-0.00207443,-0.651242
6189,-0.644596,-1.50624,-0.653514,-0.00214367,-0.651371
6189.6,-0.653102,-1.50576,-0.653596,-0.0020898,-0.651506
6190.2,-0.646087,-1.50527,-0.653783,-0.00213401,-0.651649
6190.8,-0.687111,-1.5048,-0.653649,-0.0018877,-0.651761
6191.4,-0.644596,-1.5043,-0.654021,-0.00214342,-0.651878
6192,-0.679113,-1.50384,-0.653881,-0.00193327,-0.651948
6192.6,-0.647595,-1.50335,-0.654169,-0.00212417,-0.652045
6193.2,-0.687111,-1.50289,-0.653996,-0.00188748,-0.652109
6193.8,-0.682112,-1.50241,-0.654106,-0.00191584,-0.65219
6194.4,-0.696617,-1.50194,-0.654091,-0.00183448,-0.652256
6195,-0.656102,-1.50145,-0.654412,-0.00207062,-0.652342
6195.6,-0.672606,-1.50098,-0.654393,-0.00197089,-0.652422
6196.2,-0.690111,-1.50051,-0.654358,-0.00187036,-0.652488
6196.8,-0.711122,-1.50006,-0.654255,-0.00175642,-0.652499
6197.4,-0.666099,-1.49958,-0.654567,-0.00200943,-0.652557
6198,-0.683112,-1.49911,-0.654535,-0.00190974,-0.652625
6198.6,-0.714122,-1.49865,-0.65442,-0.00174059,-0.652679
6199.2,-0.686111,-1.49818,-0.654619,-0.00189259,-0.652726
6199.8,-0.701616,-1.49773,-0.654554,-0.00180681,-0.652748
6200.4,-0.675097,-1.49725,-0.654765,-0.00195583,-0.65281
6201,-0.671606,-1.49678,-0.654875,-0.00197629,-0.652898
6201.6,-0.634598,-1.49631,-0.655192,-0.00220735,-0.652985
6202.2,-0.641596,-1.49583,-0.655276,-0.00216161,-0.653115
6202.8,-0.618077,-1.49536,-0.655559,-0.0023189,-0.65324
6203.4,-0.636089,-1.49488,-0.65556,-0.00219734,-0.653363
6204,-0.609587,-1.4944,-0.655886,-0.00237832,-0.653508
6204.6,-0.636598,-1.49393,-0.655833,-0.00219388,-0.653639
6205.2,-0.636089,-1.49345,-0.655953,-0.00219715,-0.653756
6205.8,-0.643088,-1.49297,-0.656041,-0.00215162,-0.653889
6206.4,-0.611587,-1.49247,-0.656402,-0.00236388,-0.654038
6207,-0.617077,-1.49198,-0.656543,-0.00232536,-0.654218
6207.6,-0.639597,-1.49151,-0.65653,-0.00217399,-0.654356
6208.2,-0.616585,-1.49102,-0.656797,-0.00232864,-0.654469
6208.8,-0.619585,-1.49052,-0.656938,-0.0023078,-0.65463
6209.4,-0.628583,-1.49004,-0.65702,-0.00224652,-0.654773
6210,-0.633582,-1.48955,-0.657111,-0.00221315,-0.654898
6210.6,-0.650595,-1.48906,-0.657119,-0.0021034,-0.655016
6211.2,-0.659101,-1.48858,-0.657141,-0.00205054,-0.65509
6211.8,-0.650103,-1.4881,-0.657266,-0.00210637,-0.65516
6212.4,-0.658593,-1.48762,-0.657293,-0.00205353,-0.655239
6213,-0.660101,-1.48714,-0.65734,-0.00204424,-0.655296
6213.6,-0.674606,-1.48666,-0.657334,-0.00195745,-0.655376
6214.2,-0.627091,-1.48617,-0.657693,-0.00225603,-0.655437
6214.8,-0.654594,-1.48569,-0.657611,-0.00207798,-0.655533
6215.4,-0.645088,-1.48521,-0.657726,-0.0021378,-0.655589
6216,-0.669607,-1.48474,-0.657633,-0.00198669,-0.655646
6216.6,-0.6621,-1.48426,-0.657722,-0.00203171,-0.65569
6217.2,-0.708615,-1.48379,-0.657507,-0.0017679,-0.655739
6217.8,-0.673606,-1.48331,-0.657728,-0.00196291,-0.655765
6218.4,-0.672606,-1.48284,-0.657795,-0.00196873,-0.655826
6219,-0.647595,-1.48235,-0.658038,-0.00212147,-0.655916
6219.6,-0.6651,-1.48188,-0.657997,-0.00201328,-0.655984
6220.2,-0.652102,-1.48139,-0.658154,-0.00209296,-0.656061
6220.8,-0.647087,-1.48091,-0.65826,-0.00212451,-0.656135
6221.4,-0.646595,-1.48043,-0.658347,-0.00212757,-0.656219
6222,-0.640597,-1.47995,-0.658466,-0.00216599,-0.6563
6222.6,-0.662592,-1.47947,-0.658411,-0.00202813,-0.656382
6223.2,-0.652594,-1.47899,-0.658572,-0.00208959,-0.656483
6223.8,-0.659101,-1.47851,-0.658622,-0.00204928,-0.656573
6224.4,-0.633582,-1.47802,-0.658876,-0.00221161,-0.656665
6225,-0.63309,-1.47754,-0.658948,-0.00221479,-0.656733
6225.6,-0.635598,-1.47705,-0.659041,-0.0021982,-0.656843
6226.2,-0.618077,-1.47656,-0.659274,-0.00231625,-0.656958
6226.8,-0.633582,-1.47607,-0.659294,-0.00221134,-0.657083
6227.4,-0.601572,-1.47557,-0.659635,-0.00243316,-0.657201
6228,-0.615586,-1.47508,-0.659655,-0.00233335,-0.657322
6228.6,-0.628091,-1.47459,-0.659687,-0.00224772,-0.657439
6229.2,-0.608079,-1.47409,-0.65995,-0.00238611,-0.657564
6229.8,-0.650595,-1.4736,-0.659759,-0.00210142,-0.657658
6230.4,-0.643596,-1.47311,-0.659892,-0.00214577,-0.657747
6231,-0.666099,-1.47263,-0.659817,-0.00200615,-0.657811
6231.6,-0.642596,-1.47213,-0.660041,-0.00215206,-0.657889
6232.2,-0.643596,-1.47164,-0.660096,-0.00214558,-0.657951
6232.8,-0.659593,-1.47114,-0.660099,-0.00204536,-0.658054
6233.4,-0.676097,-1.47066,-0.660041,-0.00194685,-0.658094
6234,-0.678605,-1.47018,-0.660046,-0.00193226,-0.658114
6234.6,-0.655102,-1.46969,-0.660223,-0.00207282,-0.658151
6235.2,-0.674098,-1.46921,-0.66014,-0.00195835,-0.658181
6235.8,-0.684604,-1.46873,-0.660135,-0.00189775,-0.658237
6236.4,-0.679113,-1.46825,-0.66019,-0.0019291,-0.658261
6237,-0.69511,-1.46777,-0.660097,-0.00183896,-0.658258
6237.6,-0.677097,-1.46729,-0.660199,-0.00194064,-0.658258
6238.2,-0.666099,-1.46681,-0.660293,-0.00200544,-0.658287
6238.8,-0.643596,-1.46632,-0.660486,-0.00214489,-0.658341
6239.4,-0.639597,-1.46584,-0.66056,-0.00217061,-0.658389
6240,-0.636598,-1.46535,-0.660658,-0.00219008,-0.658468
6240.6,-0.612078,-1.46485,-0.660929,-0.00235646,-0.658573
6241.2,-0.63209,-1.46436,-0.660911,-0.00221964,-0.658692
6241.8,-0.628583,-1.46387,-0.661027,-0.00224296,-0.658784
6242.4,-0.622076,-1.46338,-0.661138,-0.00228692,-0.658851
6243,-0.642596,-1.4629,-0.661077,-0.00215086,-0.658926
6243.6,-0.60308,-1.46239,-0.661438,-0.00242029,-0.659018
6244.2,-0.594082,-1.46189,-0.661639,-0.00248613,-0.659153
6244.8,-0.596573,-1.46138,-0.661761,-0.00246763,-0.659293
6245.4,-0.601081,-1.46088,-0.661859,-0.00243456,-0.659425
6246,-0.599573,-1.46036,-0.662021,-0.00244547,-0.659575
6246.6,-0.603572,-1.45985,-0.662129,-0.00241636,-0.659712
6247.2,-0.597082,-1.45934,-0.662316,-0.00246358,-0.659853
6247.8,-0.60308,-1.45883,-0.662396,-0.00241976,-0.659976
6248.4,-0.597082,-1.45832,-0.662557,-0.00246343,-0.660094
6249,-0.629583,-1.45781,-0.662446,-0.00223544,-0.66021
6249.6,-0.619585,-1.45729,-0.662623,-0.00230315,-0.66032
6250.2,-0.628583,-1.45678,-0.662659,-0.00224199,-0.660417
6250.8,-0.647595,-1.45628,-0.662595,-0.00211811,-0.660477
6251.4,-0.636089,-1.45576,-0.662724,-0.00219213,-0.660532
6252,-0.618077,-1.45524,-0.662929,-0.00231326,-0.660616
6252.6,-0.652102,-1.45474,-0.662764,-0.00208958,-0.660675
6253.2,-0.647087,-1.45423,-0.662857,-0.00212107,-0.660735
6253.8,-0.655593,-1.45373,-0.662801,-0.00206777,-0.660733
6254.4,-0.645596,-1.45322,-0.662923,-0.00213041,-0.660793
6255,-0.641088,-1.45271,-0.663003,-0.00215923,-0.660844
6255.6,-0.638597,-1.4522,-0.663074,-0.0021753,-0.660898
6256.2,-0.616077,-1.45168,-0.663291,-0.00232661,-0.660964
6256.8,-0.650103,-1.45118,-0.663127,-0.00210165,-0.661025
6257.4,-0.629091,-1.45066,-0.66331,-0.00223776,-0.661073
6258,-0.651103,-1.45015,-0.663229,-0.00209525,-0.661133
6258.6,-0.636598,-1.44964,-0.663367,-0.00218799,-0.661179
6259.2,-0.617077,-1.44912,-0.663562,-0.00231931,-0.661243
6259.8,-0.649595,-1.44862,-0.663384,-0.00210452,-0.66128
6260.4,-0.626092,-1.4481,-0.663599,-0.00225755,-0.661341
6261,-0.633582,-1.44759,-0.66362,-0.00220752,-0.661412
6261.6,-0.631582,-1.44708,-0.663697,-0.00222068,-0.661477
6262.2,-0.615586,-1.44655,-0.663872,-0.00232931,-0.661543
6262.8,-0.625092,-1.44604,-0.663884,-0.00226402,-0.66162
6263.4,-0.608079,-1.44552,-0.664065,-0.00238198,-0.661683
6264,-0.592574,-1.44499,-0.664283,-0.00249479,-0.661788
6264.6,-0.603572,-1.44446,-0.664325,-0.0024141,-0.661911
6265.2,-0.583576,-1.44392,-0.664602,-0.00256256,-0.66204
6265.8,-0.605571,-1.4434,-0.66456,-0.00239957,-0.662161
6266.4,-0.588575,-1.44286,-0.6648,-0.00252443,-0.662275
6267,-0.60408,-1.44233,-0.664787,-0.00241013,-0.662377
6267.6,-0.595082,-1.44179,-0.664977,-0.00247569,-0.662501
6268.2,-0.606571,-1.44125,-0.665006,-0.00239211,-0.662613
6268.8,-0.590575,-1.4407,-0.665234,-0.00250907,-0.662725
6269.4,-0.577561,-1.44015,-0.665457,-0.0026084,-0.662849
6270,-0.615078,-1.43962,-0.665287,-0.00233186,-0.662955
6270.6,-0.63509,-1.43909,-0.66523,-0.00219646,-0.663033
6271.2,-0.666099,-1.43855,-0.665103,-0.002002,-0.663101
6271.8,-0.639597,-1.43801,-0.665309,-0.00216694,-0.663142
6272.4,-0.598081,-1.43746,-0.665652,-0.00245297,-0.663199
6273,-0.592574,-1.43691,-0.665804,-0.00249356,-0.663311
6273.6,-0.642088,-1.43637,-0.665555,-0.00215065,-0.663405
6274.2,-0.626583,-1.43583,-0.665695,-0.00225256,-0.663443
6274.8,-0.659101,-1.43531,-0.66551,-0.00204391,-0.663466
6275.4,-0.667099,-1.43477,-0.665481,-0.00199557,-0.663486
6276,-0.642596,-1.43422,-0.665671,-0.00214711,-0.663523
6276.6,-0.631091,-1.43368,-0.665764,-0.00222214,-0.663542
6277.2,-0.653102,-1.43315,-0.665643,-0.00208061,-0.663563
6277.8,-0.643596,-1.43261,-0.665734,-0.0021405,-0.663593
6278.4,-0.629091,-1.43207,-0.665857,-0.00223523,-0.663621
6279,-0.623076,-1.43153,-0.665938,-0.00227569,-0.663663
6279.6,-0.667607,-1.43101,-0.66567,-0.00199208,-0.663678
6280.2,-0.616077,-1.43045,-0.666043,-0.00232361,-0.66372
6280.8,-0.584576,-1.42989,-0.666357,-0.00255274,-0.663804
6281.4,-0.590067,-1.42934,-0.666432,-0.00251115,-0.663921
6282,-0.60508,-1.42879,-0.666424,-0.00240097,-0.664023
6282.6,-0.608571,-1.42824,-0.666488,-0.00237598,-0.664112
6283.2,-0.627583,-1.4277,-0.666405,-0.00224473,-0.66416
6283.8,-0.634598,-1.42714,-0.666451,-0.00219809,-0.664253
6284.4,-0.615078,-1.42658,-0.666666,-0.00233001,-0.664336
6285,-0.599573,-1.426,-0.666885,-0.00244037,-0.664444
6285.6,-0.555566,-1.42542,-0.667372,-0.00278292,-0.664589
6286.2,-0.575562,-1.42485,-0.667351,-0.00262158,-0.664729
6286.8,-0.560057,-1.42427,-0.667618,-0.00274567,-0.664873
6287.4,-0.595574,-1.4237,-0.667482,-0.00246934,-0.665012
6288,-0.591574,-1.42313,-0.667595,-0.00249892,-0.665096
6288.6,-0.566055,-1.42253,-0.667941,-0.00269666,-0.665244
6289.2,-0.597082,-1.42196,-0.667792,-0.00245799,-0.665334
6289.8,-0.57507,-1.42136,-0.668101,-0.00262487,-0.665477
6290.4,-0.573562,-1.42077,-0.668242,-0.00263662,-0.665606
6291,-0.599573,-1.4202,-0.668145,-0.0024395,-0.665706
6291.6,-0.646595,-1.41963,-0.667876,-0.00211972,-0.665756
6292.2,-0.631091,-1.41904,-0.66804,-0.00222016,-0.66582
6292.8,-0.578561,-1.41843,-0.668513,-0.00259719,-0.665915
6293.4,-0.621093,-1.41785,-0.668288,-0.0022873,-0.666001
6294,-0.593066,-1.41725,-0.668566,-0.00248693,-0.666079
6294.6,-0.60208,-1.41666,-0.668573,-0.00242078,-0.666152
6295.2,-0.601572,-1.41607,-0.668647,-0.00242437,-0.666223
6295.8,-0.621093,-1.41548,-0.668562,-0.00228697,-0.666275
6296.4,-0.618077,-1.41489,-0.668624,-0.00230759,-0.666316
6297,-0.591066,-1.41429,-0.668875,-0.00250137,-0.666373
6297.6,-0.597573,-1.4137,-0.668878,-0.00245315,-0.666425
6298.2,-0.568563,-1.41309,-0.669175,-0.00267501,-0.6665
6298.8,-0.597082,-1.41249,-0.669057,-0.00245657,-0.666601
6299.4,-0.613586,-1.4119,-0.668976,-0.00233833,-0.666638
6300,-0.605571,-1.4113,-0.6691,-0.00239489,-0.666705
6300.6,-0.57407,-1.41068,-0.669412,-0.00263101,-0.666781
6301.2,-0.576561,-1.41007,-0.669499,-0.00261141,-0.666888
6301.8,-0.562564,-1.40945,-0.669707,-0.00272274,-0.666984
6302.4,-0.561565,-1.40882,-0.669869,-0.00273077,-0.667138
6303,-0.567563,-1.40819,-0.669971,-0.0026822,-0.667289
6303.6,-0.560565,-1.40756,-0.670173,-0.00273872,-0.667434
6304.2,-0.563056,-1.40692,-0.670313,-0.00271832,-0.667594
6304.8,-0.559057,-1.40628,-0.670477,-0.00275086,-0.667726
6305.4,-0.562564,-1.40564,-0.67058,-0.00272211,-0.667858
6306,-0.54706,-1.40499,-0.670859,-0.00285092,-0.668008
6306.6,-0.534554,-1.40432,-0.671149,-0.00295919,-0.66819
6307.2,-0.542552,-1.40367,-0.671258,-0.00288929,-0.668369
6307.8,-0.535554,-1.403,-0.671496,-0.00295014,-0.668546
6308.4,-0.563056,-1.40235,-0.671403,-0.00271757,-0.668685
6309,-0.584576,-1.4017,-0.671337,-0.00254836,-0.668788
6309.6,-0.596082,-1.40103,-0.671361,-0.0024622,-0.668899
6310.2,-0.568071,-1.40035,-0.671718,-0.00267686,-0.669041
6310.8,-0.581069,-1.39969,-0.671733,-0.00257488,-0.669158
6311.4,-0.583576,-1.39902,-0.671809,-0.00255557,-0.669253
6312,-0.584576,-1.39835,-0.671899,-0.00254784,-0.669351
6312.6,-0.557565,-1.39766,-0.672214,-0.00276168,-0.669452
6313.2,-0.594082,-1.39699,-0.672027,-0.00247633,-0.669551
6313.8,-0.60608,-1.39633,-0.671995,-0.00238908,-0.669606
6314.4,-0.625584,-1.39566,-0.671904,-0.00225377,-0.66965
6315,-0.57407,-1.39497,-0.672361,-0.00262849,-0.669733
6315.6,-0.594082,-1.39429,-0.672289,-0.00247592,-0.669813
6316.2,-0.590575,-1.39361,-0.67238,-0.00250189,-0.669878
6316.8,-0.588575,-1.39294,-0.672406,-0.00251677,-0.669889
6317.4,-0.60308,-1.39226,-0.672337,-0.00240998,-0.669927
6318,-0.609587,-1.39159,-0.672312,-0.0023635,-0.669949
6318.6,-0.585576,-1.3909,-0.672533,-0.0025391,-0.669994
6319.2,-0.586576,-1.39021,-0.672612,-0.00253142,-0.67008
6319.8,-0.585576,-1.38952,-0.672698,-0.00253888,-0.670159
6320.4,-0.580577,-1.38882,-0.6728,-0.00257695,-0.670223
6321,-0.582576,-1.38813,-0.672849,-0.00256151,-0.670287
6321.6,-0.567055,-1.38743,-0.673047,-0.00268288,-0.670365
6322.2,-0.572562,-1.38673,-0.673086,-0.00263902,-0.670447
6322.8,-0.547551,-1.38601,-0.673381,-0.00284345,-0.670538
6323.4,-0.565056,-1.38531,-0.67334,-0.00269859,-0.670642
6324,-0.52354,-1.38457,-0.673841,-0.00305436,-0.670787
6324.6,-0.57507,-1.38387,-0.673535,-0.00261888,-0.670916
6325.2,-0.557057,-1.38314,-0.673791,-0.00276343,-0.671027
6325.8,-0.566055,-1.38241,-0.673821,-0.00269007,-0.671131
6326.4,-0.523048,-1.38166,-0.674339,-0.0030583,-0.671281
6327,-0.533554,-1.38092,-0.674394,-0.0029638,-0.67143
6327.6,-0.535554,-1.38016,-0.67456,-0.00294603,-0.671614
6328.2,-0.528047,-1.37941,-0.674774,-0.00301262,-0.671762
6328.8,-0.51305,-1.37864,-0.675064,-0.0031503,-0.671913
6329.4,-0.546551,-1.37789,-0.674904,-0.00285053,-0.672054
6330,-0.556566,-1.37714,-0.674931,-0.00276647,-0.672165
6330.6,-0.580577,-1.37639,-0.674816,-0.002575,-0.672241
6331.2,-0.553058,-1.37563,-0.675097,-0.00279533,-0.672302
6331.8,-0.556058,-1.37486,-0.675178,-0.00277028,-0.672407
6332.4,-0.538553,-1.37408,-0.675418,-0.00291871,-0.6725
6333,-0.54406,-1.37331,-0.675472,-0.002871,-0.672601
6333.6,-0.556058,-1.37254,-0.675459,-0.00276989,-0.67269
6334.2,-0.592066,-1.37178,-0.67522,-0.00248746,-0.672732
6334.8,-0.578069,-1.371,-0.675392,-0.0025935,-0.672799
6335.4,-0.579069,-1.37021,-0.675462,-0.00258564,-0.672877
6336,-0.566564,-1.36943,-0.675632,-0.00268387,-0.672948
6336.6,-0.568563,-1.36865,-0.675646,-0.00266777,-0.672978
6337.2,-0.570563,-1.36786,-0.675699,-0.00265176,-0.673047
6337.8,-0.581577,-1.36708,-0.675656,-0.00256586,-0.67309
6338.4,-0.558057,-1.36628,-0.675911,-0.00275236,-0.673158
6339,-0.557565,-1.36548,-0.675992,-0.00275627,-0.673236
6339.6,-0.562056,-1.36468,-0.676027,-0.00271943,-0.673307
6340.2,-0.549059,-1.36386,-0.676226,-0.00282686,-0.673399
6340.8,-0.510051,-1.36302,-0.676711,-0.00317557,-0.673535
6341.4,-0.519541,-1.36219,-0.676766,-0.0030868,-0.673679
6342,-0.573562,-1.36138,-0.676421,-0.00262709,-0.673794
6342.6,-0.518049,-1.36053,-0.677002,-0.00310025,-0.673902
6343.2,-0.54506,-1.35971,-0.67686,-0.00286007,-0.674
6343.8,-0.498037,-1.35884,-0.677433,-0.00329057,-0.674142
6344.4,-0.541553,-1.358,-0.677175,-0.00288986,-0.674285
6345,-0.538045,-1.35714,-0.677321,-0.00292011,-0.674401
6345.6,-0.536554,-1.35628,-0.677441,-0.00293298,-0.674508
6346.2,-0.513542,-1.3554,-0.67779,-0.00314122,-0.674649
6346.8,-0.510543,-1.35453,-0.677961,-0.00316928,-0.674791
6347.4,-0.518541,-1.35364,-0.678028,-0.0030944,-0.674934
6348,-0.509035,-1.35275,-0.678255,-0.00318322,-0.675072
6348.6,-0.508543,-1.35185,-0.678417,-0.00318771,-0.675229
6349.2,-0.512542,-1.35094,-0.678525,-0.00314974,-0.675375
6349.8,-0.519049,-1.35004,-0.678598,-0.00308903,-0.675509
6350.4,-0.572562,-1.34915,-0.678235,-0.00263297,-0.675602
6351,-0.57307,-1.34825,-0.67831,-0.00262884,-0.675681
6351.6,-0.562564,-1.34733,-0.678464,-0.00271244,-0.675752
6352.2,-0.539045,-1.3464,-0.678755,-0.0029095,-0.675845
6352.8,-0.553058,-1.34549,-0.678699,-0.00279019,-0.675909
6353.4,-0.559057,-1.34457,-0.678722,-0.00274052,-0.675982
6354,-0.561056,-1.34364,-0.678742,-0.00272406,-0.676018
6354.6,-0.574562,-1.34271,-0.678693,-0.00261627,-0.676076
6355.2,-0.540061,-1.34177,-0.679008,-0.00289988,-0.676108
6355.8,-0.57507,-1.34084,-0.678762,-0.00261201,-0.67615
6356.4,-0.525048,-1.33987,-0.679261,-0.00303237,-0.676229
6357,-0.560057,-1.33894,-0.679011,-0.00273142,-0.67628
6357.6,-0.566055,-1.338,-0.678985,-0.00268279,-0.676302
6358.2,-0.571071,-1.33703,-0.679006,-0.00264276,-0.676363
6358.8,-0.596082,-1.33608,-0.678854,-0.00245245,-0.676401
6359.4,-0.54306,-1.33509,-0.679318,-0.00287286,-0.676445
6360,-0.586576,-1.33414,-0.679012,-0.00252277,-0.67649
6360.6,-0.555566,-1.33315,-0.679294,-0.00276729,-0.676527
6361.2,-0.551567,-1.33215,-0.67942,-0.00280035,-0.676619
6361.8,-0.526556,-1.33114,-0.679746,-0.00301714,-0.676729
6362.4,-0.533554,-1.33013,-0.67978,-0.00295462,-0.676825
6363,-0.540553,-1.32912,-0.679821,-0.00289338,-0.676927
6363.6,-0.519049,-1.32808,-0.680133,-0.00308489,-0.677048
6364.2,-0.527556,-1.32705,-0.680171,-0.0030074,-0.677163
6364.8,-0.528047,-1.32601,-0.680271,-0.0030028,-0.677268
6365.4,-0.496038,-1.32493,-0.680723,-0.00330338,-0.67742
6366,-0.511051,-1.32387,-0.68071,-0.00315855,-0.677551
6366.6,-0.484024,-1.32277,-0.681142,-0.00342339,-0.677718
6367.2,-0.481025,-1.32169,-0.681314,-0.00345391,-0.67786
6367.8,-0.513542,-1.3206,-0.681125,-0.00313454,-0.67799
6368.4,-0.481025,-1.31949,-0.681571,-0.00345344,-0.678118
6369,-0.491531,-1.31838,-0.681596,-0.00334674,-0.678249
6369.6,-0.486532,-1.31726,-0.681776,-0.00339675,-0.67838
6370.2,-0.511543,-1.31614,-0.681649,-0.00315243,-0.678497
6370.8,-0.525048,-1.315,-0.68164,-0.00302775,-0.678613
6371.4,-0.533554,-1.31387,-0.681638,-0.00295168,-0.678687
6372,-0.508035,-1.31271,-0.681944,-0.00318491,-0.678759
6372.6,-0.525048,-1.31155,-0.68188,-0.00302711,-0.678853
6373.2,-0.506036,-1.31037,-0.682166,-0.0032035,-0.678963
6373.8,-0.538553,-1.3092,-0.681957,-0.00290715,-0.67905
6374.4,-0.511543,-1.308,-0.682278,-0.00315086,-0.679127
6375,-0.525048,-1.30682,-0.682212,-0.00302624,-0.679186
6375.6,-0.54306,-1.30562,-0.682099,-0.00286768,-0.679231
6376.2,-0.557057,-1.30442,-0.682026,-0.00275016,-0.679276
6376.8,-0.547551,-1.30319,-0.68214,-0.00282909,-0.679311
6377.4,-0.555058,-1.30196,-0.682123,-0.0027662,-0.679357
6378,-0.537553,-1.30073,-0.682309,-0.00291432,-0.679395
6378.6,-0.526556,-1.29947,-0.682465,-0.0030113,-0.679454
6379.2,-0.547551,-1.29822,-0.682323,-0.00282823,-0.679495
6379.8,-0.549059,-1.29696,-0.682344,-0.00281531,-0.679529
6380.4,-0.512051,-1.29566,-0.682727,-0.00314371,-0.679583
6381,-0.530555,-1.29437,-0.682629,-0.00297465,-0.679654
6381.6,-0.497038,-1.29304,-0.683041,-0.00328713,-0.679754
6382.2,-0.534554,-1.29172,-0.682782,-0.0029389,-0.679843
6382.8,-0.512051,-1.29037,-0.683098,-0.00314269,-0.679956
6383.4,-0.513542,-1.28903,-0.683145,-0.00312849,-0.680017
6384,-0.48504,-1.28763,-0.683549,-0.0034057,-0.680143
6384.6,-0.501037,-1.28625,-0.683501,-0.00324681,-0.680254
6385.2,-0.49553,-1.28484,-0.683681,-0.00330028,-0.68038
6385.8,-0.475534,-1.28342,-0.683994,-0.00350268,-0.680491
6386.4,-0.479533,-1.28197,-0.684079,-0.00346087,-0.680618
6387,-0.46252,-1.28052,-0.684384,-0.00364054,-0.680744
6387.6,-0.482532,-1.27906,-0.684271,-0.00342945,-0.680841
6388.2,-0.484532,-1.27758,-0.684337,-0.00340876,-0.680928
6388.8,-0.497038,-1.27608,-0.684329,-0.00328371,-0.681045
6389.4,-0.470027,-1.27454,-0.684721,-0.0035587,-0.681163
6390,-0.491531,-1.27301,-0.684619,-0.00333744,-0.681282
6390.6,-0.51305,-1.27147,-0.684496,-0.00312971,-0.681366
6391.2,-0.525048,-1.26992,-0.684446,-0.0030194,-0.681427
6391.8,-0.531047,-1.26834,-0.684434,-0.00296556,-0.681469
6392.4,-0.501037,-1.26673,-0.684766,-0.00324293,-0.681523
6393,-0.48604,-1.2651,-0.684997,-0.00339088,-0.681607
6393.6,-0.51305,-1.26347,-0.684798,-0.00312817,-0.68167
6394.2,-0.510543,-1.26182,-0.684854,-0.00315133,-0.681703
6394.8,-0.509035,-1.26014,-0.684927,-0.00316521,-0.681762
6395.4,-0.518541,-1.25844,-0.684901,-0.00307641,-0.681825
6396,-0.534554,-1.25674,-0.684788,-0.0029326,-0.681856
6396.6,-0.514542,-1.255,-0.684989,-0.00311267,-0.681876
6397.2,-0.532554,-1.25327,-0.684827,-0.00294952,-0.681878
6397.8,-0.505036,-1.25148,-0.685091,-0.00320149,-0.681889
6398.4,-0.476026,-1.24965,-0.685452,-0.00349031,-0.681962
6399,-0.505544,-1.24784,-0.685204,-0.00319592,-0.682008
6399.6,-0.51305,-1.24599,-0.685164,-0.00312482,-0.682039
6400.2,-0.52354,-1.24414,-0.685061,-0.00302822,-0.682033
6400.8,-0.498037,-1.24222,-0.685346,-0.00326714,-0.682079
6401.4,-0.477025,-1.24025,-0.685671,-0.00347791,-0.682193
6402,-0.477025,-1.23829,-0.685741,-0.0034775,-0.682264
6402.6,-0.476026,-1.23628,-0.685828,-0.00348745,-0.682341
6403.2,-0.491531,-1.23427,-0.685732,-0.00332952,-0.682402
6403.8,-0.45803,-1.23217,-0.686197,-0.00367864,-0.682518
6404.4,-0.477534,-1.23009,-0.686065,-0.00347049,-0.682595
6405,-0.469519,-1.22795,-0.686234,-0.00355391,-0.68268
6405.6,-0.449015,-1.22577,-0.686548,-0.00377729,-0.68277
6406.2,-0.460521,-1.22356,-0.686517,-0.00364951,-0.682867
6406.8,-0.451015,-1.22129,-0.686746,-0.00375382,-0.682992
6407.4,-0.439509,-1.219,-0.68699,-0.00388415,-0.683106
6408,-0.471027,-1.21669,-0.686724,-0.00353553,-0.683189
6408.6,-0.438018,-1.21431,-0.687171,-0.00390032,-0.68327
6409.2,-0.474534,-1.21192,-0.686826,-0.00349774,-0.683328
6409.8,-0.466028,-1.20946,-0.68699,-0.003587,-0.683403
6410.4,-0.464028,-1.20697,-0.687064,-0.00360788,-0.683457
6411,-0.480025,-1.20443,-0.686955,-0.00343938,-0.683516
6411.6,-0.49553,-1.20185,-0.686825,-0.0032835,-0.683541
6412.2,-0.460029,-1.1992,-0.687245,-0.00364939,-0.683595
6412.8,-0.443016,-1.19647,-0.687521,-0.00383846,-0.683682
6413.4,-0.46252,-1.19374,-0.68736,-0.00362118,-0.683739
6414,-0.477534,-1.19095,-0.687224,-0.00346214,-0.683762
6414.6,-0.472535,-1.18809,-0.687286,-0.00351349,-0.683773
6415.2,-0.45503,-1.18516,-0.687506,-0.00370095,-0.683805
6415.8,-0.492039,-1.1822,-0.687136,-0.00331384,-0.683823
6416.4,-0.482532,-1.17917,-0.687212,-0.00340847,-0.683804
6417,-0.480533,-1.17606,-0.687207,-0.00342819,-0.683779
6417.6,-0.483532,-1.1729,-0.687155,-0.00339701,-0.683758
6418.2,-0.45803,-1.16963,-0.687427,-0.00366452,-0.683762
6418.8,-0.426004,-1.16629,-0.687798,-0.00403045,-0.683768
6419.4,-0.452014,-1.16289,-0.687525,-0.00372923,-0.683795
6420,-0.480025,-1.15941,-0.687225,-0.00342986,-0.683795
6420.6,-0.470027,-1.15583,-0.687323,-0.00353282,-0.68379
6421.2,-0.446524,-1.15214,-0.687604,-0.00378821,-0.683816
6421.8,-0.45603,-1.14836,-0.687519,-0.00368158,-0.683838
6422.4,-0.449015,-1.14448,-0.687614,-0.00375843,-0.683856
6423,-0.480533,-1.14052,-0.68728,-0.00342068,-0.683859
6423.6,-0.445524,-1.13639,-0.68769,-0.00379582,-0.683894
6424.2,-0.428511,-1.13215,-0.68793,-0.00399205,-0.683938
6424.8,-0.421005,-1.12781,-0.688027,-0.00408118,-0.683946
6425.4,-0.45503,-1.12338,-0.687602,-0.00368688,-0.683916
6426,-0.431019,-1.11876,-0.687859,-0.00395908,-0.683899
6426.6,-0.4045,-1.11399,-0.688186,-0.00428302,-0.683903
6427.2,-0.457521,-1.10911,-0.687539,-0.00365639,-0.683883
6427.8,-0.444016,-1.10403,-0.687676,-0.0038053,-0.68387
6428.4,-0.414006,-1.09876,-0.68804,-0.00415963,-0.68388
6429,-0.476534,-1.09338,-0.687294,-0.00345164,-0.683842
6429.6,-0.443525,-1.08776,-0.687587,-0.00380705,-0.68378
6430.2,-0.465028,-1.08196,-0.687263,-0.00356953,-0.683694
6430.8,-0.458521,-1.07594,-0.687251,-0.00363806,-0.683613
6431.4,-0.483024,-1.06973,-0.686832,-0.00338057,-0.683452
6432,-0.413007,-1.0632,-0.687496,-0.00416287,-0.683333
6432.6,-0.466028,-1.05647,-0.686748,-0.0035533,-0.683195
6433.2,-0.433019,-1.0494,-0.686999,-0.00391874,-0.68308
6433.8,-0.446016,-1.04209,-0.686673,-0.00376825,-0.682905
6434.4,-0.476026,-1.03446,-0.686145,-0.0034443,-0.6827
6435,-0.425512,-1.02641,-0.68653,-0.00400163,-0.682528
6435.6,-0.464028,-1.01805,-0.685875,-0.00356605,-0.682309
6436.2,-0.481533,-1.00929,-0.685434,-0.00338295,-0.682051
6436.8,-0.477025,-1.00006,-0.685197,-0.00342675,-0.681771
6437.4,-0.464028,-0.99034,-0.68505,-0.00355993,-0.68149
6438,-0.475026,-0.980135,-0.6846,-0.00344297,-0.681157
6438.6,-0.481533,-0.969333,-0.684191,-0.00337458,-0.680816
6439.2,-0.470027,-0.95788,-0.68395,-0.00348983,-0.68046
6439.8,-0.445016,-0.945734,-0.683826,-0.00375699,-0.680069
6440.4,-0.433019,-0.932803,-0.683549,-0.00389053,-0.679659
6441,-0.425512,-0.918982,-0.683238,-0.00397505,-0.679263
6441.6,-0.451523,-0.904234,-0.682484,-0.00367538,-0.678808
6442.2,-0.451523,-0.888398,-0.681975,-0.00367177,-0.678303
6442.8,-0.45703,-0.871334,-0.68133,-0.00360819,-0.677722
6443.4,-0.437018,-0.852875,-0.680908,-0.00382542,-0.677082
6444,-0.425004,-0.832802,-0.680349,-0.0039598,-0.67639
6444.6,-0.414498,-0.810852,-0.679736,-0.00408002,-0.675656
6445.2,-0.4065,-0.786774,-0.678994,-0.00417205,-0.674822
6445.8,-0.433019,-0.76014,-0.677738,-0.00384896,-0.673889
6446.4,-0.407008,-0.730482,-0.676972,-0.00415116,-0.672821
6447,-0.428511,-0.697162,-0.67548,-0.00388568,-0.671594
6447.6,-0.445016,-0.659335,-0.673871,-0.00369059,-0.67018
6448.2,-0.4065,-0.615817,-0.672662,-0.00412782,-0.668534
6448.8,-0.399501,-0.56499,-0.67081,-0.00420134,-0.666609
6449.4,-0.417514,-0.504534,-0.668238,-0.00396705,-0.664271
6450,-0.453522,-0.430759,-0.664914,-0.00354731,-0.661366
6450.6,-0.423512,-0.337487,-0.661556,-0.00385648,-0.6577
6451.2,-0.434018,-0.21387,-0.65652,-0.00370912,-0.652811
6451.8,-0.438018,-0.0376747,-0.649483,-0.00362552,-0.645858
6452.4,-0.435018,0.243725,-0.638532,-0.00359552,-0.634937
6453,-0.433019,0.768089,-0.618471,-0.00350261,-0.614969
6453.6,-0.454014,1.5992,-0.582888,-0.00310149,-0.579786
6454.2,-0.451523,1.38896,-0.57992,-0.00310809,-0.576812
6454.8,-0.443016,-0.349102,-0.648901,-0.00356593,-0.645335
6455.4,-0.496038,-0.913794,-0.685288,-0.00321763,-0.68207
6456,-0.467028,-0.915805,-0.68638,-0.00351189,-0.682869
6456.6,-0.427512,-0.901871,-0.686333,-0.00394723,-0.682385
6457.2,-0.443016,-0.886614,-0.685616,-0.00376555,-0.68185
6457.8,-0.447524,-0.870183,-0.68498,-0.00371153,-0.681268
6458.4,-0.464028,-0.852436,-0.684158,-0.00352955,-0.680628
6459,-0.411007,-0.833133,-0.684057,-0.00412833,-0.679928
6459.6,-0.443016,-0.812117,-0.682899,-0.00374813,-0.679151
6460.2,-0.452523,-0.789062,-0.681925,-0.00363826,-0.678287
6460.8,-0.420513,-0.763603,-0.681317,-0.0039958,-0.677321
6461.4,-0.421513,-0.735253,-0.680271,-0.00397689,-0.676294
6462,-0.419005,-0.703514,-0.679123,-0.00399877,-0.675124
6462.6,-0.437509,-0.66763,-0.677537,-0.00377595,-0.673761
6463.2,-0.447016,-0.626558,-0.675816,-0.00366114,-0.672155
6463.8,-0.427512,-0.578844,-0.674142,-0.00386856,-0.670273
6464.4,-0.426512,-0.522461,-0.671898,-0.00386646,-0.668031
6465,-0.405008,-0.454191,-0.669454,-0.00410452,-0.665349
6465.6,-0.411007,-0.369158,-0.665982,-0.00401058,-0.661971
6466.2,-0.382997,-0.258475,-0.66192,-0.00432924,-0.65759
6466.8,-0.387996,-0.105248,-0.655786,-0.00422505,-0.651561
6467.4,-0.400501,0.128132,-0.646444,-0.00401273,-0.642431
6468,-0.4075,0.538996,-0.630495,-0.00383265,-0.626662
6468.6,-0.411499,1.30598,-0.599972,-0.00360356,-0.596369
6469.2,-0.421005,1.66666,-0.575655,-0.00336084,-0.572294
6469.8,-0.4055,0.35039,-0.621014,-0.0037951,-0.617219
6470.4,-0.425512,-0.866534,-0.685441,-0.0039474,-0.681494
6471,-0.420005,-0.918263,-0.690327,-0.00404022,-0.686287
6471.6,-0.43351,-0.906286,-0.689793,-0.00387838,-0.685915
6472.2,-0.417514,-0.892138,-0.689489,-0.00406399,-0.685425
6472.8,-0.385504,-0.876865,-0.689392,-0.00446587,-0.684926
6473.4,-0.428003,-0.860472,-0.688298,-0.00393129,-0.684367
6474,-0.441509,-0.842717,-0.687499,-0.00377215,-0.683727
6474.6,-0.428511,-0.823401,-0.686931,-0.0039163,-0.683015
6475.2,-0.450015,-0.802329,-0.685885,-0.00366854,-0.682216
6475.8,-0.484024,-0.779205,-0.684605,-0.00331019,-0.681295
6476.4,-0.474534,-0.753627,-0.683672,-0.00339974,-0.680272
6477,-0.470027,-0.725173,-0.682546,-0.00343961,-0.679107
6477.6,-0.43551,-0.693187,-0.681625,-0.00380453,-0.677821
6478.2,-0.449015,-0.656961,-0.680002,-0.00364627,-0.676356
6478.8,-0.468519,-0.615383,-0.678121,-0.0034315,-0.674689
6479.4,-0.45803,-0.567005,-0.676253,-0.00352978,-0.672723
6480,-0.479533,-0.509657,-0.673678,-0.00329884,-0.670379
6480.6,-0.447524,-0.440015,-0.671155,-0.00361325,-0.667541
6481.2,-0.425512,-0.352753,-0.667862,-0.00383711,-0.664025
6481.8,-0.408499,-0.238551,-0.663438,-0.00400787,-0.659431
6482.4,-0.401501,-0.0789682,-0.657126,-0.00405197,-0.653074
6483,-0.43451,0.167478,-0.646979,-0.00361754,-0.643361
6483.6,-0.391995,0.608663,-0.630364,-0.00399629,-0.626368
6484.2,-0.415006,1.40207,-0.597888,-0.00354026,-0.594348
6484.8,-0.419005,1.59568,-0.579492,-0.00339033,-0.576102
6485.4,-0.410499,0.119102,-0.632984,-0.00379693,-0.629187
6486,-0.387996,-0.88584,-0.69027,-0.00442449,-0.685846
6486.6,-0.386996,-0.915624,-0.693368,-0.00445658,-0.688912
6487.2,-0.386996,-0.903741,-0.693071,-0.0044535,-0.688617
6487.8,-0.399501,-0.890227,-0.692468,-0.00428725,-0.688181
6488.4,-0.440509,-0.875686,-0.691481,-0.00379113,-0.68769
6489,-0.390503,-0.85997,-0.691566,-0.0043953,-0.68717
6489.6,-0.409007,-0.84303,-0.690737,-0.00415545,-0.686581
6490.2,-0.394502,-0.824597,-0.690264,-0.00433376,-0.685931
6490.8,-0.426004,-0.80453,-0.689133,-0.00394098,-0.685192
6491.4,-0.409499,-0.782499,-0.688505,-0.00413376,-0.684371
6492,-0.449523,-0.758228,-0.687106,-0.00366379,-0.683443
6492.6,-0.415006,-0.731255,-0.686437,-0.00405358,-0.682383
6493.2,-0.409007,-0.701049,-0.685341,-0.00411884,-0.681222
6493.8,-0.435018,-0.666972,-0.683684,-0.00380383,-0.67988
6494.4,-0.430511,-0.628066,-0.682162,-0.00384587,-0.678316
6495,-0.418005,-0.582992,-0.680501,-0.00398054,-0.67652
6495.6,-0.395502,-0.530022,-0.678614,-0.0042422,-0.674372
6496.2,-0.418514,-0.46639,-0.675718,-0.0039457,-0.671773
6496.8,-0.409007,-0.387817,-0.672601,-0.00403909,-0.668562
6497.4,-0.430511,-0.287058,-0.668216,-0.00376493,-0.664451
6498,-0.425512,-0.150589,-0.662716,-0.00378914,-0.658927
6498.6,-0.417006,0.0501995,-0.654756,-0.00383847,-0.650918
6499.2,-0.428003,0.385611,-0.641419,-0.00363935,-0.63778
6499.8,-0.417514,1.02301,-0.616598,-0.00360824,-0.61299
6500.4,-0.402009,1.70503,-0.583098,-0.00357179,-0.579526
6501,-0.401009,0.941602,-0.603839,-0.00370911,-0.60013
6501.6,-0.416006,-0.713172,-0.679893,-0.00399447,-0.675899
6502.2,-0.417514,-0.915179,-0.69573,-0.00406864,-0.691661
6502.8,-0.368983,-0.908039,-0.696377,-0.00469976,-0.691678
6503.4,-0.390503,-0.895703,-0.695691,-0.00440504,-0.691286
6504,-0.364492,-0.88235,-0.695627,-0.00475535,-0.690872
6504.6,-0.387504,-0.868017,-0.694849,-0.00443687,-0.690413
6505.2,-0.378997,-0.852578,-0.69444,-0.00454619,-0.689893
6505.8,-0.387504,-0.835845,-0.693754,-0.00442799,-0.689326
6506.4,-0.361985,-0.817647,-0.693464,-0.00477168,-0.688693
6507,-0.353478,-0.797759,-0.692915,-0.00488779,-0.688027
6507.6,-0.342972,-0.775936,-0.692315,-0.00503593,-0.687279
6508.2,-0.37649,-0.751905,-0.690963,-0.00455157,-0.686412
6508.8,-0.362493,-0.725185,-0.690145,-0.00473709,-0.685408
6509.4,-0.391503,-0.695247,-0.688625,-0.00433743,-0.684287
6510,-0.381997,-0.661419,-0.687439,-0.00445242,-0.682987
6510.6,-0.390995,-0.622775,-0.685805,-0.00432438,-0.68148
6511.2,-0.417514,-0.578074,-0.683676,-0.0039851,-0.679691
6511.8,-0.430511,-0.525501,-0.681367,-0.00382127,-0.677546
6512.4,-0.431019,-0.462249,-0.678779,-0.00380045,-0.674979
6513,-0.355478,-0.384065,-0.676579,-0.00473497,-0.671844
6513.6,-0.414498,-0.283971,-0.671732,-0.00394792,-0.667785
6514.2,-0.389995,-0.148523,-0.666494,-0.00421097,-0.662283
6514.8,-0.385504,0.0504504,-0.658524,-0.00421549,-0.654308
6515.4,-0.381997,0.381873,-0.645467,-0.00417412,-0.641293
6516,-0.390995,1.00912,-0.620686,-0.00390777,-0.616778
6516.6,-0.375998,1.69511,-0.58708,-0.00386318,-0.583217
6517.2,-0.393994,0.965799,-0.606293,-0.0037824,-0.602511
6517.8,-0.392994,-0.696153,-0.682663,-0.00427082,-0.678393
6518.4,-0.393994,-0.912957,-0.699553,-0.00436288,-0.69519
6519,-0.426004,-0.906936,-0.69919,-0.00396609,-0.695224
6519.6,-0.387504,-0.895266,-0.699306,-0.00444436,-0.694862
6520.2,-0.347988,-0.882694,-0.69944,-0.00499451,-0.694445
6520.8,-0.348988,-0.869182,-0.698998,-0.0049755,-0.694022
6521.4,-0.361493,-0.854653,-0.698336,-0.00478963,-0.693546
6522,-0.366984,-0.838944,-0.697731,-0.00470748,-0.693024
6522.6,-0.349987,-0.821887,-0.697399,-0.00494615,-0.692453
6523.2,-0.348988,-0.80332,-0.696759,-0.00495513,-0.691803
6523.8,-0.34548,-0.782954,-0.6961,-0.00500069,-0.691099
6524.4,-0.331483,-0.760533,-0.695547,-0.00520572,-0.690341
6525,-0.347988,-0.735726,-0.694422,-0.00494896,-0.689473
6525.6,-0.384488,-0.708094,-0.692895,-0.00443239,-0.688462
6526.2,-0.351987,-0.676966,-0.692191,-0.0048726,-0.687318
6526.8,-0.336974,-0.641626,-0.691085,-0.00508363,-0.686001
6527.4,-0.334974,-0.601045,-0.689559,-0.00510097,-0.684458
6528,-0.354986,-0.553797,-0.687416,-0.00479234,-0.682624
6528.6,-0.302965,-0.497661,-0.686012,-0.00557339,-0.680439
6529.2,-0.360985,-0.429666,-0.682393,-0.00467129,-0.677721
6529.8,-0.335974,-0.344505,-0.679304,-0.00500503,-0.674299
6530.4,-0.382997,-0.233357,-0.674114,-0.00432215,-0.669792
6531,-0.389995,-0.0788896,-0.66771,-0.00419275,-0.663518
6531.6,-0.371491,0.15759,-0.658416,-0.00436593,-0.65405
6532.2,-0.365984,0.574186,-0.642036,-0.00432621,-0.63771
6532.8,-0.351479,1.3292,-0.611291,-0.00429848,-0.606992
6533.4,-0.384996,1.6187,-0.589144,-0.0037516,-0.585393
6534,-0.378997,0.273057,-0.637112,-0.00412909,-0.632983
6534.6,-0.359477,-0.863567,-0.700016,-0.00480522,-0.695211
6535.2,-0.37349,-0.911009,-0.704272,-0.00463769,-0.699635
6535.8,-0.369491,-0.901535,-0.704064,-0.00469071,-0.699374
6536.4,-0.368983,-0.890235,-0.70368,-0.00469451,-0.698986
6537,-0.364492,-0.878094,-0.703323,-0.00475401,-0.698569
6537.6,-0.363493,-0.865099,-0.702845,-0.00476431,-0.698081
6538.2,-0.372491,-0.851051,-0.702217,-0.00463449,-0.697582
6538.8,-0.356986,-0.83591,-0.701868,-0.00484854,-0.697019
6539.4,-0.386996,-0.81951,-0.700816,-0.0044301,-0.696385
6540,-0.360493,-0.801611,-0.700499,-0.00478801,-0.695711
6540.6,-0.331975,-0.781977,-0.700205,-0.00520503,-0.695
6541.2,-0.342481,-0.760432,-0.699254,-0.00503832,-0.694215
6541.8,-0.350479,-0.736616,-0.698241,-0.00491269,-0.693329
6542.4,-0.329467,-0.710059,-0.697558,-0.00522046,-0.692338
6543,-0.357494,-0.680327,-0.695985,-0.00479445,-0.691191
6543.6,-0.336482,-0.646592,-0.694972,-0.00509259,-0.68988
6544.2,-0.359985,-0.607982,-0.693114,-0.00473762,-0.688377
6544.8,-0.306472,-0.563088,-0.692185,-0.0055382,-0.686647
6545.4,-0.326468,-0.510189,-0.68977,-0.00520179,-0.684568
6546,-0.320469,-0.446392,-0.687321,-0.00527421,-0.682047
6546.6,-0.315962,-0.367316,-0.684219,-0.00531894,-0.6789
6547.2,-0.293459,-0.265457,-0.68048,-0.00565028,-0.67483
6547.8,-0.322469,-0.126935,-0.674381,-0.00513974,-0.669241
6548.4,-0.300965,0.078199,-0.666439,-0.00540954,-0.661029
6549,-0.322977,0.423011,-0.652362,-0.00496145,-0.647401
6549.6,-0.292459,1.07098,-0.626922,-0.00521457,-0.621707
6550.2,-0.384488,1.68632,-0.593633,-0.00376317,-0.58987
6550.8,-0.327468,0.838408,-0.619519,-0.00464606,-0.614873
6551.4,-0.372491,-0.741388,-0.694817,-0.00456163,-0.690255
6552,-0.361493,-0.909309,-0.708604,-0.00480478,-0.703799
6552.6,-0.320977,-0.90328,-0.709258,-0.00541854,-0.703839
6553.2,-0.295458,-0.892803,-0.709438,-0.00584107,-0.703597
6553.8,-0.328467,-0.881627,-0.708583,-0.00529224,-0.703291
6554.4,-0.318978,-0.869563,-0.708405,-0.00543939,-0.702966
6555,-0.299965,-0.856649,-0.708324,-0.00575054,-0.702574
6555.6,-0.330483,-0.842736,-0.707377,-0.00524792,-0.702129
6556.2,-0.333483,-0.827686,-0.706813,-0.00519651,-0.701617
6556.8,-0.325976,-0.811318,-0.706367,-0.00530824,-0.701058
6557.4,-0.31847,-0.79347,-0.70586,-0.00542184,-0.700438
6558,-0.307472,-0.773893,-0.705367,-0.00559492,-0.699773
6558.6,-0.326468,-0.752404,-0.704283,-0.00528105,-0.699002
6559.2,-0.305472,-0.728569,-0.70375,-0.00561232,-0.698138
6559.8,-0.280953,-0.702008,-0.703181,-0.00602575,-0.697155
6560.4,-0.315962,-0.672134,-0.701472,-0.00542113,-0.69605
6561,-0.264957,-0.638144,-0.701114,-0.00629319,-0.694821
6561.6,-0.300457,-0.599194,-0.699055,-0.00565059,-0.693404
6562.2,-0.289951,-0.553969,-0.69751,-0.00581303,-0.691697
6562.8,-0.28846,-0.500501,-0.695446,-0.00581932,-0.689627
6563.4,-0.277462,-0.435904,-0.693058,-0.00598802,-0.68707
6564,-0.272955,-0.355488,-0.689923,-0.00603816,-0.683885
6564.6,-0.251451,-0.251602,-0.686103,-0.00639391,-0.679709
6565.2,-0.234439,-0.109363,-0.680635,-0.00666511,-0.67397
6565.8,-0.248436,0.102969,-0.671756,-0.00631127,-0.665445
6566.4,-0.249452,0.463831,-0.657292,-0.00615463,-0.651138
6567,-0.243945,1.13692,-0.630111,-0.00599374,-0.624118
6567.6,-0.277462,1.67519,-0.599546,-0.00516667,-0.594379
6568.2,-0.275446,0.698455,-0.631017,-0.00546847,-0.625548
6568.8,-0.208936,-0.781996,-0.706896,-0.00744244,-0.699453
6569.4,-0.229931,-0.907316,-0.717235,-0.00709794,-0.710137
6570,-0.225932,-0.900741,-0.717443,-0.0071807,-0.710262
6570.6,-0.249943,-0.890788,-0.716787,-0.00668388,-0.710103
6571.2,-0.265448,-0.880098,-0.716253,-0.00637955,-0.709874
6571.8,-0.270447,-0.868585,-0.715894,-0.00628122,-0.709613
6572.4,-0.239946,-0.856164,-0.71621,-0.0068699,-0.709341
6573,-0.251451,-0.842846,-0.715645,-0.00663426,-0.709011
6573.6,-0.277954,-0.828459,-0.714749,-0.00612766,-0.708622
6574.2,-0.256942,-0.812839,-0.714678,-0.00651504,-0.708163
6574.8,-0.25845,-0.795813,-0.714113,-0.00647912,-0.707634
6575.4,-0.245944,-0.777193,-0.713758,-0.00671582,-0.707042
6576,-0.274463,-0.756813,-0.712498,-0.00616381,-0.706334
6576.6,-0.237946,-0.734222,-0.712397,-0.00685835,-0.705538
6577.2,-0.295458,-0.709178,-0.710385,-0.00577453,-0.704611
6577.8,-0.246944,-0.681028,-0.710221,-0.00665588,-0.703565
6578.4,-0.25745,-0.649194,-0.708843,-0.00643911,-0.702404
6579,-0.244944,-0.612849,-0.707731,-0.00666693,-0.701064
6579.6,-0.253943,-0.570924,-0.705935,-0.00647461,-0.699461
6580.2,-0.265448,-0.521705,-0.703781,-0.00623838,-0.697542
6580.8,-0.232439,-0.462834,-0.702067,-0.00685381,-0.695213
6581.4,-0.206936,-0.390441,-0.699733,-0.00735752,-0.692375
6582,-0.207428,-0.298784,-0.696012,-0.00730493,-0.688707
6582.6,-0.200429,-0.176772,-0.691195,-0.00740122,-0.683794
6583.2,-0.212427,-0.00268616,-0.683796,-0.00706668,-0.676729
6583.8,-0.206936,0.274412,-0.672623,-0.00706102,-0.665562
6584.4,-0.218426,0.781224,-0.651958,-0.00661499,-0.645343
6585,-0.153915,1.55124,-0.618634,-0.00757488,-0.611059
6585.6,-0.215934,1.35146,-0.614791,-0.00627788,-0.608513
6586.2,-0.168912,-0.315021,-0.685513,-0.00802757,-0.677485
6586.8,-0.16642,-0.894583,-0.725121,-0.00854933,-0.716571
6587.4,-0.155915,-0.903175,-0.726872,-0.00883204,-0.71804
6588,-0.210935,-0.894329,-0.725479,-0.00750338,-0.717976
6588.6,-0.169911,-0.884341,-0.726333,-0.00846497,-0.717868
6589.2,-0.196922,-0.873747,-0.725513,-0.00781075,-0.717702
6589.8,-0.172419,-0.862286,-0.725917,-0.00839101,-0.717526
6590.4,-0.143901,-0.849932,-0.726439,-0.00912043,-0.717318
6591,-0.173911,-0.836726,-0.72539,-0.00834085,-0.717049
6591.6,-0.184925,-0.822423,-0.724776,-0.00806675,-0.71671
6592.2,-0.164421,-0.806828,-0.724876,-0.00856181,-0.716315
6592.8,-0.143901,-0.7898,-0.724955,-0.00908632,-0.715868
6593.4,-0.168912,-0.771241,-0.723783,-0.00843034,-0.715353
6594,-0.147408,-0.750809,-0.723696,-0.008971,-0.714725
6594.6,-0.163913,-0.728146,-0.722565,-0.00853264,-0.714033
6595.2,-0.176418,-0.702982,-0.721429,-0.00821052,-0.713218
6595.8,-0.168912,-0.674755,-0.720633,-0.0083797,-0.712253
6596.4,-0.191415,-0.642852,-0.718942,-0.00782532,-0.711117
6597,-0.17691,-0.60636,-0.717921,-0.00814925,-0.709772
6597.6,-0.173911,-0.564111,-0.716381,-0.00820004,-0.708181
6598.2,-0.189924,-0.514507,-0.714061,-0.00779705,-0.706264
6598.8,-0.163405,-0.454905,-0.712356,-0.00840071,-0.703955
6599.4,-0.160405,-0.381784,-0.709488,-0.00843675,-0.701052
6600,-0.155915,-0.288836,-0.705782,-0.00849982,-0.697282
6600.6,-0.122397,-0.164545,-0.701535,-0.00930998,-0.692225
6601.2,-0.136902,0.0142862,-0.693798,-0.00882231,-0.684976
6601.8,-0.125905,0.300955,-0.682316,-0.00895362,-0.673362
6602.4,-0.128904,0.827466,-0.660691,-0.00859037,-0.6521
6603,-0.114399,1.58171,-0.625876,-0.00848358,-0.617392
6603.6,-0.0688677,1.2774,-0.629143,-0.00972473,-0.619418
6604.2,-0.0968945,-0.408613,-0.702118,-0.0100015,-0.692116
6604.8,-0.0893879,-0.895663,-0.737419,-0.0107295,-0.726689
6605.4,-0.0578701,-0.900892,-0.739694,-0.0117828,-0.727912
6606,-0.0658684,-0.892045,-0.73946,-0.0115034,-0.727957
6606.6,-0.0693758,-0.882355,-0.739336,-0.0113787,-0.727958
6607.2,-0.0388578,-0.871832,-0.740382,-0.0124357,-0.727946
6607.8,-0.0883881,-0.860762,-0.738617,-0.0107464,-0.727871
6608.4,-0.0388578,-0.848679,-0.740171,-0.0124178,-0.727753
6609,-0.0513633,-0.835656,-0.73957,-0.0119613,-0.727608
6609.6,-0.0488721,-0.821521,-0.739462,-0.0120383,-0.727423
6610.2,-0.0723752,-0.806279,-0.738395,-0.0112257,-0.727169
6610.8,-0.0673763,-0.789617,-0.738221,-0.0113797,-0.726842
6611.4,-0.0378581,-0.771269,-0.738856,-0.0123942,-0.726462
6612,-0.0328591,-0.751057,-0.738578,-0.0125611,-0.726017
6612.6,-0.0353668,-0.728787,-0.73792,-0.0124519,-0.725468
6613.2,-0.0258606,-0.70393,-0.737605,-0.0127833,-0.724822
6613.8,-0.0348587,-0.676221,-0.736435,-0.0124295,-0.724006
6614.4,-0.0218615,-0.644773,-0.735909,-0.0128861,-0.723022
6615,-0.0178624,-0.608802,-0.734867,-0.0130084,-0.721859
6615.6,-0.0208617,-0.567114,-0.733335,-0.0128612,-0.720474
6616.2,-0.00335731,-0.518291,-0.732259,-0.0134951,-0.718764
6616.8,0.0171628,-0.45967,-0.730933,-0.0142756,-0.716658
6617.4,0.0306681,-0.388037,-0.728729,-0.0147824,-0.713947
6618,0.0161631,-0.296979,-0.724509,-0.0140901,-0.710419
6618.6,0.029652,-0.17597,-0.720156,-0.0145452,-0.705611
6619.2,0.060678,-0.00326308,-0.714395,-0.0157496,-0.698646
6619.8,0.0776744,0.271087,-0.70379,-0.0162691,-0.687521
6620.4,0.157215,0.771918,-0.687078,-0.0198471,-0.667231
6621,0.270747,1.54041,-0.658397,-0.0259742,-0.632423
6621.6,0.649387,1.37738,-0.70078,-0.0715587,-0.629222
6622.2,0.875977,-0.244992,-0.834808,-0.135388,-0.69942
6622.8,0.921,-0.869474,-0.901826,-0.15808,-0.743747
6623.4,0.84146,-0.876917,-0.880126,-0.133274,-0.746852
6624,0.726419,-0.863734,-0.849829,-0.101857,-0.747972
6624.6,0.63539,-0.850167,-0.830147,-0.0812278,-0.748919
6625.2,0.553358,-0.835982,-0.815317,-0.0656768,-0.74964
6625.8,0.467328,-0.820938,-0.802338,-0.0521808,-0.750157
6626.4,0.388804,-0.804644,-0.79253,-0.0420692,-0.750461
6627,0.341781,-0.786868,-0.787476,-0.0368853,-0.750591
6627.6,0.282253,-0.767508,-0.781706,-0.0311764,-0.750529
6628.2,0.224741,-0.746342,-0.776738,-0.0264522,-0.750286
6628.8,0.220725,-0.722442,-0.776,-0.0261124,-0.749888
6629.4,0.191715,-0.695964,-0.773322,-0.0239969,-0.749325
6630,0.184225,-0.666199,-0.772009,-0.0234443,-0.748565
6630.6,0.144709,-0.632638,-0.768469,-0.0208856,-0.747583
6631.2,0.152707,-0.594016,-0.767654,-0.0213204,-0.746333
6631.8,0.125205,-0.549132,-0.764405,-0.0196412,-0.744763
6632.4,0.169212,-0.495683,-0.765045,-0.0222187,-0.742827
6633,0.180718,-0.4309,-0.763271,-0.0228711,-0.7404
6633.6,0.156706,-0.350674,-0.758497,-0.0212413,-0.737256
6634.2,0.1492,-0.247191,-0.753683,-0.0206541,-0.733029
6634.8,0.167212,-0.105236,-0.748675,-0.0215605,-0.727114
6635.4,0.126697,0.106231,-0.737109,-0.0189385,-0.718171
6636,0.162213,0.464856,-0.723564,-0.0205209,-0.703043
6636.6,0.172211,1.12977,-0.694626,-0.0202434,-0.674383
6637.2,0.157706,1.66536,-0.661272,-0.0184948,-0.642777
6637.8,0.190224,0.708945,-0.697202,-0.0213328,-0.675869
6638.4,0.174211,-0.771321,-0.778393,-0.0227648,-0.755628
6639,0.175211,-0.902018,-0.790962,-0.0231807,-0.767781
6639.6,0.189224,-0.895463,-0.792307,-0.0241246,-0.768182
6640.2,0.270256,-0.884999,-0.798665,-0.0303599,-0.768305
6640.8,0.269748,-0.873751,-0.798725,-0.0302949,-0.76843
6641.4,0.273255,-0.861615,-0.799097,-0.0305734,-0.768523
6642,0.270256,-0.84852,-0.798875,-0.0302905,-0.768585
6642.6,0.285252,-0.834256,-0.800184,-0.0315722,-0.768612
6643.2,0.302265,-0.818734,-0.801672,-0.0330887,-0.768584
6643.8,0.346272,-0.801479,-0.805902,-0.037384,-0.768518
6644.4,0.331275,-0.78286,-0.804202,-0.0358105,-0.768392
6645,0.405309,-0.761589,-0.812109,-0.0439075,-0.768202
6645.6,0.422813,-0.738273,-0.813913,-0.0459982,-0.767915
6646.2,0.602381,-0.709083,-0.841568,-0.0740142,-0.767554
6646.8,0.937997,-0.664485,-0.928875,-0.1619,-0.766975
6647.4,1.09306,-0.608566,-0.982789,-0.216714,-0.766075
6648,1.10306,-0.548412,-0.984652,-0.219654,-0.764998
6648.6,1.03004,-0.480754,-0.955303,-0.191829,-0.763474
6649.2,0.930998,-0.404,-0.918393,-0.156974,-0.761419
6649.8,0.809959,-0.310978,-0.878212,-0.119795,-0.758417
6650.4,0.697917,-0.189702,-0.845062,-0.0911131,-0.753949
6651,0.601873,-0.0198013,-0.817909,-0.0708059,-0.747103
6651.6,0.542361,0.249598,-0.795396,-0.0596461,-0.73575
6652.2,0.485324,0.740038,-0.764398,-0.0497248,-0.714673
6652.8,0.454822,1.51962,-0.720713,-0.0433598,-0.677353
6653.4,0.405309,1.41181,-0.708048,-0.0374663,-0.670582
6654,0.363793,-0.221129,-0.78094,-0.0370312,-0.743908
6654.6,0.344781,-0.890017,-0.829835,-0.0373871,-0.792448
6655.2,0.309264,-0.902085,-0.828506,-0.0339201,-0.794586
6655.8,0.317262,-0.892194,-0.829319,-0.0346693,-0.79465
6656.4,0.323769,-0.880944,-0.829903,-0.035282,-0.794621
6657,0.323769,-0.868985,-0.829794,-0.0352558,-0.794539
6657.6,0.312263,-0.855952,-0.828527,-0.0341096,-0.794417
6658.2,0.344273,-0.841559,-0.831542,-0.0372692,-0.794272
6658.8,0.329276,-0.826482,-0.829773,-0.0357082,-0.794065
6659.4,0.359777,-0.809496,-0.832615,-0.0388341,-0.793781
6660,0.376298,-0.791065,-0.834059,-0.0406072,-0.793452
6660.6,0.398802,-0.77068,-0.836188,-0.0431534,-0.793034
6661.2,0.424304,-0.747712,-0.838735,-0.0462131,-0.792522
6661.8,0.400801,-0.722622,-0.83518,-0.0432607,-0.79192
6662.4,0.441317,-0.694236,-0.839438,-0.0482466,-0.791191
6663,0.412307,-0.662547,-0.834739,-0.0444823,-0.790257
6663.6,0.428812,-0.625889,-0.835541,-0.0464305,-0.78911
6664.2,0.475834,-0.583227,-0.840316,-0.0526062,-0.78771
6664.8,0.508335,-0.532834,-0.843172,-0.0572129,-0.785959
6665.4,0.504844,-0.472717,-0.840203,-0.0564694,-0.783733
6666,0.511335,-0.398771,-0.838058,-0.0571901,-0.780868
6666.6,0.554866,-0.303949,-0.840841,-0.0637849,-0.777056
6667.2,0.535346,-0.179296,-0.831908,-0.0601232,-0.771785
6667.8,0.567355,0.00250158,-0.828604,-0.0646624,-0.763941
6668.4,0.649387,0.296458,-0.829508,-0.0783801,-0.751128
6669,0.958517,0.872421,-0.879776,-0.153549,-0.726228
6669.6,1.23911,1.71344,-0.917143,-0.23382,-0.683323
6670.2,1.31514,1.24467,-0.955043,-0.26183,-0.693213
6670.8,1.2191,-0.558592,-1.04475,-0.259868,-0.78488
6671.4,1.07956,-0.926982,-1.03342,-0.215742,-0.817675
6672,0.944503,-0.924778,-0.986041,-0.166732,-0.819309
6672.6,0.878485,-0.912709,-0.964847,-0.144937,-0.81991
6673.2,0.785439,-0.9009,-0.937816,-0.117448,-0.820368
6673.8,0.69341,-0.889004,-0.914814,-0.0941283,-0.820685
6674.4,0.642388,-0.87609,-0.903663,-0.0828145,-0.820849
6675,0.601873,-0.861905,-0.895488,-0.0746207,-0.820868
6675.6,0.533346,-0.847454,-0.883134,-0.0623503,-0.820783
6676.2,0.523349,-0.831268,-0.88125,-0.0606613,-0.820589
6676.8,0.476834,-0.814546,-0.873789,-0.0535147,-0.820275
6677.4,0.443317,-0.795805,-0.868632,-0.0488169,-0.819815
6678,0.500337,-0.774668,-0.876124,-0.0568568,-0.819267
6678.6,0.459821,-0.751774,-0.869504,-0.0509125,-0.818591
6679.2,0.472327,-0.72644,-0.870377,-0.0525793,-0.817797
6679.8,0.508844,-0.697306,-0.874725,-0.0578821,-0.816843
6680.4,0.536854,-0.664442,-0.877913,-0.0622184,-0.815695
6681,0.566356,-0.625894,-0.881385,-0.0670655,-0.814319
6681.6,0.57737,-0.582022,-0.881522,-0.0688285,-0.812694
6682.2,0.600873,-0.529428,-0.883563,-0.0729018,-0.810661
6682.8,0.608871,-0.466558,-0.882261,-0.0741236,-0.808138
6683.4,0.588367,-0.38996,-0.874878,-0.069974,-0.804904
6684,0.646896,-0.289274,-0.881326,-0.0807521,-0.800574
6684.6,0.619377,-0.154885,-0.869243,-0.0746788,-0.794565
6685.2,0.653386,0.0420724,-0.866061,-0.0804148,-0.785646
6685.8,0.672398,0.369016,-0.853403,-0.082659,-0.770744
6686.4,0.728927,0.990672,-0.833519,-0.0913409,-0.742179
6687,0.721421,1.69485,-0.786536,-0.0847359,-0.7018
6687.6,0.78344,1.00147,-0.82495,-0.101179,-0.723771
6688.2,1.11507,-0.655375,-1.03819,-0.223075,-0.815117
6688.8,1.36217,-0.872434,-1.16152,-0.324372,-0.837152
6689.4,1.41168,-0.846895,-1.17955,-0.341916,-0.837635
6690,1.38818,-0.816045,-1.17041,-0.332834,-0.837576
6690.6,1.22061,-0.789009,-1.10613,-0.268631,-0.837498
6691.2,1.11357,-0.762302,-1.06399,-0.226611,-0.837382
6691.8,0.940996,-0.736182,-1.00063,-0.163599,-0.837028
6692.4,0.871978,-0.707176,-0.97756,-0.14108,-0.83648
6693,0.802944,-0.673646,-0.9561,-0.120585,-0.835515
6693.6,0.760937,-0.635798,-0.943339,-0.109066,-0.834272
6694.2,0.700917,-0.59381,-0.926831,-0.094133,-0.832698
6694.8,0.677905,-0.543109,-0.919301,-0.0886566,-0.830644
6695.4,0.683904,-0.483415,-0.917765,-0.0896522,-0.828113
6696,0.600873,-0.411391,-0.897204,-0.0723647,-0.824839
6696.6,0.635882,-0.318515,-0.899265,-0.0786779,-0.820587
6697.2,0.6644,-0.194642,-0.898684,-0.0838846,-0.8148
6697.8,0.613886,-0.0189275,-0.879453,-0.073021,-0.806432
6698.4,0.651895,0.261016,-0.872234,-0.079045,-0.793189
6699,0.654894,0.778367,-0.845953,-0.0771468,-0.768807
6699.6,0.703916,1.57463,-0.809079,-0.0823023,-0.726777
6700.2,0.714422,1.36303,-0.808141,-0.084069,-0.724072
6700.8,0.740925,-0.328604,-0.907957,-0.0999444,-0.808013
6701.4,0.757937,-0.89443,-0.964129,-0.109947,-0.854182
6702,0.763936,-0.896676,-0.967394,-0.11164,-0.855754
6702.6,0.806959,-0.880991,-0.978917,-0.123289,-0.855627
6703.2,0.83497,-0.863207,-0.986624,-0.131243,-0.855381
6703.8,0.845967,-0.843765,-0.9894,-0.13435,-0.85505
6704.4,0.887483,-0.820968,-1.00156,-0.146948,-0.854609
6705,0.906987,-0.795899,-1.00703,-0.152964,-0.854069
6705.6,1.18809,-0.756473,-1.10857,-0.255457,-0.853109
6706.2,1.4922,-0.700545,-1.21759,-0.366078,-0.851508
6706.8,1.60375,-0.639772,-1.24764,-0.397937,-0.849704
6707.4,1.51972,-0.576217,-1.21956,-0.371864,-0.847701
6708,1.40617,-0.506735,-1.17814,-0.332825,-0.845313
6708.6,1.20859,-0.429988,-1.1004,-0.258097,-0.842301
6709.2,1.11656,-0.33643,-1.06019,-0.2218,-0.838392
6709.8,0.973514,-0.217618,-1.00213,-0.169173,-0.832954
6710.4,0.930507,-0.0482235,-0.978379,-0.153396,-0.824983
6711,0.881484,0.214921,-0.948367,-0.136028,-0.812339
6711.6,0.801452,0.69154,-0.899844,-0.110453,-0.789391
6712.2,0.795945,1.48978,-0.850955,-0.103241,-0.747715
6712.8,0.789947,1.48626,-0.834475,-0.0999611,-0.734514
6713.4,0.791946,-0.108929,-0.922056,-0.11085,-0.811206
6714,0.736434,-0.886794,-0.975198,-0.104332,-0.870866
6714.6,0.758937,-0.900062,-0.983755,-0.110351,-0.873404
6715.2,0.75243,-0.886218,-0.981687,-0.10857,-0.873117
6715.8,0.767935,-0.870119,-0.985201,-0.112516,-0.872685
6716.4,0.746432,-0.853343,-0.979014,-0.106808,-0.872206
6717,0.746923,-0.835037,-0.978448,-0.106812,-0.871636
6717.6,0.793946,-0.813722,-0.990102,-0.119146,-0.870956
6718.2,0.808959,-0.790504,-0.993334,-0.12316,-0.870174
6718.8,0.84246,-0.763703,-1.00188,-0.132641,-0.869237
6719.4,0.86298,-0.734311,-1.00674,-0.138564,-0.86818
6720,0.890482,-0.700318,-1.01369,-0.146795,-0.866893
6720.6,0.935997,-0.659683,-1.02647,-0.161168,-0.865305
6721.2,0.960516,-0.612683,-1.03235,-0.168942,-0.863413
6721.8,1.00952,-0.558083,-1.04659,-0.18542,-0.861172
6722.4,1.1936,-0.482174,-1.11125,-0.25325,-0.857997
6723,1.51322,-0.368038,-1.2183,-0.365184,-0.853116
6723.6,1.69128,-0.21015,-1.25523,-0.409204,-0.846027
6724.2,1.66127,0.0157052,-1.23211,-0.396562,-0.835544
6724.8,1.4932,0.383695,-1.16073,-0.342694,-0.81804
6725.4,1.30915,1.08222,-1.05368,-0.269726,-0.783951
6726,1.16559,1.74541,-0.94866,-0.207798,-0.740861
6726.6,1.06705,0.816413,-0.960839,-0.1843,-0.776539
6727.2,0.982512,-0.782805,-1.05183,-0.176939,-0.874889
6727.8,0.901988,-0.924514,-1.04277,-0.152535,-0.890239
6728.4,0.859964,-0.915061,-1.0295,-0.1392,-0.8903
6729,0.809451,-0.902288,-1.01409,-0.124157,-0.889936
6729.6,0.81145,-0.887083,-1.01406,-0.124609,-0.889447
6730.2,0.792454,-0.871677,-1.00808,-0.119162,-0.888918
6730.8,0.803452,-0.854446,-1.01039,-0.122098,-0.888292
6731.4,0.816449,-0.835718,-1.01323,-0.125642,-0.887589
6732,0.811958,-0.81478,-1.01092,-0.124195,-0.886727
6732.6,0.833462,-0.791383,-1.016,-0.130215,-0.885781
6733.2,0.850475,-0.765198,-1.01974,-0.135043,-0.884699
6733.8,0.865471,-0.736833,-1.02287,-0.139348,-0.88352
6734.4,0.857965,-0.70431,-1.01884,-0.136781,-0.882061
6735,0.90048,-0.666165,-1.03004,-0.149652,-0.880391
6735.6,0.909495,-0.622129,-1.03051,-0.152124,-0.878389
6736.2,0.936505,-0.571237,-1.03651,-0.160451,-0.876055
6736.8,0.957009,-0.509422,-1.03982,-0.166675,-0.873141
6737.4,0.973022,-0.43281,-1.04075,-0.171298,-0.869452
6738,1.02254,-0.33481,-1.05215,-0.187443,-0.864704
6738.6,1.08056,-0.200982,-1.06484,-0.206706,-0.858133
6739.2,1.31364,0.0101476,-1.13789,-0.289944,-0.84795
6739.8,1.57075,0.402911,-1.19364,-0.364622,-0.829019
6740.4,1.7168,1.19511,-1.17036,-0.380403,-0.789962
6741,1.60076,1.80689,-1.08049,-0.334438,-0.746053
6741.6,1.45369,0.605853,-1.11374,-0.31646,-0.797281
6742.2,1.27163,-0.871599,-1.184,-0.288422,-0.895574
6742.8,1.10706,-0.952077,-1.13217,-0.226757,-0.905411
6743.4,0.978513,-0.943968,-1.08427,-0.178776,-0.905494
6744,0.912494,-0.932156,-1.06126,-0.156072,-0.905191
6744.6,0.880976,-0.918731,-1.05053,-0.145774,-0.904751
6745.2,0.888991,-0.905071,-1.05251,-0.148203,-0.904303
6745.8,0.889974,-0.889407,-1.05206,-0.148372,-0.903692
6746.4,0.856473,-0.873614,-1.04081,-0.137777,-0.903033
6747,0.838969,-0.856407,-1.03466,-0.132369,-0.902295
6747.6,0.865471,-0.835893,-1.04161,-0.140205,-0.90141
6748.2,0.865979,-0.815092,-1.04069,-0.140183,-0.900512
6748.8,0.859964,-0.79161,-1.03756,-0.138135,-0.899425
6749.4,0.887483,-0.765539,-1.0447,-0.146445,-0.898256
6750,0.908495,-0.735469,-1.04973,-0.152881,-0.896852
6750.6,0.876485,-0.704099,-1.03779,-0.142448,-0.895343
6751.2,0.883484,-0.667159,-1.03783,-0.144294,-0.893536
6751.8,0.900988,-0.624449,-1.04086,-0.149423,-0.891441
6752.4,0.931506,-0.573479,-1.04773,-0.15882,-0.888915
6753,0.963516,-0.512841,-1.05482,-0.168914,-0.885903
6753.6,0.970006,-0.437439,-1.05239,-0.170318,-0.882076
6754.2,0.993018,-0.344354,-1.05456,-0.177212,-0.877351
6754.8,1.00752,-0.218264,-1.0517,-0.180836,-0.870865
6755.4,1.02354,-0.0400205,-1.0461,-0.184397,-0.861705
6756,1.04055,0.248053,-1.03405,-0.187029,-0.847022
6756.6,1.04255,0.780605,-1.00184,-0.181686,-0.820151
6757.2,1.04804,1.61038,-0.946119,-0.172941,-0.773178
6757.8,1.11556,1.36972,-0.965418,-0.19421,-0.771208
6758.4,1.20961,-0.356389,-1.11535,-0.252152,-0.863195
6759,1.43669,-0.882588,-1.2614,-0.351176,-0.910223
6759.6,1.64327,-0.862397,-1.32492,-0.414093,-0.910828
6760.2,1.70529,-0.827457,-1.33827,-0.428417,-0.909853
6760.8,1.58474,-0.794095,-1.30525,-0.39641,-0.908845
6761.4,1.40868,-0.762173,-1.2468,-0.339041,-0.907759
6762,1.24211,-0.731958,-1.18269,-0.276048,-0.90664
6762.6,1.09406,-0.701583,-1.12367,-0.218329,-0.90534
6763.2,0.959517,-0.668745,-1.07292,-0.169181,-0.90374
6763.8,0.913986,-0.629177,-1.05538,-0.153635,-0.90174
6764.4,0.886975,-0.582768,-1.04393,-0.144619,-0.899308
6765,0.83597,-0.530429,-1.0253,-0.128832,-0.896472
6765.6,0.86398,-0.464895,-1.0295,-0.136552,-0.892951
6766.2,0.856965,-0.383379,-1.02229,-0.133772,-0.888517
6766.8,0.851966,-0.279391,-1.01433,-0.131445,-0.882887
6767.4,0.829463,-0.139189,-0.999213,-0.123903,-0.87531
6768,0.789439,0.0641541,-0.976051,-0.111638,-0.864414
6768.6,0.808959,0.40627,-0.960914,-0.114361,-0.846553
6769.2,0.822956,1.05333,-0.926283,-0.113369,-0.812914
6769.8,0.798453,1.69235,-0.871653,-0.101539,-0.770114
6770.4,0.794946,0.874198,-0.905569,-0.104732,-0.800837
6771,0.75443,-0.725615,-1.00648,-0.106974,-0.899511
6771.6,0.747923,-0.903917,-1.02553,-0.1075,-0.918028
6772.2,0.742924,-0.895653,-1.02395,-0.106195,-0.917753
6772.8,0.72542,-0.882562,-1.01869,-0.101733,-0.916961
6773.4,0.725928,-0.868541,-1.0179,-0.10177,-0.916131
6774,0.709423,-0.854093,-1.01292,-0.0976841,-0.915235
6774.6,0.712914,-0.83791,-1.01266,-0.0984198,-0.914241
6775.2,0.674906,-0.821066,-1.00271,-0.0895358,-0.913172
6775.8,0.688903,-0.802491,-1.00463,-0.092589,-0.91204
6776.4,0.634882,-0.782993,-0.991567,-0.0807835,-0.910783
6777,0.639897,-0.761154,-0.991123,-0.0817053,-0.909418
6777.6,0.670399,-0.736483,-0.995989,-0.0880733,-0.907916
6778.2,0.675906,-0.709454,-0.995406,-0.0891384,-0.906268
6778.8,0.650387,-0.679343,-0.987892,-0.0834694,-0.904423
6779.4,0.668399,-0.645023,-0.989506,-0.0871364,-0.902369
6780,0.658401,-0.606456,-0.98484,-0.0847809,-0.900059
6780.6,0.638389,-0.561766,-0.977775,-0.0803876,-0.897387
6781.2,0.655402,-0.508385,-0.977905,-0.0836309,-0.894274
6781.8,0.620885,-0.445005,-0.9669,-0.0763301,-0.89057
6782.4,0.640897,-0.365783,-0.96597,-0.0799142,-0.886056
6783,0.63739,-0.264304,-0.959042,-0.0787083,-0.880334
6783.6,0.628391,-0.127915,-0.949032,-0.0762823,-0.872749
6784.2,0.608379,0.0716195,-0.933467,-0.0715922,-0.861875
6784.8,0.647387,0.404067,-0.921801,-0.077463,-0.844338
6785.4,0.610379,1.02099,-0.87987,-0.0678244,-0.812046
6786,0.624884,1.65994,-0.836869,-0.0667616,-0.770107
6786.6,0.632391,0.929577,-0.866313,-0.0703436,-0.795969
6787.2,0.613378,-0.680466,-0.967956,-0.0751802,-0.892776
6787.8,0.604872,-0.894812,-0.989415,-0.0753275,-0.914088
6788.4,0.565356,-0.890261,-0.981903,-0.0679988,-0.913904
6789,0.584368,-0.879651,-0.984516,-0.0714013,-0.913115
6789.6,0.565864,-0.868275,-0.980241,-0.0679972,-0.912244
6790.2,0.571863,-0.85598,-0.980351,-0.0690166,-0.911335
6790.8,0.543361,-0.843294,-0.974372,-0.0640016,-0.910371
6791.4,0.512335,-0.829885,-0.968245,-0.0589049,-0.909341
6792,0.51835,-0.815213,-0.968048,-0.0598008,-0.908248
6792.6,0.511335,-0.799377,-0.965695,-0.0586374,-0.907057
6793.2,0.491339,-0.782408,-0.961317,-0.0555282,-0.905789
6793.8,0.456822,-0.764331,-0.954962,-0.0505391,-0.904422
6794.4,0.46482,-0.743704,-0.954507,-0.051578,-0.902929
6795,0.451315,-0.721475,-0.950992,-0.049657,-0.901335
6795.6,0.410307,-0.697529,-0.943929,-0.0443341,-0.899594
6796.2,0.428304,-0.670069,-0.944164,-0.046493,-0.897671
6796.8,0.37879,-0.639814,-0.936047,-0.0405014,-0.895546
6797.4,0.382789,-0.605212,-0.934045,-0.0408633,-0.893182
6798,0.352287,-0.565262,-0.927964,-0.0374562,-0.890508
6798.6,0.363285,-0.518585,-0.925989,-0.0385058,-0.887483
6799.2,0.353287,-0.463454,-0.921303,-0.0373222,-0.883981
6799.8,0.359286,-0.396492,-0.917629,-0.0377912,-0.879838
6800.4,0.34578,-0.312972,-0.910985,-0.0362084,-0.874777
6801,0.303757,-0.203976,-0.900331,-0.0319739,-0.868357
6801.6,0.284253,-0.0531066,-0.88974,-0.0299835,-0.859756
6802.2,0.225233,0.173986,-0.872223,-0.0250122,-0.847211
6802.8,0.252243,0.566294,-0.85285,-0.0263626,-0.826488
6803.4,0.238738,1.25457,-0.813728,-0.0242512,-0.789477
6804,0.207728,1.5802,-0.782066,-0.0214052,-0.760661
6804.6,0.166704,0.396499,-0.833023,-0.0203495,-0.812674
6805.2,0.159214,-0.814049,-0.915994,-0.0219277,-0.894066
6805.8,0.154199,-0.887499,-0.923075,-0.0218046,-0.901271
6806.4,0.133203,-0.882716,-0.920904,-0.0205216,-0.900382
6807,0.111683,-0.87585,-0.918535,-0.0192776,-0.899257
6807.6,0.0931792,-0.868513,-0.91636,-0.0182645,-0.898096
6808.2,0.0486642,-0.860928,-0.912922,-0.0160436,-0.896878
6808.8,0.0331594,-0.852797,-0.910939,-0.015328,-0.895611
6809.4,0.0346673,-0.844217,-0.909675,-0.0153873,-0.894288
6810,-0.00835623,-0.835176,-0.906472,-0.0135647,-0.892907
6810.6,-0.0523631,-0.825626,-0.903367,-0.0119182,-0.891449
6811.2,-0.0518714,-0.815251,-0.901875,-0.0119277,-0.889947
6811.8,-0.0768824,-0.804229,-0.899453,-0.0110762,-0.888377
6812.4,-0.0803898,-0.792315,-0.897711,-0.0109545,-0.886756
6813,-0.0598697,-0.779389,-0.896712,-0.0116252,-0.885087
6813.6,-0.125905,-0.765583,-0.892915,-0.00956603,-0.883349
6814.2,-0.153407,-0.750631,-0.890307,-0.00881305,-0.881494
6814.8,-0.17791,-0.734293,-0.887725,-0.00818993,-0.879536
6815.4,-0.177418,-0.71629,-0.885687,-0.00819258,-0.877495
6816,-0.185416,-0.696536,-0.883338,-0.00799146,-0.875346
6816.6,-0.251943,-0.674731,-0.879607,-0.00655494,-0.873052
6817.2,-0.25645,-0.650382,-0.877071,-0.00645815,-0.870613
6817.8,-0.238946,-0.623021,-0.874779,-0.00679014,-0.867989
6818.4,-0.25545,-0.591978,-0.871632,-0.00645365,-0.865178
6819,-0.28546,-0.556463,-0.86801,-0.00589125,-0.862119
6819.6,-0.316962,-0.515292,-0.864108,-0.00535171,-0.858757
6820.2,-0.310963,-0.46679,-0.860433,-0.00543132,-0.855002
6820.8,-0.327976,-0.408566,-0.85589,-0.00514498,-0.850745
6821.4,-0.336482,-0.336888,-0.850782,-0.00499415,-0.845788
6822,-0.350479,-0.245763,-0.844567,-0.00476348,-0.839803
6822.6,-0.353986,-0.124116,-0.836961,-0.00467843,-0.832282
6823.2,-0.422513,0.0496851,-0.825927,-0.00377469,-0.822153
6823.8,-0.363984,0.324837,-0.811561,-0.00441688,-0.807144
6824.4,-0.387996,0.812904,-0.785821,-0.0039891,-0.781832
6825,-0.380489,1.49173,-0.746953,-0.00388253,-0.74307
6825.6,-0.414498,1.26564,-0.744898,-0.00350598,-0.741392
6826.2,-0.466028,-0.29855,-0.821839,-0.00332496,-0.818514
6826.8,-0.447524,-0.860303,-0.865506,-0.00370468,-0.861801
6827.4,-0.450523,-0.876445,-0.86599,-0.00367936,-0.862311
6828,-0.477025,-0.873416,-0.86429,-0.00339941,-0.860891
6828.6,-0.467028,-0.869802,-0.862907,-0.00350144,-0.859405
6829.2,-0.477025,-0.866025,-0.861314,-0.00339784,-0.857916
6829.8,-0.497038,-0.862109,-0.859608,-0.00320028,-0.856408
6830.4,-0.527047,-0.858053,-0.857787,-0.00292554,-0.854861
6831,-0.543552,-0.853814,-0.856059,-0.00278423,-0.853275
6831.6,-0.538045,-0.849364,-0.854509,-0.00282957,-0.85168
6832.2,-0.551567,-0.84471,-0.85279,-0.00271688,-0.850074
6832.8,-0.607571,-0.839826,-0.850762,-0.00229783,-0.848464
6833.4,-0.565056,-0.834678,-0.849451,-0.00260803,-0.846843
6834,-0.612078,-0.829306,-0.847432,-0.00226562,-0.845166
6834.6,-0.601081,-0.823613,-0.845813,-0.00234044,-0.843472
6835.2,-0.648595,-0.817614,-0.843793,-0.00202996,-0.841763
6835.8,-0.649103,-0.811264,-0.842045,-0.00202607,-0.840019
6836.4,-0.686111,-0.80454,-0.840053,-0.00181314,-0.838239
6837,-0.665608,-0.797376,-0.838372,-0.00192688,-0.836445
6837.6,-0.679605,-0.789748,-0.836485,-0.00184704,-0.834638
6838.2,-0.649595,-0.781582,-0.834845,-0.00201934,-0.832826
6838.8,-0.679605,-0.772868,-0.832822,-0.00184509,-0.830977
6839.4,-0.670607,-0.763507,-0.830988,-0.00189428,-0.829094
6840,-0.69311,-0.753451,-0.82893,-0.00176992,-0.82716
6840.6,-0.686603,-0.742584,-0.826989,-0.00180346,-0.825185
6841.2,-0.660101,-0.730801,-0.825142,-0.00195071,-0.823191
6841.8,-0.704124,-0.718011,-0.822859,-0.00170879,-0.82115
6842.4,-0.686111,-0.704071,-0.820835,-0.00180176,-0.819034
6843,-0.723628,-0.68881,-0.818454,-0.00160902,-0.816845
6843.6,-0.702108,-0.672002,-0.81631,-0.00171417,-0.814596
6844.2,-0.746623,-0.653425,-0.813771,-0.00149875,-0.812272
6844.8,-0.744623,-0.632782,-0.811326,-0.00150579,-0.809821
6845.4,-0.731626,-0.60965,-0.808841,-0.00156321,-0.807278
6846,-0.738133,-0.58357,-0.80613,-0.00153057,-0.804599
6846.6,-0.756637,-0.553929,-0.80318,-0.00144546,-0.801735
6847.2,-0.770142,-0.519879,-0.800025,-0.00138525,-0.798639
6847.8,-0.772142,-0.480271,-0.796663,-0.00137357,-0.79529
6848.4,-0.787647,-0.433527,-0.792889,-0.00130746,-0.791582
6849,-0.794645,-0.377301,-0.788693,-0.00127584,-0.787418
6849.6,-0.81015,-0.307992,-0.783861,-0.00121271,-0.782648
6850.2,-0.819656,-0.219795,-0.77814,-0.00117219,-0.776968
6850.8,-0.818165,-0.10237,-0.771085,-0.00116882,-0.769917
6851.4,-0.821656,0.0644524,-0.761738,-0.0011447,-0.760594
6852,-0.865171,0.324775,-0.748057,-0.000988795,-0.747068
6852.6,-0.851666,0.774685,-0.725997,-0.00100098,-0.724996
6853.2,-0.825163,1.41036,-0.692573,-0.00103546,-0.691538
6853.8,-0.876677,1.29506,-0.68634,-0.000881281,-0.685458
6854.4,-0.890182,-0.149641,-0.749774,-0.00092629,-0.748848
6855,-0.875185,-0.831329,-0.795589,-0.00102984,-0.794559
6855.6,-0.889182,-0.86101,-0.796813,-0.000990925,-0.795822
6856.2,-0.905687,-0.862259,-0.795389,-0.000943253,-0.794446
6856.8,-0.938696,-0.862906,-0.793857,-0.0008545,-0.793002
6857.4,-0.916701,-0.863645,-0.792505,-0.000912727,-0.791592
6858,-0.925191,-0.864526,-0.791075,-0.00088986,-0.790185
6858.6,-0.909194,-0.865539,-0.789735,-0.000933586,-0.788801
6859.2,-0.915193,-0.866707,-0.788341,-0.000917031,-0.787424
6859.8,-0.938696,-0.868033,-0.786904,-0.00085477,-0.786049
6860.4,-0.938205,-0.869518,-0.785548,-0.000856108,-0.784692
6861,-0.911194,-0.871165,-0.784295,-0.000928335,-0.783367
6861.6,-0.896689,-0.872985,-0.783055,-0.000969657,-0.782086
6862.2,-0.899688,-0.874996,-0.781779,-0.000961106,-0.780817
6862.8,-0.937205,-0.877208,-0.780422,-0.000859085,-0.779563
6863.4,-0.95271,-0.879637,-0.779086,-0.000820225,-0.778266
6864,-0.925191,-0.882256,-0.77793,-0.000890838,-0.777039
6864.6,-0.930206,-0.88511,-0.776697,-0.000877713,-0.775819
6865.2,-0.943712,-0.888209,-0.775421,-0.000843081,-0.774578
6865.8,-0.918192,-0.891533,-0.774298,-0.000910231,-0.773388
6866.4,-0.924699,-0.895107,-0.773136,-0.000892864,-0.772243
6867,-0.950202,-0.898951,-0.771923,-0.000827402,-0.771096
6867.6,-0.948202,-0.903064,-0.770786,-0.000832585,-0.769953
6868.2,-0.954709,-0.907455,-0.769649,-0.000816738,-0.768833
6868.8,-0.981212,-0.912146,-0.768456,-0.000754626,-0.767702
6869.4,-0.971722,-0.917124,-0.76738,-0.000776626,-0.766603
6870,-0.980212,-0.922414,-0.766267,-0.000757373,-0.76551
6870.6,-0.98272,-0.928017,-0.765185,-0.000751967,-0.764433
6871.2,-0.999732,-0.933947,-0.764072,-0.000714865,-0.763357
6871.8,-1.00422,-0.940202,-0.763003,-0.000705586,-0.762298
6872.4,-1.01073,-0.946789,-0.761949,-0.000692248,-0.761257
6873,-0.973213,-0.953708,-0.761022,-0.000774926,-0.760247
6873.6,-1.01173,-0.960968,-0.759958,-0.000690786,-0.759267
6874.2,-0.998224,-0.968574,-0.759003,-0.00071965,-0.758284
6874.8,-1.02324,-0.97652,-0.758,-0.000668024,-0.757332
6875.4,-1.00322,-0.984808,-0.757107,-0.000709668,-0.756397
6876,-1.03774,-0.993444,-0.756103,-0.000640286,-0.755463
6876.6,-1.02823,-1.00242,-0.7552,-0.000659153,-0.754541
6877.2,-1.05274,-1.01173,-0.754242,-0.000612846,-0.753629
6877.8,-1.05125,-1.02137,-0.753342,-0.00061596,-0.752726
6878.4,-1.05274,-1.03133,-0.752456,-0.000613592,-0.751842
6879,-1.04225,-1.0416,-0.751637,-0.000633588,-0.751004
6879.6,-1.05074,-1.05217,-0.750804,-0.000618078,-0.750186
6880.2,-1.04974,-1.06303,-0.75,-0.00062035,-0.749379
6880.8,-1.03423,-1.07416,-0.749253,-0.0006503,-0.748603
6881.4,-1.04425,-1.08555,-0.748484,-0.000631522,-0.747853
6882,-1.02974,-1.09719,-0.747783,-0.00066005,-0.747123
6882.6,-0.992717,-1.10905,-0.747152,-0.000738026,-0.746414
6883.2,-1.04874,-1.12113,-0.746325,-0.000624455,-0.745701
6883.8,-1.02874,-1.1334,-0.745663,-0.000663516,-0.745
6884.4,-1.04125,-1.14584,-0.744964,-0.000639605,-0.744325
6885,-1.04825,-1.15843,-0.744278,-0.000626819,-0.743652
6885.6,-1.03423,-1.17114,-0.743656,-0.000654214,-0.743002
6886.2,-1.05425,-1.18397,-0.742963,-0.000616625,-0.742347
6886.8,-1.03623,-1.19688,-0.742386,-0.000651339,-0.741735
6887.4,-1.03674,-1.20985,-0.741787,-0.000650869,-0.741137
6888,-1.04325,-1.22287,-0.741168,-0.000638815,-0.740529
6888.6,-1.07575,-1.23591,-0.740495,-0.000579998,-0.739915
6889.2,-1.04874,-1.24896,-0.739926,-0.000629401,-0.739297
6889.8,-1.07675,-1.26199,-0.739245,-0.000579192,-0.738666
6890.4,-1.08026,-1.27498,-0.738593,-0.000573594,-0.738019
6891,-1.04425,-1.28791,-0.738021,-0.000639459,-0.737381
6891.6,-1.07775,-1.30077,-0.737331,-0.000578838,-0.736752
6892.2,-1.05125,-1.31353,-0.736742,-0.000627174,-0.736115
6892.8,-1.09476,-1.32618,-0.736026,-0.000550925,-0.735475
6893.4,-1.09227,-1.3387,-0.735387,-0.00055548,-0.734831
6894,-1.07726,-1.35108,-0.734764,-0.000581484,-0.734183
6894.6,-1.14378,-1.36331,-0.733986,-0.000476729,-0.733509
6895.2,-1.08476,-1.37537,-0.733436,-0.000569396,-0.732866
6895.8,-1.11377,-1.38724,-0.732716,-0.000522362,-0.732194
6896.4,-1.10877,-1.39893,-0.732038,-0.000530626,-0.731508
6897,-1.12428,-1.41041,-0.731336,-0.000506888,-0.73083
6897.6,-1.11277,-1.42168,-0.730653,-0.000525034,-0.730128
6898.2,-1.09927,-1.43274,-0.729975,-0.00054709,-0.729428
6898.8,-1.11377,-1.44357,-0.729257,-0.000524163,-0.728733
6899.4,-1.09676,-1.45416,-0.728598,-0.000551938,-0.728046
6900,-1.08925,-1.46452,-0.727922,-0.000564853,-0.727357
6900.6,-1.12777,-1.47464,-0.727144,-0.000503582,-0.72664
6901.2,-1.09927,-1.48452,-0.726485,-0.000548821,-0.725936
6901.8,-1.07726,-1.49415,-0.725845,-0.000586589,-0.725258
6902.4,-1.08976,-1.50353,-0.725123,-0.000565335,-0.724558
6903,-1.12277,-1.51266,-0.724365,-0.000512369,-0.723852
6903.6,-1.08876,-1.52155,-0.723683,-0.000567654,-0.723115
6904.2,-1.09676,-1.53019,-0.722946,-0.0005545,-0.722391
6904.8,-1.10527,-1.53858,-0.722197,-0.000540818,-0.721656
6905.4,-1.08625,-1.54673,-0.72148,-0.000572812,-0.720907
6906,-1.10877,-1.55464,-0.720697,-0.000535685,-0.720161
6906.6,-1.11277,-1.56231,-0.719915,-0.000529549,-0.719385
6907.2,-1.15429,-1.56974,-0.71903,-0.000467802,-0.718562
6907.8,-1.1933,-1.57695,-0.718109,-0.000416361,-0.717692
6908.4,-1.24081,-1.58394,-0.717112,-0.000361237,-0.716751
6909,-1.29283,-1.59071,-0.71608,-0.000309196,-0.71577
6909.6,-1.27182,-1.59725,-0.715092,-0.000329432,-0.714762
6910.2,-1.31284,-1.60359,-0.714008,-0.000291416,-0.713716
6910.8,-1.31935,-1.60973,-0.712914,-0.000285892,-0.712628
6911.4,-1.33686,-1.61566,-0.711803,-0.000271371,-0.711532
6912,-1.31935,-1.62139,-0.710715,-0.000286094,-0.710429
6912.6,-1.32535,-1.62693,-0.709605,-0.000281088,-0.709324
6913.2,-1.31584,-1.63228,-0.708507,-0.000289309,-0.708218
6913.8,-1.34485,-1.63744,-0.70738,-0.000265289,-0.707115
6914.4,-1.34685,-1.64243,-0.706251,-0.000263783,-0.705987
6915,-1.31835,-1.64724,-0.705171,-0.000287402,-0.704883
6915.6,-1.31835,-1.65188,-0.704064,-0.000287482,-0.703776
6916.2,-1.29383,-1.65635,-0.703014,-0.000309497,-0.702705
6916.8,-1.32835,-1.66067,-0.70188,-0.00027914,-0.701601
6917.4,-1.34585,-1.66483,-0.70077,-0.000264933,-0.700505
6918,-1.31484,-1.66883,-0.699704,-0.000290819,-0.699413
6918.6,-1.31284,-1.67269,-0.698648,-0.000292636,-0.698355
6919.2,-1.32184,-1.67641,-0.697577,-0.00028491,-0.697292
6919.8,-1.30485,-1.67999,-0.69655,-0.000299871,-0.696251
6920.4,-1.25882,-1.68343,-0.695591,-0.000344312,-0.695247
6921,-1.28033,-1.68675,-0.694572,-0.000322879,-0.694249
6921.6,-1.26233,-1.68993,-0.693601,-0.000340844,-0.69326
6922.2,-1.26533,-1.693,-0.692601,-0.000337855,-0.692263
6922.8,-1.25332,-1.69595,-0.691622,-0.000350308,-0.691271
6923.4,-1.26482,-1.6988,-0.690607,-0.000338488,-0.690269
6924,-1.24332,-1.70152,-0.689678,-0.000361089,-0.689317
6924.6,-1.23632,-1.70415,-0.688739,-0.000368803,-0.68837
6925.2,-1.23981,-1.70667,-0.6878,-0.000365019,-0.687435
6925.8,-1.2323,-1.70909,-0.68687,-0.000373381,-0.686497
6926.4,-1.2323,-1.71142,-0.685945,-0.000373434,-0.685572
6927,-1.24883,-1.71367,-0.684987,-0.000355436,-0.684632
6927.6,-1.28433,-1.71582,-0.683974,-0.00031959,-0.683654
6928.2,-1.30434,-1.7179,-0.682909,-0.000301015,-0.682608
6928.8,-1.38388,-1.71991,-0.681744,-0.00023717,-0.681507
6929.4,-1.39288,-1.72184,-0.680629,-0.000230883,-0.680398
6930,-1.38888,-1.72371,-0.679504,-0.000233695,-0.67927
6930.6,-1.4419,-1.7255,-0.678286,-0.000199362,-0.678087
6931.2,-1.4419,-1.72724,-0.677076,-0.000199383,-0.676877
6931.8,-1.4704,-1.72892,-0.675832,-0.000183067,-0.675649
6932.4,-1.45139,-1.73053,-0.674628,-0.000193827,-0.674434
6933,-1.43939,-1.73209,-0.673447,-0.000200946,-0.673246
6933.6,-1.47991,-1.73359,-0.672232,-0.000177971,-0.672054
6934.2,-1.4419,-1.73504,-0.671066,-0.000199476,-0.670867
6934.8,-1.43588,-1.73644,-0.669882,-0.000203124,-0.669679
6935.4,-1.4579,-1.7378,-0.668682,-0.000190164,-0.668491
6936,-1.42338,-1.7391,-0.667543,-0.00021092,-0.667332
6936.6,-1.42989,-1.74036,-0.666371,-0.00020686,-0.666164
6937.2,-1.43688,-1.74158,-0.665232,-0.000202579,-0.66503
6937.8,-1.43188,-1.74275,-0.664091,-0.000205653,-0.663886
6938.4,-1.43788,-1.74388,-0.662961,-0.000202,-0.662759
6939,-1.42739,-1.74498,-0.661852,-0.000208469,-0.661644
6939.6,-1.41589,-1.74603,-0.660768,-0.000215801,-0.660552
6940.2,-1.37237,-1.74705,-0.659721,-0.000245897,-0.659475
6940.8,-1.36236,-1.74803,-0.658685,-0.000253408,-0.658432
6941.4,-1.34436,-1.74898,-0.657696,-0.000267473,-0.657428
6942,-1.37337,-1.74989,-0.656657,-0.000245202,-0.656412
6942.6,-1.34336,-1.75078,-0.655679,-0.000268305,-0.655411
6943.2,-1.38437,-1.75163,-0.654639,-0.000237273,-0.654401
6943.8,-1.32786,-1.75245,-0.653711,-0.000281102,-0.65343
6944.4,-1.34436,-1.75324,-0.65276,-0.000267541,-0.652492
6945,-1.32384,-1.754,-0.651836,-0.000284533,-0.651552
6945.6,-1.34385,-1.75474,-0.650889,-0.000267974,-0.650621
6946.2,-1.31484,-1.75545,-0.649999,-0.00029234,-0.649707
6946.8,-1.31085,-1.75613,-0.649114,-0.000295879,-0.648818
6947.4,-1.32435,-1.75679,-0.648197,-0.000284148,-0.647913
6948,-1.31234,-1.75743,-0.64729,-0.000294581,-0.646995
6948.6,-1.29985,-1.75805,-0.64641,-0.000305833,-0.646104
6949.2,-1.29934,-1.75864,-0.645537,-0.00030631,-0.645231
6949.8,-1.32986,-1.75922,-0.64464,-0.000279535,-0.64436
6950.4,-1.37886,-1.75978,-0.643681,-0.000241341,-0.64344
6951,-1.4429,-1.76032,-0.642645,-0.000199181,-0.642445
6951.6,-1.4644,-1.76086,-0.641592,-0.000186748,-0.641405
6952.2,-1.48691,-1.76138,-0.640502,-0.000174566,-0.640327
6952.8,-1.4949,-1.76189,-0.639396,-0.000170434,-0.639226
6953.4,-1.4929,-1.76239,-0.638291,-0.000171464,-0.63812
6954,-1.53593,-1.76287,-0.637153,-0.000150712,-0.637002
6954.6,-1.53393,-1.76335,-0.63603,-0.000151623,-0.635878
6955.2,-1.54493,-1.76382,-0.63488,-0.000146707,-0.634733
6955.8,-1.55343,-1.76428,-0.633738,-0.000143016,-0.633595
6956.4,-1.53142,-1.76473,-0.632623,-0.00015278,-0.63247
6957,-1.54143,-1.76517,-0.631497,-0.000148263,-0.631349
6957.6,-1.52742,-1.7656,-0.630391,-0.000154631,-0.630236
6958.2,-1.50892,-1.76602,-0.62934,-0.00016346,-0.629177
6958.8,-1.50292,-1.76643,-0.628287,-0.000166431,-0.628121
6959.4,-1.52893,-1.76683,-0.627228,-0.000153945,-0.627074
6960,-1.49341,-1.76722,-0.626215,-0.000171252,-0.626044
6960.6,-1.50341,-1.7676,-0.625205,-0.000166197,-0.625039
6961.2,-1.47491,-1.76798,-0.624239,-0.000181033,-0.624058
6961.8,-1.43588,-1.76834,-0.623303,-0.000203513,-0.623099
6962.4,-1.42189,-1.76869,-0.622401,-0.000212242,-0.622189
6963,-1.4419,-1.76903,-0.621465,-0.000199884,-0.621266
6963.6,-1.44439,-1.76937,-0.620542,-0.0001984,-0.620344
6964.2,-1.43739,-1.76969,-0.619656,-0.000202612,-0.619453
6964.8,-1.41038,-1.77001,-0.618805,-0.000219711,-0.618585
6965.4,-1.39738,-1.77032,-0.617964,-0.000228447,-0.617736
6966,-1.39637,-1.77061,-0.61713,-0.000229149,-0.616901
6966.6,-1.36736,-1.7709,-0.616346,-0.00024998,-0.616096
6967.2,-1.37286,-1.77118,-0.615554,-0.00024589,-0.615308
6967.8,-1.39237,-1.77145,-0.614759,-0.000231925,-0.614527
6968.4,-1.39237,-1.77172,-0.613954,-0.000231928,-0.613722
6969,-1.37986,-1.77197,-0.613179,-0.000240795,-0.612938
6969.6,-1.38488,-1.77222,-0.612404,-0.000237204,-0.612166
6970.2,-1.35136,-1.77246,-0.611656,-0.000262288,-0.611394
6970.8,-1.36787,-1.77269,-0.610889,-0.000249626,-0.610639
6971.4,-1.38086,-1.77292,-0.610132,-0.000240088,-0.609892
6972,-1.35987,-1.77314,-0.6094,-0.000255692,-0.609144
6972.6,-1.36087,-1.77336,-0.60865,-0.00025493,-0.608395
6973.2,-1.32735,-1.77356,-0.60795,-0.000281887,-0.607668
6973.8,-1.37986,-1.77377,-0.607168,-0.000240821,-0.606927
6974.4,-1.38086,-1.77396,-0.606417,-0.000240102,-0.606177
6975,-1.38137,-1.77416,-0.605642,-0.00023974,-0.605402
6975.6,-1.43688,-1.77435,-0.604798,-0.000202977,-0.604595
6976.2,-1.49041,-1.77454,-0.603896,-0.000172876,-0.603724
6976.8,-1.50492,-1.77474,-0.602981,-0.000165518,-0.602816
6977.4,-1.56945,-1.77493,-0.602004,-0.000136396,-0.601868
6978,-1.53393,-1.77512,-0.601051,-0.000151729,-0.600899
6978.6,-1.54293,-1.77532,-0.600088,-0.000147691,-0.599941
6979.2,-1.53993,-1.77551,-0.59915,-0.000149027,-0.599001
6979.8,-1.55043,-1.7757,-0.598205,-0.000144407,-0.598061
6980.4,-1.53193,-1.77589,-0.597266,-0.000152649,-0.597114
6981,-1.53744,-1.77607,-0.596336,-0.00015015,-0.596186
6981.6,-1.53193,-1.77626,-0.595438,-0.000152652,-0.595285
6982.2,-1.51991,-1.77644,-0.594554,-0.000158255,-0.594396
6982.8,-1.51892,-1.77662,-0.593665,-0.000158732,-0.593507
6983.4,-1.50141,-1.7768,-0.592808,-0.000167289,-0.592641
6984,-1.51192,-1.77697,-0.591968,-0.000162102,-0.591806
6984.6,-1.52042,-1.77715,-0.591121,-0.00015802,-0.590963
6985.2,-1.47991,-1.77731,-0.590339,-0.000178439,-0.590161
6985.8,-1.46389,-1.77748,-0.589561,-0.000187219,-0.589374
6986.4,-1.47391,-1.77764,-0.588769,-0.000181681,-0.588587
6987,-1.4644,-1.7778,-0.588007,-0.000186937,-0.58782
6987.6,-1.4734,-1.77795,-0.587232,-0.000181962,-0.58705
6988.2,-1.47391,-1.77811,-0.586464,-0.000181686,-0.586282
6988.8,-1.44839,-1.77825,-0.585744,-0.000196139,-0.585548
6989.4,-1.4704,-1.7784,-0.585007,-0.000183611,-0.584824
6990,-1.41138,-1.77853,-0.584341,-0.000219165,-0.584122
6990.6,-1.48241,-1.77867,-0.583586,-0.000177116,-0.583409
6991.2,-1.44039,-1.77881,-0.582897,-0.000200907,-0.582696
6991.8,-1.44139,-1.77894,-0.582192,-0.000200307,-0.581992
6992.4,-1.47391,-1.77906,-0.581463,-0.000181697,-0.581282
6993,-1.43388,-1.77919,-0.580813,-0.00020487,-0.580608
6993.6,-1.4559,-1.77931,-0.580138,-0.000191785,-0.579946
6994.2,-1.42739,-1.77942,-0.57947,-0.0002089,-0.579261
6994.8,-1.4549,-1.77954,-0.578767,-0.000192363,-0.578575
6995.4,-1.43288,-1.77965,-0.578121,-0.000205491,-0.577916
6996,-1.43688,-1.77976,-0.577459,-0.000203043,-0.577255
6996.6,-1.46791,-1.77986,-0.576789,-0.000185004,-0.576604
6997.2,-1.41389,-1.77996,-0.576192,-0.000217541,-0.575975
6997.8,-1.42538,-1.78006,-0.575551,-0.000210175,-0.575341
6998.4,-1.43388,-1.78015,-0.574923,-0.000204882,-0.574719
6999,-1.42739,-1.78024,-0.57429,-0.00020891,-0.574081
6999.6,-1.41889,-1.78033,-0.573687,-0.000214309,-0.573472
